model,day,swe_mm,water_year,water_month,water_day
era5,9/1/1950,0,1950,12,336
era5,9/2/1950,0,1950,12,337
era5,9/3/1950,0,1950,12,338
era5,9/4/1950,0,1950,12,339
era5,9/5/1950,0,1950,12,340
era5,9/6/1950,0,1950,12,341
era5,9/7/1950,0,1950,12,342
era5,9/8/1950,9.45E-05,1950,12,343
era5,9/9/1950,0,1950,12,344
era5,9/10/1950,0,1950,12,345
era5,9/11/1950,0,1950,12,346
era5,9/12/1950,0,1950,12,347
era5,9/13/1950,0,1950,12,348
era5,9/14/1950,0,1950,12,349
era5,9/15/1950,0,1950,12,350
era5,9/16/1950,0,1950,12,351
era5,9/17/1950,5.96E-05,1950,12,352
era5,9/18/1950,0.205047904,1950,12,353
era5,9/19/1950,0.040378938,1950,12,354
era5,9/20/1950,0,1950,12,355
era5,9/21/1950,0,1950,12,356
era5,9/22/1950,0,1950,12,357
era5,9/23/1950,0,1950,12,358
era5,9/24/1950,0,1950,12,359
era5,9/25/1950,0,1950,12,360
era5,9/26/1950,0,1950,12,361
era5,9/27/1950,0,1950,12,362
era5,9/28/1950,0,1950,12,363
era5,9/29/1950,0,1950,12,364
era5,9/30/1950,0,1950,12,365
era5,10/1/1950,0,1951,1,1
era5,10/2/1950,0,1951,1,2
era5,10/3/1950,0,1951,1,3
era5,10/4/1950,0,1951,1,4
era5,10/5/1950,0,1951,1,5
era5,10/6/1950,0,1951,1,6
era5,10/7/1950,0,1951,1,7
era5,10/8/1950,0,1951,1,8
era5,10/9/1950,0,1951,1,9
era5,10/10/1950,0,1951,1,10
era5,10/11/1950,0,1951,1,11
era5,10/12/1950,0,1951,1,12
era5,10/13/1950,0,1951,1,13
era5,10/14/1950,0,1951,1,14
era5,10/15/1950,0,1951,1,15
era5,10/16/1950,0,1951,1,16
era5,10/17/1950,0.001754123,1951,1,17
era5,10/18/1950,0,1951,1,18
era5,10/19/1950,0,1951,1,19
era5,10/20/1950,0,1951,1,20
era5,10/21/1950,0,1951,1,21
era5,10/22/1950,0.004407237,1951,1,22
era5,10/23/1950,0.089273239,1951,1,23
era5,10/24/1950,2.889979798,1951,1,24
era5,10/25/1950,3.25533305,1951,1,25
era5,10/26/1950,15.12326925,1951,1,26
era5,10/27/1950,52.505957,1951,1,27
era5,10/28/1950,59.04913559,1951,1,28
era5,10/29/1950,56.52417343,1951,1,29
era5,10/30/1950,61.10801452,1951,1,30
era5,10/31/1950,75.13033778,1951,1,31
era5,11/1/1950,74.50775259,1951,2,32
era5,11/2/1950,70.57453206,1951,2,33
era5,11/3/1950,64.02256937,1951,2,34
era5,11/4/1950,59.2341392,1951,2,35
era5,11/5/1950,56.78459415,1951,2,36
era5,11/6/1950,55.40978232,1951,2,37
era5,11/7/1950,54.05811741,1951,2,38
era5,11/8/1950,52.01039132,1951,2,39
era5,11/9/1950,50.09280823,1951,2,40
era5,11/10/1950,49.41410952,1951,2,41
era5,11/11/1950,48.90701416,1951,2,42
era5,11/12/1950,48.64540771,1951,2,43
era5,11/13/1950,49.17761078,1951,2,44
era5,11/14/1950,64.97158804,1951,2,45
era5,11/15/1950,87.09097312,1951,2,46
era5,11/16/1950,104.0848086,1951,2,47
era5,11/17/1950,135.9518549,1951,2,48
era5,11/18/1950,150.3569066,1951,2,49
era5,11/19/1950,187.3495216,1951,2,50
era5,11/20/1950,184.9830815,1951,2,51
era5,11/21/1950,175.0197372,1951,2,52
era5,11/22/1950,172.1029557,1951,2,53
era5,11/23/1950,170.9174411,1951,2,54
era5,11/24/1950,169.604616,1951,2,55
era5,11/25/1950,168.1253485,1951,2,56
era5,11/26/1950,166.5195936,1951,2,57
era5,11/27/1950,164.1228981,1951,2,58
era5,11/28/1950,162.3081633,1951,2,59
era5,11/29/1950,160.9027846,1951,2,60
era5,11/30/1950,161.3773885,1951,2,61
era5,12/1/1950,164.9277798,1951,3,62
era5,12/2/1950,166.1100722,1951,3,63
era5,12/3/1950,184.3133693,1951,3,64
era5,12/4/1950,239.4991509,1951,3,65
era5,12/5/1950,244.4750173,1951,3,66
era5,12/6/1950,243.746435,1951,3,67
era5,12/7/1950,247.060432,1951,3,68
era5,12/8/1950,249.3954002,1951,3,69
era5,12/9/1950,247.9307627,1951,3,70
era5,12/10/1950,246.2036237,1951,3,71
era5,12/11/1950,244.4576442,1951,3,72
era5,12/12/1950,243.4117084,1951,3,73
era5,12/13/1950,241.7342666,1951,3,74
era5,12/14/1950,249.1665478,1951,3,75
era5,12/15/1950,262.9447402,1951,3,76
era5,12/16/1950,265.6059249,1951,3,77
era5,12/17/1950,265.0682001,1951,3,78
era5,12/18/1950,264.2673624,1951,3,79
era5,12/19/1950,262.9199283,1951,3,80
era5,12/20/1950,262.480555,1951,3,81
era5,12/21/1950,262.0252121,1951,3,82
era5,12/22/1950,261.6572556,1951,3,83
era5,12/23/1950,261.2523673,1951,3,84
era5,12/24/1950,260.536391,1951,3,85
era5,12/25/1950,259.9773283,1951,3,86
era5,12/26/1950,259.6063108,1951,3,87
era5,12/27/1950,259.3167749,1951,3,88
era5,12/28/1950,259.0804896,1951,3,89
era5,12/29/1950,258.7625447,1951,3,90
era5,12/30/1950,258.2295059,1951,3,91
era5,12/31/1950,259.0280393,1951,3,92
era5,1/1/1951,260.1093186,1951,4,93
era5,1/2/1951,260.2067891,1951,4,94
era5,1/3/1951,262.2556036,1951,4,95
era5,1/4/1951,269.3567997,1951,4,96
era5,1/5/1951,270.5856718,1951,4,97
era5,1/6/1951,270.3836267,1951,4,98
era5,1/7/1951,269.9622059,1951,4,99
era5,1/8/1951,269.5174764,1951,4,100
era5,1/9/1951,271.4392005,1951,4,101
era5,1/10/1951,278.0472632,1951,4,102
era5,1/11/1951,304.5722026,1951,4,103
era5,1/12/1951,337.8907891,1951,4,104
era5,1/13/1951,341.3642415,1951,4,105
era5,1/14/1951,341.3612729,1951,4,106
era5,1/15/1951,341.1895605,1951,4,107
era5,1/16/1951,353.2036745,1951,4,108
era5,1/17/1951,360.6544676,1951,4,109
era5,1/18/1951,386.3867349,1951,4,110
era5,1/19/1951,463.3837276,1951,4,111
era5,1/20/1951,473.7883581,1951,4,112
era5,1/21/1951,474.0923308,1951,4,113
era5,1/22/1951,485.0078883,1951,4,114
era5,1/23/1951,486.2353029,1951,4,115
era5,1/24/1951,483.3594588,1951,4,116
era5,1/25/1951,479.8963718,1951,4,117
era5,1/26/1951,475.8984978,1951,4,118
era5,1/27/1951,473.3494899,1951,4,119
era5,1/28/1951,472.7050618,1951,4,120
era5,1/29/1951,474.5647582,1951,4,121
era5,1/30/1951,478.1342329,1951,4,122
era5,1/31/1951,478.3742322,1951,4,123
era5,2/1/1951,478.2844321,1951,5,124
era5,2/2/1951,478.1854507,1951,5,125
era5,2/3/1951,478.8817783,1951,5,126
era5,2/4/1951,479.6502292,1951,5,127
era5,2/5/1951,481.7297903,1951,5,128
era5,2/6/1951,482.4892526,1951,5,129
era5,2/7/1951,478.8728186,1951,5,130
era5,2/8/1951,474.1637554,1951,5,131
era5,2/9/1951,469.7977863,1951,5,132
era5,2/10/1951,463.1104977,1951,5,133
era5,2/11/1951,458.2226114,1951,5,134
era5,2/12/1951,458.7130374,1951,5,135
era5,2/13/1951,458.6861052,1951,5,136
era5,2/14/1951,457.2600901,1951,5,137
era5,2/15/1951,456.5122139,1951,5,138
era5,2/16/1951,456.1591741,1951,5,139
era5,2/17/1951,455.8525804,1951,5,140
era5,2/18/1951,457.0492062,1951,5,141
era5,2/19/1951,458.382077,1951,5,142
era5,2/20/1951,458.1528322,1951,5,143
era5,2/21/1951,461.0804615,1951,5,144
era5,2/22/1951,468.1467153,1951,5,145
era5,2/23/1951,473.9174648,1951,5,146
era5,2/24/1951,478.3595724,1951,5,147
era5,2/25/1951,481.9338277,1951,5,148
era5,2/26/1951,488.231043,1951,5,149
era5,2/27/1951,493.8502702,1951,5,150
era5,2/28/1951,498.9748553,1951,5,151
era5,3/1/1951,504.4234539,1951,6,152
era5,3/2/1951,519.3960828,1951,6,153
era5,3/3/1951,526.6264611,1951,6,154
era5,3/4/1951,527.5922788,1951,6,155
era5,3/5/1951,546.7689514,1951,6,156
era5,3/6/1951,559.7583428,1951,6,157
era5,3/7/1951,569.6298219,1951,6,158
era5,3/8/1951,571.8886026,1951,6,159
era5,3/9/1951,571.8042437,1951,6,160
era5,3/10/1951,573.1063135,1951,6,161
era5,3/11/1951,572.8470031,1951,6,162
era5,3/12/1951,571.8375369,1951,6,163
era5,3/13/1951,569.0070362,1951,6,164
era5,3/14/1951,563.9946794,1951,6,165
era5,3/15/1951,558.1795517,1951,6,166
era5,3/16/1951,552.5966301,1951,6,167
era5,3/17/1951,548.6178223,1951,6,168
era5,3/18/1951,546.252062,1951,6,169
era5,3/19/1951,543.4790802,1951,6,170
era5,3/20/1951,538.2628925,1951,6,171
era5,3/21/1951,531.4598319,1951,6,172
era5,3/22/1951,527.1095089,1951,6,173
era5,3/23/1951,523.9428264,1951,6,174
era5,3/24/1951,519.6274385,1951,6,175
era5,3/25/1951,514.0381502,1951,6,176
era5,3/26/1951,508.1010993,1951,6,177
era5,3/27/1951,501.3385965,1951,6,178
era5,3/28/1951,493.4883547,1951,6,179
era5,3/29/1951,485.3693231,1951,6,180
era5,3/30/1951,480.196069,1951,6,181
era5,3/31/1951,478.7567916,1951,6,182
era5,4/1/1951,477.8541759,1951,7,183
era5,4/2/1951,475.9307518,1951,7,184
era5,4/3/1951,471.5134435,1951,7,185
era5,4/4/1951,466.8987787,1951,7,186
era5,4/5/1951,465.5595314,1951,7,187
era5,4/6/1951,461.2538611,1951,7,188
era5,4/7/1951,457.112102,1951,7,189
era5,4/8/1951,452.0165285,1951,7,190
era5,4/9/1951,444.4629454,1951,7,191
era5,4/10/1951,435.2477447,1951,7,192
era5,4/11/1951,426.5134616,1951,7,193
era5,4/12/1951,419.6912011,1951,7,194
era5,4/13/1951,413.639347,1951,7,195
era5,4/14/1951,407.1724449,1951,7,196
era5,4/15/1951,400.6737257,1951,7,197
era5,4/16/1951,394.6605613,1951,7,198
era5,4/17/1951,389.0959304,1951,7,199
era5,4/18/1951,384.8615772,1951,7,200
era5,4/19/1951,381.3301456,1951,7,201
era5,4/20/1951,378.6744511,1951,7,202
era5,4/21/1951,374.7388003,1951,7,203
era5,4/22/1951,370.6401425,1951,7,204
era5,4/23/1951,366.3759066,1951,7,205
era5,4/24/1951,366.0160186,1951,7,206
era5,4/25/1951,368.0083396,1951,7,207
era5,4/26/1951,377.71225,1951,7,208
era5,4/27/1951,377.0763783,1951,7,209
era5,4/28/1951,382.5386476,1951,7,210
era5,4/29/1951,428.8467284,1951,7,211
era5,4/30/1951,437.7982511,1951,7,212
era5,5/1/1951,438.9097746,1951,8,213
era5,5/2/1951,435.7278758,1951,8,214
era5,5/3/1951,428.793901,1951,8,215
era5,5/4/1951,425.404409,1951,8,216
era5,5/5/1951,424.6646577,1951,8,217
era5,5/6/1951,419.9563927,1951,8,218
era5,5/7/1951,415.967109,1951,8,219
era5,5/8/1951,411.3713666,1951,8,220
era5,5/9/1951,403.9809347,1951,8,221
era5,5/10/1951,394.7808018,1951,8,222
era5,5/11/1951,387.5362965,1951,8,223
era5,5/12/1951,385.1536474,1951,8,224
era5,5/13/1951,384.4207391,1951,8,225
era5,5/14/1951,388.1797528,1951,8,226
era5,5/15/1951,388.0375508,1951,8,227
era5,5/16/1951,383.5935051,1951,8,228
era5,5/17/1951,376.4250065,1951,8,229
era5,5/18/1951,368.2209835,1951,8,230
era5,5/19/1951,360.1945471,1951,8,231
era5,5/20/1951,350.955147,1951,8,232
era5,5/21/1951,341.6589175,1951,8,233
era5,5/22/1951,331.4309582,1951,8,234
era5,5/23/1951,321.6609497,1951,8,235
era5,5/24/1951,312.3716891,1951,8,236
era5,5/25/1951,300.9311826,1951,8,237
era5,5/26/1951,287.9389344,1951,8,238
era5,5/27/1951,274.0564782,1951,8,239
era5,5/28/1951,261.5734329,1951,8,240
era5,5/29/1951,251.9308888,1951,8,241
era5,5/30/1951,241.4609597,1951,8,242
era5,5/31/1951,232.3329976,1951,8,243
era5,6/1/1951,227.0729674,1951,9,244
era5,6/2/1951,221.8486565,1951,9,245
era5,6/3/1951,214.4566425,1951,9,246
era5,6/4/1951,205.7031199,1951,9,247
era5,6/5/1951,197.200737,1951,9,248
era5,6/6/1951,189.61746,1951,9,249
era5,6/7/1951,182.6302854,1951,9,250
era5,6/8/1951,176.7554918,1951,9,251
era5,6/9/1951,171.0810087,1951,9,252
era5,6/10/1951,165.0849674,1951,9,253
era5,6/11/1951,158.126412,1951,9,254
era5,6/12/1951,150.7190385,1951,9,255
era5,6/13/1951,142.5904584,1951,9,256
era5,6/14/1951,132.7428571,1951,9,257
era5,6/15/1951,121.4020561,1951,9,258
era5,6/16/1951,110.4989362,1951,9,259
era5,6/17/1951,103.1747753,1951,9,260
era5,6/18/1951,97.46317638,1951,9,261
era5,6/19/1951,91.62301647,1951,9,262
era5,6/20/1951,86.39926206,1951,9,263
era5,6/21/1951,82.77765118,1951,9,264
era5,6/22/1951,79.60205647,1951,9,265
era5,6/23/1951,75.78408853,1951,9,266
era5,6/24/1951,72.00037776,1951,9,267
era5,6/25/1951,68.04451912,1951,9,268
era5,6/26/1951,64.43568671,1951,9,269
era5,6/27/1951,60.38025722,1951,9,270
era5,6/28/1951,56.69398235,1951,9,271
era5,6/29/1951,53.47187118,1951,9,272
era5,6/30/1951,50.16074147,1951,9,273
era5,7/1/1951,46.61372412,1951,10,274
era5,7/2/1951,43.14714912,1951,10,275
era5,7/3/1951,39.91039412,1951,10,276
era5,7/4/1951,36.83930324,1951,10,277
era5,7/5/1951,34.09260444,1951,10,278
era5,7/6/1951,31.53560664,1951,10,279
era5,7/7/1951,28.95515971,1951,10,280
era5,7/8/1951,26.18097647,1951,10,281
era5,7/9/1951,23.09509112,1951,10,282
era5,7/10/1951,19.74086365,1951,10,283
era5,7/11/1951,17.11905058,1951,10,284
era5,7/12/1951,15.50106882,1951,10,285
era5,7/13/1951,13.97287029,1951,10,286
era5,7/14/1951,12.44855794,1951,10,287
era5,7/15/1951,10.92326312,1951,10,288
era5,7/16/1951,9.362244118,1951,10,289
era5,7/17/1951,7.482489882,1951,10,290
era5,7/18/1951,5.601933812,1951,10,291
era5,7/19/1951,4.278530882,1951,10,292
era5,7/20/1951,3.315559118,1951,10,293
era5,7/21/1951,2.471716765,1951,10,294
era5,7/22/1951,1.712133294,1951,10,295
era5,7/23/1951,0.821197647,1951,10,296
era5,7/24/1951,0.14248475,1951,10,297
era5,7/25/1951,0,1951,10,298
era5,7/26/1951,0,1951,10,299
era5,7/27/1951,0,1951,10,300
era5,7/28/1951,0,1951,10,301
era5,7/29/1951,0,1951,10,302
era5,7/30/1951,0,1951,10,303
era5,7/31/1951,0,1951,10,304
era5,8/1/1951,0,1951,11,305
era5,8/2/1951,0,1951,11,306
era5,8/3/1951,0,1951,11,307
era5,8/4/1951,0,1951,11,308
era5,8/5/1951,0,1951,11,309
era5,8/6/1951,0,1951,11,310
era5,8/7/1951,0,1951,11,311
era5,8/8/1951,0,1951,11,312
era5,8/9/1951,0,1951,11,313
era5,8/10/1951,0,1951,11,314
era5,8/11/1951,0,1951,11,315
era5,8/12/1951,0,1951,11,316
era5,8/13/1951,0,1951,11,317
era5,8/14/1951,0,1951,11,318
era5,8/15/1951,0,1951,11,319
era5,8/16/1951,0,1951,11,320
era5,8/17/1951,0,1951,11,321
era5,8/18/1951,0,1951,11,322
era5,8/19/1951,0,1951,11,323
era5,8/20/1951,0,1951,11,324
era5,8/21/1951,0,1951,11,325
era5,8/22/1951,0,1951,11,326
era5,8/23/1951,0,1951,11,327
era5,8/24/1951,0,1951,11,328
era5,8/25/1951,0,1951,11,329
era5,8/26/1951,0,1951,11,330
era5,8/27/1951,0,1951,11,331
era5,8/28/1951,0,1951,11,332
era5,8/29/1951,0,1951,11,333
era5,8/30/1951,0,1951,11,334
era5,8/31/1951,0,1951,11,335
era5,9/1/1951,0,1951,12,336
era5,9/2/1951,0,1951,12,337
era5,9/3/1951,0,1951,12,338
era5,9/4/1951,0,1951,12,339
era5,9/5/1951,0,1951,12,340
era5,9/6/1951,0,1951,12,341
era5,9/7/1951,0,1951,12,342
era5,9/8/1951,0,1951,12,343
era5,9/9/1951,0,1951,12,344
era5,9/10/1951,0,1951,12,345
era5,9/11/1951,0,1951,12,346
era5,9/12/1951,0,1951,12,347
era5,9/13/1951,0,1951,12,348
era5,9/14/1951,0,1951,12,349
era5,9/15/1951,0,1951,12,350
era5,9/16/1951,0,1951,12,351
era5,9/17/1951,0,1951,12,352
era5,9/18/1951,0,1951,12,353
era5,9/19/1951,0,1951,12,354
era5,9/20/1951,0,1951,12,355
era5,9/21/1951,0,1951,12,356
era5,9/22/1951,0,1951,12,357
era5,9/23/1951,0,1951,12,358
era5,9/24/1951,0,1951,12,359
era5,9/25/1951,0,1951,12,360
era5,9/26/1951,0,1951,12,361
era5,9/27/1951,0,1951,12,362
era5,9/28/1951,0,1951,12,363
era5,9/29/1951,0,1951,12,364
era5,9/30/1951,0,1951,12,365
era5,10/1/1951,3.05E-05,1952,1,1
era5,10/2/1951,0.925648256,1952,1,2
era5,10/3/1951,1.62935038,1952,1,3
era5,10/4/1951,1.296418653,1952,1,4
era5,10/5/1951,0.642512262,1952,1,5
era5,10/6/1951,0.492979559,1952,1,6
era5,10/7/1951,0.471010865,1952,1,7
era5,10/8/1951,0.351366529,1952,1,8
era5,10/9/1951,0.022106646,1952,1,9
era5,10/10/1951,0,1952,1,10
era5,10/11/1951,0,1952,1,11
era5,10/12/1951,0,1952,1,12
era5,10/13/1951,0,1952,1,13
era5,10/14/1951,0,1952,1,14
era5,10/15/1951,1.98E-05,1952,1,15
era5,10/16/1951,0,1952,1,16
era5,10/17/1951,0,1952,1,17
era5,10/18/1951,0,1952,1,18
era5,10/19/1951,0,1952,1,19
era5,10/20/1951,0,1952,1,20
era5,10/21/1951,0,1952,1,21
era5,10/22/1951,0,1952,1,22
era5,10/23/1951,0,1952,1,23
era5,10/24/1951,1.951176573,1952,1,24
era5,10/25/1951,23.20490531,1952,1,25
era5,10/26/1951,35.95774164,1952,1,26
era5,10/27/1951,36.0740677,1952,1,27
era5,10/28/1951,32.62117946,1952,1,28
era5,10/29/1951,27.89433488,1952,1,29
era5,10/30/1951,23.93914249,1952,1,30
era5,10/31/1951,20.6216871,1952,1,31
era5,11/1/1951,17.48722548,1952,2,32
era5,11/2/1951,13.92354957,1952,2,33
era5,11/3/1951,11.36289111,1952,2,34
era5,11/4/1951,8.622858453,1952,2,35
era5,11/5/1951,6.500590841,1952,2,36
era5,11/6/1951,5.049737938,1952,2,37
era5,11/7/1951,4.479078191,1952,2,38
era5,11/8/1951,4.255413353,1952,2,39
era5,11/9/1951,4.158222515,1952,2,40
era5,11/10/1951,4.095196498,1952,2,41
era5,11/11/1951,5.995957406,1952,2,42
era5,11/12/1951,16.46917616,1952,2,43
era5,11/13/1951,25.85678201,1952,2,44
era5,11/14/1951,28.60726685,1952,2,45
era5,11/15/1951,29.95667527,1952,2,46
era5,11/16/1951,29.31555494,1952,2,47
era5,11/17/1951,28.36555014,1952,2,48
era5,11/18/1951,27.43250851,1952,2,49
era5,11/19/1951,27.77542579,1952,2,50
era5,11/20/1951,77.91632835,1952,2,51
era5,11/21/1951,143.3644924,1952,2,52
era5,11/22/1951,149.8103774,1952,2,53
era5,11/23/1951,150.9710094,1952,2,54
era5,11/24/1951,156.3334593,1952,2,55
era5,11/25/1951,157.7183244,1952,2,56
era5,11/26/1951,158.2723735,1952,2,57
era5,11/27/1951,160.153852,1952,2,58
era5,11/28/1951,159.2705236,1952,2,59
era5,11/29/1951,158.1823326,1952,2,60
era5,11/30/1951,156.7302652,1952,2,61
era5,12/1/1951,160.8416265,1952,3,62
era5,12/2/1951,207.4110163,1952,3,63
era5,12/3/1951,217.9901483,1952,3,64
era5,12/4/1951,262.2968341,1952,3,65
era5,12/5/1951,332.1500738,1952,3,66
era5,12/6/1951,345.5690529,1952,3,67
era5,12/7/1951,345.7047839,1952,3,68
era5,12/8/1951,345.5116965,1952,3,69
era5,12/9/1951,345.2330903,1952,3,70
era5,12/10/1951,344.9022401,1952,3,71
era5,12/11/1951,342.8039979,1952,3,72
era5,12/12/1951,339.4744719,1952,3,73
era5,12/13/1951,341.1019456,1952,3,74
era5,12/14/1951,341.1295088,1952,3,75
era5,12/15/1951,340.7385362,1952,3,76
era5,12/16/1951,340.3995001,1952,3,77
era5,12/17/1951,340.019394,1952,3,78
era5,12/18/1951,341.2760494,1952,3,79
era5,12/19/1951,354.7618315,1952,3,80
era5,12/20/1951,358.9881624,1952,3,81
era5,12/21/1951,359.0725556,1952,3,82
era5,12/22/1951,359.0535247,1952,3,83
era5,12/23/1951,359.02461,1952,3,84
era5,12/24/1951,358.9781832,1952,3,85
era5,12/25/1951,359.0176375,1952,3,86
era5,12/26/1951,360.2430656,1952,3,87
era5,12/27/1951,361.2629741,1952,3,88
era5,12/28/1951,365.5717862,1952,3,89
era5,12/29/1951,412.5240602,1952,3,90
era5,12/30/1951,478.1702285,1952,3,91
era5,12/31/1951,516.8438765,1952,3,92
era5,1/1/1952,518.8229315,1952,4,93
era5,1/2/1952,518.849475,1952,4,94
era5,1/3/1952,518.7724953,1952,4,95
era5,1/4/1952,518.7045812,1952,4,96
era5,1/5/1952,518.6347229,1952,4,97
era5,1/6/1952,518.5278059,1952,4,98
era5,1/7/1952,536.3749794,1952,4,99
era5,1/8/1952,551.1083897,1952,4,100
era5,1/9/1952,555.664005,1952,4,101
era5,1/10/1952,556.3943912,1952,4,102
era5,1/11/1952,575.3376944,1952,4,103
era5,1/12/1952,601.8361803,1952,4,104
era5,1/13/1952,654.769475,1952,4,105
era5,1/14/1952,690.6527785,1952,4,106
era5,1/15/1952,784.9014124,1952,4,107
era5,1/16/1952,877.4866656,1952,4,108
era5,1/17/1952,896.3537888,1952,4,109
era5,1/18/1952,898.5853785,1952,4,110
era5,1/19/1952,899.6046724,1952,4,111
era5,1/20/1952,904.1699132,1952,4,112
era5,1/21/1952,919.497525,1952,4,113
era5,1/22/1952,921.7059012,1952,4,114
era5,1/23/1952,921.7786106,1952,4,115
era5,1/24/1952,926.8592891,1952,4,116
era5,1/25/1952,967.6355882,1952,4,117
era5,1/26/1952,989.8974197,1952,4,118
era5,1/27/1952,990.8555456,1952,4,119
era5,1/28/1952,990.5267585,1952,4,120
era5,1/29/1952,989.8639026,1952,4,121
era5,1/30/1952,988.6825944,1952,4,122
era5,1/31/1952,987.7828753,1952,4,123
era5,2/1/1952,987.4016026,1952,5,124
era5,2/2/1952,1005.21466,1952,5,125
era5,2/3/1952,1009.559038,1952,5,126
era5,2/4/1952,1008.790601,1952,5,127
era5,2/5/1952,1007.462679,1952,5,128
era5,2/6/1952,1006.148931,1952,5,129
era5,2/7/1952,1004.969624,1952,5,130
era5,2/8/1952,1003.993996,1952,5,131
era5,2/9/1952,1003.097571,1952,5,132
era5,2/10/1952,1002.507554,1952,5,133
era5,2/11/1952,1003.24035,1952,5,134
era5,2/12/1952,1016.341111,1952,5,135
era5,2/13/1952,1017.105856,1952,5,136
era5,2/14/1952,1017.164847,1952,5,137
era5,2/15/1952,1017.801215,1952,5,138
era5,2/16/1952,1021.968349,1952,5,139
era5,2/17/1952,1049.004088,1952,5,140
era5,2/18/1952,1057.589577,1952,5,141
era5,2/19/1952,1073.764697,1952,5,142
era5,2/20/1952,1093.739419,1952,5,143
era5,2/21/1952,1114.860687,1952,5,144
era5,2/22/1952,1116.778774,1952,5,145
era5,2/23/1952,1117.135073,1952,5,146
era5,2/24/1952,1118.073287,1952,5,147
era5,2/25/1952,1117.788399,1952,5,148
era5,2/26/1952,1117.306094,1952,5,149
era5,2/27/1952,1116.991937,1952,5,150
era5,2/28/1952,1116.075138,1952,5,151
era5,2/29/1952,1115.426357,1952,5,152
era5,3/1/1952,1120.629966,1952,6,153
era5,3/2/1952,1128.722312,1952,6,154
era5,3/3/1952,1129.160138,1952,6,155
era5,3/4/1952,1134.621721,1952,6,156
era5,3/5/1952,1136.565703,1952,6,157
era5,3/6/1952,1137.334353,1952,6,158
era5,3/7/1952,1162.089045,1952,6,159
era5,3/8/1952,1177.030225,1952,6,160
era5,3/9/1952,1182.071671,1952,6,161
era5,3/10/1952,1190.664069,1952,6,162
era5,3/11/1952,1221.683069,1952,6,163
era5,3/12/1952,1233.1452,1952,6,164
era5,3/13/1952,1248.538092,1952,6,165
era5,3/14/1952,1253.516041,1952,6,166
era5,3/15/1952,1287.207346,1952,6,167
era5,3/16/1952,1340.248791,1952,6,168
era5,3/17/1952,1350.804251,1952,6,169
era5,3/18/1952,1355.551954,1952,6,170
era5,3/19/1952,1388.506575,1952,6,171
era5,3/20/1952,1413.003224,1952,6,172
era5,3/21/1952,1414.78548,1952,6,173
era5,3/22/1952,1414.668743,1952,6,174
era5,3/23/1952,1414.498084,1952,6,175
era5,3/24/1952,1414.196654,1952,6,176
era5,3/25/1952,1410.804617,1952,6,177
era5,3/26/1952,1405.393325,1952,6,178
era5,3/27/1952,1400.301344,1952,6,179
era5,3/28/1952,1394.519099,1952,6,180
era5,3/29/1952,1388.904162,1952,6,181
era5,3/30/1952,1383.814279,1952,6,182
era5,3/31/1952,1380.071686,1952,6,183
era5,4/1/1952,1376.529251,1952,7,184
era5,4/2/1952,1370.982537,1952,7,185
era5,4/3/1952,1365.088964,1952,7,186
era5,4/4/1952,1356.90839,1952,7,187
era5,4/5/1952,1345.467048,1952,7,188
era5,4/6/1952,1332.19484,1952,7,189
era5,4/7/1952,1324.675281,1952,7,190
era5,4/8/1952,1333.780916,1952,7,191
era5,4/9/1952,1332.744423,1952,7,192
era5,4/10/1952,1330.798431,1952,7,193
era5,4/11/1952,1341.047962,1952,7,194
era5,4/12/1952,1339.205226,1952,7,195
era5,4/13/1952,1333.590198,1952,7,196
era5,4/14/1952,1337.057141,1952,7,197
era5,4/15/1952,1337.514036,1952,7,198
era5,4/16/1952,1332.558877,1952,7,199
era5,4/17/1952,1323.973279,1952,7,200
era5,4/18/1952,1312.716012,1952,7,201
era5,4/19/1952,1300.851461,1952,7,202
era5,4/20/1952,1294.320478,1952,7,203
era5,4/21/1952,1284.221331,1952,7,204
era5,4/22/1952,1274.095874,1952,7,205
era5,4/23/1952,1261.564461,1952,7,206
era5,4/24/1952,1247.859531,1952,7,207
era5,4/25/1952,1233.869979,1952,7,208
era5,4/26/1952,1229.54851,1952,7,209
era5,4/27/1952,1228.131909,1952,7,210
era5,4/28/1952,1218.98743,1952,7,211
era5,4/29/1952,1210.307836,1952,7,212
era5,4/30/1952,1203.865393,1952,7,213
era5,5/1/1952,1193.354226,1952,8,214
era5,5/2/1952,1178.057325,1952,8,215
era5,5/3/1952,1162.710114,1952,8,216
era5,5/4/1952,1150.145096,1952,8,217
era5,5/5/1952,1138.091942,1952,8,218
era5,5/6/1952,1124.924955,1952,8,219
era5,5/7/1952,1113.027654,1952,8,220
era5,5/8/1952,1123.237464,1952,8,221
era5,5/9/1952,1120.051611,1952,8,222
era5,5/10/1952,1111.80753,1952,8,223
era5,5/11/1952,1098.071511,1952,8,224
era5,5/12/1952,1084.178263,1952,8,225
era5,5/13/1952,1067.363039,1952,8,226
era5,5/14/1952,1050.844842,1952,8,227
era5,5/15/1952,1034.603039,1952,8,228
era5,5/16/1952,1022.126521,1952,8,229
era5,5/17/1952,1007.13173,1952,8,230
era5,5/18/1952,987.3827085,1952,8,231
era5,5/19/1952,966.1249076,1952,8,232
era5,5/20/1952,941.1023956,1952,8,233
era5,5/21/1952,917.443323,1952,8,234
era5,5/22/1952,898.7404791,1952,8,235
era5,5/23/1952,878.8931918,1952,8,236
era5,5/24/1952,855.9908044,1952,8,237
era5,5/25/1952,832.0754085,1952,8,238
era5,5/26/1952,807.1506738,1952,8,239
era5,5/27/1952,780.9978133,1952,8,240
era5,5/28/1952,754.9198947,1952,8,241
era5,5/29/1952,731.9030032,1952,8,242
era5,5/30/1952,710.4478761,1952,8,243
era5,5/31/1952,687.8069916,1952,8,244
era5,6/1/1952,669.4677864,1952,9,245
era5,6/2/1952,649.8291144,1952,9,246
era5,6/3/1952,629.2145616,1952,9,247
era5,6/4/1952,607.4579415,1952,9,248
era5,6/5/1952,582.3256975,1952,9,249
era5,6/6/1952,560.2928104,1952,9,250
era5,6/7/1952,541.1333354,1952,9,251
era5,6/8/1952,521.0610229,1952,9,252
era5,6/9/1952,502.359657,1952,9,253
era5,6/10/1952,496.8266395,1952,9,254
era5,6/11/1952,488.4274327,1952,9,255
era5,6/12/1952,482.81166,1952,9,256
era5,6/13/1952,477.4869759,1952,9,257
era5,6/14/1952,470.2586368,1952,9,258
era5,6/15/1952,462.7923194,1952,9,259
era5,6/16/1952,453.9029787,1952,9,260
era5,6/17/1952,440.6474473,1952,9,261
era5,6/18/1952,426.8979774,1952,9,262
era5,6/19/1952,414.2577211,1952,9,263
era5,6/20/1952,403.0578679,1952,9,264
era5,6/21/1952,391.2525756,1952,9,265
era5,6/22/1952,378.8201204,1952,9,266
era5,6/23/1952,365.8863276,1952,9,267
era5,6/24/1952,354.6984791,1952,9,268
era5,6/25/1952,345.6339639,1952,9,269
era5,6/26/1952,338.9652125,1952,9,270
era5,6/27/1952,333.0072609,1952,9,271
era5,6/28/1952,323.5096118,1952,9,272
era5,6/29/1952,315.5349308,1952,9,273
era5,6/30/1952,308.6080095,1952,9,274
era5,7/1/1952,298.7400301,1952,10,275
era5,7/2/1952,285.0823778,1952,10,276
era5,7/3/1952,269.8748618,1952,10,277
era5,7/4/1952,255.5828079,1952,10,278
era5,7/5/1952,243.1091256,1952,10,279
era5,7/6/1952,229.6581137,1952,10,280
era5,7/7/1952,214.6870412,1952,10,281
era5,7/8/1952,200.317612,1952,10,282
era5,7/9/1952,188.2354097,1952,10,283
era5,7/10/1952,177.4187535,1952,10,284
era5,7/11/1952,167.8611002,1952,10,285
era5,7/12/1952,159.0903826,1952,10,286
era5,7/13/1952,150.7324615,1952,10,287
era5,7/14/1952,141.9439126,1952,10,288
era5,7/15/1952,131.4500859,1952,10,289
era5,7/16/1952,121.080125,1952,10,290
era5,7/17/1952,111.028679,1952,10,291
era5,7/18/1952,102.6070779,1952,10,292
era5,7/19/1952,94.68231985,1952,10,293
era5,7/20/1952,86.35385649,1952,10,294
era5,7/21/1952,77.66528924,1952,10,295
era5,7/22/1952,71.36617643,1952,10,296
era5,7/23/1952,64.46846412,1952,10,297
era5,7/24/1952,56.86374029,1952,10,298
era5,7/25/1952,48.97778147,1952,10,299
era5,7/26/1952,41.72634912,1952,10,300
era5,7/27/1952,35.55207882,1952,10,301
era5,7/28/1952,30.71268941,1952,10,302
era5,7/29/1952,26.00254418,1952,10,303
era5,7/30/1952,22.03142659,1952,10,304
era5,7/31/1952,18.71030121,1952,10,305
era5,8/1/1952,15.47691735,1952,11,306
era5,8/2/1952,13.01967926,1952,11,307
era5,8/3/1952,10.43998653,1952,11,308
era5,8/4/1952,7.825736338,1952,11,309
era5,8/5/1952,5.667592853,1952,11,310
era5,8/6/1952,4.161430765,1952,11,311
era5,8/7/1952,3.129777794,1952,11,312
era5,8/8/1952,2.233675588,1952,11,313
era5,8/9/1952,1.256729412,1952,11,314
era5,8/10/1952,0.4298775,1952,11,315
era5,8/11/1952,0,1952,11,316
era5,8/12/1952,0,1952,11,317
era5,8/13/1952,0,1952,11,318
era5,8/14/1952,0,1952,11,319
era5,8/15/1952,0,1952,11,320
era5,8/16/1952,0,1952,11,321
era5,8/17/1952,0,1952,11,322
era5,8/18/1952,0,1952,11,323
era5,8/19/1952,0,1952,11,324
era5,8/20/1952,0,1952,11,325
era5,8/21/1952,0,1952,11,326
era5,8/22/1952,0,1952,11,327
era5,8/23/1952,0,1952,11,328
era5,8/24/1952,0,1952,11,329
era5,8/25/1952,0,1952,11,330
era5,8/26/1952,0,1952,11,331
era5,8/27/1952,0,1952,11,332
era5,8/28/1952,0,1952,11,333
era5,8/29/1952,0,1952,11,334
era5,8/30/1952,0,1952,11,335
era5,8/31/1952,0,1952,11,336
era5,9/1/1952,0,1952,12,337
era5,9/2/1952,0,1952,12,338
era5,9/3/1952,0,1952,12,339
era5,9/4/1952,0,1952,12,340
era5,9/5/1952,0,1952,12,341
era5,9/6/1952,0,1952,12,342
era5,9/7/1952,0,1952,12,343
era5,9/8/1952,0,1952,12,344
era5,9/9/1952,0,1952,12,345
era5,9/10/1952,0.222886677,1952,12,346
era5,9/11/1952,1.866039105,1952,12,347
era5,9/12/1952,2.790580205,1952,12,348
era5,9/13/1952,1.082879744,1952,12,349
era5,9/14/1952,0.431697941,1952,12,350
era5,9/15/1952,0,1952,12,351
era5,9/16/1952,0,1952,12,352
era5,9/17/1952,0,1952,12,353
era5,9/18/1952,0,1952,12,354
era5,9/19/1952,6.93E-05,1952,12,355
era5,9/20/1952,0.284539118,1952,12,356
era5,9/21/1952,0.186992941,1952,12,357
era5,9/22/1952,0.108969688,1952,12,358
era5,9/23/1952,0,1952,12,359
era5,9/24/1952,0,1952,12,360
era5,9/25/1952,0,1952,12,361
era5,9/26/1952,0,1952,12,362
era5,9/27/1952,0,1952,12,363
era5,9/28/1952,0,1952,12,364
era5,9/29/1952,0,1952,12,365
era5,9/30/1952,0,1952,12,366
era5,10/1/1952,0,1953,1,1
era5,10/2/1952,0,1953,1,2
era5,10/3/1952,0,1953,1,3
era5,10/4/1952,0,1953,1,4
era5,10/5/1952,0,1953,1,5
era5,10/6/1952,0,1953,1,6
era5,10/7/1952,0,1953,1,7
era5,10/8/1952,0,1953,1,8
era5,10/9/1952,0,1953,1,9
era5,10/10/1952,0,1953,1,10
era5,10/11/1952,0,1953,1,11
era5,10/12/1952,0,1953,1,12
era5,10/13/1952,0,1953,1,13
era5,10/14/1952,0,1953,1,14
era5,10/15/1952,0,1953,1,15
era5,10/16/1952,0,1953,1,16
era5,10/17/1952,0,1953,1,17
era5,10/18/1952,1.28E-06,1953,1,18
era5,10/19/1952,0,1953,1,19
era5,10/20/1952,0,1953,1,20
era5,10/21/1952,0,1953,1,21
era5,10/22/1952,0,1953,1,22
era5,10/23/1952,0,1953,1,23
era5,10/24/1952,0,1953,1,24
era5,10/25/1952,0,1953,1,25
era5,10/26/1952,0,1953,1,26
era5,10/27/1952,0,1953,1,27
era5,10/28/1952,0,1953,1,28
era5,10/29/1952,0,1953,1,29
era5,10/30/1952,0.134991188,1953,1,30
era5,10/31/1952,0.09799581,1953,1,31
era5,11/1/1952,0.071856405,1953,2,32
era5,11/2/1952,0.071919768,1953,2,33
era5,11/3/1952,0.071449143,1953,2,34
era5,11/4/1952,0.069230019,1953,2,35
era5,11/5/1952,0.068652138,1953,2,36
era5,11/6/1952,0.068371703,1953,2,37
era5,11/7/1952,0.187770069,1953,2,38
era5,11/8/1952,0.947400174,1953,2,39
era5,11/9/1952,0.926793736,1953,2,40
era5,11/10/1952,0.89952216,1953,2,41
era5,11/11/1952,0.772122983,1953,2,42
era5,11/12/1952,1.15228156,1953,2,43
era5,11/13/1952,6.75042877,1953,2,44
era5,11/14/1952,36.53675093,1953,2,45
era5,11/15/1952,84.4790045,1953,2,46
era5,11/16/1952,113.3471588,1953,2,47
era5,11/17/1952,115.7451258,1953,2,48
era5,11/18/1952,115.8362771,1953,2,49
era5,11/19/1952,115.5671014,1953,2,50
era5,11/20/1952,114.6387589,1953,2,51
era5,11/21/1952,113.6300054,1953,2,52
era5,11/22/1952,112.9382276,1953,2,53
era5,11/23/1952,113.235672,1953,2,54
era5,11/24/1952,113.1847046,1953,2,55
era5,11/25/1952,112.9675851,1953,2,56
era5,11/26/1952,112.7160483,1953,2,57
era5,11/27/1952,112.5831215,1953,2,58
era5,11/28/1952,112.4899823,1953,2,59
era5,11/29/1952,112.3683685,1953,2,60
era5,11/30/1952,112.2282307,1953,2,61
era5,12/1/1952,115.5432722,1953,3,62
era5,12/2/1952,173.1527661,1953,3,63
era5,12/3/1952,188.4466291,1953,3,64
era5,12/4/1952,190.0440481,1953,3,65
era5,12/5/1952,193.0415253,1953,3,66
era5,12/6/1952,221.3656826,1953,3,67
era5,12/7/1952,246.5808009,1953,3,68
era5,12/8/1952,304.602685,1953,3,69
era5,12/9/1952,322.9094094,1953,3,70
era5,12/10/1952,330.6417826,1953,3,71
era5,12/11/1952,333.8789579,1953,3,72
era5,12/12/1952,333.1989926,1953,3,73
era5,12/13/1952,331.6715288,1953,3,74
era5,12/14/1952,329.7088553,1953,3,75
era5,12/15/1952,327.8907047,1953,3,76
era5,12/16/1952,326.2778229,1953,3,77
era5,12/17/1952,325.3724118,1953,3,78
era5,12/18/1952,325.4275824,1953,3,79
era5,12/19/1952,325.5733424,1953,3,80
era5,12/20/1952,354.4620509,1953,3,81
era5,12/21/1952,373.3005115,1953,3,82
era5,12/22/1952,374.0013668,1953,3,83
era5,12/23/1952,374.0556612,1953,3,84
era5,12/24/1952,373.9909653,1953,3,85
era5,12/25/1952,374.8257629,1953,3,86
era5,12/26/1952,376.2305024,1953,3,87
era5,12/27/1952,380.7472853,1953,3,88
era5,12/28/1952,399.0992606,1953,3,89
era5,12/29/1952,404.563135,1953,3,90
era5,12/30/1952,423.4779374,1953,3,91
era5,12/31/1952,465.2748994,1953,3,92
era5,1/1/1953,467.65657,1953,4,93
era5,1/2/1953,467.8925976,1953,4,94
era5,1/3/1953,467.5543179,1953,4,95
era5,1/4/1953,466.3992847,1953,4,96
era5,1/5/1953,464.9029488,1953,4,97
era5,1/6/1953,469.9671571,1953,4,98
era5,1/7/1953,499.4898035,1953,4,99
era5,1/8/1953,560.731635,1953,4,100
era5,1/9/1953,579.3170185,1953,4,101
era5,1/10/1953,576.8770635,1953,4,102
era5,1/11/1953,573.1061709,1953,4,103
era5,1/12/1953,570.0731529,1953,4,104
era5,1/13/1953,576.3279162,1953,4,105
era5,1/14/1953,615.4581321,1953,4,106
era5,1/15/1953,627.6844206,1953,4,107
era5,1/16/1953,627.9822694,1953,4,108
era5,1/17/1953,628.1605256,1953,4,109
era5,1/18/1953,637.9211829,1953,4,110
era5,1/19/1953,645.6354729,1953,4,111
era5,1/20/1953,646.5144003,1953,4,112
era5,1/21/1953,662.5595815,1953,4,113
era5,1/22/1953,663.5855203,1953,4,114
era5,1/23/1953,661.0346565,1953,4,115
era5,1/24/1953,656.9751668,1953,4,116
era5,1/25/1953,653.4730576,1953,4,117
era5,1/26/1953,652.2334918,1953,4,118
era5,1/27/1953,651.5892244,1953,4,119
era5,1/28/1953,650.9999762,1953,4,120
era5,1/29/1953,649.8090276,1953,4,121
era5,1/30/1953,647.381915,1953,4,122
era5,1/31/1953,644.7059868,1953,4,123
era5,2/1/1953,641.7707324,1953,5,124
era5,2/2/1953,639.4571912,1953,5,125
era5,2/3/1953,637.368755,1953,5,126
era5,2/4/1953,633.5756135,1953,5,127
era5,2/5/1953,631.6076515,1953,5,128
era5,2/6/1953,630.5106776,1953,5,129
era5,2/7/1953,626.6153918,1953,5,130
era5,2/8/1953,623.5287038,1953,5,131
era5,2/9/1953,622.9863082,1953,5,132
era5,2/10/1953,622.7446797,1953,5,133
era5,2/11/1953,622.5515779,1953,5,134
era5,2/12/1953,622.3479326,1953,5,135
era5,2/13/1953,622.0288776,1953,5,136
era5,2/14/1953,621.3446453,1953,5,137
era5,2/15/1953,619.6528494,1953,5,138
era5,2/16/1953,618.9646788,1953,5,139
era5,2/17/1953,617.9437669,1953,5,140
era5,2/18/1953,617.5123426,1953,5,141
era5,2/19/1953,618.6982371,1953,5,142
era5,2/20/1953,618.7870794,1953,5,143
era5,2/21/1953,618.6561859,1953,5,144
era5,2/22/1953,618.5309615,1953,5,145
era5,2/23/1953,618.8169356,1953,5,146
era5,2/24/1953,621.1666918,1953,5,147
era5,2/25/1953,621.1671526,1953,5,148
era5,2/26/1953,620.8433984,1953,5,149
era5,2/27/1953,620.0701965,1953,5,150
era5,2/28/1953,618.7710326,1953,5,151
era5,3/1/1953,625.0863026,1953,6,152
era5,3/2/1953,634.9336382,1953,6,153
era5,3/3/1953,635.3960718,1953,6,154
era5,3/4/1953,635.2368394,1953,6,155
era5,3/5/1953,634.7074576,1953,6,156
era5,3/6/1953,633.2982765,1953,6,157
era5,3/7/1953,631.1838762,1953,6,158
era5,3/8/1953,628.7063849,1953,6,159
era5,3/9/1953,626.4767012,1953,6,160
era5,3/10/1953,625.5185593,1953,6,161
era5,3/11/1953,629.058545,1953,6,162
era5,3/12/1953,631.5077085,1953,6,163
era5,3/13/1953,641.8329243,1953,6,164
era5,3/14/1953,642.0552181,1953,6,165
era5,3/15/1953,641.5011498,1953,6,166
era5,3/16/1953,640.5000133,1953,6,167
era5,3/17/1953,639.4430555,1953,6,168
era5,3/18/1953,639.0819824,1953,6,169
era5,3/19/1953,645.4011347,1953,6,170
era5,3/20/1953,719.7952262,1953,6,171
era5,3/21/1953,734.8436706,1953,6,172
era5,3/22/1953,736.6603109,1953,6,173
era5,3/23/1953,736.0627291,1953,6,174
era5,3/24/1953,733.2966169,1953,6,175
era5,3/25/1953,729.2528818,1953,6,176
era5,3/26/1953,725.9082503,1953,6,177
era5,3/27/1953,721.6856481,1953,6,178
era5,3/28/1953,716.71899,1953,6,179
era5,3/29/1953,715.391112,1953,6,180
era5,3/30/1953,715.2739798,1953,6,181
era5,3/31/1953,712.2864935,1953,6,182
era5,4/1/1953,708.6081176,1953,7,183
era5,4/2/1953,704.4252838,1953,7,184
era5,4/3/1953,699.268226,1953,7,185
era5,4/4/1953,693.4522812,1953,7,186
era5,4/5/1953,684.0413088,1953,7,187
era5,4/6/1953,673.7514771,1953,7,188
era5,4/7/1953,670.2580858,1953,7,189
era5,4/8/1953,682.0745788,1953,7,190
era5,4/9/1953,689.7662975,1953,7,191
era5,4/10/1953,692.1685549,1953,7,192
era5,4/11/1953,698.737395,1953,7,193
era5,4/12/1953,698.9148496,1953,7,194
era5,4/13/1953,698.5484968,1953,7,195
era5,4/14/1953,697.6475276,1953,7,196
era5,4/15/1953,695.8064071,1953,7,197
era5,4/16/1953,691.8988712,1953,7,198
era5,4/17/1953,697.8597815,1953,7,199
era5,4/18/1953,698.5838172,1953,7,200
era5,4/19/1953,692.9904129,1953,7,201
era5,4/20/1953,688.235273,1953,7,202
era5,4/21/1953,683.1562059,1953,7,203
era5,4/22/1953,672.6894376,1953,7,204
era5,4/23/1953,659.3679309,1953,7,205
era5,4/24/1953,646.4077553,1953,7,206
era5,4/25/1953,635.5897346,1953,7,207
era5,4/26/1953,623.4662726,1953,7,208
era5,4/27/1953,617.692342,1953,7,209
era5,4/28/1953,646.1162056,1953,7,210
era5,4/29/1953,648.6838311,1953,7,211
era5,4/30/1953,660.5045601,1953,7,212
era5,5/1/1953,672.6924629,1953,8,213
era5,5/2/1953,672.2578851,1953,8,214
era5,5/3/1953,667.9072576,1953,8,215
era5,5/4/1953,659.1800167,1953,8,216
era5,5/5/1953,649.3740286,1953,8,217
era5,5/6/1953,639.0015751,1953,8,218
era5,5/7/1953,629.1545546,1953,8,219
era5,5/8/1953,625.7266026,1953,8,220
era5,5/9/1953,623.6582043,1953,8,221
era5,5/10/1953,621.9694857,1953,8,222
era5,5/11/1953,618.7222526,1953,8,223
era5,5/12/1953,615.5287474,1953,8,224
era5,5/13/1953,609.9806079,1953,8,225
era5,5/14/1953,602.2506118,1953,8,226
era5,5/15/1953,598.6553393,1953,8,227
era5,5/16/1953,599.6660719,1953,8,228
era5,5/17/1953,596.3286731,1953,8,229
era5,5/18/1953,588.447795,1953,8,230
era5,5/19/1953,577.2442382,1953,8,231
era5,5/20/1953,572.9858712,1953,8,232
era5,5/21/1953,568.3860659,1953,8,233
era5,5/22/1953,565.7048804,1953,8,234
era5,5/23/1953,561.0458048,1953,8,235
era5,5/24/1953,569.3429579,1953,8,236
era5,5/25/1953,570.7779284,1953,8,237
era5,5/26/1953,579.969083,1953,8,238
era5,5/27/1953,583.2606065,1953,8,239
era5,5/28/1953,608.7978271,1953,8,240
era5,5/29/1953,641.5683485,1953,8,241
era5,5/30/1953,639.6356545,1953,8,242
era5,5/31/1953,631.3811491,1953,8,243
era5,6/1/1953,625.5813406,1953,9,244
era5,6/2/1953,623.4605809,1953,9,245
era5,6/3/1953,615.3167293,1953,9,246
era5,6/4/1953,602.4961617,1953,9,247
era5,6/5/1953,589.3452122,1953,9,248
era5,6/6/1953,576.2293602,1953,9,249
era5,6/7/1953,566.2931992,1953,9,250
era5,6/8/1953,557.3498582,1953,9,251
era5,6/9/1953,550.6662482,1953,9,252
era5,6/10/1953,544.3662291,1953,9,253
era5,6/11/1953,533.7749671,1953,9,254
era5,6/12/1953,520.8405924,1953,9,255
era5,6/13/1953,509.6171026,1953,9,256
era5,6/14/1953,496.0002453,1953,9,257
era5,6/15/1953,479.7873394,1953,9,258
era5,6/16/1953,461.4230107,1953,9,259
era5,6/17/1953,442.6838068,1953,9,260
era5,6/18/1953,419.6851277,1953,9,261
era5,6/19/1953,399.6266824,1953,9,262
era5,6/20/1953,381.0273337,1953,9,263
era5,6/21/1953,364.6453278,1953,9,264
era5,6/22/1953,346.4765681,1953,9,265
era5,6/23/1953,326.1471277,1953,9,266
era5,6/24/1953,307.8951201,1953,9,267
era5,6/25/1953,292.9415972,1953,9,268
era5,6/26/1953,278.4996447,1953,9,269
era5,6/27/1953,266.2738302,1953,9,270
era5,6/28/1953,254.3485859,1953,9,271
era5,6/29/1953,243.1735479,1953,9,272
era5,6/30/1953,232.5296297,1953,9,273
era5,7/1/1953,222.0110438,1953,10,274
era5,7/2/1953,211.4858524,1953,10,275
era5,7/3/1953,199.4030968,1953,10,276
era5,7/4/1953,186.1603996,1953,10,277
era5,7/5/1953,172.991221,1953,10,278
era5,7/6/1953,160.0193998,1953,10,279
era5,7/7/1953,146.8948535,1953,10,280
era5,7/8/1953,133.7761403,1953,10,281
era5,7/9/1953,120.2117665,1953,10,282
era5,7/10/1953,107.2643697,1953,10,283
era5,7/11/1953,95.56041029,1953,10,284
era5,7/12/1953,84.19706206,1953,10,285
era5,7/13/1953,73.47073253,1953,10,286
era5,7/14/1953,62.11717335,1953,10,287
era5,7/15/1953,50.22561791,1953,10,288
era5,7/16/1953,39.5924747,1953,10,289
era5,7/17/1953,31.68439925,1953,10,290
era5,7/18/1953,27.12936441,1953,10,291
era5,7/19/1953,22.44199141,1953,10,292
era5,7/20/1953,18.13700421,1953,10,293
era5,7/21/1953,14.02441662,1953,10,294
era5,7/22/1953,9.945627529,1953,10,295
era5,7/23/1953,6.252223676,1953,10,296
era5,7/24/1953,3.654292941,1953,10,297
era5,7/25/1953,2.453251765,1953,10,298
era5,7/26/1953,1.549274559,1953,10,299
era5,7/27/1953,0.666904118,1953,10,300
era5,7/28/1953,0.008659688,1953,10,301
era5,7/29/1953,0,1953,10,302
era5,7/30/1953,0,1953,10,303
era5,7/31/1953,0,1953,10,304
era5,8/1/1953,0,1953,11,305
era5,8/2/1953,0,1953,11,306
era5,8/3/1953,0,1953,11,307
era5,8/4/1953,0,1953,11,308
era5,8/5/1953,0,1953,11,309
era5,8/6/1953,0,1953,11,310
era5,8/7/1953,0,1953,11,311
era5,8/8/1953,0,1953,11,312
era5,8/9/1953,0,1953,11,313
era5,8/10/1953,0,1953,11,314
era5,8/11/1953,0,1953,11,315
era5,8/12/1953,0,1953,11,316
era5,8/13/1953,0,1953,11,317
era5,8/14/1953,0,1953,11,318
era5,8/15/1953,0,1953,11,319
era5,8/16/1953,0,1953,11,320
era5,8/17/1953,0,1953,11,321
era5,8/18/1953,0,1953,11,322
era5,8/19/1953,0,1953,11,323
era5,8/20/1953,0,1953,11,324
era5,8/21/1953,0,1953,11,325
era5,8/22/1953,0,1953,11,326
era5,8/23/1953,0,1953,11,327
era5,8/24/1953,0,1953,11,328
era5,8/25/1953,0,1953,11,329
era5,8/26/1953,0,1953,11,330
era5,8/27/1953,0,1953,11,331
era5,8/28/1953,0,1953,11,332
era5,8/29/1953,0,1953,11,333
era5,8/30/1953,5.36E-05,1953,11,334
era5,8/31/1953,0,1953,11,335
era5,9/1/1953,0,1953,12,336
era5,9/2/1953,0,1953,12,337
era5,9/3/1953,0,1953,12,338
era5,9/4/1953,0,1953,12,339
era5,9/5/1953,0,1953,12,340
era5,9/6/1953,0,1953,12,341
era5,9/7/1953,0,1953,12,342
era5,9/8/1953,0,1953,12,343
era5,9/9/1953,0,1953,12,344
era5,9/10/1953,0,1953,12,345
era5,9/11/1953,0,1953,12,346
era5,9/12/1953,0,1953,12,347
era5,9/13/1953,0,1953,12,348
era5,9/14/1953,0,1953,12,349
era5,9/15/1953,0,1953,12,350
era5,9/16/1953,0,1953,12,351
era5,9/17/1953,0,1953,12,352
era5,9/18/1953,0,1953,12,353
era5,9/19/1953,0,1953,12,354
era5,9/20/1953,0,1953,12,355
era5,9/21/1953,0,1953,12,356
era5,9/22/1953,0,1953,12,357
era5,9/23/1953,0,1953,12,358
era5,9/24/1953,0,1953,12,359
era5,9/25/1953,0,1953,12,360
era5,9/26/1953,0,1953,12,361
era5,9/27/1953,0.013037116,1953,12,362
era5,9/28/1953,0.289741446,1953,12,363
era5,9/29/1953,0.155060403,1953,12,364
era5,9/30/1953,0,1953,12,365
era5,10/1/1953,0,1954,1,1
era5,10/2/1953,0,1954,1,2
era5,10/3/1953,0,1954,1,3
era5,10/4/1953,0,1954,1,4
era5,10/5/1953,0,1954,1,5
era5,10/6/1953,0,1954,1,6
era5,10/7/1953,0,1954,1,7
era5,10/8/1953,0,1954,1,8
era5,10/9/1953,0,1954,1,9
era5,10/10/1953,0,1954,1,10
era5,10/11/1953,0,1954,1,11
era5,10/12/1953,0,1954,1,12
era5,10/13/1953,0,1954,1,13
era5,10/14/1953,0.019774756,1954,1,14
era5,10/15/1953,0.195740887,1954,1,15
era5,10/16/1953,0.162657106,1954,1,16
era5,10/17/1953,0.091606095,1954,1,17
era5,10/18/1953,0.692710252,1954,1,18
era5,10/19/1953,6.586552076,1954,1,19
era5,10/20/1953,6.482582313,1954,1,20
era5,10/21/1953,4.654589759,1954,1,21
era5,10/22/1953,4.795101206,1954,1,22
era5,10/23/1953,7.739270023,1954,1,23
era5,10/24/1953,10.63656132,1954,1,24
era5,10/25/1953,9.716088247,1954,1,25
era5,10/26/1953,8.124322318,1954,1,26
era5,10/27/1953,5.776934086,1954,1,27
era5,10/28/1953,3.756403319,1954,1,28
era5,10/29/1953,2.753670096,1954,1,29
era5,10/30/1953,2.298306735,1954,1,30
era5,10/31/1953,2.098160029,1954,1,31
era5,11/1/1953,1.743676303,1954,2,32
era5,11/2/1953,1.353517979,1954,2,33
era5,11/3/1953,1.200455185,1954,2,34
era5,11/4/1953,1.176262217,1954,2,35
era5,11/5/1953,2.191295335,1954,2,36
era5,11/6/1953,4.782204174,1954,2,37
era5,11/7/1953,5.215521387,1954,2,38
era5,11/8/1953,3.843302945,1954,2,39
era5,11/9/1953,3.078906565,1954,2,40
era5,11/10/1953,2.784938307,1954,2,41
era5,11/11/1953,4.981277718,1954,2,42
era5,11/12/1953,4.689944372,1954,2,43
era5,11/13/1953,4.749998565,1954,2,44
era5,11/14/1953,14.81201453,1954,2,45
era5,11/15/1953,30.72522215,1954,2,46
era5,11/16/1953,30.44547398,1954,2,47
era5,11/17/1953,31.62123072,1954,2,48
era5,11/18/1953,33.69720611,1954,2,49
era5,11/19/1953,33.69889373,1954,2,50
era5,11/20/1953,43.78522576,1954,2,51
era5,11/21/1953,48.05293106,1954,2,52
era5,11/22/1953,48.04647028,1954,2,53
era5,11/23/1953,48.03707559,1954,2,54
era5,11/24/1953,45.62671419,1954,2,55
era5,11/25/1953,41.95215303,1954,2,56
era5,11/26/1953,38.705889,1954,2,57
era5,11/27/1953,35.44459889,1954,2,58
era5,11/28/1953,33.47837832,1954,2,59
era5,11/29/1953,31.52630975,1954,2,60
era5,11/30/1953,29.68788913,1954,2,61
era5,12/1/1953,28.54622322,1954,3,62
era5,12/2/1953,27.58509294,1954,3,63
era5,12/3/1953,27.25004765,1954,3,64
era5,12/4/1953,54.15818997,1954,3,65
era5,12/5/1953,65.04312435,1954,3,66
era5,12/6/1953,65.43375629,1954,3,67
era5,12/7/1953,74.46916747,1954,3,68
era5,12/8/1953,77.88635344,1954,3,69
era5,12/9/1953,77.70204671,1954,3,70
era5,12/10/1953,76.37944271,1954,3,71
era5,12/11/1953,75.47561497,1954,3,72
era5,12/12/1953,72.90476834,1954,3,73
era5,12/13/1953,68.62027578,1954,3,74
era5,12/14/1953,63.70422486,1954,3,75
era5,12/15/1953,59.75913456,1954,3,76
era5,12/16/1953,57.00274099,1954,3,77
era5,12/17/1953,55.16193174,1954,3,78
era5,12/18/1953,54.60359319,1954,3,79
era5,12/19/1953,53.80520534,1954,3,80
era5,12/20/1953,53.0546826,1954,3,81
era5,12/21/1953,52.74252257,1954,3,82
era5,12/22/1953,52.44205964,1954,3,83
era5,12/23/1953,52.34806278,1954,3,84
era5,12/24/1953,52.03340728,1954,3,85
era5,12/25/1953,51.74156668,1954,3,86
era5,12/26/1953,51.49052176,1954,3,87
era5,12/27/1953,50.97382171,1954,3,88
era5,12/28/1953,50.55282996,1954,3,89
era5,12/29/1953,49.44617247,1954,3,90
era5,12/30/1953,48.81708712,1954,3,91
era5,12/31/1953,48.04267331,1954,3,92
era5,1/1/1954,47.48480576,1954,4,93
era5,1/2/1954,47.30844609,1954,4,94
era5,1/3/1954,48.39540539,1954,4,95
era5,1/4/1954,50.34231589,1954,4,96
era5,1/5/1954,50.20236372,1954,4,97
era5,1/6/1954,49.50120506,1954,4,98
era5,1/7/1954,49.71529934,1954,4,99
era5,1/8/1954,50.9048878,1954,4,100
era5,1/9/1954,50.90204421,1954,4,101
era5,1/10/1954,50.89264801,1954,4,102
era5,1/11/1954,51.54721555,1954,4,103
era5,1/12/1954,55.43904277,1954,4,104
era5,1/13/1954,57.73103429,1954,4,105
era5,1/14/1954,57.96261121,1954,4,106
era5,1/15/1954,57.92373104,1954,4,107
era5,1/16/1954,58.05035538,1954,4,108
era5,1/17/1954,76.95463768,1954,4,109
era5,1/18/1954,110.6759226,1954,4,110
era5,1/19/1954,115.427868,1954,4,111
era5,1/20/1954,121.7729975,1954,4,112
era5,1/21/1954,122.4711077,1954,4,113
era5,1/22/1954,122.4375183,1954,4,114
era5,1/23/1954,139.5923171,1954,4,115
era5,1/24/1954,217.1125167,1954,4,116
era5,1/25/1954,270.9036831,1954,4,117
era5,1/26/1954,275.5706247,1954,4,118
era5,1/27/1954,276.4293249,1954,4,119
era5,1/28/1954,277.9010816,1954,4,120
era5,1/29/1954,276.2670121,1954,4,121
era5,1/30/1954,274.0494356,1954,4,122
era5,1/31/1954,271.0753184,1954,4,123
era5,2/1/1954,268.0082991,1954,5,124
era5,2/2/1954,262.4024309,1954,5,125
era5,2/3/1954,257.3023169,1954,5,126
era5,2/4/1954,253.3164932,1954,5,127
era5,2/5/1954,249.2874669,1954,5,128
era5,2/6/1954,245.0349011,1954,5,129
era5,2/7/1954,239.0801516,1954,5,130
era5,2/8/1954,233.390889,1954,5,131
era5,2/9/1954,229.0665082,1954,5,132
era5,2/10/1954,226.5506625,1954,5,133
era5,2/11/1954,224.9137885,1954,5,134
era5,2/12/1954,224.6126127,1954,5,135
era5,2/13/1954,275.4505411,1954,5,136
era5,2/14/1954,350.5791318,1954,5,137
era5,2/15/1954,365.6278018,1954,5,138
era5,2/16/1954,366.7824718,1954,5,139
era5,2/17/1954,369.3676116,1954,5,140
era5,2/18/1954,401.8905407,1954,5,141
era5,2/19/1954,407.5738876,1954,5,142
era5,2/20/1954,407.0148153,1954,5,143
era5,2/21/1954,405.6675437,1954,5,144
era5,2/22/1954,403.3805826,1954,5,145
era5,2/23/1954,399.4385182,1954,5,146
era5,2/24/1954,394.3084097,1954,5,147
era5,2/25/1954,389.6332662,1954,5,148
era5,2/26/1954,384.6377695,1954,5,149
era5,2/27/1954,380.071964,1954,5,150
era5,2/28/1954,375.656269,1954,5,151
era5,3/1/1954,370.7406671,1954,6,152
era5,3/2/1954,365.7207916,1954,6,153
era5,3/3/1954,361.3104668,1954,6,154
era5,3/4/1954,357.1788175,1954,6,155
era5,3/5/1954,353.612112,1954,6,156
era5,3/6/1954,349.6178505,1954,6,157
era5,3/7/1954,344.7188355,1954,6,158
era5,3/8/1954,338.7335916,1954,6,159
era5,3/9/1954,343.4052965,1954,6,160
era5,3/10/1954,359.4503242,1954,6,161
era5,3/11/1954,372.1699629,1954,6,162
era5,3/12/1954,373.7973971,1954,6,163
era5,3/13/1954,373.7933957,1954,6,164
era5,3/14/1954,373.5988416,1954,6,165
era5,3/15/1954,372.2278985,1954,6,166
era5,3/16/1954,375.2117288,1954,6,167
era5,3/17/1954,398.7434145,1954,6,168
era5,3/18/1954,405.4774067,1954,6,169
era5,3/19/1954,407.1772927,1954,6,170
era5,3/20/1954,437.3210817,1954,6,171
era5,3/21/1954,455.467989,1954,6,172
era5,3/22/1954,462.5325279,1954,6,173
era5,3/23/1954,466.9412906,1954,6,174
era5,3/24/1954,477.0232616,1954,6,175
era5,3/25/1954,491.4276828,1954,6,176
era5,3/26/1954,494.263364,1954,6,177
era5,3/27/1954,493.8940404,1954,6,178
era5,3/28/1954,492.4723821,1954,6,179
era5,3/29/1954,500.018895,1954,6,180
era5,3/30/1954,536.5869853,1954,6,181
era5,3/31/1954,545.5694779,1954,6,182
era5,4/1/1954,544.7575074,1954,7,183
era5,4/2/1954,541.2196858,1954,7,184
era5,4/3/1954,535.4663616,1954,7,185
era5,4/4/1954,528.7646656,1954,7,186
era5,4/5/1954,529.0445905,1954,7,187
era5,4/6/1954,534.8091165,1954,7,188
era5,4/7/1954,532.2762675,1954,7,189
era5,4/8/1954,526.2464781,1954,7,190
era5,4/9/1954,518.6859341,1954,7,191
era5,4/10/1954,512.0909347,1954,7,192
era5,4/11/1954,505.0661626,1954,7,193
era5,4/12/1954,496.5275797,1954,7,194
era5,4/13/1954,484.982872,1954,7,195
era5,4/14/1954,471.7269544,1954,7,196
era5,4/15/1954,457.8466469,1954,7,197
era5,4/16/1954,440.1289388,1954,7,198
era5,4/17/1954,421.649839,1954,7,199
era5,4/18/1954,406.618771,1954,7,200
era5,4/19/1954,392.2288697,1954,7,201
era5,4/20/1954,379.1158409,1954,7,202
era5,4/21/1954,366.0520146,1954,7,203
era5,4/22/1954,350.9474227,1954,7,204
era5,4/23/1954,335.9954361,1954,7,205
era5,4/24/1954,322.5524336,1954,7,206
era5,4/25/1954,311.6628889,1954,7,207
era5,4/26/1954,301.7262715,1954,7,208
era5,4/27/1954,292.1709389,1954,7,209
era5,4/28/1954,289.9814321,1954,7,210
era5,4/29/1954,290.862407,1954,7,211
era5,4/30/1954,286.874678,1954,7,212
era5,5/1/1954,284.0998297,1954,8,213
era5,5/2/1954,280.6009565,1954,8,214
era5,5/3/1954,273.2964097,1954,8,215
era5,5/4/1954,263.6858344,1954,8,216
era5,5/5/1954,255.0615949,1954,8,217
era5,5/6/1954,243.5177507,1954,8,218
era5,5/7/1954,230.8767988,1954,8,219
era5,5/8/1954,219.4540544,1954,8,220
era5,5/9/1954,211.1534339,1954,8,221
era5,5/10/1954,210.3484688,1954,8,222
era5,5/11/1954,205.0427512,1954,8,223
era5,5/12/1954,197.894225,1954,8,224
era5,5/13/1954,190.5258876,1954,8,225
era5,5/14/1954,183.3835165,1954,8,226
era5,5/15/1954,175.0769943,1954,8,227
era5,5/16/1954,166.747064,1954,8,228
era5,5/17/1954,155.7357546,1954,8,229
era5,5/18/1954,143.306673,1954,8,230
era5,5/19/1954,132.1916589,1954,8,231
era5,5/20/1954,123.8812099,1954,8,232
era5,5/21/1954,116.0580291,1954,8,233
era5,5/22/1954,109.9141186,1954,8,234
era5,5/23/1954,104.4918334,1954,8,235
era5,5/24/1954,98.31539206,1954,8,236
era5,5/25/1954,92.42823168,1954,8,237
era5,5/26/1954,88.18138076,1954,8,238
era5,5/27/1954,83.85513929,1954,8,239
era5,5/28/1954,79.095375,1954,8,240
era5,5/29/1954,74.26208618,1954,8,241
era5,5/30/1954,69.52307412,1954,8,242
era5,5/31/1954,64.72369,1954,8,243
era5,6/1/1954,58.49637147,1954,9,244
era5,6/2/1954,52.63818405,1954,9,245
era5,6/3/1954,46.52084274,1954,9,246
era5,6/4/1954,41.29382303,1954,9,247
era5,6/5/1954,38.41491081,1954,9,248
era5,6/6/1954,36.96666357,1954,9,249
era5,6/7/1954,34.06472147,1954,9,250
era5,6/8/1954,31.10564062,1954,9,251
era5,6/9/1954,39.07254697,1954,9,252
era5,6/10/1954,44.3043413,1954,9,253
era5,6/11/1954,40.5415971,1954,9,254
era5,6/12/1954,34.30692002,1954,9,255
era5,6/13/1954,30.31417623,1954,9,256
era5,6/14/1954,26.94233888,1954,9,257
era5,6/15/1954,22.72455653,1954,9,258
era5,6/16/1954,17.90294701,1954,9,259
era5,6/17/1954,15.33240043,1954,9,260
era5,6/18/1954,13.52350932,1954,9,261
era5,6/19/1954,11.52186585,1954,9,262
era5,6/20/1954,9.402016353,1954,9,263
era5,6/21/1954,7.459460441,1954,9,264
era5,6/22/1954,5.377772647,1954,9,265
era5,6/23/1954,3.573647225,1954,9,266
era5,6/24/1954,2.473946471,1954,9,267
era5,6/25/1954,1.399462353,1954,9,268
era5,6/26/1954,0.525081912,1954,9,269
era5,6/27/1954,0.001056999,1954,9,270
era5,6/28/1954,0,1954,9,271
era5,6/29/1954,0,1954,9,272
era5,6/30/1954,0,1954,9,273
era5,7/1/1954,0,1954,10,274
era5,7/2/1954,0,1954,10,275
era5,7/3/1954,0,1954,10,276
era5,7/4/1954,0,1954,10,277
era5,7/5/1954,0,1954,10,278
era5,7/6/1954,0,1954,10,279
era5,7/7/1954,0,1954,10,280
era5,7/8/1954,0,1954,10,281
era5,7/9/1954,0,1954,10,282
era5,7/10/1954,0,1954,10,283
era5,7/11/1954,0,1954,10,284
era5,7/12/1954,0,1954,10,285
era5,7/13/1954,0,1954,10,286
era5,7/14/1954,0,1954,10,287
era5,7/15/1954,0,1954,10,288
era5,7/16/1954,0,1954,10,289
era5,7/17/1954,0,1954,10,290
era5,7/18/1954,0,1954,10,291
era5,7/19/1954,0,1954,10,292
era5,7/20/1954,0,1954,10,293
era5,7/21/1954,0,1954,10,294
era5,7/22/1954,0,1954,10,295
era5,7/23/1954,0,1954,10,296
era5,7/24/1954,0,1954,10,297
era5,7/25/1954,0,1954,10,298
era5,7/26/1954,0,1954,10,299
era5,7/27/1954,0,1954,10,300
era5,7/28/1954,0,1954,10,301
era5,7/29/1954,0,1954,10,302
era5,7/30/1954,0,1954,10,303
era5,7/31/1954,0,1954,10,304
era5,8/1/1954,0,1954,11,305
era5,8/2/1954,0,1954,11,306
era5,8/3/1954,0,1954,11,307
era5,8/4/1954,0,1954,11,308
era5,8/5/1954,0,1954,11,309
era5,8/6/1954,0,1954,11,310
era5,8/7/1954,0,1954,11,311
era5,8/8/1954,0,1954,11,312
era5,8/9/1954,0,1954,11,313
era5,8/10/1954,0,1954,11,314
era5,8/11/1954,0,1954,11,315
era5,8/12/1954,0,1954,11,316
era5,8/13/1954,0,1954,11,317
era5,8/14/1954,0,1954,11,318
era5,8/15/1954,0,1954,11,319
era5,8/16/1954,0,1954,11,320
era5,8/17/1954,0,1954,11,321
era5,8/18/1954,0,1954,11,322
era5,8/19/1954,0,1954,11,323
era5,8/20/1954,0,1954,11,324
era5,8/21/1954,0,1954,11,325
era5,8/22/1954,0,1954,11,326
era5,8/23/1954,0,1954,11,327
era5,8/24/1954,0,1954,11,328
era5,8/25/1954,0,1954,11,329
era5,8/26/1954,0,1954,11,330
era5,8/27/1954,0,1954,11,331
era5,8/28/1954,0,1954,11,332
era5,8/29/1954,0,1954,11,333
era5,8/30/1954,0,1954,11,334
era5,8/31/1954,0,1954,11,335
era5,9/1/1954,0,1954,12,336
era5,9/2/1954,0,1954,12,337
era5,9/3/1954,0,1954,12,338
era5,9/4/1954,0,1954,12,339
era5,9/5/1954,0,1954,12,340
era5,9/6/1954,0,1954,12,341
era5,9/7/1954,0,1954,12,342
era5,9/8/1954,0,1954,12,343
era5,9/9/1954,0,1954,12,344
era5,9/10/1954,0,1954,12,345
era5,9/11/1954,0,1954,12,346
era5,9/12/1954,0,1954,12,347
era5,9/13/1954,0,1954,12,348
era5,9/14/1954,0,1954,12,349
era5,9/15/1954,0,1954,12,350
era5,9/16/1954,0,1954,12,351
era5,9/17/1954,0,1954,12,352
era5,9/18/1954,0,1954,12,353
era5,9/19/1954,0,1954,12,354
era5,9/20/1954,0,1954,12,355
era5,9/21/1954,0,1954,12,356
era5,9/22/1954,0,1954,12,357
era5,9/23/1954,0,1954,12,358
era5,9/24/1954,0,1954,12,359
era5,9/25/1954,0,1954,12,360
era5,9/26/1954,0,1954,12,361
era5,9/27/1954,0,1954,12,362
era5,9/28/1954,0,1954,12,363
era5,9/29/1954,0,1954,12,364
era5,9/30/1954,0,1954,12,365
era5,10/1/1954,0,1955,1,1
era5,10/2/1954,0,1955,1,2
era5,10/3/1954,0,1955,1,3
era5,10/4/1954,0,1955,1,4
era5,10/5/1954,0,1955,1,5
era5,10/6/1954,0,1955,1,6
era5,10/7/1954,0,1955,1,7
era5,10/8/1954,0,1955,1,8
era5,10/9/1954,0,1955,1,9
era5,10/10/1954,0,1955,1,10
era5,10/11/1954,0,1955,1,11
era5,10/12/1954,0,1955,1,12
era5,10/13/1954,0,1955,1,13
era5,10/14/1954,0,1955,1,14
era5,10/15/1954,0,1955,1,15
era5,10/16/1954,0,1955,1,16
era5,10/17/1954,0,1955,1,17
era5,10/18/1954,0,1955,1,18
era5,10/19/1954,0,1955,1,19
era5,10/20/1954,0,1955,1,20
era5,10/21/1954,0,1955,1,21
era5,10/22/1954,0,1955,1,22
era5,10/23/1954,0.001070211,1955,1,23
era5,10/24/1954,1.507634597,1955,1,24
era5,10/25/1954,2.121993546,1955,1,25
era5,10/26/1954,1.591577015,1955,1,26
era5,10/27/1954,1.573192972,1955,1,27
era5,10/28/1954,1.586972835,1955,1,28
era5,10/29/1954,1.556392868,1955,1,29
era5,10/30/1954,1.31653052,1955,1,30
era5,10/31/1954,0.812444153,1955,1,31
era5,11/1/1954,0.593013526,1955,2,32
era5,11/2/1954,0.415370254,1955,2,33
era5,11/3/1954,0.362864291,1955,2,34
era5,11/4/1954,0.3623615,1955,2,35
era5,11/5/1954,0.361609985,1955,2,36
era5,11/6/1954,0.360852556,1955,2,37
era5,11/7/1954,0.360167347,1955,2,38
era5,11/8/1954,0.35953465,1955,2,39
era5,11/9/1954,0.356773324,1955,2,40
era5,11/10/1954,2.021351938,1955,2,41
era5,11/11/1954,3.76120721,1955,2,42
era5,11/12/1954,12.48451118,1955,2,43
era5,11/13/1954,15.18514435,1955,2,44
era5,11/14/1954,13.7863777,1955,2,45
era5,11/15/1954,14.16715828,1955,2,46
era5,11/16/1954,33.31805368,1955,2,47
era5,11/17/1954,35.5528291,1955,2,48
era5,11/18/1954,34.63592528,1955,2,49
era5,11/19/1954,33.13600658,1955,2,50
era5,11/20/1954,31.2663471,1955,2,51
era5,11/21/1954,28.41757314,1955,2,52
era5,11/22/1954,24.96261692,1955,2,53
era5,11/23/1954,22.05268712,1955,2,54
era5,11/24/1954,19.86749483,1955,2,55
era5,11/25/1954,18.11367715,1955,2,56
era5,11/26/1954,16.10190847,1955,2,57
era5,11/27/1954,12.7228654,1955,2,58
era5,11/28/1954,10.71356096,1955,2,59
era5,11/29/1954,10.36905349,1955,2,60
era5,11/30/1954,10.52501396,1955,2,61
era5,12/1/1954,12.29331827,1955,3,62
era5,12/2/1954,13.15797023,1955,3,63
era5,12/3/1954,18.65549791,1955,3,64
era5,12/4/1954,43.73577739,1955,3,65
era5,12/5/1954,46.65427231,1955,3,66
era5,12/6/1954,48.044847,1955,3,67
era5,12/7/1954,57.08806766,1955,3,68
era5,12/8/1954,57.84937639,1955,3,69
era5,12/9/1954,59.14054393,1955,3,70
era5,12/10/1954,87.14017753,1955,3,71
era5,12/11/1954,91.94267753,1955,3,72
era5,12/12/1954,92.02965162,1955,3,73
era5,12/13/1954,91.72789882,1955,3,74
era5,12/14/1954,90.78228859,1955,3,75
era5,12/15/1954,89.75577712,1955,3,76
era5,12/16/1954,88.98040212,1955,3,77
era5,12/17/1954,88.23755929,1955,3,78
era5,12/18/1954,87.23460621,1955,3,79
era5,12/19/1954,85.29227186,1955,3,80
era5,12/20/1954,83.01545796,1955,3,81
era5,12/21/1954,80.99102892,1955,3,82
era5,12/22/1954,79.86130785,1955,3,83
era5,12/23/1954,79.10961144,1955,3,84
era5,12/24/1954,78.36072659,1955,3,85
era5,12/25/1954,77.96946921,1955,3,86
era5,12/26/1954,77.91507124,1955,3,87
era5,12/27/1954,77.90087238,1955,3,88
era5,12/28/1954,77.89814838,1955,3,89
era5,12/29/1954,78.83830206,1955,3,90
era5,12/30/1954,78.93201829,1955,3,91
era5,12/31/1954,81.62939266,1955,3,92
era5,1/1/1955,94.96326668,1955,4,93
era5,1/2/1955,119.6661706,1955,4,94
era5,1/3/1955,126.8681129,1955,4,95
era5,1/4/1955,128.1059981,1955,4,96
era5,1/5/1955,129.4182907,1955,4,97
era5,1/6/1955,134.9097631,1955,4,98
era5,1/7/1955,137.8606648,1955,4,99
era5,1/8/1955,138.9129982,1955,4,100
era5,1/9/1955,139.3327706,1955,4,101
era5,1/10/1955,151.365174,1955,4,102
era5,1/11/1955,159.1689241,1955,4,103
era5,1/12/1955,159.7890201,1955,4,104
era5,1/13/1955,159.8260191,1955,4,105
era5,1/14/1955,159.8354053,1955,4,106
era5,1/15/1955,160.921291,1955,4,107
era5,1/16/1955,193.7511225,1955,4,108
era5,1/17/1955,208.5964279,1955,4,109
era5,1/18/1955,221.7230401,1955,4,110
era5,1/19/1955,242.0685763,1955,4,111
era5,1/20/1955,245.2010104,1955,4,112
era5,1/21/1955,245.4074862,1955,4,113
era5,1/22/1955,245.3974662,1955,4,114
era5,1/23/1955,245.3727932,1955,4,115
era5,1/24/1955,245.3471201,1955,4,116
era5,1/25/1955,245.1961171,1955,4,117
era5,1/26/1955,244.5158091,1955,4,118
era5,1/27/1955,243.6789221,1955,4,119
era5,1/28/1955,242.6532584,1955,4,120
era5,1/29/1955,241.1429554,1955,4,121
era5,1/30/1955,243.1394404,1955,4,122
era5,1/31/1955,247.9692805,1955,4,123
era5,2/1/1955,251.8959697,1955,5,124
era5,2/2/1955,255.074085,1955,5,125
era5,2/3/1955,256.1953282,1955,5,126
era5,2/4/1955,256.1627759,1955,5,127
era5,2/5/1955,256.3501894,1955,5,128
era5,2/6/1955,256.5511706,1955,5,129
era5,2/7/1955,256.0109387,1955,5,130
era5,2/8/1955,254.9035921,1955,5,131
era5,2/9/1955,253.6159642,1955,5,132
era5,2/10/1955,252.0459171,1955,5,133
era5,2/11/1955,251.0378709,1955,5,134
era5,2/12/1955,250.0144896,1955,5,135
era5,2/13/1955,248.6449113,1955,5,136
era5,2/14/1955,246.3382816,1955,5,137
era5,2/15/1955,242.7963836,1955,5,138
era5,2/16/1955,242.84685,1955,5,139
era5,2/17/1955,259.2100796,1955,5,140
era5,2/18/1955,263.4535235,1955,5,141
era5,2/19/1955,263.861591,1955,5,142
era5,2/20/1955,263.7321409,1955,5,143
era5,2/21/1955,263.6191123,1955,5,144
era5,2/22/1955,263.4673552,1955,5,145
era5,2/23/1955,263.1472288,1955,5,146
era5,2/24/1955,262.6544806,1955,5,147
era5,2/25/1955,262.0012559,1955,5,148
era5,2/26/1955,263.815223,1955,5,149
era5,2/27/1955,315.6036131,1955,5,150
era5,2/28/1955,375.6406774,1955,5,151
era5,3/1/1955,377.5970571,1955,6,152
era5,3/2/1955,377.5492112,1955,6,153
era5,3/3/1955,377.4813882,1955,6,154
era5,3/4/1955,377.2100074,1955,6,155
era5,3/5/1955,376.8182632,1955,6,156
era5,3/6/1955,376.2068524,1955,6,157
era5,3/7/1955,375.1123534,1955,6,158
era5,3/8/1955,373.575895,1955,6,159
era5,3/9/1955,371.5265271,1955,6,160
era5,3/10/1955,375.1274075,1955,6,161
era5,3/11/1955,375.0761038,1955,6,162
era5,3/12/1955,374.2574124,1955,6,163
era5,3/13/1955,372.5002794,1955,6,164
era5,3/14/1955,371.19642,1955,6,165
era5,3/15/1955,370.6939974,1955,6,166
era5,3/16/1955,370.3438639,1955,6,167
era5,3/17/1955,369.8876949,1955,6,168
era5,3/18/1955,369.3000562,1955,6,169
era5,3/19/1955,368.4624204,1955,6,170
era5,3/20/1955,367.1800045,1955,6,171
era5,3/21/1955,366.7865368,1955,6,172
era5,3/22/1955,366.363753,1955,6,173
era5,3/23/1955,365.1349144,1955,6,174
era5,3/24/1955,362.9025632,1955,6,175
era5,3/25/1955,357.6730059,1955,6,176
era5,3/26/1955,349.3615247,1955,6,177
era5,3/27/1955,341.7096952,1955,6,178
era5,3/28/1955,338.3513193,1955,6,179
era5,3/29/1955,335.390229,1955,6,180
era5,3/30/1955,336.8264657,1955,6,181
era5,3/31/1955,334.9928611,1955,6,182
era5,4/1/1955,330.1840956,1955,7,183
era5,4/2/1955,326.6767356,1955,7,184
era5,4/3/1955,326.6648435,1955,7,185
era5,4/4/1955,326.5713869,1955,7,186
era5,4/5/1955,326.9851902,1955,7,187
era5,4/6/1955,325.912648,1955,7,188
era5,4/7/1955,324.2037864,1955,7,189
era5,4/8/1955,321.3929179,1955,7,190
era5,4/9/1955,317.513556,1955,7,191
era5,4/10/1955,312.0975956,1955,7,192
era5,4/11/1955,307.1667425,1955,7,193
era5,4/12/1955,303.3693501,1955,7,194
era5,4/13/1955,295.222628,1955,7,195
era5,4/14/1955,288.8149617,1955,7,196
era5,4/15/1955,286.770018,1955,7,197
era5,4/16/1955,284.2412016,1955,7,198
era5,4/17/1955,282.8513588,1955,7,199
era5,4/18/1955,309.2208892,1955,7,200
era5,4/19/1955,325.9035078,1955,7,201
era5,4/20/1955,327.5382006,1955,7,202
era5,4/21/1955,330.6308042,1955,7,203
era5,4/22/1955,343.6069392,1955,7,204
era5,4/23/1955,345.3611112,1955,7,205
era5,4/24/1955,341.339594,1955,7,206
era5,4/25/1955,336.9926738,1955,7,207
era5,4/26/1955,355.2070238,1955,7,208
era5,4/27/1955,365.8543019,1955,7,209
era5,4/28/1955,364.4227639,1955,7,210
era5,4/29/1955,360.1791168,1955,7,211
era5,4/30/1955,359.7883405,1955,7,212
era5,5/1/1955,368.7502346,1955,8,213
era5,5/2/1955,382.690669,1955,8,214
era5,5/3/1955,381.5347016,1955,8,215
era5,5/4/1955,374.4767993,1955,8,216
era5,5/5/1955,364.7437596,1955,8,217
era5,5/6/1955,351.4471184,1955,8,218
era5,5/7/1955,338.7064609,1955,8,219
era5,5/8/1955,342.510173,1955,8,220
era5,5/9/1955,340.7399655,1955,8,221
era5,5/10/1955,330.8410506,1955,8,222
era5,5/11/1955,319.4030542,1955,8,223
era5,5/12/1955,308.3640503,1955,8,224
era5,5/13/1955,297.1566216,1955,8,225
era5,5/14/1955,288.8953584,1955,8,226
era5,5/15/1955,288.7244691,1955,8,227
era5,5/16/1955,287.4072749,1955,8,228
era5,5/17/1955,282.7844365,1955,8,229
era5,5/18/1955,272.9894677,1955,8,230
era5,5/19/1955,255.7075019,1955,8,231
era5,5/20/1955,238.2762817,1955,8,232
era5,5/21/1955,221.2247487,1955,8,233
era5,5/22/1955,204.9353865,1955,8,234
era5,5/23/1955,189.2442834,1955,8,235
era5,5/24/1955,177.5424932,1955,8,236
era5,5/25/1955,168.9809039,1955,8,237
era5,5/26/1955,159.6611834,1955,8,238
era5,5/27/1955,148.6046552,1955,8,239
era5,5/28/1955,136.5728576,1955,8,240
era5,5/29/1955,121.0733922,1955,8,241
era5,5/30/1955,107.7458167,1955,8,242
era5,5/31/1955,98.9646551,1955,8,243
era5,6/1/1955,100.9363866,1955,9,244
era5,6/2/1955,98.62973965,1955,9,245
era5,6/3/1955,93.58190161,1955,9,246
era5,6/4/1955,86.57473382,1955,9,247
era5,6/5/1955,77.48166945,1955,9,248
era5,6/6/1955,66.5079152,1955,9,249
era5,6/7/1955,55.44249647,1955,9,250
era5,6/8/1955,46.71385029,1955,9,251
era5,6/9/1955,38.59660891,1955,9,252
era5,6/10/1955,31.37769921,1955,9,253
era5,6/11/1955,26.25007668,1955,9,254
era5,6/12/1955,22.3668844,1955,9,255
era5,6/13/1955,19.41575691,1955,9,256
era5,6/14/1955,17.27675814,1955,9,257
era5,6/15/1955,14.69556606,1955,9,258
era5,6/16/1955,12.63481578,1955,9,259
era5,6/17/1955,10.69605112,1955,9,260
era5,6/18/1955,8.429951226,1955,9,261
era5,6/19/1955,6.618018529,1955,9,262
era5,6/20/1955,5.082306794,1955,9,263
era5,6/21/1955,3.496662529,1955,9,264
era5,6/22/1955,1.98665795,1955,9,265
era5,6/23/1955,0.946168118,1955,9,266
era5,6/24/1955,0.316809235,1955,9,267
era5,6/25/1955,0,1955,9,268
era5,6/26/1955,0,1955,9,269
era5,6/27/1955,0,1955,9,270
era5,6/28/1955,0,1955,9,271
era5,6/29/1955,0,1955,9,272
era5,6/30/1955,0,1955,9,273
era5,7/1/1955,0,1955,10,274
era5,7/2/1955,0,1955,10,275
era5,7/3/1955,0.037509022,1955,10,276
era5,7/4/1955,0,1955,10,277
era5,7/5/1955,0,1955,10,278
era5,7/6/1955,0,1955,10,279
era5,7/7/1955,0,1955,10,280
era5,7/8/1955,0,1955,10,281
era5,7/9/1955,0,1955,10,282
era5,7/10/1955,0,1955,10,283
era5,7/11/1955,0,1955,10,284
era5,7/12/1955,0,1955,10,285
era5,7/13/1955,0,1955,10,286
era5,7/14/1955,0,1955,10,287
era5,7/15/1955,0,1955,10,288
era5,7/16/1955,0,1955,10,289
era5,7/17/1955,0,1955,10,290
era5,7/18/1955,0,1955,10,291
era5,7/19/1955,0,1955,10,292
era5,7/20/1955,0,1955,10,293
era5,7/21/1955,0,1955,10,294
era5,7/22/1955,0,1955,10,295
era5,7/23/1955,0,1955,10,296
era5,7/24/1955,0,1955,10,297
era5,7/25/1955,0,1955,10,298
era5,7/26/1955,0,1955,10,299
era5,7/27/1955,0,1955,10,300
era5,7/28/1955,0,1955,10,301
era5,7/29/1955,0,1955,10,302
era5,7/30/1955,0,1955,10,303
era5,7/31/1955,0,1955,10,304
era5,8/1/1955,0,1955,11,305
era5,8/2/1955,0,1955,11,306
era5,8/3/1955,0,1955,11,307
era5,8/4/1955,0,1955,11,308
era5,8/5/1955,0,1955,11,309
era5,8/6/1955,0,1955,11,310
era5,8/7/1955,0,1955,11,311
era5,8/8/1955,0,1955,11,312
era5,8/9/1955,0,1955,11,313
era5,8/10/1955,0,1955,11,314
era5,8/11/1955,0,1955,11,315
era5,8/12/1955,0,1955,11,316
era5,8/13/1955,0,1955,11,317
era5,8/14/1955,0,1955,11,318
era5,8/15/1955,0,1955,11,319
era5,8/16/1955,0,1955,11,320
era5,8/17/1955,0,1955,11,321
era5,8/18/1955,0,1955,11,322
era5,8/19/1955,0,1955,11,323
era5,8/20/1955,0,1955,11,324
era5,8/21/1955,0,1955,11,325
era5,8/22/1955,0,1955,11,326
era5,8/23/1955,0,1955,11,327
era5,8/24/1955,0,1955,11,328
era5,8/25/1955,0,1955,11,329
era5,8/26/1955,0,1955,11,330
era5,8/27/1955,0,1955,11,331
era5,8/28/1955,0,1955,11,332
era5,8/29/1955,0,1955,11,333
era5,8/30/1955,0,1955,11,334
era5,8/31/1955,0,1955,11,335
era5,9/1/1955,0,1955,12,336
era5,9/2/1955,0,1955,12,337
era5,9/3/1955,0,1955,12,338
era5,9/4/1955,0,1955,12,339
era5,9/5/1955,0,1955,12,340
era5,9/6/1955,0,1955,12,341
era5,9/7/1955,0,1955,12,342
era5,9/8/1955,0,1955,12,343
era5,9/9/1955,0,1955,12,344
era5,9/10/1955,0,1955,12,345
era5,9/11/1955,0,1955,12,346
era5,9/12/1955,0,1955,12,347
era5,9/13/1955,0,1955,12,348
era5,9/14/1955,0,1955,12,349
era5,9/15/1955,0,1955,12,350
era5,9/16/1955,0,1955,12,351
era5,9/17/1955,0,1955,12,352
era5,9/18/1955,0.87324752,1955,12,353
era5,9/19/1955,4.200394549,1955,12,354
era5,9/20/1955,3.033798871,1955,12,355
era5,9/21/1955,1.387490753,1955,12,356
era5,9/22/1955,0.695099903,1955,12,357
era5,9/23/1955,0.055997579,1955,12,358
era5,9/24/1955,0,1955,12,359
era5,9/25/1955,0,1955,12,360
era5,9/26/1955,0,1955,12,361
era5,9/27/1955,0,1955,12,362
era5,9/28/1955,0,1955,12,363
era5,9/29/1955,0,1955,12,364
era5,9/30/1955,0,1955,12,365
era5,10/1/1955,0,1956,1,1
era5,10/2/1955,0,1956,1,2
era5,10/3/1955,0,1956,1,3
era5,10/4/1955,0,1956,1,4
era5,10/5/1955,0,1956,1,5
era5,10/6/1955,0,1956,1,6
era5,10/7/1955,0,1956,1,7
era5,10/8/1955,0,1956,1,8
era5,10/9/1955,0,1956,1,9
era5,10/10/1955,1.66E-06,1956,1,10
era5,10/11/1955,0.006716861,1956,1,11
era5,10/12/1955,0,1956,1,12
era5,10/13/1955,0,1956,1,13
era5,10/14/1955,0,1956,1,14
era5,10/15/1955,0,1956,1,15
era5,10/16/1955,0,1956,1,16
era5,10/17/1955,0,1956,1,17
era5,10/18/1955,0,1956,1,18
era5,10/19/1955,0,1956,1,19
era5,10/20/1955,0,1956,1,20
era5,10/21/1955,0,1956,1,21
era5,10/22/1955,0.018309898,1956,1,22
era5,10/23/1955,0,1956,1,23
era5,10/24/1955,0,1956,1,24
era5,10/25/1955,0.002707082,1956,1,25
era5,10/26/1955,0.384721354,1956,1,26
era5,10/27/1955,1.145605785,1956,1,27
era5,10/28/1955,0.890860724,1956,1,28
era5,10/29/1955,0.360857839,1956,1,29
era5,10/30/1955,0.105506069,1956,1,30
era5,10/31/1955,0.033395969,1956,1,31
era5,11/1/1955,0.032964825,1956,2,32
era5,11/2/1955,0.031356849,1956,2,33
era5,11/3/1955,0.025950116,1956,2,34
era5,11/4/1955,0.02578083,1956,2,35
era5,11/5/1955,0.029739095,1956,2,36
era5,11/6/1955,0.029257955,1956,2,37
era5,11/7/1955,0.027430543,1956,2,38
era5,11/8/1955,0.026883474,1956,2,39
era5,11/9/1955,0.017167202,1956,2,40
era5,11/10/1955,0,1956,2,41
era5,11/11/1955,0.000583062,1956,2,42
era5,11/12/1955,0,1956,2,43
era5,11/13/1955,0.956164587,1956,2,44
era5,11/14/1955,15.52665862,1956,2,45
era5,11/15/1955,22.25664914,1956,2,46
era5,11/16/1955,24.86281651,1956,2,47
era5,11/17/1955,40.72621516,1956,2,48
era5,11/18/1955,48.58746626,1956,2,49
era5,11/19/1955,48.93628764,1956,2,50
era5,11/20/1955,46.00154995,1956,2,51
era5,11/21/1955,48.61071684,1956,2,52
era5,11/22/1955,57.14112009,1956,2,53
era5,11/23/1955,58.16272673,1956,2,54
era5,11/24/1955,66.83327832,1956,2,55
era5,11/25/1955,67.0439416,1956,2,56
era5,11/26/1955,66.23033643,1956,2,57
era5,11/27/1955,63.93769001,1956,2,58
era5,11/28/1955,60.60152618,1956,2,59
era5,11/29/1955,58.41987614,1956,2,60
era5,11/30/1955,57.02598664,1956,2,61
era5,12/1/1955,66.62168854,1956,3,62
era5,12/2/1955,103.2720308,1956,3,63
era5,12/3/1955,109.1952018,1956,3,64
era5,12/4/1955,109.8332967,1956,3,65
era5,12/5/1955,109.7817801,1956,3,66
era5,12/6/1955,121.4754129,1956,3,67
era5,12/7/1955,142.0831172,1956,3,68
era5,12/8/1955,142.9947616,1956,3,69
era5,12/9/1955,148.3784586,1956,3,70
era5,12/10/1955,148.8647531,1956,3,71
era5,12/11/1955,146.8726908,1956,3,72
era5,12/12/1955,144.527748,1956,3,73
era5,12/13/1955,141.8011657,1956,3,74
era5,12/14/1955,138.8376966,1956,3,75
era5,12/15/1955,136.3495826,1956,3,76
era5,12/16/1955,135.3914954,1956,3,77
era5,12/17/1955,139.7346555,1956,3,78
era5,12/18/1955,141.0532984,1956,3,79
era5,12/19/1955,141.0142351,1956,3,80
era5,12/20/1955,170.3106359,1956,3,81
era5,12/21/1955,182.4492682,1956,3,82
era5,12/22/1955,186.9249586,1956,3,83
era5,12/23/1955,238.9930788,1956,3,84
era5,12/24/1955,353.1938599,1956,3,85
era5,12/25/1955,414.0385627,1956,3,86
era5,12/26/1955,446.3857977,1956,3,87
era5,12/27/1955,486.1695248,1956,3,88
era5,12/28/1955,490.3029204,1956,3,89
era5,12/29/1955,490.6514501,1956,3,90
era5,12/30/1955,495.7819051,1956,3,91
era5,12/31/1955,510.2705767,1956,3,92
era5,1/1/1956,518.5083524,1956,4,93
era5,1/2/1956,523.779896,1956,4,94
era5,1/3/1956,523.7433724,1956,4,95
era5,1/4/1956,522.4407732,1956,4,96
era5,1/5/1956,526.0525244,1956,4,97
era5,1/6/1956,536.9535129,1956,4,98
era5,1/7/1956,537.0327834,1956,4,99
era5,1/8/1956,541.9636146,1956,4,100
era5,1/9/1956,543.6103016,1956,4,101
era5,1/10/1956,544.8416346,1956,4,102
era5,1/11/1956,546.4398422,1956,4,103
era5,1/12/1956,545.341752,1956,4,104
era5,1/13/1956,544.1992788,1956,4,105
era5,1/14/1956,546.3022435,1956,4,106
era5,1/15/1956,553.207845,1956,4,107
era5,1/16/1956,559.0122752,1956,4,108
era5,1/17/1956,559.4281777,1956,4,109
era5,1/18/1956,559.3014331,1956,4,110
era5,1/19/1956,558.1389185,1956,4,111
era5,1/20/1956,560.4825684,1956,4,112
era5,1/21/1956,570.5987972,1956,4,113
era5,1/22/1956,571.6482627,1956,4,114
era5,1/23/1956,590.7586947,1956,4,115
era5,1/24/1956,605.5689452,1956,4,116
era5,1/25/1956,625.9114782,1956,4,117
era5,1/26/1956,713.2058482,1956,4,118
era5,1/27/1956,797.6277426,1956,4,119
era5,1/28/1956,818.1888268,1956,4,120
era5,1/29/1956,819.2433709,1956,4,121
era5,1/30/1956,818.9360241,1956,4,122
era5,1/31/1956,825.8517141,1956,4,123
era5,2/1/1956,829.9914221,1956,5,124
era5,2/2/1956,829.9621756,1956,5,125
era5,2/3/1956,829.6568009,1956,5,126
era5,2/4/1956,829.1665279,1956,5,127
era5,2/5/1956,828.5069912,1956,5,128
era5,2/6/1956,827.8458476,1956,5,129
era5,2/7/1956,826.9281479,1956,5,130
era5,2/8/1956,826.1980216,1956,5,131
era5,2/9/1956,825.5633709,1956,5,132
era5,2/10/1956,825.1613729,1956,5,133
era5,2/11/1956,824.4962768,1956,5,134
era5,2/12/1956,823.3765579,1956,5,135
era5,2/13/1956,822.2355835,1956,5,136
era5,2/14/1956,821.6967621,1956,5,137
era5,2/15/1956,821.4082432,1956,5,138
era5,2/16/1956,821.2299918,1956,5,139
era5,2/17/1956,821.1865659,1956,5,140
era5,2/18/1956,827.9945134,1956,5,141
era5,2/19/1956,830.2298224,1956,5,142
era5,2/20/1956,835.5748356,1956,5,143
era5,2/21/1956,837.4786603,1956,5,144
era5,2/22/1956,837.338961,1956,5,145
era5,2/23/1956,849.8335335,1956,5,146
era5,2/24/1956,876.8591497,1956,5,147
era5,2/25/1956,883.9203271,1956,5,148
era5,2/26/1956,892.5730068,1956,5,149
era5,2/27/1956,894.5962647,1956,5,150
era5,2/28/1956,894.5816221,1956,5,151
era5,2/29/1956,898.5411665,1956,5,152
era5,3/1/1956,905.5675791,1956,6,153
era5,3/2/1956,905.6392985,1956,6,154
era5,3/3/1956,905.1530249,1956,6,155
era5,3/4/1956,904.3424282,1956,6,156
era5,3/5/1956,905.0525547,1956,6,157
era5,3/6/1956,914.7717424,1956,6,158
era5,3/7/1956,916.7576729,1956,6,159
era5,3/8/1956,916.5583209,1956,6,160
era5,3/9/1956,915.590125,1956,6,161
era5,3/10/1956,914.0373515,1956,6,162
era5,3/11/1956,912.2160962,1956,6,163
era5,3/12/1956,911.1247109,1956,6,164
era5,3/13/1956,910.6826731,1956,6,165
era5,3/14/1956,910.2398316,1956,6,166
era5,3/15/1956,909.5121486,1956,6,167
era5,3/16/1956,908.2657774,1956,6,168
era5,3/17/1956,905.6422484,1956,6,169
era5,3/18/1956,902.1407148,1956,6,170
era5,3/19/1956,898.3335676,1956,6,171
era5,3/20/1956,895.869125,1956,6,172
era5,3/21/1956,892.2881076,1956,6,173
era5,3/22/1956,887.3241853,1956,6,174
era5,3/23/1956,882.3235359,1956,6,175
era5,3/24/1956,873.5511041,1956,6,176
era5,3/25/1956,864.0772519,1956,6,177
era5,3/26/1956,855.9290603,1956,6,178
era5,3/27/1956,851.4882626,1956,6,179
era5,3/28/1956,847.0821766,1956,6,180
era5,3/29/1956,840.5106191,1956,6,181
era5,3/30/1956,833.2930403,1956,6,182
era5,3/31/1956,827.7509127,1956,6,183
era5,4/1/1956,836.1657906,1956,7,184
era5,4/2/1956,843.4272528,1956,7,185
era5,4/3/1956,843.654028,1956,7,186
era5,4/4/1956,842.8157766,1956,7,187
era5,4/5/1956,840.7293229,1956,7,188
era5,4/6/1956,837.1474269,1956,7,189
era5,4/7/1956,830.3844134,1956,7,190
era5,4/8/1956,823.4110703,1956,7,191
era5,4/9/1956,816.2004124,1956,7,192
era5,4/10/1956,807.0706984,1956,7,193
era5,4/11/1956,816.2999027,1956,7,194
era5,4/12/1956,840.1198644,1956,7,195
era5,4/13/1956,855.3517246,1956,7,196
era5,4/14/1956,863.3260896,1956,7,197
era5,4/15/1956,863.8568912,1956,7,198
era5,4/16/1956,861.8514618,1956,7,199
era5,4/17/1956,857.5822421,1956,7,200
era5,4/18/1956,850.5216364,1956,7,201
era5,4/19/1956,843.0245432,1956,7,202
era5,4/20/1956,832.6365051,1956,7,203
era5,4/21/1956,821.0165941,1956,7,204
era5,4/22/1956,809.7338904,1956,7,205
era5,4/23/1956,796.7755128,1956,7,206
era5,4/24/1956,785.8875591,1956,7,207
era5,4/25/1956,775.5439024,1956,7,208
era5,4/26/1956,782.6455022,1956,7,209
era5,4/27/1956,806.6241567,1956,7,210
era5,4/28/1956,807.772335,1956,7,211
era5,4/29/1956,803.6161029,1956,7,212
era5,4/30/1956,797.8678589,1956,7,213
era5,5/1/1956,789.4851326,1956,8,214
era5,5/2/1956,779.1550024,1956,8,215
era5,5/3/1956,765.9297738,1956,8,216
era5,5/4/1956,758.1413321,1956,8,217
era5,5/5/1956,759.4315768,1956,8,218
era5,5/6/1956,754.2637396,1956,8,219
era5,5/7/1956,750.584134,1956,8,220
era5,5/8/1956,750.721445,1956,8,221
era5,5/9/1956,757.2265263,1956,8,222
era5,5/10/1956,764.00667,1956,8,223
era5,5/11/1956,762.4173194,1956,8,224
era5,5/12/1956,763.3384528,1956,8,225
era5,5/13/1956,761.5467182,1956,8,226
era5,5/14/1956,758.4136885,1956,8,227
era5,5/15/1956,752.422655,1956,8,228
era5,5/16/1956,741.6271072,1956,8,229
era5,5/17/1956,726.5291278,1956,8,230
era5,5/18/1956,708.8669969,1956,8,231
era5,5/19/1956,693.5198924,1956,8,232
era5,5/20/1956,680.4998276,1956,8,233
era5,5/21/1956,663.9289891,1956,8,234
era5,5/22/1956,643.6595003,1956,8,235
era5,5/23/1956,622.8011117,1956,8,236
era5,5/24/1956,603.6720746,1956,8,237
era5,5/25/1956,583.8805145,1956,8,238
era5,5/26/1956,563.0648968,1956,8,239
era5,5/27/1956,542.8726524,1956,8,240
era5,5/28/1956,525.2089409,1956,8,241
era5,5/29/1956,506.3396403,1956,8,242
era5,5/30/1956,490.4334316,1956,8,243
era5,5/31/1956,476.0520034,1956,8,244
era5,6/1/1956,462.1934417,1956,9,245
era5,6/2/1956,446.1733451,1956,9,246
era5,6/3/1956,427.339734,1956,9,247
era5,6/4/1956,410.3845169,1956,9,248
era5,6/5/1956,396.5351389,1956,9,249
era5,6/6/1956,384.5819266,1956,9,250
era5,6/7/1956,371.0046939,1956,9,251
era5,6/8/1956,355.0895742,1956,9,252
era5,6/9/1956,339.1591943,1956,9,253
era5,6/10/1956,325.4603838,1956,9,254
era5,6/11/1956,314.2633318,1956,9,255
era5,6/12/1956,302.5999415,1956,9,256
era5,6/13/1956,290.4576582,1956,9,257
era5,6/14/1956,278.9469138,1956,9,258
era5,6/15/1956,268.8039332,1956,9,259
era5,6/16/1956,260.1808134,1956,9,260
era5,6/17/1956,250.4404932,1956,9,261
era5,6/18/1956,238.1294921,1956,9,262
era5,6/19/1956,225.2305271,1956,9,263
era5,6/20/1956,214.5454885,1956,9,264
era5,6/21/1956,205.000375,1956,9,265
era5,6/22/1956,194.3154274,1956,9,266
era5,6/23/1956,183.5062712,1956,9,267
era5,6/24/1956,174.6982094,1956,9,268
era5,6/25/1956,166.2472168,1956,9,269
era5,6/26/1956,156.0910725,1956,9,270
era5,6/27/1956,144.5530735,1956,9,271
era5,6/28/1956,132.5084371,1956,9,272
era5,6/29/1956,119.6360264,1956,9,273
era5,6/30/1956,107.5401692,1956,9,274
era5,7/1/1956,98.85177462,1956,10,275
era5,7/2/1956,92.60993456,1956,10,276
era5,7/3/1956,87.59966618,1956,10,277
era5,7/4/1956,82.19552526,1956,10,278
era5,7/5/1956,77.20411782,1956,10,279
era5,7/6/1956,72.36869824,1956,10,280
era5,7/7/1956,66.33183441,1956,10,281
era5,7/8/1956,58.910829,1956,10,282
era5,7/9/1956,49.31700529,1956,10,283
era5,7/10/1956,41.06834252,1956,10,284
era5,7/11/1956,35.35731169,1956,10,285
era5,7/12/1956,30.32330744,1956,10,286
era5,7/13/1956,26.07362124,1956,10,287
era5,7/14/1956,22.730029,1956,10,288
era5,7/15/1956,19.64707828,1956,10,289
era5,7/16/1956,16.82361844,1956,10,290
era5,7/17/1956,14.251221,1956,10,291
era5,7/18/1956,12.23123588,1956,10,292
era5,7/19/1956,10.26495088,1956,10,293
era5,7/20/1956,8.336563382,1956,10,294
era5,7/21/1956,6.734037235,1956,10,295
era5,7/22/1956,4.711219412,1956,10,296
era5,7/23/1956,2.452162059,1956,10,297
era5,7/24/1956,0.483429191,1956,10,298
era5,7/25/1956,0,1956,10,299
era5,7/26/1956,0,1956,10,300
era5,7/27/1956,0,1956,10,301
era5,7/28/1956,0,1956,10,302
era5,7/29/1956,0,1956,10,303
era5,7/30/1956,0,1956,10,304
era5,7/31/1956,0,1956,10,305
era5,8/1/1956,0,1956,11,306
era5,8/2/1956,0,1956,11,307
era5,8/3/1956,0,1956,11,308
era5,8/4/1956,0,1956,11,309
era5,8/5/1956,0,1956,11,310
era5,8/6/1956,0,1956,11,311
era5,8/7/1956,0,1956,11,312
era5,8/8/1956,0,1956,11,313
era5,8/9/1956,0,1956,11,314
era5,8/10/1956,0,1956,11,315
era5,8/11/1956,0,1956,11,316
era5,8/12/1956,0,1956,11,317
era5,8/13/1956,0,1956,11,318
era5,8/14/1956,0,1956,11,319
era5,8/15/1956,0,1956,11,320
era5,8/16/1956,0,1956,11,321
era5,8/17/1956,0,1956,11,322
era5,8/18/1956,0,1956,11,323
era5,8/19/1956,0,1956,11,324
era5,8/20/1956,0,1956,11,325
era5,8/21/1956,0,1956,11,326
era5,8/22/1956,0,1956,11,327
era5,8/23/1956,0,1956,11,328
era5,8/24/1956,0,1956,11,329
era5,8/25/1956,0,1956,11,330
era5,8/26/1956,0,1956,11,331
era5,8/27/1956,0,1956,11,332
era5,8/28/1956,0,1956,11,333
era5,8/29/1956,0,1956,11,334
era5,8/30/1956,0,1956,11,335
era5,8/31/1956,0,1956,11,336
era5,9/1/1956,0,1956,12,337
era5,9/2/1956,0,1956,12,338
era5,9/3/1956,0,1956,12,339
era5,9/4/1956,0,1956,12,340
era5,9/5/1956,0,1956,12,341
era5,9/6/1956,0,1956,12,342
era5,9/7/1956,0,1956,12,343
era5,9/8/1956,0,1956,12,344
era5,9/9/1956,2.70E-06,1956,12,345
era5,9/10/1956,0,1956,12,346
era5,9/11/1956,0,1956,12,347
era5,9/12/1956,0,1956,12,348
era5,9/13/1956,0,1956,12,349
era5,9/14/1956,0,1956,12,350
era5,9/15/1956,0,1956,12,351
era5,9/16/1956,0,1956,12,352
era5,9/17/1956,0,1956,12,353
era5,9/18/1956,0,1956,12,354
era5,9/19/1956,0,1956,12,355
era5,9/20/1956,1.27E-06,1956,12,356
era5,9/21/1956,0,1956,12,357
era5,9/22/1956,0,1956,12,358
era5,9/23/1956,0,1956,12,359
era5,9/24/1956,0,1956,12,360
era5,9/25/1956,0,1956,12,361
era5,9/26/1956,0,1956,12,362
era5,9/27/1956,0,1956,12,363
era5,9/28/1956,0,1956,12,364
era5,9/29/1956,0,1956,12,365
era5,9/30/1956,3.29E-05,1956,12,366
era5,10/1/1956,0,1957,1,1
era5,10/2/1956,0,1957,1,2
era5,10/3/1956,9.99E-06,1957,1,3
era5,10/4/1956,0.104529317,1957,1,4
era5,10/5/1956,2.183962823,1957,1,5
era5,10/6/1956,1.66879942,1957,1,6
era5,10/7/1956,1.035830245,1957,1,7
era5,10/8/1956,1.055487985,1957,1,8
era5,10/9/1956,0.964281168,1957,1,9
era5,10/10/1956,0.835197244,1957,1,10
era5,10/11/1956,0.842970281,1957,1,11
era5,10/12/1956,1.593457506,1957,1,12
era5,10/13/1956,1.427988579,1957,1,13
era5,10/14/1956,1.271114776,1957,1,14
era5,10/15/1956,0.658984682,1957,1,15
era5,10/16/1956,0.556166588,1957,1,16
era5,10/17/1956,0.554625529,1957,1,17
era5,10/18/1956,0.550266059,1957,1,18
era5,10/19/1956,0.519894265,1957,1,19
era5,10/20/1956,0.422751697,1957,1,20
era5,10/21/1956,0.245108112,1957,1,21
era5,10/22/1956,0.117490099,1957,1,22
era5,10/23/1956,1.192667176,1957,1,23
era5,10/24/1956,10.7166658,1957,1,24
era5,10/25/1956,10.05513031,1957,1,25
era5,10/26/1956,7.606619314,1957,1,26
era5,10/27/1956,10.43082772,1957,1,27
era5,10/28/1956,12.67945616,1957,1,28
era5,10/29/1956,16.45223479,1957,1,29
era5,10/30/1956,27.34579551,1957,1,30
era5,10/31/1956,65.77860416,1957,1,31
era5,11/1/1956,72.21333611,1957,2,32
era5,11/2/1956,73.69206088,1957,2,33
era5,11/3/1956,73.11040429,1957,2,34
era5,11/4/1956,72.43824756,1957,2,35
era5,11/5/1956,71.07694419,1957,2,36
era5,11/6/1956,66.89080766,1957,2,37
era5,11/7/1956,61.58193716,1957,2,38
era5,11/8/1956,56.05336931,1957,2,39
era5,11/9/1956,50.91548641,1957,2,40
era5,11/10/1956,46.65925398,1957,2,41
era5,11/11/1956,42.92651895,1957,2,42
era5,11/12/1956,40.66613137,1957,2,43
era5,11/13/1956,39.14417486,1957,2,44
era5,11/14/1956,38.61633088,1957,2,45
era5,11/15/1956,38.3381078,1957,2,46
era5,11/16/1956,37.79583071,1957,2,47
era5,11/17/1956,36.74761424,1957,2,48
era5,11/18/1956,35.85650194,1957,2,49
era5,11/19/1956,35.61319943,1957,2,50
era5,11/20/1956,35.54200467,1957,2,51
era5,11/21/1956,34.94423253,1957,2,52
era5,11/22/1956,34.22934085,1957,2,53
era5,11/23/1956,33.51228706,1957,2,54
era5,11/24/1956,32.78059851,1957,2,55
era5,11/25/1956,32.34767462,1957,2,56
era5,11/26/1956,32.15195401,1957,2,57
era5,11/27/1956,31.8537454,1957,2,58
era5,11/28/1956,31.47592773,1957,2,59
era5,11/29/1956,31.0680894,1957,2,60
era5,11/30/1956,30.40622888,1957,2,61
era5,12/1/1956,29.37749054,1957,3,62
era5,12/2/1956,28.42333559,1957,3,63
era5,12/3/1956,27.50928989,1957,3,64
era5,12/4/1956,27.36554148,1957,3,65
era5,12/5/1956,46.27305225,1957,3,66
era5,12/6/1956,86.20021518,1957,3,67
era5,12/7/1956,105.2709493,1957,3,68
era5,12/8/1956,106.9250732,1957,3,69
era5,12/9/1956,106.9464151,1957,3,70
era5,12/10/1956,106.8573217,1957,3,71
era5,12/11/1956,106.1128881,1957,3,72
era5,12/12/1956,102.2541623,1957,3,73
era5,12/13/1956,98.75811519,1957,3,74
era5,12/14/1956,96.11274427,1957,3,75
era5,12/15/1956,95.39129756,1957,3,76
era5,12/16/1956,94.18897643,1957,3,77
era5,12/17/1956,92.59737455,1957,3,78
era5,12/18/1956,91.68013784,1957,3,79
era5,12/19/1956,90.58908588,1957,3,80
era5,12/20/1956,89.36983918,1957,3,81
era5,12/21/1956,88.88853203,1957,3,82
era5,12/22/1956,88.71970356,1957,3,83
era5,12/23/1956,88.44578629,1957,3,84
era5,12/24/1956,87.81992354,1957,3,85
era5,12/25/1956,86.77080703,1957,3,86
era5,12/26/1956,84.99895424,1957,3,87
era5,12/27/1956,82.94674977,1957,3,88
era5,12/28/1956,80.2300047,1957,3,89
era5,12/29/1956,77.14500537,1957,3,90
era5,12/30/1956,75.65402699,1957,3,91
era5,12/31/1956,74.56757278,1957,3,92
era5,1/1/1957,73.70355851,1957,4,93
era5,1/2/1957,73.10498457,1957,4,94
era5,1/3/1957,72.90200992,1957,4,95
era5,1/4/1957,72.82502288,1957,4,96
era5,1/5/1957,72.92764806,1957,4,97
era5,1/6/1957,74.13101432,1957,4,98
era5,1/7/1957,74.21859392,1957,4,99
era5,1/8/1957,77.38613662,1957,4,100
era5,1/9/1957,88.47598755,1957,4,101
era5,1/10/1957,89.07414516,1957,4,102
era5,1/11/1957,89.0562807,1957,4,103
era5,1/12/1957,99.81740853,1957,4,104
era5,1/13/1957,154.0795428,1957,4,105
era5,1/14/1957,178.8367361,1957,4,106
era5,1/15/1957,186.0157962,1957,4,107
era5,1/16/1957,187.6251484,1957,4,108
era5,1/17/1957,187.1439141,1957,4,109
era5,1/18/1957,186.4914266,1957,4,110
era5,1/19/1957,186.3496152,1957,4,111
era5,1/20/1957,194.7220905,1957,4,112
era5,1/21/1957,215.2664246,1957,4,113
era5,1/22/1957,216.5436674,1957,4,114
era5,1/23/1957,216.9853681,1957,4,115
era5,1/24/1957,217.6311992,1957,4,116
era5,1/25/1957,221.460921,1957,4,117
era5,1/26/1957,250.580817,1957,4,118
era5,1/27/1957,263.6311033,1957,4,119
era5,1/28/1957,265.3697994,1957,4,120
era5,1/29/1957,266.6822275,1957,4,121
era5,1/30/1957,267.0309996,1957,4,122
era5,1/31/1957,267.0392791,1957,4,123
era5,2/1/1957,267.0358885,1957,5,124
era5,2/2/1957,268.6691283,1957,5,125
era5,2/3/1957,272.2555506,1957,5,126
era5,2/4/1957,272.4115907,1957,5,127
era5,2/5/1957,272.2897194,1957,5,128
era5,2/6/1957,271.865325,1957,5,129
era5,2/7/1957,272.1093569,1957,5,130
era5,2/8/1957,295.087779,1957,5,131
era5,2/9/1957,308.6366772,1957,5,132
era5,2/10/1957,308.6554903,1957,5,133
era5,2/11/1957,309.0812215,1957,5,134
era5,2/12/1957,305.6090873,1957,5,135
era5,2/13/1957,299.5841679,1957,5,136
era5,2/14/1957,293.9629761,1957,5,137
era5,2/15/1957,288.8437281,1957,5,138
era5,2/16/1957,282.494812,1957,5,139
era5,2/17/1957,278.0104408,1957,5,140
era5,2/18/1957,275.0606825,1957,5,141
era5,2/19/1957,273.3851181,1957,5,142
era5,2/20/1957,273.421673,1957,5,143
era5,2/21/1957,276.9206293,1957,5,144
era5,2/22/1957,278.4668766,1957,5,145
era5,2/23/1957,287.1734079,1957,5,146
era5,2/24/1957,310.265847,1957,5,147
era5,2/25/1957,331.7843288,1957,5,148
era5,2/26/1957,334.8651697,1957,5,149
era5,2/27/1957,332.8126448,1957,5,150
era5,2/28/1957,330.7115243,1957,5,151
era5,3/1/1957,330.1972028,1957,6,152
era5,3/2/1957,338.4678086,1957,6,153
era5,3/3/1957,342.7860296,1957,6,154
era5,3/4/1957,342.8662821,1957,6,155
era5,3/5/1957,352.6819839,1957,6,156
era5,3/6/1957,362.3006139,1957,6,157
era5,3/7/1957,359.9046927,1957,6,158
era5,3/8/1957,354.8424106,1957,6,159
era5,3/9/1957,354.9499265,1957,6,160
era5,3/10/1957,367.0144947,1957,6,161
era5,3/11/1957,366.9894244,1957,6,162
era5,3/12/1957,368.0872428,1957,6,163
era5,3/13/1957,378.3233275,1957,6,164
era5,3/14/1957,378.9473584,1957,6,165
era5,3/15/1957,378.2718745,1957,6,166
era5,3/16/1957,393.252318,1957,6,167
era5,3/17/1957,406.0534325,1957,6,168
era5,3/18/1957,406.7692338,1957,6,169
era5,3/19/1957,407.237861,1957,6,170
era5,3/20/1957,406.7881146,1957,6,171
era5,3/21/1957,405.3443248,1957,6,172
era5,3/22/1957,405.4443149,1957,6,173
era5,3/23/1957,405.0734169,1957,6,174
era5,3/24/1957,403.8775859,1957,6,175
era5,3/25/1957,401.2098314,1957,6,176
era5,3/26/1957,397.4342031,1957,6,177
era5,3/27/1957,392.3740897,1957,6,178
era5,3/28/1957,386.0480432,1957,6,179
era5,3/29/1957,381.0753921,1957,6,180
era5,3/30/1957,384.3500517,1957,6,181
era5,3/31/1957,381.9058805,1957,6,182
era5,4/1/1957,378.1158286,1957,7,183
era5,4/2/1957,377.6990202,1957,7,184
era5,4/3/1957,374.2639908,1957,7,185
era5,4/4/1957,367.3277911,1957,7,186
era5,4/5/1957,358.8137902,1957,7,187
era5,4/6/1957,350.8761812,1957,7,188
era5,4/7/1957,347.0923135,1957,7,189
era5,4/8/1957,344.2821709,1957,7,190
era5,4/9/1957,339.1499979,1957,7,191
era5,4/10/1957,334.5235524,1957,7,192
era5,4/11/1957,329.3762485,1957,7,193
era5,4/12/1957,324.1400592,1957,7,194
era5,4/13/1957,319.7013768,1957,7,195
era5,4/14/1957,323.2002926,1957,7,196
era5,4/15/1957,331.4743629,1957,7,197
era5,4/16/1957,330.2353128,1957,7,198
era5,4/17/1957,330.515826,1957,7,199
era5,4/18/1957,370.7916306,1957,7,200
era5,4/19/1957,390.0211399,1957,7,201
era5,4/20/1957,394.3004283,1957,7,202
era5,4/21/1957,402.1393685,1957,7,203
era5,4/22/1957,406.6203902,1957,7,204
era5,4/23/1957,406.0475153,1957,7,205
era5,4/24/1957,402.4802061,1957,7,206
era5,4/25/1957,396.1962016,1957,7,207
era5,4/26/1957,389.3049143,1957,7,208
era5,4/27/1957,382.3953322,1957,7,209
era5,4/28/1957,373.533237,1957,7,210
era5,4/29/1957,364.2081324,1957,7,211
era5,4/30/1957,357.404496,1957,7,212
era5,5/1/1957,348.6130881,1957,8,213
era5,5/2/1957,342.174424,1957,8,214
era5,5/3/1957,340.7089723,1957,8,215
era5,5/4/1957,334.339725,1957,8,216
era5,5/5/1957,325.4964741,1957,8,217
era5,5/6/1957,314.5512831,1957,8,218
era5,5/7/1957,302.3711445,1957,8,219
era5,5/8/1957,293.3052544,1957,8,220
era5,5/9/1957,288.7871647,1957,8,221
era5,5/10/1957,289.3216876,1957,8,222
era5,5/11/1957,297.5228756,1957,8,223
era5,5/12/1957,300.6804649,1957,8,224
era5,5/13/1957,298.9028426,1957,8,225
era5,5/14/1957,297.8193444,1957,8,226
era5,5/15/1957,299.6476758,1957,8,227
era5,5/16/1957,294.7340313,1957,8,228
era5,5/17/1957,287.8072822,1957,8,229
era5,5/18/1957,283.23745,1957,8,230
era5,5/19/1957,315.389466,1957,8,231
era5,5/20/1957,332.8757557,1957,8,232
era5,5/21/1957,345.661382,1957,8,233
era5,5/22/1957,347.2153549,1957,8,234
era5,5/23/1957,346.3058073,1957,8,235
era5,5/24/1957,342.187516,1957,8,236
era5,5/25/1957,334.4190543,1957,8,237
era5,5/26/1957,323.6075443,1957,8,238
era5,5/27/1957,310.8359146,1957,8,239
era5,5/28/1957,298.1035397,1957,8,240
era5,5/29/1957,286.6887561,1957,8,241
era5,5/30/1957,277.0841397,1957,8,242
era5,5/31/1957,266.2461879,1957,8,243
era5,6/1/1957,253.7985209,1957,9,244
era5,6/2/1957,239.8039126,1957,9,245
era5,6/3/1957,225.7608326,1957,9,246
era5,6/4/1957,211.5717517,1957,9,247
era5,6/5/1957,195.5695871,1957,9,248
era5,6/6/1957,181.9713546,1957,9,249
era5,6/7/1957,171.515158,1957,9,250
era5,6/8/1957,159.8709974,1957,9,251
era5,6/9/1957,151.2600659,1957,9,252
era5,6/10/1957,146.1794962,1957,9,253
era5,6/11/1957,140.4333229,1957,9,254
era5,6/12/1957,132.8419341,1957,9,255
era5,6/13/1957,122.9512188,1957,9,256
era5,6/14/1957,115.2597911,1957,9,257
era5,6/15/1957,108.7486897,1957,9,258
era5,6/16/1957,104.5014203,1957,9,259
era5,6/17/1957,99.53661088,1957,9,260
era5,6/18/1957,92.26922815,1957,9,261
era5,6/19/1957,84.17858438,1957,9,262
era5,6/20/1957,76.908736,1957,9,263
era5,6/21/1957,71.28423785,1957,9,264
era5,6/22/1957,66.30963298,1957,9,265
era5,6/23/1957,60.18963853,1957,9,266
era5,6/24/1957,53.20238059,1957,9,267
era5,6/25/1957,46.58920882,1957,9,268
era5,6/26/1957,39.8903775,1957,9,269
era5,6/27/1957,33.06584738,1957,9,270
era5,6/28/1957,26.7464283,1957,9,271
era5,6/29/1957,21.665201,1957,9,272
era5,6/30/1957,16.97227156,1957,9,273
era5,7/1/1957,12.58340628,1957,10,274
era5,7/2/1957,8.805738118,1957,10,275
era5,7/3/1957,5.316131853,1957,10,276
era5,7/4/1957,3.317992909,1957,10,277
era5,7/5/1957,2.238300588,1957,10,278
era5,7/6/1957,1.178848706,1957,10,279
era5,7/7/1957,0.379142265,1957,10,280
era5,7/8/1957,0,1957,10,281
era5,7/9/1957,0,1957,10,282
era5,7/10/1957,0,1957,10,283
era5,7/11/1957,0,1957,10,284
era5,7/12/1957,0,1957,10,285
era5,7/13/1957,0,1957,10,286
era5,7/14/1957,0,1957,10,287
era5,7/15/1957,0,1957,10,288
era5,7/16/1957,0,1957,10,289
era5,7/17/1957,0,1957,10,290
era5,7/18/1957,0,1957,10,291
era5,7/19/1957,0,1957,10,292
era5,7/20/1957,0,1957,10,293
era5,7/21/1957,0,1957,10,294
era5,7/22/1957,0,1957,10,295
era5,7/23/1957,0,1957,10,296
era5,7/24/1957,0,1957,10,297
era5,7/25/1957,0,1957,10,298
era5,7/26/1957,0,1957,10,299
era5,7/27/1957,0,1957,10,300
era5,7/28/1957,0,1957,10,301
era5,7/29/1957,0,1957,10,302
era5,7/30/1957,0,1957,10,303
era5,7/31/1957,0,1957,10,304
era5,8/1/1957,0,1957,11,305
era5,8/2/1957,0,1957,11,306
era5,8/3/1957,0,1957,11,307
era5,8/4/1957,0,1957,11,308
era5,8/5/1957,0,1957,11,309
era5,8/6/1957,0,1957,11,310
era5,8/7/1957,0,1957,11,311
era5,8/8/1957,0,1957,11,312
era5,8/9/1957,0,1957,11,313
era5,8/10/1957,0,1957,11,314
era5,8/11/1957,0,1957,11,315
era5,8/12/1957,0,1957,11,316
era5,8/13/1957,0,1957,11,317
era5,8/14/1957,0,1957,11,318
era5,8/15/1957,0,1957,11,319
era5,8/16/1957,0,1957,11,320
era5,8/17/1957,0,1957,11,321
era5,8/18/1957,0,1957,11,322
era5,8/19/1957,0,1957,11,323
era5,8/20/1957,0,1957,11,324
era5,8/21/1957,0,1957,11,325
era5,8/22/1957,0,1957,11,326
era5,8/23/1957,0,1957,11,327
era5,8/24/1957,0,1957,11,328
era5,8/25/1957,0,1957,11,329
era5,8/26/1957,0,1957,11,330
era5,8/27/1957,0,1957,11,331
era5,8/28/1957,0,1957,11,332
era5,8/29/1957,0,1957,11,333
era5,8/30/1957,0,1957,11,334
era5,8/31/1957,0,1957,11,335
era5,9/1/1957,0,1957,12,336
era5,9/2/1957,0,1957,12,337
era5,9/3/1957,0,1957,12,338
era5,9/4/1957,0,1957,12,339
era5,9/5/1957,0,1957,12,340
era5,9/6/1957,0,1957,12,341
era5,9/7/1957,0,1957,12,342
era5,9/8/1957,0,1957,12,343
era5,9/9/1957,0,1957,12,344
era5,9/10/1957,0,1957,12,345
era5,9/11/1957,0,1957,12,346
era5,9/12/1957,0,1957,12,347
era5,9/13/1957,0,1957,12,348
era5,9/14/1957,0,1957,12,349
era5,9/15/1957,0,1957,12,350
era5,9/16/1957,0,1957,12,351
era5,9/17/1957,0.047244452,1957,12,352
era5,9/18/1957,0.555486725,1957,12,353
era5,9/19/1957,0.197130491,1957,12,354
era5,9/20/1957,0,1957,12,355
era5,9/21/1957,0,1957,12,356
era5,9/22/1957,0,1957,12,357
era5,9/23/1957,0,1957,12,358
era5,9/24/1957,0,1957,12,359
era5,9/25/1957,0,1957,12,360
era5,9/26/1957,0,1957,12,361
era5,9/27/1957,0,1957,12,362
era5,9/28/1957,0,1957,12,363
era5,9/29/1957,0.005213996,1957,12,364
era5,9/30/1957,0.00012912,1957,12,365
era5,10/1/1957,0,1958,1,1
era5,10/2/1957,0,1958,1,2
era5,10/3/1957,0.019040933,1958,1,3
era5,10/4/1957,0.009951832,1958,1,4
era5,10/5/1957,0.29850263,1958,1,5
era5,10/6/1957,0.332810039,1958,1,6
era5,10/7/1957,0.288270847,1958,1,7
era5,10/8/1957,0.056578469,1958,1,8
era5,10/9/1957,0,1958,1,9
era5,10/10/1957,0.000645069,1958,1,10
era5,10/11/1957,1.112284533,1958,1,11
era5,10/12/1957,5.157049794,1958,1,12
era5,10/13/1957,5.171062301,1958,1,13
era5,10/14/1957,6.154471577,1958,1,14
era5,10/15/1957,5.772366496,1958,1,15
era5,10/16/1957,4.864880217,1958,1,16
era5,10/17/1957,3.705985974,1958,1,17
era5,10/18/1957,2.490290253,1958,1,18
era5,10/19/1957,1.771681416,1958,1,19
era5,10/20/1957,2.830664089,1958,1,20
era5,10/21/1957,6.597040016,1958,1,21
era5,10/22/1957,6.399039239,1958,1,22
era5,10/23/1957,5.495347254,1958,1,23
era5,10/24/1957,4.759690385,1958,1,24
era5,10/25/1957,3.226614865,1958,1,25
era5,10/26/1957,2.389046537,1958,1,26
era5,10/27/1957,2.197333282,1958,1,27
era5,10/28/1957,2.11686441,1958,1,28
era5,10/29/1957,2.135983856,1958,1,29
era5,10/30/1957,2.099279579,1958,1,30
era5,10/31/1957,2.067903235,1958,1,31
era5,11/1/1957,2.069591529,1958,2,32
era5,11/2/1957,3.654383083,1958,2,33
era5,11/3/1957,10.22248639,1958,2,34
era5,11/4/1957,11.3439567,1958,2,35
era5,11/5/1957,14.77326851,1958,2,36
era5,11/6/1957,14.90483708,1958,2,37
era5,11/7/1957,14.39874999,1958,2,38
era5,11/8/1957,13.4233924,1958,2,39
era5,11/9/1957,12.60269762,1958,2,40
era5,11/10/1957,11.96670419,1958,2,41
era5,11/11/1957,12.40786935,1958,2,42
era5,11/12/1957,12.01458099,1958,2,43
era5,11/13/1957,13.17456816,1958,2,44
era5,11/14/1957,22.80138651,1958,2,45
era5,11/15/1957,29.66851894,1958,2,46
era5,11/16/1957,30.48963868,1958,2,47
era5,11/17/1957,31.72556141,1958,2,48
era5,11/18/1957,32.62701716,1958,2,49
era5,11/19/1957,35.70581783,1958,2,50
era5,11/20/1957,34.88802892,1958,2,51
era5,11/21/1957,33.80991733,1958,2,52
era5,11/22/1957,33.5632128,1958,2,53
era5,11/23/1957,32.71851674,1958,2,54
era5,11/24/1957,30.71758915,1958,2,55
era5,11/25/1957,28.50651994,1958,2,56
era5,11/26/1957,26.95424353,1958,2,57
era5,11/27/1957,25.90147755,1958,2,58
era5,11/28/1957,24.81014318,1958,2,59
era5,11/29/1957,23.69637379,1958,2,60
era5,11/30/1957,22.961218,1958,2,61
era5,12/1/1957,22.55358653,1958,3,62
era5,12/2/1957,22.35561991,1958,3,63
era5,12/3/1957,21.87349497,1958,3,64
era5,12/4/1957,21.29609868,1958,3,65
era5,12/5/1957,25.63027759,1958,3,66
era5,12/6/1957,34.67806926,1958,3,67
era5,12/7/1957,35.00804651,1958,3,68
era5,12/8/1957,33.78326511,1958,3,69
era5,12/9/1957,29.39223369,1958,3,70
era5,12/10/1957,26.29129451,1958,3,71
era5,12/11/1957,24.94931558,1958,3,72
era5,12/12/1957,23.06570815,1958,3,73
era5,12/13/1957,22.34888884,1958,3,74
era5,12/14/1957,21.99679173,1958,3,75
era5,12/15/1957,25.43321025,1958,3,76
era5,12/16/1957,52.88236305,1958,3,77
era5,12/17/1957,95.78112499,1958,3,78
era5,12/18/1957,131.7394622,1958,3,79
era5,12/19/1957,152.4770285,1958,3,80
era5,12/20/1957,153.7058377,1958,3,81
era5,12/21/1957,154.012077,1958,3,82
era5,12/22/1957,167.8570357,1958,3,83
era5,12/23/1957,169.5038329,1958,3,84
era5,12/24/1957,169.2351329,1958,3,85
era5,12/25/1957,168.8055724,1958,3,86
era5,12/26/1957,168.1681659,1958,3,87
era5,12/27/1957,167.569226,1958,3,88
era5,12/28/1957,167.1407846,1958,3,89
era5,12/29/1957,167.1757059,1958,3,90
era5,12/30/1957,166.3481042,1958,3,91
era5,12/31/1957,165.6183914,1958,3,92
era5,1/1/1958,165.0611644,1958,4,93
era5,1/2/1958,164.7272226,1958,4,94
era5,1/3/1958,164.5602472,1958,4,95
era5,1/4/1958,164.1561904,1958,4,96
era5,1/5/1958,163.0033341,1958,4,97
era5,1/6/1958,161.9143771,1958,4,98
era5,1/7/1958,161.1918779,1958,4,99
era5,1/8/1958,160.5074889,1958,4,100
era5,1/9/1958,160.1416033,1958,4,101
era5,1/10/1958,172.8825233,1958,4,102
era5,1/11/1958,185.4219878,1958,4,103
era5,1/12/1958,187.0252333,1958,4,104
era5,1/13/1958,189.4522364,1958,4,105
era5,1/14/1958,190.5338412,1958,4,106
era5,1/15/1958,189.9671741,1958,4,107
era5,1/16/1958,188.6534541,1958,4,108
era5,1/17/1958,186.8614001,1958,4,109
era5,1/18/1958,185.1785474,1958,4,110
era5,1/19/1958,183.3225376,1958,4,111
era5,1/20/1958,182.528397,1958,4,112
era5,1/21/1958,182.3315708,1958,4,113
era5,1/22/1958,182.2382515,1958,4,114
era5,1/23/1958,181.8312297,1958,4,115
era5,1/24/1958,188.7896656,1958,4,116
era5,1/25/1958,229.5427133,1958,4,117
era5,1/26/1958,249.9019234,1958,4,118
era5,1/27/1958,276.0492764,1958,4,119
era5,1/28/1958,277.4547238,1958,4,120
era5,1/29/1958,276.4969556,1958,4,121
era5,1/30/1958,290.4168171,1958,4,122
era5,1/31/1958,302.7026727,1958,4,123
era5,2/1/1958,302.5935468,1958,5,124
era5,2/2/1958,304.0641892,1958,5,125
era5,2/3/1958,367.2426962,1958,5,126
era5,2/4/1958,438.7716813,1958,5,127
era5,2/5/1958,498.1214299,1958,5,128
era5,2/6/1958,512.25972,1958,5,129
era5,2/7/1958,514.2920129,1958,5,130
era5,2/8/1958,533.2330506,1958,5,131
era5,2/9/1958,538.9877196,1958,5,132
era5,2/10/1958,548.9115103,1958,5,133
era5,2/11/1958,552.5491947,1958,5,134
era5,2/12/1958,568.5301467,1958,5,135
era5,2/13/1958,599.5860468,1958,5,136
era5,2/14/1958,600.4007158,1958,5,137
era5,2/15/1958,600.5717875,1958,5,138
era5,2/16/1958,598.2673686,1958,5,139
era5,2/17/1958,594.3230623,1958,5,140
era5,2/18/1958,590.4417974,1958,5,141
era5,2/19/1958,599.2150438,1958,5,142
era5,2/20/1958,621.9108281,1958,5,143
era5,2/21/1958,622.4092691,1958,5,144
era5,2/22/1958,619.0890709,1958,5,145
era5,2/23/1958,615.3581218,1958,5,146
era5,2/24/1958,613.1663832,1958,5,147
era5,2/25/1958,661.1431016,1958,5,148
era5,2/26/1958,699.7162199,1958,5,149
era5,2/27/1958,702.0338807,1958,5,150
era5,2/28/1958,703.8519581,1958,5,151
era5,3/1/1958,707.7584335,1958,6,152
era5,3/2/1958,707.7751137,1958,6,153
era5,3/3/1958,707.6619176,1958,6,154
era5,3/4/1958,708.4086195,1958,6,155
era5,3/5/1958,708.0079814,1958,6,156
era5,3/6/1958,709.8899671,1958,6,157
era5,3/7/1958,717.8520847,1958,6,158
era5,3/8/1958,718.9530069,1958,6,159
era5,3/9/1958,726.2060749,1958,6,160
era5,3/10/1958,727.1262953,1958,6,161
era5,3/11/1958,730.6255801,1958,6,162
era5,3/12/1958,739.1882895,1958,6,163
era5,3/13/1958,748.5297479,1958,6,164
era5,3/14/1958,764.2014269,1958,6,165
era5,3/15/1958,827.1999662,1958,6,166
era5,3/16/1958,909.3883276,1958,6,167
era5,3/17/1958,931.7370771,1958,6,168
era5,3/18/1958,933.1596409,1958,6,169
era5,3/19/1958,932.2355562,1958,6,170
era5,3/20/1958,930.8622371,1958,6,171
era5,3/21/1958,957.4698068,1958,6,172
era5,3/22/1958,1011.766528,1958,6,173
era5,3/23/1958,1027.571278,1958,6,174
era5,3/24/1958,1041.653695,1958,6,175
era5,3/25/1958,1049.959562,1958,6,176
era5,3/26/1958,1049.364262,1958,6,177
era5,3/27/1958,1050.277734,1958,6,178
era5,3/28/1958,1064.484637,1958,6,179
era5,3/29/1958,1067.175806,1958,6,180
era5,3/30/1958,1084.621262,1958,6,181
era5,3/31/1958,1131.286383,1958,6,182
era5,4/1/1958,1170.57252,1958,7,183
era5,4/2/1958,1231.339644,1958,7,184
era5,4/3/1958,1322.094757,1958,7,185
era5,4/4/1958,1390.8329,1958,7,186
era5,4/5/1958,1406.882655,1958,7,187
era5,4/6/1958,1426.633402,1958,7,188
era5,4/7/1958,1451.130455,1958,7,189
era5,4/8/1958,1459.200017,1958,7,190
era5,4/9/1958,1459.266909,1958,7,191
era5,4/10/1958,1456.547977,1958,7,192
era5,4/11/1958,1450.624036,1958,7,193
era5,4/12/1958,1442.946351,1958,7,194
era5,4/13/1958,1436.143603,1958,7,195
era5,4/14/1958,1428.849484,1958,7,196
era5,4/15/1958,1421.492484,1958,7,197
era5,4/16/1958,1412.991741,1958,7,198
era5,4/17/1958,1402.261295,1958,7,199
era5,4/18/1958,1388.471522,1958,7,200
era5,4/19/1958,1373.722997,1958,7,201
era5,4/20/1958,1356.186951,1958,7,202
era5,4/21/1958,1337.698648,1958,7,203
era5,4/22/1958,1321.878949,1958,7,204
era5,4/23/1958,1313.376537,1958,7,205
era5,4/24/1958,1310.749386,1958,7,206
era5,4/25/1958,1305.411409,1958,7,207
era5,4/26/1958,1298.139126,1958,7,208
era5,4/27/1958,1288.481637,1958,7,209
era5,4/28/1958,1277.516095,1958,7,210
era5,4/29/1958,1267.220862,1958,7,211
era5,4/30/1958,1260.202912,1958,7,212
era5,5/1/1958,1251.1339,1958,8,213
era5,5/2/1958,1238.50965,1958,8,214
era5,5/3/1958,1224.157072,1958,8,215
era5,5/4/1958,1208.224668,1958,8,216
era5,5/5/1958,1189.940951,1958,8,217
era5,5/6/1958,1170.587768,1958,8,218
era5,5/7/1958,1152.770925,1958,8,219
era5,5/8/1958,1133.383926,1958,8,220
era5,5/9/1958,1111.409865,1958,8,221
era5,5/10/1958,1086.874003,1958,8,222
era5,5/11/1958,1071.132643,1958,8,223
era5,5/12/1958,1076.774362,1958,8,224
era5,5/13/1958,1074.446114,1958,8,225
era5,5/14/1958,1066.226674,1958,8,226
era5,5/15/1958,1051.357422,1958,8,227
era5,5/16/1958,1032.209776,1958,8,228
era5,5/17/1958,1008.505485,1958,8,229
era5,5/18/1958,981.6888531,1958,8,230
era5,5/19/1958,956.0640974,1958,8,231
era5,5/20/1958,928.8072609,1958,8,232
era5,5/21/1958,902.9601105,1958,8,233
era5,5/22/1958,879.8451916,1958,8,234
era5,5/23/1958,859.6573868,1958,8,235
era5,5/24/1958,838.4340094,1958,8,236
era5,5/25/1958,821.2255407,1958,8,237
era5,5/26/1958,802.3953895,1958,8,238
era5,5/27/1958,782.1265857,1958,8,239
era5,5/28/1958,763.2662972,1958,8,240
era5,5/29/1958,746.6950285,1958,8,241
era5,5/30/1958,730.0888674,1958,8,242
era5,5/31/1958,713.3966527,1958,8,243
era5,6/1/1958,697.0297393,1958,9,244
era5,6/2/1958,681.7019625,1958,9,245
era5,6/3/1958,671.1420391,1958,9,246
era5,6/4/1958,661.2678926,1958,9,247
era5,6/5/1958,645.7265557,1958,9,248
era5,6/6/1958,629.9992306,1958,9,249
era5,6/7/1958,618.6439969,1958,9,250
era5,6/8/1958,608.5961356,1958,9,251
era5,6/9/1958,598.0607936,1958,9,252
era5,6/10/1958,586.6525131,1958,9,253
era5,6/11/1958,574.1895676,1958,9,254
era5,6/12/1958,565.5741521,1958,9,255
era5,6/13/1958,558.5215682,1958,9,256
era5,6/14/1958,547.9604747,1958,9,257
era5,6/15/1958,532.4656009,1958,9,258
era5,6/16/1958,513.9114356,1958,9,259
era5,6/17/1958,494.1935306,1958,9,260
era5,6/18/1958,474.0553231,1958,9,261
era5,6/19/1958,454.6613981,1958,9,262
era5,6/20/1958,439.7592571,1958,9,263
era5,6/21/1958,425.8275355,1958,9,264
era5,6/22/1958,410.5366359,1958,9,265
era5,6/23/1958,394.3100282,1958,9,266
era5,6/24/1958,380.8920588,1958,9,267
era5,6/25/1958,368.239819,1958,9,268
era5,6/26/1958,352.8713809,1958,9,269
era5,6/27/1958,335.9213971,1958,9,270
era5,6/28/1958,319.7164911,1958,9,271
era5,6/29/1958,304.4133762,1958,9,272
era5,6/30/1958,292.6440189,1958,9,273
era5,7/1/1958,282.987077,1958,10,274
era5,7/2/1958,272.7820714,1958,10,275
era5,7/3/1958,262.6251506,1958,10,276
era5,7/4/1958,250.8414424,1958,10,277
era5,7/5/1958,235.0687298,1958,10,278
era5,7/6/1958,217.8125604,1958,10,279
era5,7/7/1958,202.0938522,1958,10,280
era5,7/8/1958,188.7536868,1958,10,281
era5,7/9/1958,175.0508857,1958,10,282
era5,7/10/1958,161.3325001,1958,10,283
era5,7/11/1958,148.3166378,1958,10,284
era5,7/12/1958,135.4935799,1958,10,285
era5,7/13/1958,125.5778965,1958,10,286
era5,7/14/1958,117.2414068,1958,10,287
era5,7/15/1958,110.5915713,1958,10,288
era5,7/16/1958,105.6950341,1958,10,289
era5,7/17/1958,101.2864112,1958,10,290
era5,7/18/1958,97.30133129,1958,10,291
era5,7/19/1958,92.86313412,1958,10,292
era5,7/20/1958,87.0643814,1958,10,293
era5,7/21/1958,81.73002588,1958,10,294
era5,7/22/1958,77.06773206,1958,10,295
era5,7/23/1958,73.27325206,1958,10,296
era5,7/24/1958,70.15898912,1958,10,297
era5,7/25/1958,66.078135,1958,10,298
era5,7/26/1958,61.31744294,1958,10,299
era5,7/27/1958,55.90835318,1958,10,300
era5,7/28/1958,51.07743962,1958,10,301
era5,7/29/1958,47.40697447,1958,10,302
era5,7/30/1958,43.97450294,1958,10,303
era5,7/31/1958,40.59441245,1958,10,304
era5,8/1/1958,37.21784441,1958,11,305
era5,8/2/1958,33.660475,1958,11,306
era5,8/3/1958,30.36226988,1958,11,307
era5,8/4/1958,27.84234371,1958,11,308
era5,8/5/1958,25.63172353,1958,11,309
era5,8/6/1958,23.30102559,1958,11,310
era5,8/7/1958,20.75227544,1958,11,311
era5,8/8/1958,18.55920588,1958,11,312
era5,8/9/1958,16.06714215,1958,11,313
era5,8/10/1958,13.70915382,1958,11,314
era5,8/11/1958,11.70597294,1958,11,315
era5,8/12/1958,9.542464794,1958,11,316
era5,8/13/1958,7.442077559,1958,11,317
era5,8/14/1958,6.080627353,1958,11,318
era5,8/15/1958,4.825354118,1958,11,319
era5,8/16/1958,3.878173824,1958,11,320
era5,8/17/1958,2.907638529,1958,11,321
era5,8/18/1958,1.984387941,1958,11,322
era5,8/19/1958,1.173289588,1958,11,323
era5,8/20/1958,0.463068324,1958,11,324
era5,8/21/1958,0.018567471,1958,11,325
era5,8/22/1958,0,1958,11,326
era5,8/23/1958,0,1958,11,327
era5,8/24/1958,0,1958,11,328
era5,8/25/1958,0,1958,11,329
era5,8/26/1958,0,1958,11,330
era5,8/27/1958,0,1958,11,331
era5,8/28/1958,0,1958,11,332
era5,8/29/1958,0,1958,11,333
era5,8/30/1958,0,1958,11,334
era5,8/31/1958,0,1958,11,335
era5,9/1/1958,0,1958,12,336
era5,9/2/1958,0,1958,12,337
era5,9/3/1958,0,1958,12,338
era5,9/4/1958,0,1958,12,339
era5,9/5/1958,0,1958,12,340
era5,9/6/1958,0,1958,12,341
era5,9/7/1958,0,1958,12,342
era5,9/8/1958,0,1958,12,343
era5,9/9/1958,0,1958,12,344
era5,9/10/1958,0,1958,12,345
era5,9/11/1958,0,1958,12,346
era5,9/12/1958,1.89E-06,1958,12,347
era5,9/13/1958,0,1958,12,348
era5,9/14/1958,0,1958,12,349
era5,9/15/1958,0,1958,12,350
era5,9/16/1958,0,1958,12,351
era5,9/17/1958,0,1958,12,352
era5,9/18/1958,0,1958,12,353
era5,9/19/1958,0,1958,12,354
era5,9/20/1958,0,1958,12,355
era5,9/21/1958,0,1958,12,356
era5,9/22/1958,0,1958,12,357
era5,9/23/1958,1.479005295,1958,12,358
era5,9/24/1958,2.142644602,1958,12,359
era5,9/25/1958,1.428646746,1958,12,360
era5,9/26/1958,0.129896615,1958,12,361
era5,9/27/1958,0,1958,12,362
era5,9/28/1958,0,1958,12,363
era5,9/29/1958,0,1958,12,364
era5,9/30/1958,0,1958,12,365
era5,10/1/1958,0,1959,1,1
era5,10/2/1958,0,1959,1,2
era5,10/3/1958,0,1959,1,3
era5,10/4/1958,0,1959,1,4
era5,10/5/1958,0,1959,1,5
era5,10/6/1958,0,1959,1,6
era5,10/7/1958,0,1959,1,7
era5,10/8/1958,0,1959,1,8
era5,10/9/1958,0,1959,1,9
era5,10/10/1958,0,1959,1,10
era5,10/11/1958,0,1959,1,11
era5,10/12/1958,0,1959,1,12
era5,10/13/1958,0,1959,1,13
era5,10/14/1958,0,1959,1,14
era5,10/15/1958,0,1959,1,15
era5,10/16/1958,0,1959,1,16
era5,10/17/1958,0,1959,1,17
era5,10/18/1958,0,1959,1,18
era5,10/19/1958,0,1959,1,19
era5,10/20/1958,0,1959,1,20
era5,10/21/1958,0,1959,1,21
era5,10/22/1958,0,1959,1,22
era5,10/23/1958,0,1959,1,23
era5,10/24/1958,2.28E-06,1959,1,24
era5,10/25/1958,0.00120245,1959,1,25
era5,10/26/1958,0,1959,1,26
era5,10/27/1958,8.56E-05,1959,1,27
era5,10/28/1958,0,1959,1,28
era5,10/29/1958,0,1959,1,29
era5,10/30/1958,0,1959,1,30
era5,10/31/1958,0,1959,1,31
era5,11/1/1958,0,1959,2,32
era5,11/2/1958,0,1959,2,33
era5,11/3/1958,0,1959,2,34
era5,11/4/1958,0,1959,2,35
era5,11/5/1958,0,1959,2,36
era5,11/6/1958,0,1959,2,37
era5,11/7/1958,0,1959,2,38
era5,11/8/1958,0,1959,2,39
era5,11/9/1958,0,1959,2,40
era5,11/10/1958,0.769959015,1959,2,41
era5,11/11/1958,2.194362328,1959,2,42
era5,11/12/1958,2.046935075,1959,2,43
era5,11/13/1958,1.651070685,1959,2,44
era5,11/14/1958,5.890495938,1959,2,45
era5,11/15/1958,21.94947115,1959,2,46
era5,11/16/1958,26.52513829,1959,2,47
era5,11/17/1958,26.87461436,1959,2,48
era5,11/18/1958,26.77935834,1959,2,49
era5,11/19/1958,25.93050217,1959,2,50
era5,11/20/1958,23.55394343,1959,2,51
era5,11/21/1958,20.50090535,1959,2,52
era5,11/22/1958,18.06983329,1959,2,53
era5,11/23/1958,16.29468293,1959,2,54
era5,11/24/1958,14.24143392,1959,2,55
era5,11/25/1958,12.42238523,1959,2,56
era5,11/26/1958,10.99242549,1959,2,57
era5,11/27/1958,10.6545496,1959,2,58
era5,11/28/1958,10.17517634,1959,2,59
era5,11/29/1958,9.60071519,1959,2,60
era5,11/30/1958,9.086613509,1959,2,61
era5,12/1/1958,8.423456086,1959,3,62
era5,12/2/1958,7.257426669,1959,3,63
era5,12/3/1958,5.62554346,1959,3,64
era5,12/4/1958,4.622901161,1959,3,65
era5,12/5/1958,4.385156059,1959,3,66
era5,12/6/1958,4.282168994,1959,3,67
era5,12/7/1958,4.201807082,1959,3,68
era5,12/8/1958,4.054150815,1959,3,69
era5,12/9/1958,4.013691306,1959,3,70
era5,12/10/1958,4.001175794,1959,3,71
era5,12/11/1958,3.871284218,1959,3,72
era5,12/12/1958,3.652708171,1959,3,73
era5,12/13/1958,3.629911903,1959,3,74
era5,12/14/1958,3.629870476,1959,3,75
era5,12/15/1958,3.628318194,1959,3,76
era5,12/16/1958,3.624957903,1959,3,77
era5,12/17/1958,3.605272162,1959,3,78
era5,12/18/1958,3.597850485,1959,3,79
era5,12/19/1958,3.596093674,1959,3,80
era5,12/20/1958,3.594441065,1959,3,81
era5,12/21/1958,3.968960474,1959,3,82
era5,12/22/1958,5.748487416,1959,3,83
era5,12/23/1958,6.452693156,1959,3,84
era5,12/24/1958,6.498971448,1959,3,85
era5,12/25/1958,7.483892713,1959,3,86
era5,12/26/1958,8.173942028,1959,3,87
era5,12/27/1958,21.14050442,1959,3,88
era5,12/28/1958,44.60231276,1959,3,89
era5,12/29/1958,45.53019634,1959,3,90
era5,12/30/1958,44.62879095,1959,3,91
era5,12/31/1958,42.59871838,1959,3,92
era5,1/1/1959,40.47182219,1959,4,93
era5,1/2/1959,39.208723,1959,4,94
era5,1/3/1959,39.17516576,1959,4,95
era5,1/4/1959,39.12864996,1959,4,96
era5,1/5/1959,41.66974856,1959,4,97
era5,1/6/1959,113.7595202,1959,4,98
era5,1/7/1959,137.8905714,1959,4,99
era5,1/8/1959,138.8569723,1959,4,100
era5,1/9/1959,149.4233,1959,4,101
era5,1/10/1959,166.8201397,1959,4,102
era5,1/11/1959,171.9791803,1959,4,103
era5,1/12/1959,169.2343978,1959,4,104
era5,1/13/1959,173.0369685,1959,4,105
era5,1/14/1959,172.880844,1959,4,106
era5,1/15/1959,170.8370328,1959,4,107
era5,1/16/1959,167.6032091,1959,4,108
era5,1/17/1959,164.6929491,1959,4,109
era5,1/18/1959,161.7130857,1959,4,110
era5,1/19/1959,159.1649822,1959,4,111
era5,1/20/1959,158.0579328,1959,4,112
era5,1/21/1959,157.9825236,1959,4,113
era5,1/22/1959,157.9907813,1959,4,114
era5,1/23/1959,157.4907759,1959,4,115
era5,1/24/1959,156.4921746,1959,4,116
era5,1/25/1959,157.736261,1959,4,117
era5,1/26/1959,166.9533395,1959,4,118
era5,1/27/1959,167.1116391,1959,4,119
era5,1/28/1959,168.7497166,1959,4,120
era5,1/29/1959,169.8356642,1959,4,121
era5,1/30/1959,169.68564,1959,4,122
era5,1/31/1959,169.5567581,1959,4,123
era5,2/1/1959,169.2697771,1959,5,124
era5,2/2/1959,169.7627298,1959,5,125
era5,2/3/1959,169.679684,1959,5,126
era5,2/4/1959,168.6692374,1959,5,127
era5,2/5/1959,167.2114457,1959,5,128
era5,2/6/1959,166.0347048,1959,5,129
era5,2/7/1959,166.5531472,1959,5,130
era5,2/8/1959,173.8296135,1959,5,131
era5,2/9/1959,179.1074588,1959,5,132
era5,2/10/1959,211.8090897,1959,5,133
era5,2/11/1959,329.8603706,1959,5,134
era5,2/12/1959,377.0054156,1959,5,135
era5,2/13/1959,383.0689482,1959,5,136
era5,2/14/1959,383.4103509,1959,5,137
era5,2/15/1959,384.1419559,1959,5,138
era5,2/16/1959,455.8415285,1959,5,139
era5,2/17/1959,531.417465,1959,5,140
era5,2/18/1959,559.1358103,1959,5,141
era5,2/19/1959,587.7273709,1959,5,142
era5,2/20/1959,591.5345997,1959,5,143
era5,2/21/1959,595.8897082,1959,5,144
era5,2/22/1959,605.2227874,1959,5,145
era5,2/23/1959,606.9314691,1959,5,146
era5,2/24/1959,606.3505724,1959,5,147
era5,2/25/1959,605.2420538,1959,5,148
era5,2/26/1959,603.1641826,1959,5,149
era5,2/27/1959,600.2883065,1959,5,150
era5,2/28/1959,597.4631585,1959,5,151
era5,3/1/1959,594.2977556,1959,6,152
era5,3/2/1959,590.6211724,1959,6,153
era5,3/3/1959,586.1759591,1959,6,154
era5,3/4/1959,581.6583994,1959,6,155
era5,3/5/1959,577.8515582,1959,6,156
era5,3/6/1959,574.8456835,1959,6,157
era5,3/7/1959,571.9910671,1959,6,158
era5,3/8/1959,568.7697688,1959,6,159
era5,3/9/1959,565.0408059,1959,6,160
era5,3/10/1959,561.0744338,1959,6,161
era5,3/11/1959,557.6946563,1959,6,162
era5,3/12/1959,552.9658216,1959,6,163
era5,3/13/1959,546.1037118,1959,6,164
era5,3/14/1959,540.6539476,1959,6,165
era5,3/15/1959,535.7376914,1959,6,166
era5,3/16/1959,532.3012155,1959,6,167
era5,3/17/1959,525.5364292,1959,6,168
era5,3/18/1959,518.4538542,1959,6,169
era5,3/19/1959,512.3344657,1959,6,170
era5,3/20/1959,506.4771877,1959,6,171
era5,3/21/1959,498.5458071,1959,6,172
era5,3/22/1959,493.1610125,1959,6,173
era5,3/23/1959,495.4460042,1959,6,174
era5,3/24/1959,507.5399211,1959,6,175
era5,3/25/1959,509.9848028,1959,6,176
era5,3/26/1959,508.6574465,1959,6,177
era5,3/27/1959,507.311695,1959,6,178
era5,3/28/1959,505.2206057,1959,6,179
era5,3/29/1959,503.1770932,1959,6,180
era5,3/30/1959,503.0851657,1959,6,181
era5,3/31/1959,508.9008802,1959,6,182
era5,4/1/1959,501.9414226,1959,7,183
era5,4/2/1959,491.9870247,1959,7,184
era5,4/3/1959,481.40379,1959,7,185
era5,4/4/1959,471.0337456,1959,7,186
era5,4/5/1959,462.5829078,1959,7,187
era5,4/6/1959,454.4597576,1959,7,188
era5,4/7/1959,443.9812305,1959,7,189
era5,4/8/1959,437.1986129,1959,7,190
era5,4/9/1959,433.9956329,1959,7,191
era5,4/10/1959,429.7308896,1959,7,192
era5,4/11/1959,424.5776471,1959,7,193
era5,4/12/1959,418.2970403,1959,7,194
era5,4/13/1959,411.1969462,1959,7,195
era5,4/14/1959,404.3679835,1959,7,196
era5,4/15/1959,398.8285759,1959,7,197
era5,4/16/1959,393.5573091,1959,7,198
era5,4/17/1959,388.4809118,1959,7,199
era5,4/18/1959,384.5174526,1959,7,200
era5,4/19/1959,380.5094788,1959,7,201
era5,4/20/1959,374.5130365,1959,7,202
era5,4/21/1959,366.8966615,1959,7,203
era5,4/22/1959,356.5920328,1959,7,204
era5,4/23/1959,343.6145387,1959,7,205
era5,4/24/1959,330.1378216,1959,7,206
era5,4/25/1959,320.8833449,1959,7,207
era5,4/26/1959,342.3579168,1959,7,208
era5,4/27/1959,349.3438394,1959,7,209
era5,4/28/1959,346.1063247,1959,7,210
era5,4/29/1959,336.3131603,1959,7,211
era5,4/30/1959,322.5922444,1959,7,212
era5,5/1/1959,309.3579926,1959,8,213
era5,5/2/1959,309.9657397,1959,8,214
era5,5/3/1959,311.482335,1959,8,215
era5,5/4/1959,314.3744247,1959,8,216
era5,5/5/1959,313.3592418,1959,8,217
era5,5/6/1959,310.4307033,1959,8,218
era5,5/7/1959,305.3490767,1959,8,219
era5,5/8/1959,298.1510128,1959,8,220
era5,5/9/1959,290.173564,1959,8,221
era5,5/10/1959,282.8735171,1959,8,222
era5,5/11/1959,272.1011776,1959,8,223
era5,5/12/1959,259.5207971,1959,8,224
era5,5/13/1959,244.7199251,1959,8,225
era5,5/14/1959,234.361672,1959,8,226
era5,5/15/1959,228.6317124,1959,8,227
era5,5/16/1959,224.6932281,1959,8,228
era5,5/17/1959,218.4833444,1959,8,229
era5,5/18/1959,213.9022525,1959,8,230
era5,5/19/1959,211.8756329,1959,8,231
era5,5/20/1959,209.8805693,1959,8,232
era5,5/21/1959,207.2012895,1959,8,233
era5,5/22/1959,203.5609063,1959,8,234
era5,5/23/1959,201.8064853,1959,8,235
era5,5/24/1959,199.6267316,1959,8,236
era5,5/25/1959,199.5088231,1959,8,237
era5,5/26/1959,195.6171807,1959,8,238
era5,5/27/1959,193.2523361,1959,8,239
era5,5/28/1959,191.5095235,1959,8,240
era5,5/29/1959,188.3067346,1959,8,241
era5,5/30/1959,184.7499215,1959,8,242
era5,5/31/1959,179.733801,1959,8,243
era5,6/1/1959,172.5029259,1959,9,244
era5,6/2/1959,163.140663,1959,9,245
era5,6/3/1959,154.1867253,1959,9,246
era5,6/4/1959,145.8631865,1959,9,247
era5,6/5/1959,137.1190854,1959,9,248
era5,6/6/1959,127.5376541,1959,9,249
era5,6/7/1959,119.8496962,1959,9,250
era5,6/8/1959,114.0432304,1959,9,251
era5,6/9/1959,107.0377114,1959,9,252
era5,6/10/1959,100.3800945,1959,9,253
era5,6/11/1959,93.49925982,1959,9,254
era5,6/12/1959,85.34269333,1959,9,255
era5,6/13/1959,78.95220512,1959,9,256
era5,6/14/1959,74.44106741,1959,9,257
era5,6/15/1959,71.07195559,1959,9,258
era5,6/16/1959,67.97979559,1959,9,259
era5,6/17/1959,64.78299294,1959,9,260
era5,6/18/1959,60.38739441,1959,9,261
era5,6/19/1959,55.30937353,1959,9,262
era5,6/20/1959,50.04690559,1959,9,263
era5,6/21/1959,44.45962194,1959,9,264
era5,6/22/1959,39.12716868,1959,9,265
era5,6/23/1959,34.07385176,1959,9,266
era5,6/24/1959,29.29006588,1959,9,267
era5,6/25/1959,24.81879426,1959,9,268
era5,6/26/1959,20.94631721,1959,9,269
era5,6/27/1959,17.77088938,1959,9,270
era5,6/28/1959,15.10632529,1959,9,271
era5,6/29/1959,12.75730159,1959,9,272
era5,6/30/1959,9.969195706,1959,9,273
era5,7/1/1959,6.995854298,1959,10,274
era5,7/2/1959,4.993348912,1959,10,275
era5,7/3/1959,3.484638509,1959,10,276
era5,7/4/1959,2.552646765,1959,10,277
era5,7/5/1959,1.761139912,1959,10,278
era5,7/6/1959,0.970248824,1959,10,279
era5,7/7/1959,0.331284559,1959,10,280
era5,7/8/1959,0,1959,10,281
era5,7/9/1959,0,1959,10,282
era5,7/10/1959,0,1959,10,283
era5,7/11/1959,0,1959,10,284
era5,7/12/1959,0,1959,10,285
era5,7/13/1959,0,1959,10,286
era5,7/14/1959,0,1959,10,287
era5,7/15/1959,0,1959,10,288
era5,7/16/1959,0,1959,10,289
era5,7/17/1959,0,1959,10,290
era5,7/18/1959,0,1959,10,291
era5,7/19/1959,0,1959,10,292
era5,7/20/1959,0,1959,10,293
era5,7/21/1959,0,1959,10,294
era5,7/22/1959,0,1959,10,295
era5,7/23/1959,0,1959,10,296
era5,7/24/1959,0,1959,10,297
era5,7/25/1959,0,1959,10,298
era5,7/26/1959,0,1959,10,299
era5,7/27/1959,0,1959,10,300
era5,7/28/1959,0,1959,10,301
era5,7/29/1959,0,1959,10,302
era5,7/30/1959,0,1959,10,303
era5,7/31/1959,0,1959,10,304
era5,8/1/1959,0,1959,11,305
era5,8/2/1959,0,1959,11,306
era5,8/3/1959,0,1959,11,307
era5,8/4/1959,0,1959,11,308
era5,8/5/1959,0,1959,11,309
era5,8/6/1959,0,1959,11,310
era5,8/7/1959,0,1959,11,311
era5,8/8/1959,0,1959,11,312
era5,8/9/1959,0,1959,11,313
era5,8/10/1959,0,1959,11,314
era5,8/11/1959,0,1959,11,315
era5,8/12/1959,0,1959,11,316
era5,8/13/1959,0,1959,11,317
era5,8/14/1959,0,1959,11,318
era5,8/15/1959,0,1959,11,319
era5,8/16/1959,0,1959,11,320
era5,8/17/1959,0,1959,11,321
era5,8/18/1959,0,1959,11,322
era5,8/19/1959,0,1959,11,323
era5,8/20/1959,0,1959,11,324
era5,8/21/1959,0,1959,11,325
era5,8/22/1959,0,1959,11,326
era5,8/23/1959,0,1959,11,327
era5,8/24/1959,0,1959,11,328
era5,8/25/1959,0,1959,11,329
era5,8/26/1959,0,1959,11,330
era5,8/27/1959,0,1959,11,331
era5,8/28/1959,0,1959,11,332
era5,8/29/1959,0,1959,11,333
era5,8/30/1959,0,1959,11,334
era5,8/31/1959,0,1959,11,335
era5,9/1/1959,0,1959,12,336
era5,9/2/1959,0,1959,12,337
era5,9/3/1959,0,1959,12,338
era5,9/4/1959,0,1959,12,339
era5,9/5/1959,0,1959,12,340
era5,9/6/1959,0,1959,12,341
era5,9/7/1959,0,1959,12,342
era5,9/8/1959,0,1959,12,343
era5,9/9/1959,0,1959,12,344
era5,9/10/1959,0,1959,12,345
era5,9/11/1959,0,1959,12,346
era5,9/12/1959,0,1959,12,347
era5,9/13/1959,0,1959,12,348
era5,9/14/1959,5.23E-05,1959,12,349
era5,9/15/1959,3.47E-06,1959,12,350
era5,9/16/1959,0,1959,12,351
era5,9/17/1959,0,1959,12,352
era5,9/18/1959,2.171388718,1959,12,353
era5,9/19/1959,13.02439971,1959,12,354
era5,9/20/1959,9.875171256,1959,12,355
era5,9/21/1959,6.754357821,1959,12,356
era5,9/22/1959,5.142678029,1959,12,357
era5,9/23/1959,3.373281268,1959,12,358
era5,9/24/1959,2.663751765,1959,12,359
era5,9/25/1959,2.132986971,1959,12,360
era5,9/26/1959,1.470425088,1959,12,361
era5,9/27/1959,0.694057265,1959,12,362
era5,9/28/1959,0.209560495,1959,12,363
era5,9/29/1959,0.073258421,1959,12,364
era5,9/30/1959,0.044089965,1959,12,365
era5,10/1/1959,0.357867305,1960,1,1
era5,10/2/1959,0.625628496,1960,1,2
era5,10/3/1959,0.525466633,1960,1,3
era5,10/4/1959,0.33438804,1960,1,4
era5,10/5/1959,0.209516162,1960,1,5
era5,10/6/1959,0,1960,1,6
era5,10/7/1959,0,1960,1,7
era5,10/8/1959,4.14E-06,1960,1,8
era5,10/9/1959,1.50E-06,1960,1,9
era5,10/10/1959,0,1960,1,10
era5,10/11/1959,0,1960,1,11
era5,10/12/1959,0,1960,1,12
era5,10/13/1959,0,1960,1,13
era5,10/14/1959,0,1960,1,14
era5,10/15/1959,0,1960,1,15
era5,10/16/1959,0,1960,1,16
era5,10/17/1959,0,1960,1,17
era5,10/18/1959,0,1960,1,18
era5,10/19/1959,0,1960,1,19
era5,10/20/1959,0,1960,1,20
era5,10/21/1959,0,1960,1,21
era5,10/22/1959,0,1960,1,22
era5,10/23/1959,0,1960,1,23
era5,10/24/1959,0,1960,1,24
era5,10/25/1959,0,1960,1,25
era5,10/26/1959,0,1960,1,26
era5,10/27/1959,0,1960,1,27
era5,10/28/1959,0,1960,1,28
era5,10/29/1959,0.007898491,1960,1,29
era5,10/30/1959,2.422853763,1960,1,30
era5,10/31/1959,7.968601746,1960,1,31
era5,11/1/1959,14.80960194,1960,2,32
era5,11/2/1959,17.19981734,1960,2,33
era5,11/3/1959,20.08841155,1960,2,34
era5,11/4/1959,19.46171312,1960,2,35
era5,11/5/1959,18.85632289,1960,2,36
era5,11/6/1959,18.33566567,1960,2,37
era5,11/7/1959,17.36383409,1960,2,38
era5,11/8/1959,16.12683601,1960,2,39
era5,11/9/1959,15.00115286,1960,2,40
era5,11/10/1959,14.1373681,1960,2,41
era5,11/11/1959,13.51905817,1960,2,42
era5,11/12/1959,12.91686043,1960,2,43
era5,11/13/1959,12.51943609,1960,2,44
era5,11/14/1959,12.20996341,1960,2,45
era5,11/15/1959,11.758852,1960,2,46
era5,11/16/1959,11.08325794,1960,2,47
era5,11/17/1959,10.31433847,1960,2,48
era5,11/18/1959,9.450994835,1960,2,49
era5,11/19/1959,8.586392471,1960,2,50
era5,11/20/1959,8.043672409,1960,2,51
era5,11/21/1959,7.535028432,1960,2,52
era5,11/22/1959,7.213549824,1960,2,53
era5,11/23/1959,6.902838815,1960,2,54
era5,11/24/1959,6.266056494,1960,2,55
era5,11/25/1959,5.524312118,1960,2,56
era5,11/26/1959,4.986798676,1960,2,57
era5,11/27/1959,4.668436088,1960,2,58
era5,11/28/1959,4.330110609,1960,2,59
era5,11/29/1959,4.269708382,1960,2,60
era5,11/30/1959,4.269242353,1960,2,61
era5,12/1/1959,4.268774559,1960,3,62
era5,12/2/1959,4.268365088,1960,3,63
era5,12/3/1959,4.267955471,1960,3,64
era5,12/4/1959,4.2677215,1960,3,65
era5,12/5/1959,4.267318147,1960,3,66
era5,12/6/1959,4.266647,1960,3,67
era5,12/7/1959,4.266033353,1960,3,68
era5,12/8/1959,4.265492235,1960,3,69
era5,12/9/1959,4.265168441,1960,3,70
era5,12/10/1959,4.265105912,1960,3,71
era5,12/11/1959,4.265070706,1960,3,72
era5,12/12/1959,4.264919029,1960,3,73
era5,12/13/1959,5.381753899,1960,3,74
era5,12/14/1959,6.144461259,1960,3,75
era5,12/15/1959,5.685083324,1960,3,76
era5,12/16/1959,5.276607226,1960,3,77
era5,12/17/1959,5.058465516,1960,3,78
era5,12/18/1959,5.021258101,1960,3,79
era5,12/19/1959,5.02030925,1960,3,80
era5,12/20/1959,5.348512392,1960,3,81
era5,12/21/1959,13.88535854,1960,3,82
era5,12/22/1959,15.6345319,1960,3,83
era5,12/23/1959,15.81474121,1960,3,84
era5,12/24/1959,29.79006762,1960,3,85
era5,12/25/1959,64.61973962,1960,3,86
era5,12/26/1959,78.76109368,1960,3,87
era5,12/27/1959,78.94158894,1960,3,88
era5,12/28/1959,78.54356326,1960,3,89
era5,12/29/1959,77.19212003,1960,3,90
era5,12/30/1959,75.74857215,1960,3,91
era5,12/31/1959,78.37312847,1960,3,92
era5,1/1/1960,81.77427447,1960,4,93
era5,1/2/1960,81.95165218,1960,4,94
era5,1/3/1960,81.94716959,1960,4,95
era5,1/4/1960,81.94009932,1960,4,96
era5,1/5/1960,81.89182297,1960,4,97
era5,1/6/1960,81.81523979,1960,4,98
era5,1/7/1960,81.52766491,1960,4,99
era5,1/8/1960,81.05701621,1960,4,100
era5,1/9/1960,80.91244718,1960,4,101
era5,1/10/1960,91.83425932,1960,4,102
era5,1/11/1960,110.188697,1960,4,103
era5,1/12/1960,130.7521386,1960,4,104
era5,1/13/1960,136.3413041,1960,4,105
era5,1/14/1960,139.3552092,1960,4,106
era5,1/15/1960,160.5023976,1960,4,107
era5,1/16/1960,165.1231727,1960,4,108
era5,1/17/1960,165.3576334,1960,4,109
era5,1/18/1960,165.4255382,1960,4,110
era5,1/19/1960,167.5553925,1960,4,111
era5,1/20/1960,170.8318285,1960,4,112
era5,1/21/1960,172.1301209,1960,4,113
era5,1/22/1960,199.2787591,1960,4,114
era5,1/23/1960,203.7467082,1960,4,115
era5,1/24/1960,203.6605965,1960,4,116
era5,1/25/1960,218.0127005,1960,4,117
era5,1/26/1960,243.45809,1960,4,118
era5,1/27/1960,251.3474666,1960,4,119
era5,1/28/1960,252.4681585,1960,4,120
era5,1/29/1960,251.3727826,1960,4,121
era5,1/30/1960,249.7604038,1960,4,122
era5,1/31/1960,248.2015462,1960,4,123
era5,2/1/1960,249.3425403,1960,5,124
era5,2/2/1960,307.9821129,1960,5,125
era5,2/3/1960,319.2913966,1960,5,126
era5,2/4/1960,326.2943465,1960,5,127
era5,2/5/1960,327.1929735,1960,5,128
era5,2/6/1960,336.7874276,1960,5,129
era5,2/7/1960,334.8901179,1960,5,130
era5,2/8/1960,340.405081,1960,5,131
era5,2/9/1960,410.164165,1960,5,132
era5,2/10/1960,460.9834847,1960,5,133
era5,2/11/1960,473.9122762,1960,5,134
era5,2/12/1960,474.4625988,1960,5,135
era5,2/13/1960,474.3352006,1960,5,136
era5,2/14/1960,474.2413535,1960,5,137
era5,2/15/1960,473.8187715,1960,5,138
era5,2/16/1960,473.0494488,1960,5,139
era5,2/17/1960,472.238665,1960,5,140
era5,2/18/1960,471.8660118,1960,5,141
era5,2/19/1960,485.9620591,1960,5,142
era5,2/20/1960,488.9862991,1960,5,143
era5,2/21/1960,488.9967394,1960,5,144
era5,2/22/1960,488.66942,1960,5,145
era5,2/23/1960,488.4990574,1960,5,146
era5,2/24/1960,488.3439412,1960,5,147
era5,2/25/1960,488.2412985,1960,5,148
era5,2/26/1960,488.5753276,1960,5,149
era5,2/27/1960,490.3440144,1960,5,150
era5,2/28/1960,490.4022024,1960,5,151
era5,2/29/1960,491.0877756,1960,5,152
era5,3/1/1960,493.0294912,1960,6,153
era5,3/2/1960,493.1383785,1960,6,154
era5,3/3/1960,493.9094346,1960,6,155
era5,3/4/1960,494.6603572,1960,6,156
era5,3/5/1960,494.3249509,1960,6,157
era5,3/6/1960,493.9928039,1960,6,158
era5,3/7/1960,490.5894851,1960,6,159
era5,3/8/1960,491.7224153,1960,6,160
era5,3/9/1960,489.0505588,1960,6,161
era5,3/10/1960,487.5981568,1960,6,162
era5,3/11/1960,486.0573249,1960,6,163
era5,3/12/1960,491.9880109,1960,6,164
era5,3/13/1960,493.0679908,1960,6,165
era5,3/14/1960,492.5594009,1960,6,166
era5,3/15/1960,491.8371171,1960,6,167
era5,3/16/1960,491.0282897,1960,6,168
era5,3/17/1960,489.161625,1960,6,169
era5,3/18/1960,485.4247188,1960,6,170
era5,3/19/1960,480.3501974,1960,6,171
era5,3/20/1960,474.0168388,1960,6,172
era5,3/21/1960,466.6449553,1960,6,173
era5,3/22/1960,456.8172888,1960,6,174
era5,3/23/1960,446.1941015,1960,6,175
era5,3/24/1960,436.4455674,1960,6,176
era5,3/25/1960,425.1808123,1960,6,177
era5,3/26/1960,413.1935206,1960,6,178
era5,3/27/1960,403.7565115,1960,6,179
era5,3/28/1960,419.7014896,1960,6,180
era5,3/29/1960,425.777088,1960,6,181
era5,3/30/1960,423.4968084,1960,6,182
era5,3/31/1960,428.4884312,1960,6,183
era5,4/1/1960,425.7289895,1960,7,184
era5,4/2/1960,419.0380379,1960,7,185
era5,4/3/1960,411.0631867,1960,7,186
era5,4/4/1960,402.4592672,1960,7,187
era5,4/5/1960,391.5853418,1960,7,188
era5,4/6/1960,379.0902598,1960,7,189
era5,4/7/1960,367.5875191,1960,7,190
era5,4/8/1960,359.8982154,1960,7,191
era5,4/9/1960,351.0336141,1960,7,192
era5,4/10/1960,342.4540471,1960,7,193
era5,4/11/1960,336.2881288,1960,7,194
era5,4/12/1960,334.1891079,1960,7,195
era5,4/13/1960,330.9498474,1960,7,196
era5,4/14/1960,323.8316234,1960,7,197
era5,4/15/1960,318.2478016,1960,7,198
era5,4/16/1960,313.5447686,1960,7,199
era5,4/17/1960,306.450324,1960,7,200
era5,4/18/1960,297.68665,1960,7,201
era5,4/19/1960,288.6348096,1960,7,202
era5,4/20/1960,279.637566,1960,7,203
era5,4/21/1960,267.3207735,1960,7,204
era5,4/22/1960,259.4555924,1960,7,205
era5,4/23/1960,265.7542834,1960,7,206
era5,4/24/1960,274.8876892,1960,7,207
era5,4/25/1960,275.5159948,1960,7,208
era5,4/26/1960,275.5230059,1960,7,209
era5,4/27/1960,303.1174314,1960,7,210
era5,4/28/1960,330.4879577,1960,7,211
era5,4/29/1960,337.4465208,1960,7,212
era5,4/30/1960,335.4027968,1960,7,213
era5,5/1/1960,329.2614963,1960,8,214
era5,5/2/1960,321.2933166,1960,8,215
era5,5/3/1960,313.4995193,1960,8,216
era5,5/4/1960,309.9398335,1960,8,217
era5,5/5/1960,311.0574378,1960,8,218
era5,5/6/1960,304.3183416,1960,8,219
era5,5/7/1960,295.1675636,1960,8,220
era5,5/8/1960,284.8894285,1960,8,221
era5,5/9/1960,275.2728479,1960,8,222
era5,5/10/1960,263.6687432,1960,8,223
era5,5/11/1960,250.0052596,1960,8,224
era5,5/12/1960,235.7103891,1960,8,225
era5,5/13/1960,223.2698458,1960,8,226
era5,5/14/1960,214.5871894,1960,8,227
era5,5/15/1960,206.8844036,1960,8,228
era5,5/16/1960,198.6387169,1960,8,229
era5,5/17/1960,190.733484,1960,8,230
era5,5/18/1960,183.3340067,1960,8,231
era5,5/19/1960,176.9815079,1960,8,232
era5,5/20/1960,169.7216796,1960,8,233
era5,5/21/1960,160.9125627,1960,8,234
era5,5/22/1960,157.8852918,1960,8,235
era5,5/23/1960,156.5979662,1960,8,236
era5,5/24/1960,161.3998222,1960,8,237
era5,5/25/1960,165.4436607,1960,8,238
era5,5/26/1960,161.0203069,1960,8,239
era5,5/27/1960,154.7929337,1960,8,240
era5,5/28/1960,148.1528499,1960,8,241
era5,5/29/1960,139.4653349,1960,8,242
era5,5/30/1960,130.4667121,1960,8,243
era5,5/31/1960,120.5280865,1960,8,244
era5,6/1/1960,108.9734288,1960,9,245
era5,6/2/1960,95.53261106,1960,9,246
era5,6/3/1960,81.90824868,1960,9,247
era5,6/4/1960,72.80755112,1960,9,248
era5,6/5/1960,66.88596147,1960,9,249
era5,6/6/1960,61.08704143,1960,9,250
era5,6/7/1960,56.52488441,1960,9,251
era5,6/8/1960,52.26838647,1960,9,252
era5,6/9/1960,47.44771979,1960,9,253
era5,6/10/1960,41.90617241,1960,9,254
era5,6/11/1960,37.62701981,1960,9,255
era5,6/12/1960,34.01417941,1960,9,256
era5,6/13/1960,29.74285806,1960,9,257
era5,6/14/1960,25.48827176,1960,9,258
era5,6/15/1960,20.93606588,1960,9,259
era5,6/16/1960,16.19882838,1960,9,260
era5,6/17/1960,12.29837071,1960,9,261
era5,6/18/1960,10.07750347,1960,9,262
era5,6/19/1960,8.155015142,1960,9,263
era5,6/20/1960,6.907766706,1960,9,264
era5,6/21/1960,5.569628824,1960,9,265
era5,6/22/1960,4.285409706,1960,9,266
era5,6/23/1960,3.359639559,1960,9,267
era5,6/24/1960,2.541096471,1960,9,268
era5,6/25/1960,1.733771176,1960,9,269
era5,6/26/1960,0.99473,1960,9,270
era5,6/27/1960,0.296905735,1960,9,271
era5,6/28/1960,0,1960,9,272
era5,6/29/1960,0,1960,9,273
era5,6/30/1960,0,1960,9,274
era5,7/1/1960,0,1960,10,275
era5,7/2/1960,0,1960,10,276
era5,7/3/1960,0,1960,10,277
era5,7/4/1960,0,1960,10,278
era5,7/5/1960,0,1960,10,279
era5,7/6/1960,0,1960,10,280
era5,7/7/1960,0,1960,10,281
era5,7/8/1960,0,1960,10,282
era5,7/9/1960,0,1960,10,283
era5,7/10/1960,0,1960,10,284
era5,7/11/1960,0,1960,10,285
era5,7/12/1960,0,1960,10,286
era5,7/13/1960,0,1960,10,287
era5,7/14/1960,0,1960,10,288
era5,7/15/1960,0,1960,10,289
era5,7/16/1960,0,1960,10,290
era5,7/17/1960,0,1960,10,291
era5,7/18/1960,0,1960,10,292
era5,7/19/1960,0,1960,10,293
era5,7/20/1960,0,1960,10,294
era5,7/21/1960,0,1960,10,295
era5,7/22/1960,0,1960,10,296
era5,7/23/1960,0,1960,10,297
era5,7/24/1960,0,1960,10,298
era5,7/25/1960,0,1960,10,299
era5,7/26/1960,0,1960,10,300
era5,7/27/1960,0,1960,10,301
era5,7/28/1960,0,1960,10,302
era5,7/29/1960,0,1960,10,303
era5,7/30/1960,0,1960,10,304
era5,7/31/1960,0,1960,10,305
era5,8/1/1960,0,1960,11,306
era5,8/2/1960,0,1960,11,307
era5,8/3/1960,0,1960,11,308
era5,8/4/1960,0,1960,11,309
era5,8/5/1960,0,1960,11,310
era5,8/6/1960,0,1960,11,311
era5,8/7/1960,0,1960,11,312
era5,8/8/1960,0,1960,11,313
era5,8/9/1960,0,1960,11,314
era5,8/10/1960,0,1960,11,315
era5,8/11/1960,0,1960,11,316
era5,8/12/1960,0,1960,11,317
era5,8/13/1960,0,1960,11,318
era5,8/14/1960,0,1960,11,319
era5,8/15/1960,0,1960,11,320
era5,8/16/1960,0,1960,11,321
era5,8/17/1960,0,1960,11,322
era5,8/18/1960,0,1960,11,323
era5,8/19/1960,0,1960,11,324
era5,8/20/1960,0,1960,11,325
era5,8/21/1960,0,1960,11,326
era5,8/22/1960,0,1960,11,327
era5,8/23/1960,0,1960,11,328
era5,8/24/1960,0,1960,11,329
era5,8/25/1960,0,1960,11,330
era5,8/26/1960,0,1960,11,331
era5,8/27/1960,0,1960,11,332
era5,8/28/1960,0,1960,11,333
era5,8/29/1960,0,1960,11,334
era5,8/30/1960,0,1960,11,335
era5,8/31/1960,0,1960,11,336
era5,9/1/1960,0,1960,12,337
era5,9/2/1960,0,1960,12,338
era5,9/3/1960,0,1960,12,339
era5,9/4/1960,0,1960,12,340
era5,9/5/1960,0,1960,12,341
era5,9/6/1960,0,1960,12,342
era5,9/7/1960,0,1960,12,343
era5,9/8/1960,0,1960,12,344
era5,9/9/1960,0,1960,12,345
era5,9/10/1960,0,1960,12,346
era5,9/11/1960,0,1960,12,347
era5,9/12/1960,0,1960,12,348
era5,9/13/1960,0,1960,12,349
era5,9/14/1960,0,1960,12,350
era5,9/15/1960,0,1960,12,351
era5,9/16/1960,0,1960,12,352
era5,9/17/1960,0,1960,12,353
era5,9/18/1960,0,1960,12,354
era5,9/19/1960,0,1960,12,355
era5,9/20/1960,0,1960,12,356
era5,9/21/1960,0,1960,12,357
era5,9/22/1960,0,1960,12,358
era5,9/23/1960,0,1960,12,359
era5,9/24/1960,0,1960,12,360
era5,9/25/1960,0,1960,12,361
era5,9/26/1960,0,1960,12,362
era5,9/27/1960,0,1960,12,363
era5,9/28/1960,0,1960,12,364
era5,9/29/1960,0,1960,12,365
era5,9/30/1960,0,1960,12,366
era5,10/1/1960,0,1961,1,1
era5,10/2/1960,0,1961,1,2
era5,10/3/1960,0,1961,1,3
era5,10/4/1960,0,1961,1,4
era5,10/5/1960,0,1961,1,5
era5,10/6/1960,0,1961,1,6
era5,10/7/1960,8.80E-06,1961,1,7
era5,10/8/1960,0,1961,1,8
era5,10/9/1960,0.012428092,1961,1,9
era5,10/10/1960,1.793406038,1961,1,10
era5,10/11/1960,2.727236535,1961,1,11
era5,10/12/1960,1.98614633,1961,1,12
era5,10/13/1960,1.668943434,1961,1,13
era5,10/14/1960,1.548290106,1961,1,14
era5,10/15/1960,1.484863781,1961,1,15
era5,10/16/1960,1.311034594,1961,1,16
era5,10/17/1960,1.80950991,1961,1,17
era5,10/18/1960,1.680039753,1961,1,18
era5,10/19/1960,1.162526997,1961,1,19
era5,10/20/1960,0.844409106,1961,1,20
era5,10/21/1960,0.465036256,1961,1,21
era5,10/22/1960,0.287137153,1961,1,22
era5,10/23/1960,0.158336448,1961,1,23
era5,10/24/1960,0.149792706,1961,1,24
era5,10/25/1960,0.123158882,1961,1,25
era5,10/26/1960,0.084241279,1961,1,26
era5,10/27/1960,0.0839268,1961,1,27
era5,10/28/1960,0.082514444,1961,1,28
era5,10/29/1960,0.058889656,1961,1,29
era5,10/30/1960,0.029640556,1961,1,30
era5,10/31/1960,0,1961,1,31
era5,11/1/1960,0,1961,2,32
era5,11/2/1960,0,1961,2,33
era5,11/3/1960,0.030234485,1961,2,34
era5,11/4/1960,1.467753766,1961,2,35
era5,11/5/1960,3.72310505,1961,2,36
era5,11/6/1960,14.91890627,1961,2,37
era5,11/7/1960,32.66265723,1961,2,38
era5,11/8/1960,38.18092271,1961,2,39
era5,11/9/1960,38.03895182,1961,2,40
era5,11/10/1960,36.78971425,1961,2,41
era5,11/11/1960,35.43902198,1961,2,42
era5,11/12/1960,44.27466826,1961,2,43
era5,11/13/1960,93.57477851,1961,2,44
era5,11/14/1960,132.5275979,1961,2,45
era5,11/15/1960,138.3911873,1961,2,46
era5,11/16/1960,138.6104856,1961,2,47
era5,11/17/1960,138.1109771,1961,2,48
era5,11/18/1960,138.9322894,1961,2,49
era5,11/19/1960,141.7518991,1961,2,50
era5,11/20/1960,140.5444121,1961,2,51
era5,11/21/1960,138.2904086,1961,2,52
era5,11/22/1960,136.3435744,1961,2,53
era5,11/23/1960,135.1471227,1961,2,54
era5,11/24/1960,133.2920548,1961,2,55
era5,11/25/1960,130.5619075,1961,2,56
era5,11/26/1960,144.6295713,1961,2,57
era5,11/27/1960,165.2683545,1961,2,58
era5,11/28/1960,165.7832442,1961,2,59
era5,11/29/1960,165.5747289,1961,2,60
era5,11/30/1960,164.9956109,1961,2,61
era5,12/1/1960,166.6508853,1961,3,62
era5,12/2/1960,204.7353438,1961,3,63
era5,12/3/1960,211.7104819,1961,3,64
era5,12/4/1960,211.6193157,1961,3,65
era5,12/5/1960,211.1489557,1961,3,66
era5,12/6/1960,210.6479914,1961,3,67
era5,12/7/1960,210.3624579,1961,3,68
era5,12/8/1960,211.0162609,1961,3,69
era5,12/9/1960,211.0867504,1961,3,70
era5,12/10/1960,210.5811843,1961,3,71
era5,12/11/1960,210.1824624,1961,3,72
era5,12/12/1960,209.5615176,1961,3,73
era5,12/13/1960,208.5264198,1961,3,74
era5,12/14/1960,207.9297018,1961,3,75
era5,12/15/1960,207.6949754,1961,3,76
era5,12/16/1960,208.4400469,1961,3,77
era5,12/17/1960,208.4641443,1961,3,78
era5,12/18/1960,208.2370938,1961,3,79
era5,12/19/1960,207.724183,1961,3,80
era5,12/20/1960,206.6162529,1961,3,81
era5,12/21/1960,204.8029101,1961,3,82
era5,12/22/1960,202.5556812,1961,3,83
era5,12/23/1960,200.4866241,1961,3,84
era5,12/24/1960,199.3002079,1961,3,85
era5,12/25/1960,198.1497376,1961,3,86
era5,12/26/1960,197.0895971,1961,3,87
era5,12/27/1960,195.7612789,1961,3,88
era5,12/28/1960,195.3818636,1961,3,89
era5,12/29/1960,195.2071983,1961,3,90
era5,12/30/1960,194.7126365,1961,3,91
era5,12/31/1960,194.1366098,1961,3,92
era5,1/1/1961,193.6481197,1961,4,93
era5,1/2/1961,193.3271321,1961,4,94
era5,1/3/1961,192.9721166,1961,4,95
era5,1/4/1961,192.5540491,1961,4,96
era5,1/5/1961,192.2380993,1961,4,97
era5,1/6/1961,192.0561632,1961,4,98
era5,1/7/1961,191.8671586,1961,4,99
era5,1/8/1961,191.5048944,1961,4,100
era5,1/9/1961,191.377253,1961,4,101
era5,1/10/1961,191.2277822,1961,4,102
era5,1/11/1961,190.7211045,1961,4,103
era5,1/12/1961,190.0053103,1961,4,104
era5,1/13/1961,189.8077128,1961,4,105
era5,1/14/1961,189.5901564,1961,4,106
era5,1/15/1961,189.0027487,1961,4,107
era5,1/16/1961,187.884108,1961,4,108
era5,1/17/1961,186.530835,1961,4,109
era5,1/18/1961,184.8062386,1961,4,110
era5,1/19/1961,182.9628061,1961,4,111
era5,1/20/1961,180.8763588,1961,4,112
era5,1/21/1961,179.2946124,1961,4,113
era5,1/22/1961,178.3372751,1961,4,114
era5,1/23/1961,177.6433532,1961,4,115
era5,1/24/1961,176.7751622,1961,4,116
era5,1/25/1961,175.6541042,1961,4,117
era5,1/26/1961,178.6175504,1961,4,118
era5,1/27/1961,201.2520279,1961,4,119
era5,1/28/1961,205.9709501,1961,4,120
era5,1/29/1961,206.4867546,1961,4,121
era5,1/30/1961,212.6161662,1961,4,122
era5,1/31/1961,212.9849137,1961,4,123
era5,2/1/1961,215.4460352,1961,5,124
era5,2/2/1961,213.9944325,1961,5,125
era5,2/3/1961,217.844565,1961,5,126
era5,2/4/1961,216.9528608,1961,5,127
era5,2/5/1961,215.0684389,1961,5,128
era5,2/6/1961,213.1793712,1961,5,129
era5,2/7/1961,212.5657044,1961,5,130
era5,2/8/1961,212.3435719,1961,5,131
era5,2/9/1961,213.8326701,1961,5,132
era5,2/10/1961,216.0094959,1961,5,133
era5,2/11/1961,217.1037012,1961,5,134
era5,2/12/1961,239.1823644,1961,5,135
era5,2/13/1961,242.3103567,1961,5,136
era5,2/14/1961,242.1369559,1961,5,137
era5,2/15/1961,241.5899989,1961,5,138
era5,2/16/1961,246.1620182,1961,5,139
era5,2/17/1961,246.9670886,1961,5,140
era5,2/18/1961,246.9828674,1961,5,141
era5,2/19/1961,246.8408014,1961,5,142
era5,2/20/1961,246.0960555,1961,5,143
era5,2/21/1961,243.4156951,1961,5,144
era5,2/22/1961,240.7346439,1961,5,145
era5,2/23/1961,239.8997316,1961,5,146
era5,2/24/1961,239.4107227,1961,5,147
era5,2/25/1961,238.4528803,1961,5,148
era5,2/26/1961,238.0444198,1961,5,149
era5,2/27/1961,237.8558951,1961,5,150
era5,2/28/1961,237.6337265,1961,5,151
era5,3/1/1961,236.9803544,1961,6,152
era5,3/2/1961,235.0567468,1961,6,153
era5,3/3/1961,234.6533874,1961,6,154
era5,3/4/1961,237.1610375,1961,6,155
era5,3/5/1961,243.0621578,1961,6,156
era5,3/6/1961,269.3203562,1961,6,157
era5,3/7/1961,285.6070772,1961,6,158
era5,3/8/1961,285.7829775,1961,6,159
era5,3/9/1961,284.9355825,1961,6,160
era5,3/10/1961,285.0992653,1961,6,161
era5,3/11/1961,284.2221455,1961,6,162
era5,3/12/1961,283.261348,1961,6,163
era5,3/13/1961,281.419027,1961,6,164
era5,3/14/1961,279.074255,1961,6,165
era5,3/15/1961,294.6311731,1961,6,166
era5,3/16/1961,320.5954077,1961,6,167
era5,3/17/1961,328.3074165,1961,6,168
era5,3/18/1961,339.4191006,1961,6,169
era5,3/19/1961,339.2409929,1961,6,170
era5,3/20/1961,339.5414821,1961,6,171
era5,3/21/1961,336.0980006,1961,6,172
era5,3/22/1961,331.1957663,1961,6,173
era5,3/23/1961,328.3109107,1961,6,174
era5,3/24/1961,329.2198109,1961,6,175
era5,3/25/1961,342.4870097,1961,6,176
era5,3/26/1961,350.579164,1961,6,177
era5,3/27/1961,353.5523251,1961,6,178
era5,3/28/1961,355.2956711,1961,6,179
era5,3/29/1961,354.4189635,1961,6,180
era5,3/30/1961,351.8315609,1961,6,181
era5,3/31/1961,348.1935331,1961,6,182
era5,4/1/1961,342.8941495,1961,7,183
era5,4/2/1961,333.9825654,1961,7,184
era5,4/3/1961,321.6208887,1961,7,185
era5,4/4/1961,308.6113323,1961,7,186
era5,4/5/1961,298.05028,1961,7,187
era5,4/6/1961,292.1633179,1961,7,188
era5,4/7/1961,286.5360426,1961,7,189
era5,4/8/1961,283.7844801,1961,7,190
era5,4/9/1961,279.3001679,1961,7,191
era5,4/10/1961,275.0135187,1961,7,192
era5,4/11/1961,271.6397611,1961,7,193
era5,4/12/1961,265.0944121,1961,7,194
era5,4/13/1961,262.3488264,1961,7,195
era5,4/14/1961,259.1861612,1961,7,196
era5,4/15/1961,254.3949825,1961,7,197
era5,4/16/1961,247.0719671,1961,7,198
era5,4/17/1961,238.5879704,1961,7,199
era5,4/18/1961,230.3321571,1961,7,200
era5,4/19/1961,226.4508874,1961,7,201
era5,4/20/1961,225.1989642,1961,7,202
era5,4/21/1961,223.595927,1961,7,203
era5,4/22/1961,248.78225,1961,7,204
era5,4/23/1961,279.6391646,1961,7,205
era5,4/24/1961,286.7527804,1961,7,206
era5,4/25/1961,289.3522168,1961,7,207
era5,4/26/1961,287.8442257,1961,7,208
era5,4/27/1961,283.7935864,1961,7,209
era5,4/28/1961,278.213483,1961,7,210
era5,4/29/1961,271.2585611,1961,7,211
era5,4/30/1961,263.346721,1961,7,212
era5,5/1/1961,254.5085113,1961,8,213
era5,5/2/1961,247.5839123,1961,8,214
era5,5/3/1961,242.7101709,1961,8,215
era5,5/4/1961,237.9405996,1961,8,216
era5,5/5/1961,235.5548776,1961,8,217
era5,5/6/1961,234.2393669,1961,8,218
era5,5/7/1961,245.8685175,1961,8,219
era5,5/8/1961,245.5600704,1961,8,220
era5,5/9/1961,239.309746,1961,8,221
era5,5/10/1961,232.8038347,1961,8,222
era5,5/11/1961,232.4265995,1961,8,223
era5,5/12/1961,235.3395724,1961,8,224
era5,5/13/1961,237.0342893,1961,8,225
era5,5/14/1961,233.273068,1961,8,226
era5,5/15/1961,227.1003438,1961,8,227
era5,5/16/1961,222.1409649,1961,8,228
era5,5/17/1961,216.8931155,1961,8,229
era5,5/18/1961,209.2494428,1961,8,230
era5,5/19/1961,201.8458693,1961,8,231
era5,5/20/1961,198.037322,1961,8,232
era5,5/21/1961,191.1095193,1961,8,233
era5,5/22/1961,184.0551741,1961,8,234
era5,5/23/1961,177.9696431,1961,8,235
era5,5/24/1961,171.40848,1961,8,236
era5,5/25/1961,163.0291503,1961,8,237
era5,5/26/1961,154.9208881,1961,8,238
era5,5/27/1961,148.0060194,1961,8,239
era5,5/28/1961,141.373789,1961,8,240
era5,5/29/1961,136.6345744,1961,8,241
era5,5/30/1961,135.0840158,1961,8,242
era5,5/31/1961,131.7756713,1961,8,243
era5,6/1/1961,129.9286008,1961,9,244
era5,6/2/1961,133.1159573,1961,9,245
era5,6/3/1961,128.5679464,1961,9,246
era5,6/4/1961,122.6180447,1961,9,247
era5,6/5/1961,116.9388138,1961,9,248
era5,6/6/1961,110.4498571,1961,9,249
era5,6/7/1961,104.1680349,1961,9,250
era5,6/8/1961,96.72614147,1961,9,251
era5,6/9/1961,90.91888468,1961,9,252
era5,6/10/1961,85.50473794,1961,9,253
era5,6/11/1961,79.32795912,1961,9,254
era5,6/12/1961,73.9421385,1961,9,255
era5,6/13/1961,67.19351594,1961,9,256
era5,6/14/1961,58.32957921,1961,9,257
era5,6/15/1961,48.17674703,1961,9,258
era5,6/16/1961,38.88179288,1961,9,259
era5,6/17/1961,31.98218991,1961,9,260
era5,6/18/1961,24.40161309,1961,9,261
era5,6/19/1961,17.239529,1961,9,262
era5,6/20/1961,10.96035766,1961,9,263
era5,6/21/1961,7.013909753,1961,9,264
era5,6/22/1961,4.731819294,1961,9,265
era5,6/23/1961,2.876333941,1961,9,266
era5,6/24/1961,1.027263344,1961,9,267
era5,6/25/1961,0.135206685,1961,9,268
era5,6/26/1961,0,1961,9,269
era5,6/27/1961,0,1961,9,270
era5,6/28/1961,0,1961,9,271
era5,6/29/1961,0,1961,9,272
era5,6/30/1961,0,1961,9,273
era5,7/1/1961,0,1961,10,274
era5,7/2/1961,0,1961,10,275
era5,7/3/1961,0,1961,10,276
era5,7/4/1961,0,1961,10,277
era5,7/5/1961,0,1961,10,278
era5,7/6/1961,0,1961,10,279
era5,7/7/1961,0,1961,10,280
era5,7/8/1961,0,1961,10,281
era5,7/9/1961,0,1961,10,282
era5,7/10/1961,0,1961,10,283
era5,7/11/1961,0,1961,10,284
era5,7/12/1961,0,1961,10,285
era5,7/13/1961,0,1961,10,286
era5,7/14/1961,0,1961,10,287
era5,7/15/1961,0,1961,10,288
era5,7/16/1961,0,1961,10,289
era5,7/17/1961,0,1961,10,290
era5,7/18/1961,0,1961,10,291
era5,7/19/1961,0,1961,10,292
era5,7/20/1961,0,1961,10,293
era5,7/21/1961,0,1961,10,294
era5,7/22/1961,0,1961,10,295
era5,7/23/1961,0,1961,10,296
era5,7/24/1961,0,1961,10,297
era5,7/25/1961,0,1961,10,298
era5,7/26/1961,0,1961,10,299
era5,7/27/1961,0,1961,10,300
era5,7/28/1961,0,1961,10,301
era5,7/29/1961,0,1961,10,302
era5,7/30/1961,0,1961,10,303
era5,7/31/1961,0,1961,10,304
era5,8/1/1961,0,1961,11,305
era5,8/2/1961,0,1961,11,306
era5,8/3/1961,0,1961,11,307
era5,8/4/1961,0,1961,11,308
era5,8/5/1961,0,1961,11,309
era5,8/6/1961,0,1961,11,310
era5,8/7/1961,0,1961,11,311
era5,8/8/1961,0,1961,11,312
era5,8/9/1961,0,1961,11,313
era5,8/10/1961,0,1961,11,314
era5,8/11/1961,0,1961,11,315
era5,8/12/1961,0,1961,11,316
era5,8/13/1961,0,1961,11,317
era5,8/14/1961,0,1961,11,318
era5,8/15/1961,0,1961,11,319
era5,8/16/1961,0,1961,11,320
era5,8/17/1961,0,1961,11,321
era5,8/18/1961,0,1961,11,322
era5,8/19/1961,0,1961,11,323
era5,8/20/1961,0,1961,11,324
era5,8/21/1961,0,1961,11,325
era5,8/22/1961,0,1961,11,326
era5,8/23/1961,0,1961,11,327
era5,8/24/1961,0,1961,11,328
era5,8/25/1961,0,1961,11,329
era5,8/26/1961,0,1961,11,330
era5,8/27/1961,0,1961,11,331
era5,8/28/1961,0,1961,11,332
era5,8/29/1961,0,1961,11,333
era5,8/30/1961,0,1961,11,334
era5,8/31/1961,0,1961,11,335
era5,9/1/1961,0,1961,12,336
era5,9/2/1961,0,1961,12,337
era5,9/3/1961,0,1961,12,338
era5,9/4/1961,0,1961,12,339
era5,9/5/1961,0,1961,12,340
era5,9/6/1961,0,1961,12,341
era5,9/7/1961,0,1961,12,342
era5,9/8/1961,5.37E-06,1961,12,343
era5,9/9/1961,0.036552974,1961,12,344
era5,9/10/1961,0,1961,12,345
era5,9/11/1961,0,1961,12,346
era5,9/12/1961,0,1961,12,347
era5,9/13/1961,0,1961,12,348
era5,9/14/1961,0,1961,12,349
era5,9/15/1961,0,1961,12,350
era5,9/16/1961,0,1961,12,351
era5,9/17/1961,0.009899665,1961,12,352
era5,9/18/1961,0,1961,12,353
era5,9/19/1961,0,1961,12,354
era5,9/20/1961,0,1961,12,355
era5,9/21/1961,0,1961,12,356
era5,9/22/1961,0,1961,12,357
era5,9/23/1961,0,1961,12,358
era5,9/24/1961,0,1961,12,359
era5,9/25/1961,0,1961,12,360
era5,9/26/1961,0,1961,12,361
era5,9/27/1961,0,1961,12,362
era5,9/28/1961,0,1961,12,363
era5,9/29/1961,0,1961,12,364
era5,9/30/1961,0,1961,12,365
era5,10/1/1961,0,1962,1,1
era5,10/2/1961,0,1962,1,2
era5,10/3/1961,0,1962,1,3
era5,10/4/1961,0,1962,1,4
era5,10/5/1961,0,1962,1,5
era5,10/6/1961,0,1962,1,6
era5,10/7/1961,0,1962,1,7
era5,10/8/1961,1.163398928,1962,1,8
era5,10/9/1961,2.107026609,1962,1,9
era5,10/10/1961,1.299153832,1962,1,10
era5,10/11/1961,1.069649182,1962,1,11
era5,10/12/1961,0.673983156,1962,1,12
era5,10/13/1961,0.265825181,1962,1,13
era5,10/14/1961,0.054303079,1962,1,14
era5,10/15/1961,0,1962,1,15
era5,10/16/1961,0,1962,1,16
era5,10/17/1961,0,1962,1,17
era5,10/18/1961,0,1962,1,18
era5,10/19/1961,0,1962,1,19
era5,10/20/1961,0.097467076,1962,1,20
era5,10/21/1961,3.555155992,1962,1,21
era5,10/22/1961,5.470833197,1962,1,22
era5,10/23/1961,5.058012703,1962,1,23
era5,10/24/1961,4.397902194,1962,1,24
era5,10/25/1961,2.953111971,1962,1,25
era5,10/26/1961,2.149259333,1962,1,26
era5,10/27/1961,2.892230773,1962,1,27
era5,10/28/1961,5.820266988,1962,1,28
era5,10/29/1961,7.597684649,1962,1,29
era5,10/30/1961,10.12379343,1962,1,30
era5,10/31/1961,11.91874031,1962,1,31
era5,11/1/1961,13.03619393,1962,2,32
era5,11/2/1961,11.76817805,1962,2,33
era5,11/3/1961,10.12907424,1962,2,34
era5,11/4/1961,8.308334014,1962,2,35
era5,11/5/1961,6.819428518,1962,2,36
era5,11/6/1961,5.583129288,1962,2,37
era5,11/7/1961,4.400757176,1962,2,38
era5,11/8/1961,3.721114471,1962,2,39
era5,11/9/1961,3.302997365,1962,2,40
era5,11/10/1961,3.147953647,1962,2,41
era5,11/11/1961,3.057883091,1962,2,42
era5,11/12/1961,3.057756306,1962,2,43
era5,11/13/1961,3.054258397,1962,2,44
era5,11/14/1961,3.033748853,1962,2,45
era5,11/15/1961,2.992135271,1962,2,46
era5,11/16/1961,3.096133892,1962,2,47
era5,11/17/1961,4.105513501,1962,2,48
era5,11/18/1961,4.089732321,1962,2,49
era5,11/19/1961,4.057767338,1962,2,50
era5,11/20/1961,11.72946317,1962,2,51
era5,11/21/1961,46.13327391,1962,2,52
era5,11/22/1961,48.83316153,1962,2,53
era5,11/23/1961,49.10531365,1962,2,54
era5,11/24/1961,48.4236965,1962,2,55
era5,11/25/1961,52.36345632,1962,2,56
era5,11/26/1961,80.19253797,1962,2,57
era5,11/27/1961,87.42309068,1962,2,58
era5,11/28/1961,86.17635788,1962,2,59
era5,11/29/1961,84.61724791,1962,2,60
era5,11/30/1961,117.258684,1962,2,61
era5,12/1/1961,153.7960032,1962,3,62
era5,12/2/1961,216.0828767,1962,3,63
era5,12/3/1961,241.6576434,1962,3,64
era5,12/4/1961,243.4401143,1962,3,65
era5,12/5/1961,243.2457589,1962,3,66
era5,12/6/1961,242.5630631,1962,3,67
era5,12/7/1961,241.9316652,1962,3,68
era5,12/8/1961,241.6745831,1962,3,69
era5,12/9/1961,241.600489,1962,3,70
era5,12/10/1961,242.2622717,1962,3,71
era5,12/11/1961,244.8683797,1962,3,72
era5,12/12/1961,244.9921581,1962,3,73
era5,12/13/1961,244.9697741,1962,3,74
era5,12/14/1961,248.0069542,1962,3,75
era5,12/15/1961,250.8905549,1962,3,76
era5,12/16/1961,251.2160068,1962,3,77
era5,12/17/1961,251.3854226,1962,3,78
era5,12/18/1961,252.5970506,1962,3,79
era5,12/19/1961,257.9940176,1962,3,80
era5,12/20/1961,260.3991204,1962,3,81
era5,12/21/1961,259.5396653,1962,3,82
era5,12/22/1961,258.4931806,1962,3,83
era5,12/23/1961,257.0131069,1962,3,84
era5,12/24/1961,255.0702128,1962,3,85
era5,12/25/1961,253.5556882,1962,3,86
era5,12/26/1961,252.5324897,1962,3,87
era5,12/27/1961,252.1133928,1962,3,88
era5,12/28/1961,251.6876939,1962,3,89
era5,12/29/1961,250.8758034,1962,3,90
era5,12/30/1961,249.3084375,1962,3,91
era5,12/31/1961,247.6712198,1962,3,92
era5,1/1/1962,246.5347928,1962,4,93
era5,1/2/1962,246.2637068,1962,4,94
era5,1/3/1962,245.1679512,1962,4,95
era5,1/4/1962,243.5430462,1962,4,96
era5,1/5/1962,241.6813817,1962,4,97
era5,1/6/1962,238.9876277,1962,4,98
era5,1/7/1962,232.5218269,1962,4,99
era5,1/8/1962,226.0069456,1962,4,100
era5,1/9/1962,221.7241014,1962,4,101
era5,1/10/1962,219.2022499,1962,4,102
era5,1/11/1962,218.6236194,1962,4,103
era5,1/12/1962,218.2954726,1962,4,104
era5,1/13/1962,220.7959905,1962,4,105
era5,1/14/1962,222.4197968,1962,4,106
era5,1/15/1962,222.0870594,1962,4,107
era5,1/16/1962,221.5220809,1962,4,108
era5,1/17/1962,221.1338317,1962,4,109
era5,1/18/1962,220.8140347,1962,4,110
era5,1/19/1962,223.2844241,1962,4,111
era5,1/20/1962,298.5837944,1962,4,112
era5,1/21/1962,345.5403665,1962,4,113
era5,1/22/1962,353.6183553,1962,4,114
era5,1/23/1962,356.6731724,1962,4,115
era5,1/24/1962,357.0186882,1962,4,116
era5,1/25/1962,356.9462118,1962,4,117
era5,1/26/1962,356.8794694,1962,4,118
era5,1/27/1962,356.6411771,1962,4,119
era5,1/28/1962,355.5737109,1962,4,120
era5,1/29/1962,353.2924388,1962,4,121
era5,1/30/1962,350.5963553,1962,4,122
era5,1/31/1962,347.2870385,1962,4,123
era5,2/1/1962,344.0567224,1962,5,124
era5,2/2/1962,340.3662682,1962,5,125
era5,2/3/1962,336.7057734,1962,5,126
era5,2/4/1962,333.6601241,1962,5,127
era5,2/5/1962,330.8614785,1962,5,128
era5,2/6/1962,328.3841568,1962,5,129
era5,2/7/1962,330.8530328,1962,5,130
era5,2/8/1962,364.7509572,1962,5,131
era5,2/9/1962,442.0376794,1962,5,132
era5,2/10/1962,544.6080344,1962,5,133
era5,2/11/1962,606.7809637,1962,5,134
era5,2/12/1962,642.6032662,1962,5,135
era5,2/13/1962,653.8375969,1962,5,136
era5,2/14/1962,685.5814751,1962,5,137
era5,2/15/1962,722.2810394,1962,5,138
era5,2/16/1962,782.426049,1962,5,139
era5,2/17/1962,800.52357,1962,5,140
era5,2/18/1962,802.4258007,1962,5,141
era5,2/19/1962,813.7520426,1962,5,142
era5,2/20/1962,827.6022691,1962,5,143
era5,2/21/1962,830.5300724,1962,5,144
era5,2/22/1962,831.6025876,1962,5,145
era5,2/23/1962,831.2089553,1962,5,146
era5,2/24/1962,833.8340382,1962,5,147
era5,2/25/1962,840.261705,1962,5,148
era5,2/26/1962,844.0547771,1962,5,149
era5,2/27/1962,845.4973368,1962,5,150
era5,2/28/1962,845.2211856,1962,5,151
era5,3/1/1962,845.4036262,1962,6,152
era5,3/2/1962,864.1247368,1962,6,153
era5,3/3/1962,891.74798,1962,6,154
era5,3/4/1962,892.8094885,1962,6,155
era5,3/5/1962,892.7304471,1962,6,156
era5,3/6/1962,938.1040006,1962,6,157
era5,3/7/1962,997.7104791,1962,6,158
era5,3/8/1962,1006.37488,1962,6,159
era5,3/9/1962,1009.667896,1962,6,160
era5,3/10/1962,1017.775322,1962,6,161
era5,3/11/1962,1027.242865,1962,6,162
era5,3/12/1962,1033.665849,1962,6,163
era5,3/13/1962,1033.814088,1962,6,164
era5,3/14/1962,1033.352532,1962,6,165
era5,3/15/1962,1032.663704,1962,6,166
era5,3/16/1962,1037.706355,1962,6,167
era5,3/17/1962,1046.562678,1962,6,168
era5,3/18/1962,1048.69445,1962,6,169
era5,3/19/1962,1048.906847,1962,6,170
era5,3/20/1962,1053.771804,1962,6,171
era5,3/21/1962,1059.494983,1962,6,172
era5,3/22/1962,1063.201139,1962,6,173
era5,3/23/1962,1091.808161,1962,6,174
era5,3/24/1962,1094.104547,1962,6,175
era5,3/25/1962,1093.064612,1962,6,176
era5,3/26/1962,1089.251925,1962,6,177
era5,3/27/1962,1083.41179,1962,6,178
era5,3/28/1962,1077.499132,1962,6,179
era5,3/29/1962,1073.062101,1962,6,180
era5,3/30/1962,1069.374144,1962,6,181
era5,3/31/1962,1064.562336,1962,6,182
era5,4/1/1962,1058.613215,1962,7,183
era5,4/2/1962,1051.559171,1962,7,184
era5,4/3/1962,1043.699384,1962,7,185
era5,4/4/1962,1034.558762,1962,7,186
era5,4/5/1962,1023.535285,1962,7,187
era5,4/6/1962,1010.604261,1962,7,188
era5,4/7/1962,996.5154112,1962,7,189
era5,4/8/1962,980.7668346,1962,7,190
era5,4/9/1962,965.2246651,1962,7,191
era5,4/10/1962,951.5410272,1962,7,192
era5,4/11/1962,940.457179,1962,7,193
era5,4/12/1962,926.73009,1962,7,194
era5,4/13/1962,910.7027535,1962,7,195
era5,4/14/1962,891.6838124,1962,7,196
era5,4/15/1962,872.3531704,1962,7,197
era5,4/16/1962,856.6292606,1962,7,198
era5,4/17/1962,841.9532024,1962,7,199
era5,4/18/1962,823.7176547,1962,7,200
era5,4/19/1962,804.0067341,1962,7,201
era5,4/20/1962,799.1864485,1962,7,202
era5,4/21/1962,794.5718926,1962,7,203
era5,4/22/1962,782.9571821,1962,7,204
era5,4/23/1962,768.2710225,1962,7,205
era5,4/24/1962,751.6261032,1962,7,206
era5,4/25/1962,740.0795012,1962,7,207
era5,4/26/1962,731.9728421,1962,7,208
era5,4/27/1962,724.4200306,1962,7,209
era5,4/28/1962,726.5154911,1962,7,210
era5,4/29/1962,723.7298663,1962,7,211
era5,4/30/1962,720.9341617,1962,7,212
era5,5/1/1962,715.4317979,1962,8,213
era5,5/2/1962,705.9395274,1962,8,214
era5,5/3/1962,692.6694126,1962,8,215
era5,5/4/1962,676.0726599,1962,8,216
era5,5/5/1962,658.7055837,1962,8,217
era5,5/6/1962,641.9325585,1962,8,218
era5,5/7/1962,626.68231,1962,8,219
era5,5/8/1962,610.7144305,1962,8,220
era5,5/9/1962,596.3648264,1962,8,221
era5,5/10/1962,585.2942247,1962,8,222
era5,5/11/1962,578.2474274,1962,8,223
era5,5/12/1962,573.2065643,1962,8,224
era5,5/13/1962,573.4807835,1962,8,225
era5,5/14/1962,576.5715159,1962,8,226
era5,5/15/1962,585.7780451,1962,8,227
era5,5/16/1962,589.8603549,1962,8,228
era5,5/17/1962,591.5332376,1962,8,229
era5,5/18/1962,585.6115599,1962,8,230
era5,5/19/1962,579.8440615,1962,8,231
era5,5/20/1962,576.2571619,1962,8,232
era5,5/21/1962,573.8776207,1962,8,233
era5,5/22/1962,567.8603845,1962,8,234
era5,5/23/1962,558.4956876,1962,8,235
era5,5/24/1962,553.8354209,1962,8,236
era5,5/25/1962,549.74064,1962,8,237
era5,5/26/1962,545.8884536,1962,8,238
era5,5/27/1962,552.9991694,1962,8,239
era5,5/28/1962,551.9491387,1962,8,240
era5,5/29/1962,542.6490419,1962,8,241
era5,5/30/1962,532.8373012,1962,8,242
era5,5/31/1962,521.6670622,1962,8,243
era5,6/1/1962,508.1141289,1962,9,244
era5,6/2/1962,491.2135748,1962,9,245
era5,6/3/1962,475.0700185,1962,9,246
era5,6/4/1962,465.3383737,1962,9,247
era5,6/5/1962,456.4815055,1962,9,248
era5,6/6/1962,444.5726419,1962,9,249
era5,6/7/1962,429.2045588,1962,9,250
era5,6/8/1962,412.7649603,1962,9,251
era5,6/9/1962,396.2192692,1962,9,252
era5,6/10/1962,380.9391376,1962,9,253
era5,6/11/1962,366.9884485,1962,9,254
era5,6/12/1962,354.3173735,1962,9,255
era5,6/13/1962,342.2070426,1962,9,256
era5,6/14/1962,332.1038124,1962,9,257
era5,6/15/1962,331.1104087,1962,9,258
era5,6/16/1962,326.1562817,1962,9,259
era5,6/17/1962,313.6109606,1962,9,260
era5,6/18/1962,299.3718227,1962,9,261
era5,6/19/1962,284.6722451,1962,9,262
era5,6/20/1962,271.6945487,1962,9,263
era5,6/21/1962,261.2340785,1962,9,264
era5,6/22/1962,251.2401576,1962,9,265
era5,6/23/1962,241.9804994,1962,9,266
era5,6/24/1962,232.1784374,1962,9,267
era5,6/25/1962,221.01773,1962,9,268
era5,6/26/1962,209.6562859,1962,9,269
era5,6/27/1962,198.9594215,1962,9,270
era5,6/28/1962,188.541465,1962,9,271
era5,6/29/1962,175.3291154,1962,9,272
era5,6/30/1962,163.0542764,1962,9,273
era5,7/1/1962,153.402998,1962,10,274
era5,7/2/1962,144.303522,1962,10,275
era5,7/3/1962,134.8540869,1962,10,276
era5,7/4/1962,126.29227,1962,10,277
era5,7/5/1962,116.4977481,1962,10,278
era5,7/6/1962,107.6936543,1962,10,279
era5,7/7/1962,99.91956989,1962,10,280
era5,7/8/1962,92.80928065,1962,10,281
era5,7/9/1962,87.802945,1962,10,282
era5,7/10/1962,84.33969206,1962,10,283
era5,7/11/1962,80.68281559,1962,10,284
era5,7/12/1962,76.54978234,1962,10,285
era5,7/13/1962,74.13913941,1962,10,286
era5,7/14/1962,70.63524488,1962,10,287
era5,7/15/1962,66.73588853,1962,10,288
era5,7/16/1962,62.52395853,1962,10,289
era5,7/17/1962,57.99318426,1962,10,290
era5,7/18/1962,53.979075,1962,10,291
era5,7/19/1962,50.914795,1962,10,292
era5,7/20/1962,48.17011618,1962,10,293
era5,7/21/1962,45.098485,1962,10,294
era5,7/22/1962,41.06329294,1962,10,295
era5,7/23/1962,36.86711159,1962,10,296
era5,7/24/1962,32.79452741,1962,10,297
era5,7/25/1962,28.67810324,1962,10,298
era5,7/26/1962,24.79045048,1962,10,299
era5,7/27/1962,21.82794882,1962,10,300
era5,7/28/1962,18.77108341,1962,10,301
era5,7/29/1962,16.09447618,1962,10,302
era5,7/30/1962,13.71177279,1962,10,303
era5,7/31/1962,11.24056465,1962,10,304
era5,8/1/1962,8.531023706,1962,11,305
era5,8/2/1962,6.452809853,1962,11,306
era5,8/3/1962,4.903196324,1962,11,307
era5,8/4/1962,3.614565647,1962,11,308
era5,8/5/1962,2.327249088,1962,11,309
era5,8/6/1962,1.091422206,1962,11,310
era5,8/7/1962,0.096884375,1962,11,311
era5,8/8/1962,0,1962,11,312
era5,8/9/1962,0,1962,11,313
era5,8/10/1962,0,1962,11,314
era5,8/11/1962,0,1962,11,315
era5,8/12/1962,0,1962,11,316
era5,8/13/1962,0,1962,11,317
era5,8/14/1962,0,1962,11,318
era5,8/15/1962,0,1962,11,319
era5,8/16/1962,0,1962,11,320
era5,8/17/1962,0,1962,11,321
era5,8/18/1962,0,1962,11,322
era5,8/19/1962,0,1962,11,323
era5,8/20/1962,0,1962,11,324
era5,8/21/1962,0,1962,11,325
era5,8/22/1962,0,1962,11,326
era5,8/23/1962,0,1962,11,327
era5,8/24/1962,0,1962,11,328
era5,8/25/1962,0,1962,11,329
era5,8/26/1962,0,1962,11,330
era5,8/27/1962,0,1962,11,331
era5,8/28/1962,0,1962,11,332
era5,8/29/1962,0,1962,11,333
era5,8/30/1962,0,1962,11,334
era5,8/31/1962,0,1962,11,335
era5,9/1/1962,0,1962,12,336
era5,9/2/1962,0,1962,12,337
era5,9/3/1962,0,1962,12,338
era5,9/4/1962,0,1962,12,339
era5,9/5/1962,0,1962,12,340
era5,9/6/1962,0,1962,12,341
era5,9/7/1962,0,1962,12,342
era5,9/8/1962,0,1962,12,343
era5,9/9/1962,0,1962,12,344
era5,9/10/1962,0,1962,12,345
era5,9/11/1962,0,1962,12,346
era5,9/12/1962,0,1962,12,347
era5,9/13/1962,0,1962,12,348
era5,9/14/1962,0,1962,12,349
era5,9/15/1962,0,1962,12,350
era5,9/16/1962,0,1962,12,351
era5,9/17/1962,0,1962,12,352
era5,9/18/1962,0,1962,12,353
era5,9/19/1962,0,1962,12,354
era5,9/20/1962,0,1962,12,355
era5,9/21/1962,0,1962,12,356
era5,9/22/1962,0,1962,12,357
era5,9/23/1962,0,1962,12,358
era5,9/24/1962,0,1962,12,359
era5,9/25/1962,0,1962,12,360
era5,9/26/1962,0,1962,12,361
era5,9/27/1962,0,1962,12,362
era5,9/28/1962,0,1962,12,363
era5,9/29/1962,0,1962,12,364
era5,9/30/1962,0,1962,12,365
era5,10/1/1962,0,1963,1,1
era5,10/2/1962,0,1963,1,2
era5,10/3/1962,0,1963,1,3
era5,10/4/1962,0.005537908,1963,1,4
era5,10/5/1962,0.407706118,1963,1,5
era5,10/6/1962,0.273083682,1963,1,6
era5,10/7/1962,0.0964709,1963,1,7
era5,10/8/1962,0,1963,1,8
era5,10/9/1962,0,1963,1,9
era5,10/10/1962,0,1963,1,10
era5,10/11/1962,0.037577887,1963,1,11
era5,10/12/1962,0.393261916,1963,1,12
era5,10/13/1962,4.543000734,1963,1,13
era5,10/14/1962,19.0758804,1963,1,14
era5,10/15/1962,27.12644525,1963,1,15
era5,10/16/1962,26.14552345,1963,1,16
era5,10/17/1962,25.16050368,1963,1,17
era5,10/18/1962,23.28011111,1963,1,18
era5,10/19/1962,21.25209301,1963,1,19
era5,10/20/1962,18.9815508,1963,1,20
era5,10/21/1962,16.43584257,1963,1,21
era5,10/22/1962,13.55887061,1963,1,22
era5,10/23/1962,10.74859007,1963,1,23
era5,10/24/1962,8.085154685,1963,1,24
era5,10/25/1962,6.129755226,1963,1,25
era5,10/26/1962,4.77191856,1963,1,26
era5,10/27/1962,3.750610541,1963,1,27
era5,10/28/1962,3.134882765,1963,1,28
era5,10/29/1962,2.801758556,1963,1,29
era5,10/30/1962,2.475016885,1963,1,30
era5,10/31/1962,2.275096324,1963,1,31
era5,11/1/1962,2.118417471,1963,2,32
era5,11/2/1962,1.989067059,1963,2,33
era5,11/3/1962,1.923158882,1963,2,34
era5,11/4/1962,1.829539088,1963,2,35
era5,11/5/1962,1.776399941,1963,2,36
era5,11/6/1962,1.755018294,1963,2,37
era5,11/7/1962,1.7496755,1963,2,38
era5,11/8/1962,1.689215824,1963,2,39
era5,11/9/1962,1.605384265,1963,2,40
era5,11/10/1962,1.551745134,1963,2,41
era5,11/11/1962,1.552044676,1963,2,42
era5,11/12/1962,1.524124206,1963,2,43
era5,11/13/1962,1.485992147,1963,2,44
era5,11/14/1962,3.7900845,1963,2,45
era5,11/15/1962,7.16762517,1963,2,46
era5,11/16/1962,7.157363979,1963,2,47
era5,11/17/1962,7.153818235,1963,2,48
era5,11/18/1962,7.049400541,1963,2,49
era5,11/19/1962,6.899759604,1963,2,50
era5,11/20/1962,5.858894341,1963,2,51
era5,11/21/1962,4.63963676,1963,2,52
era5,11/22/1962,3.697276259,1963,2,53
era5,11/23/1962,3.13194572,1963,2,54
era5,11/24/1962,2.965048648,1963,2,55
era5,11/25/1962,2.864146194,1963,2,56
era5,11/26/1962,2.844133953,1963,2,57
era5,11/27/1962,5.48203588,1963,2,58
era5,11/28/1962,7.681670668,1963,2,59
era5,11/29/1962,10.2832869,1963,2,60
era5,11/30/1962,10.24800367,1963,2,61
era5,12/1/1962,9.741840691,1963,3,62
era5,12/2/1962,9.525736751,1963,3,63
era5,12/3/1962,10.60279489,1963,3,64
era5,12/4/1962,11.5535473,1963,3,65
era5,12/5/1962,10.76248532,1963,3,66
era5,12/6/1962,9.687798271,1963,3,67
era5,12/7/1962,8.237150376,1963,3,68
era5,12/8/1962,6.896789591,1963,3,69
era5,12/9/1962,6.028191094,1963,3,70
era5,12/10/1962,5.483385946,1963,3,71
era5,12/11/1962,5.217739624,1963,3,72
era5,12/12/1962,5.030033541,1963,3,73
era5,12/13/1962,4.933539575,1963,3,74
era5,12/14/1962,4.906904297,1963,3,75
era5,12/15/1962,4.855587385,1963,3,76
era5,12/16/1962,5.012829545,1963,3,77
era5,12/17/1962,8.606502207,1963,3,78
era5,12/18/1962,13.87184885,1963,3,79
era5,12/19/1962,14.37391383,1963,3,80
era5,12/20/1962,14.23887312,1963,3,81
era5,12/21/1962,13.94419004,1963,3,82
era5,12/22/1962,13.76113291,1963,3,83
era5,12/23/1962,13.49077599,1963,3,84
era5,12/24/1962,13.40773108,1963,3,85
era5,12/25/1962,13.43820607,1963,3,86
era5,12/26/1962,13.4364303,1963,3,87
era5,12/27/1962,13.4137556,1963,3,88
era5,12/28/1962,13.25206594,1963,3,89
era5,12/29/1962,13.07318666,1963,3,90
era5,12/30/1962,12.8890148,1963,3,91
era5,12/31/1962,12.79414181,1963,3,92
era5,1/1/1963,12.39920357,1963,4,93
era5,1/2/1963,11.81229306,1963,4,94
era5,1/3/1963,11.76459878,1963,4,95
era5,1/4/1963,11.64453339,1963,4,96
era5,1/5/1963,12.05642525,1963,4,97
era5,1/6/1963,12.00300463,1963,4,98
era5,1/7/1963,11.78060398,1963,4,99
era5,1/8/1963,11.42533548,1963,4,100
era5,1/9/1963,11.21477417,1963,4,101
era5,1/10/1963,11.17264573,1963,4,102
era5,1/11/1963,11.17589822,1963,4,103
era5,1/12/1963,11.1883135,1963,4,104
era5,1/13/1963,11.18682079,1963,4,105
era5,1/14/1963,11.18371644,1963,4,106
era5,1/15/1963,11.1667682,1963,4,107
era5,1/16/1963,11.09702584,1963,4,108
era5,1/17/1963,11.02790962,1963,4,109
era5,1/18/1963,10.96997767,1963,4,110
era5,1/19/1963,10.92883113,1963,4,111
era5,1/20/1963,10.90461683,1963,4,112
era5,1/21/1963,10.66117991,1963,4,113
era5,1/22/1963,10.17258194,1963,4,114
era5,1/23/1963,9.67466214,1963,4,115
era5,1/24/1963,9.271274881,1963,4,116
era5,1/25/1963,9.232723882,1963,4,117
era5,1/26/1963,9.230650335,1963,4,118
era5,1/27/1963,9.228658456,1963,4,119
era5,1/28/1963,9.237596075,1963,4,120
era5,1/29/1963,10.05842732,1963,4,121
era5,1/30/1963,32.72812999,1963,4,122
era5,1/31/1963,133.3441026,1963,4,123
era5,2/1/1963,203.2668989,1963,5,124
era5,2/2/1963,232.4686545,1963,5,125
era5,2/3/1963,233.1109536,1963,5,126
era5,2/4/1963,227.7613476,1963,5,127
era5,2/5/1963,222.7527842,1963,5,128
era5,2/6/1963,219.2966811,1963,5,129
era5,2/7/1963,216.2867576,1963,5,130
era5,2/8/1963,213.4679411,1963,5,131
era5,2/9/1963,213.2098165,1963,5,132
era5,2/10/1963,232.5098351,1963,5,133
era5,2/11/1963,242.0732892,1963,5,134
era5,2/12/1963,243.0724653,1963,5,135
era5,2/13/1963,249.0154317,1963,5,136
era5,2/14/1963,252.1669875,1963,5,137
era5,2/15/1963,251.712574,1963,5,138
era5,2/16/1963,251.2246371,1963,5,139
era5,2/17/1963,251.4860441,1963,5,140
era5,2/18/1963,251.1652548,1963,5,141
era5,2/19/1963,249.8312002,1963,5,142
era5,2/20/1963,247.8646349,1963,5,143
era5,2/21/1963,245.6367477,1963,5,144
era5,2/22/1963,243.9464927,1963,5,145
era5,2/23/1963,242.7460408,1963,5,146
era5,2/24/1963,241.536989,1963,5,147
era5,2/25/1963,239.4173289,1963,5,148
era5,2/26/1963,236.2237382,1963,5,149
era5,2/27/1963,232.7425541,1963,5,150
era5,2/28/1963,230.2797994,1963,5,151
era5,3/1/1963,227.5015523,1963,6,152
era5,3/2/1963,225.2243447,1963,6,153
era5,3/3/1963,225.9773072,1963,6,154
era5,3/4/1963,226.7962068,1963,6,155
era5,3/5/1963,226.7480802,1963,6,156
era5,3/6/1963,226.8823708,1963,6,157
era5,3/7/1963,227.0872031,1963,6,158
era5,3/8/1963,227.9294775,1963,6,159
era5,3/9/1963,229.210056,1963,6,160
era5,3/10/1963,230.9756017,1963,6,161
era5,3/11/1963,230.8369302,1963,6,162
era5,3/12/1963,230.6953386,1963,6,163
era5,3/13/1963,230.6789658,1963,6,164
era5,3/14/1963,230.6706228,1963,6,165
era5,3/15/1963,247.0916481,1963,6,166
era5,3/16/1963,256.0851539,1963,6,167
era5,3/17/1963,287.9453614,1963,6,168
era5,3/18/1963,300.8450597,1963,6,169
era5,3/19/1963,301.5153968,1963,6,170
era5,3/20/1963,301.1698487,1963,6,171
era5,3/21/1963,297.8896329,1963,6,172
era5,3/22/1963,292.9891293,1963,6,173
era5,3/23/1963,306.6923113,1963,6,174
era5,3/24/1963,318.1493071,1963,6,175
era5,3/25/1963,317.4331751,1963,6,176
era5,3/26/1963,313.7765674,1963,6,177
era5,3/27/1963,313.7303845,1963,6,178
era5,3/28/1963,380.9454125,1963,6,179
era5,3/29/1963,411.6845836,1963,6,180
era5,3/30/1963,412.8993146,1963,6,181
era5,3/31/1963,410.0753988,1963,6,182
era5,4/1/1963,413.1996757,1963,7,183
era5,4/2/1963,419.481797,1963,7,184
era5,4/3/1963,419.0544404,1963,7,185
era5,4/4/1963,414.9832975,1963,7,186
era5,4/5/1963,409.0363183,1963,7,187
era5,4/6/1963,411.1833787,1963,7,188
era5,4/7/1963,438.6524953,1963,7,189
era5,4/8/1963,465.1933344,1963,7,190
era5,4/9/1963,470.5097924,1963,7,191
era5,4/10/1963,479.6897086,1963,7,192
era5,4/11/1963,486.8103783,1963,7,193
era5,4/12/1963,484.9446678,1963,7,194
era5,4/13/1963,478.6227249,1963,7,195
era5,4/14/1963,477.8150825,1963,7,196
era5,4/15/1963,527.7205307,1963,7,197
era5,4/16/1963,543.1462114,1963,7,198
era5,4/17/1963,547.6870501,1963,7,199
era5,4/18/1963,550.0857525,1963,7,200
era5,4/19/1963,551.7207984,1963,7,201
era5,4/20/1963,563.5451511,1963,7,202
era5,4/21/1963,589.6586101,1963,7,203
era5,4/22/1963,596.1988892,1963,7,204
era5,4/23/1963,596.0240477,1963,7,205
era5,4/24/1963,592.4802463,1963,7,206
era5,4/25/1963,587.5736898,1963,7,207
era5,4/26/1963,595.5550689,1963,7,208
era5,4/27/1963,606.4048686,1963,7,209
era5,4/28/1963,605.1088337,1963,7,210
era5,4/29/1963,597.9545504,1963,7,211
era5,4/30/1963,588.973114,1963,7,212
era5,5/1/1963,579.3845303,1963,8,213
era5,5/2/1963,568.6191412,1963,8,214
era5,5/3/1963,556.5287871,1963,8,215
era5,5/4/1963,544.8031967,1963,8,216
era5,5/5/1963,532.5396171,1963,8,217
era5,5/6/1963,519.2127274,1963,8,218
era5,5/7/1963,504.8064541,1963,8,219
era5,5/8/1963,493.0970991,1963,8,220
era5,5/9/1963,496.9554891,1963,8,221
era5,5/10/1963,497.4402749,1963,8,222
era5,5/11/1963,508.9903874,1963,8,223
era5,5/12/1963,514.4780678,1963,8,224
era5,5/13/1963,511.1606517,1963,8,225
era5,5/14/1963,504.715186,1963,8,226
era5,5/15/1963,498.7891665,1963,8,227
era5,5/16/1963,486.9215671,1963,8,228
era5,5/17/1963,469.9761501,1963,8,229
era5,5/18/1963,450.7331814,1963,8,230
era5,5/19/1963,432.1146171,1963,8,231
era5,5/20/1963,412.9190407,1963,8,232
era5,5/21/1963,395.6944346,1963,8,233
era5,5/22/1963,380.7653802,1963,8,234
era5,5/23/1963,366.7084141,1963,8,235
era5,5/24/1963,354.1887242,1963,8,236
era5,5/25/1963,344.6425845,1963,8,237
era5,5/26/1963,334.738414,1963,8,238
era5,5/27/1963,324.1789087,1963,8,239
era5,5/28/1963,312.3137579,1963,8,240
era5,5/29/1963,302.3384389,1963,8,241
era5,5/30/1963,291.9508069,1963,8,242
era5,5/31/1963,280.3393981,1963,8,243
era5,6/1/1963,269.7238993,1963,9,244
era5,6/2/1963,257.7964857,1963,9,245
era5,6/3/1963,246.4037604,1963,9,246
era5,6/4/1963,236.464897,1963,9,247
era5,6/5/1963,227.9218603,1963,9,248
era5,6/6/1963,219.4072979,1963,9,249
era5,6/7/1963,218.0729886,1963,9,250
era5,6/8/1963,216.1437796,1963,9,251
era5,6/9/1963,211.2808463,1963,9,252
era5,6/10/1963,205.5843037,1963,9,253
era5,6/11/1963,206.9512863,1963,9,254
era5,6/12/1963,207.5085818,1963,9,255
era5,6/13/1963,204.6183912,1963,9,256
era5,6/14/1963,201.828496,1963,9,257
era5,6/15/1963,193.5706264,1963,9,258
era5,6/16/1963,183.2173005,1963,9,259
era5,6/17/1963,174.0958233,1963,9,260
era5,6/18/1963,166.0700368,1963,9,261
era5,6/19/1963,157.4413893,1963,9,262
era5,6/20/1963,149.3876605,1963,9,263
era5,6/21/1963,142.0639009,1963,9,264
era5,6/22/1963,136.0667729,1963,9,265
era5,6/23/1963,130.6111785,1963,9,266
era5,6/24/1963,127.6679867,1963,9,267
era5,6/25/1963,122.1386979,1963,9,268
era5,6/26/1963,115.4722813,1963,9,269
era5,6/27/1963,110.0866374,1963,9,270
era5,6/28/1963,105.4854111,1963,9,271
era5,6/29/1963,102.3762924,1963,9,272
era5,6/30/1963,98.50596309,1963,9,273
era5,7/1/1963,93.12454609,1963,10,274
era5,7/2/1963,86.5591925,1963,10,275
era5,7/3/1963,81.90981318,1963,10,276
era5,7/4/1963,78.02271424,1963,10,277
era5,7/5/1963,74.41895259,1963,10,278
era5,7/6/1963,70.53134859,1963,10,279
era5,7/7/1963,66.63677438,1963,10,280
era5,7/8/1963,62.85599647,1963,10,281
era5,7/9/1963,58.78183235,1963,10,282
era5,7/10/1963,54.75207491,1963,10,283
era5,7/11/1963,51.64419029,1963,10,284
era5,7/12/1963,48.74044294,1963,10,285
era5,7/13/1963,46.32876559,1963,10,286
era5,7/14/1963,43.57681235,1963,10,287
era5,7/15/1963,41.25165176,1963,10,288
era5,7/16/1963,38.88780206,1963,10,289
era5,7/17/1963,36.63624412,1963,10,290
era5,7/18/1963,34.54167118,1963,10,291
era5,7/19/1963,32.02047059,1963,10,292
era5,7/20/1963,28.662095,1963,10,293
era5,7/21/1963,25.12019647,1963,10,294
era5,7/22/1963,21.75628824,1963,10,295
era5,7/23/1963,18.60017794,1963,10,296
era5,7/24/1963,15.23065176,1963,10,297
era5,7/25/1963,11.81837029,1963,10,298
era5,7/26/1963,8.616794647,1963,10,299
era5,7/27/1963,5.688807882,1963,10,300
era5,7/28/1963,3.086198588,1963,10,301
era5,7/29/1963,1.648414618,1963,10,302
era5,7/30/1963,0.673466912,1963,10,303
era5,7/31/1963,0.00255784,1963,10,304
era5,8/1/1963,0,1963,11,305
era5,8/2/1963,0,1963,11,306
era5,8/3/1963,0,1963,11,307
era5,8/4/1963,0,1963,11,308
era5,8/5/1963,0,1963,11,309
era5,8/6/1963,0,1963,11,310
era5,8/7/1963,0,1963,11,311
era5,8/8/1963,0,1963,11,312
era5,8/9/1963,0,1963,11,313
era5,8/10/1963,0,1963,11,314
era5,8/11/1963,0,1963,11,315
era5,8/12/1963,0,1963,11,316
era5,8/13/1963,0,1963,11,317
era5,8/14/1963,0,1963,11,318
era5,8/15/1963,0,1963,11,319
era5,8/16/1963,0,1963,11,320
era5,8/17/1963,0,1963,11,321
era5,8/18/1963,0,1963,11,322
era5,8/19/1963,0,1963,11,323
era5,8/20/1963,0,1963,11,324
era5,8/21/1963,0,1963,11,325
era5,8/22/1963,0,1963,11,326
era5,8/23/1963,0,1963,11,327
era5,8/24/1963,0,1963,11,328
era5,8/25/1963,0,1963,11,329
era5,8/26/1963,0,1963,11,330
era5,8/27/1963,0,1963,11,331
era5,8/28/1963,0,1963,11,332
era5,8/29/1963,0,1963,11,333
era5,8/30/1963,0,1963,11,334
era5,8/31/1963,0,1963,11,335
era5,9/1/1963,0,1963,12,336
era5,9/2/1963,0,1963,12,337
era5,9/3/1963,0,1963,12,338
era5,9/4/1963,0,1963,12,339
era5,9/5/1963,0,1963,12,340
era5,9/6/1963,0,1963,12,341
era5,9/7/1963,0,1963,12,342
era5,9/8/1963,0,1963,12,343
era5,9/9/1963,0,1963,12,344
era5,9/10/1963,0,1963,12,345
era5,9/11/1963,0,1963,12,346
era5,9/12/1963,0,1963,12,347
era5,9/13/1963,1.41E-05,1963,12,348
era5,9/14/1963,0,1963,12,349
era5,9/15/1963,0,1963,12,350
era5,9/16/1963,0,1963,12,351
era5,9/17/1963,0.000371791,1963,12,352
era5,9/18/1963,0.001459835,1963,12,353
era5,9/19/1963,0.410599969,1963,12,354
era5,9/20/1963,2.277775793,1963,12,355
era5,9/21/1963,1.38774015,1963,12,356
era5,9/22/1963,0.314294471,1963,12,357
era5,9/23/1963,0.123339512,1963,12,358
era5,9/24/1963,0,1963,12,359
era5,9/25/1963,0,1963,12,360
era5,9/26/1963,0,1963,12,361
era5,9/27/1963,0,1963,12,362
era5,9/28/1963,0,1963,12,363
era5,9/29/1963,0,1963,12,364
era5,9/30/1963,0,1963,12,365
era5,10/1/1963,0,1964,1,1
era5,10/2/1963,0,1964,1,2
era5,10/3/1963,0,1964,1,3
era5,10/4/1963,0.037888891,1964,1,4
era5,10/5/1963,0.222696244,1964,1,5
era5,10/6/1963,0.207139588,1964,1,6
era5,10/7/1963,0.125713853,1964,1,7
era5,10/8/1963,0,1964,1,8
era5,10/9/1963,0.343371026,1964,1,9
era5,10/10/1963,0.284756912,1964,1,10
era5,10/11/1963,2.014671077,1964,1,11
era5,10/12/1963,5.675374504,1964,1,12
era5,10/13/1963,4.571323103,1964,1,13
era5,10/14/1963,2.721889199,1964,1,14
era5,10/15/1963,1.163517565,1964,1,15
era5,10/16/1963,0.590726309,1964,1,16
era5,10/17/1963,5.665467411,1964,1,17
era5,10/18/1963,8.757162976,1964,1,18
era5,10/19/1963,8.00776717,1964,1,19
era5,10/20/1963,6.862188247,1964,1,20
era5,10/21/1963,6.222835118,1964,1,21
era5,10/22/1963,5.42850555,1964,1,22
era5,10/23/1963,4.363300549,1964,1,23
era5,10/24/1963,3.725254176,1964,1,24
era5,10/25/1963,3.035445794,1964,1,25
era5,10/26/1963,1.9899577,1964,1,26
era5,10/27/1963,1.228288824,1964,1,27
era5,10/28/1963,0.756346453,1964,1,28
era5,10/29/1963,0.608938235,1964,1,29
era5,10/30/1963,0.569733148,1964,1,30
era5,10/31/1963,0.569190821,1964,1,31
era5,11/1/1963,0.568121073,1964,2,32
era5,11/2/1963,0.564927088,1964,2,33
era5,11/3/1963,0.677587893,1964,2,34
era5,11/4/1963,3.153807628,1964,2,35
era5,11/5/1963,8.364988093,1964,2,36
era5,11/6/1963,31.00819184,1964,2,37
era5,11/7/1963,53.32283055,1964,2,38
era5,11/8/1963,53.59399421,1964,2,39
era5,11/9/1963,49.97178055,1964,2,40
era5,11/10/1963,46.38750486,1964,2,41
era5,11/11/1963,42.1159738,1964,2,42
era5,11/12/1963,37.76346911,1964,2,43
era5,11/13/1963,33.69443168,1964,2,44
era5,11/14/1963,31.26899348,1964,2,45
era5,11/15/1963,43.36081032,1964,2,46
era5,11/16/1963,49.4196412,1964,2,47
era5,11/17/1963,49.36251912,1964,2,48
era5,11/18/1963,49.08919033,1964,2,49
era5,11/19/1963,49.01308784,1964,2,50
era5,11/20/1963,84.47766307,1964,2,51
era5,11/21/1963,102.0665427,1964,2,52
era5,11/22/1963,103.3719044,1964,2,53
era5,11/23/1963,104.9912826,1964,2,54
era5,11/24/1963,124.3433783,1964,2,55
era5,11/25/1963,125.8770537,1964,2,56
era5,11/26/1963,122.8481551,1964,2,57
era5,11/27/1963,120.2602285,1964,2,58
era5,11/28/1963,117.8723241,1964,2,59
era5,11/29/1963,115.0029765,1964,2,60
era5,11/30/1963,112.5355282,1964,2,61
era5,12/1/1963,110.0819486,1964,3,62
era5,12/2/1963,107.233677,1964,3,63
era5,12/3/1963,105.3420295,1964,3,64
era5,12/4/1963,103.6548764,1964,3,65
era5,12/5/1963,101.4086193,1964,3,66
era5,12/6/1963,99.96159174,1964,3,67
era5,12/7/1963,98.42711179,1964,3,68
era5,12/8/1963,97.23535943,1964,3,69
era5,12/9/1963,100.3540707,1964,3,70
era5,12/10/1963,108.3058526,1964,3,71
era5,12/11/1963,108.8654367,1964,3,72
era5,12/12/1963,108.7771916,1964,3,73
era5,12/13/1963,108.6035308,1964,3,74
era5,12/14/1963,108.3145536,1964,3,75
era5,12/15/1963,107.9843542,1964,3,76
era5,12/16/1963,107.3734668,1964,3,77
era5,12/17/1963,106.6543916,1964,3,78
era5,12/18/1963,105.3683485,1964,3,79
era5,12/19/1963,104.7597338,1964,3,80
era5,12/20/1963,105.3412602,1964,3,81
era5,12/21/1963,106.2458004,1964,3,82
era5,12/22/1963,106.1726745,1964,3,83
era5,12/23/1963,105.6544894,1964,3,84
era5,12/24/1963,104.906343,1964,3,85
era5,12/25/1963,104.4684261,1964,3,86
era5,12/26/1963,104.1931492,1964,3,87
era5,12/27/1963,103.8611354,1964,3,88
era5,12/28/1963,102.9141964,1964,3,89
era5,12/29/1963,101.6277573,1964,3,90
era5,12/30/1963,99.66546456,1964,3,91
era5,12/31/1963,97.99199859,1964,3,92
era5,1/1/1964,96.37689971,1964,4,93
era5,1/2/1964,94.87058115,1964,4,94
era5,1/3/1964,94.59643831,1964,4,95
era5,1/4/1964,94.4120034,1964,4,96
era5,1/5/1964,94.21430656,1964,4,97
era5,1/6/1964,94.02085899,1964,4,98
era5,1/7/1964,94.48948187,1964,4,99
era5,1/8/1964,94.69511537,1964,4,100
era5,1/9/1964,94.54993196,1964,4,101
era5,1/10/1964,94.64912492,1964,4,102
era5,1/11/1964,94.69202295,1964,4,103
era5,1/12/1964,94.56258535,1964,4,104
era5,1/13/1964,94.39634768,1964,4,105
era5,1/14/1964,94.89915805,1964,4,106
era5,1/15/1964,95.53496311,1964,4,107
era5,1/16/1964,95.31225291,1964,4,108
era5,1/17/1964,95.13759762,1964,4,109
era5,1/18/1964,109.1687126,1964,4,110
era5,1/19/1964,121.1538703,1964,4,111
era5,1/20/1964,127.630141,1964,4,112
era5,1/21/1964,174.8273539,1964,4,113
era5,1/22/1964,241.8313941,1964,4,114
era5,1/23/1964,273.3506676,1964,4,115
era5,1/24/1964,276.8031599,1964,4,116
era5,1/25/1964,277.3511042,1964,4,117
era5,1/26/1964,277.4838441,1964,4,118
era5,1/27/1964,277.3870662,1964,4,119
era5,1/28/1964,277.0734496,1964,4,120
era5,1/29/1964,276.287809,1964,4,121
era5,1/30/1964,275.0262606,1964,4,122
era5,1/31/1964,273.521176,1964,4,123
era5,2/1/1964,271.5815901,1964,5,124
era5,2/2/1964,269.0403116,1964,5,125
era5,2/3/1964,266.7056459,1964,5,126
era5,2/4/1964,264.8349375,1964,5,127
era5,2/5/1964,262.250666,1964,5,128
era5,2/6/1964,260.1428146,1964,5,129
era5,2/7/1964,259.7906416,1964,5,130
era5,2/8/1964,259.1221168,1964,5,131
era5,2/9/1964,257.6771944,1964,5,132
era5,2/10/1964,255.3230098,1964,5,133
era5,2/11/1964,252.5344314,1964,5,134
era5,2/12/1964,251.7443637,1964,5,135
era5,2/13/1964,250.8158121,1964,5,136
era5,2/14/1964,250.2339756,1964,5,137
era5,2/15/1964,249.8481333,1964,5,138
era5,2/16/1964,251.9188193,1964,5,139
era5,2/17/1964,251.8734141,1964,5,140
era5,2/18/1964,250.6534992,1964,5,141
era5,2/19/1964,248.7375892,1964,5,142
era5,2/20/1964,246.1708776,1964,5,143
era5,2/21/1964,245.0284942,1964,5,144
era5,2/22/1964,243.8771795,1964,5,145
era5,2/23/1964,243.2422809,1964,5,146
era5,2/24/1964,242.5174621,1964,5,147
era5,2/25/1964,241.9629007,1964,5,148
era5,2/26/1964,241.8916303,1964,5,149
era5,2/27/1964,241.5252834,1964,5,150
era5,2/28/1964,240.5347341,1964,5,151
era5,2/29/1964,239.4616555,1964,5,152
era5,3/1/1964,238.8151679,1964,6,153
era5,3/2/1964,254.5371567,1964,6,154
era5,3/3/1964,261.9201345,1964,6,155
era5,3/4/1964,262.1713674,1964,6,156
era5,3/5/1964,261.6124558,1964,6,157
era5,3/6/1964,263.0479638,1964,6,158
era5,3/7/1964,266.1156961,1964,6,159
era5,3/8/1964,267.5358237,1964,6,160
era5,3/9/1964,267.6454101,1964,6,161
era5,3/10/1964,267.9028874,1964,6,162
era5,3/11/1964,267.6932907,1964,6,163
era5,3/12/1964,275.3556989,1964,6,164
era5,3/13/1964,289.0665726,1964,6,165
era5,3/14/1964,289.8735666,1964,6,166
era5,3/15/1964,288.4512198,1964,6,167
era5,3/16/1964,286.1039244,1964,6,168
era5,3/17/1964,282.3765765,1964,6,169
era5,3/18/1964,278.2641568,1964,6,170
era5,3/19/1964,274.1749849,1964,6,171
era5,3/20/1964,271.0328127,1964,6,172
era5,3/21/1964,268.0869598,1964,6,173
era5,3/22/1964,277.8897814,1964,6,174
era5,3/23/1964,304.2020246,1964,6,175
era5,3/24/1964,320.5339749,1964,6,176
era5,3/25/1964,324.3574059,1964,6,177
era5,3/26/1964,324.4520962,1964,6,178
era5,3/27/1964,323.4838303,1964,6,179
era5,3/28/1964,320.3963327,1964,6,180
era5,3/29/1964,314.1635592,1964,6,181
era5,3/30/1964,305.9873792,1964,6,182
era5,3/31/1964,296.521831,1964,6,183
era5,4/1/1964,312.4473971,1964,7,184
era5,4/2/1964,327.7219502,1964,7,185
era5,4/3/1964,332.5947273,1964,7,186
era5,4/4/1964,331.9319687,1964,7,187
era5,4/5/1964,328.817937,1964,7,188
era5,4/6/1964,332.0673763,1964,7,189
era5,4/7/1964,330.9333434,1964,7,190
era5,4/8/1964,326.4265845,1964,7,191
era5,4/9/1964,319.3292866,1964,7,192
era5,4/10/1964,310.616755,1964,7,193
era5,4/11/1964,302.8014163,1964,7,194
era5,4/12/1964,293.679799,1964,7,195
era5,4/13/1964,282.899982,1964,7,196
era5,4/14/1964,271.5109925,1964,7,197
era5,4/15/1964,259.6426068,1964,7,198
era5,4/16/1964,247.0087798,1964,7,199
era5,4/17/1964,237.4765642,1964,7,200
era5,4/18/1964,232.3850994,1964,7,201
era5,4/19/1964,229.8468424,1964,7,202
era5,4/20/1964,238.4520036,1964,7,203
era5,4/21/1964,238.4945361,1964,7,204
era5,4/22/1964,234.4326459,1964,7,205
era5,4/23/1964,233.3898974,1964,7,206
era5,4/24/1964,240.4826568,1964,7,207
era5,4/25/1964,241.9120712,1964,7,208
era5,4/26/1964,240.0519383,1964,7,209
era5,4/27/1964,235.5892276,1964,7,210
era5,4/28/1964,228.6256385,1964,7,211
era5,4/29/1964,221.6128808,1964,7,212
era5,4/30/1964,215.320164,1964,7,213
era5,5/1/1964,213.194936,1964,8,214
era5,5/2/1964,220.62599,1964,8,215
era5,5/3/1964,222.8614134,1964,8,216
era5,5/4/1964,229.2084243,1964,8,217
era5,5/5/1964,243.4641884,1964,8,218
era5,5/6/1964,259.8228806,1964,8,219
era5,5/7/1964,265.1021978,1964,8,220
era5,5/8/1964,261.4525098,1964,8,221
era5,5/9/1964,255.1732036,1964,8,222
era5,5/10/1964,244.7454709,1964,8,223
era5,5/11/1964,233.808136,1964,8,224
era5,5/12/1964,224.5450676,1964,8,225
era5,5/13/1964,215.3161734,1964,8,226
era5,5/14/1964,206.6982833,1964,8,227
era5,5/15/1964,198.5206026,1964,8,228
era5,5/16/1964,190.5260971,1964,8,229
era5,5/17/1964,183.1316555,1964,8,230
era5,5/18/1964,175.8697595,1964,8,231
era5,5/19/1964,166.2452954,1964,8,232
era5,5/20/1964,156.4424145,1964,8,233
era5,5/21/1964,148.6176821,1964,8,234
era5,5/22/1964,140.7228603,1964,8,235
era5,5/23/1964,132.395235,1964,8,236
era5,5/24/1964,125.1988792,1964,8,237
era5,5/25/1964,118.0218482,1964,8,238
era5,5/26/1964,111.7756688,1964,8,239
era5,5/27/1964,107.9717115,1964,8,240
era5,5/28/1964,109.8104324,1964,8,241
era5,5/29/1964,108.1079872,1964,8,242
era5,5/30/1964,104.5115271,1964,8,243
era5,5/31/1964,99.59220529,1964,8,244
era5,6/1/1964,93.76093044,1964,9,245
era5,6/2/1964,88.94169074,1964,9,246
era5,6/3/1964,84.22112136,1964,9,247
era5,6/4/1964,79.39708878,1964,9,248
era5,6/5/1964,74.21793941,1964,9,249
era5,6/6/1964,67.78556559,1964,9,250
era5,6/7/1964,61.99932923,1964,9,251
era5,6/8/1964,59.82468223,1964,9,252
era5,6/9/1964,65.94630579,1964,9,253
era5,6/10/1964,69.44617729,1964,9,254
era5,6/11/1964,65.12506972,1964,9,255
era5,6/12/1964,59.703258,1964,9,256
era5,6/13/1964,54.778525,1964,9,257
era5,6/14/1964,48.74539621,1964,9,258
era5,6/15/1964,41.58228182,1964,9,259
era5,6/16/1964,36.03080494,1964,9,260
era5,6/17/1964,32.76027927,1964,9,261
era5,6/18/1964,30.33827441,1964,9,262
era5,6/19/1964,27.53989588,1964,9,263
era5,6/20/1964,24.17129406,1964,9,264
era5,6/21/1964,20.34512929,1964,9,265
era5,6/22/1964,15.74190832,1964,9,266
era5,6/23/1964,10.73736094,1964,9,267
era5,6/24/1964,6.785189176,1964,9,268
era5,6/25/1964,4.3685005,1964,9,269
era5,6/26/1964,2.206193109,1964,9,270
era5,6/27/1964,1.023104118,1964,9,271
era5,6/28/1964,0.357162765,1964,9,272
era5,6/29/1964,0,1964,9,273
era5,6/30/1964,0,1964,9,274
era5,7/1/1964,0,1964,10,275
era5,7/2/1964,0,1964,10,276
era5,7/3/1964,0,1964,10,277
era5,7/4/1964,0,1964,10,278
era5,7/5/1964,0,1964,10,279
era5,7/6/1964,0,1964,10,280
era5,7/7/1964,0,1964,10,281
era5,7/8/1964,0,1964,10,282
era5,7/9/1964,0,1964,10,283
era5,7/10/1964,0,1964,10,284
era5,7/11/1964,0,1964,10,285
era5,7/12/1964,0,1964,10,286
era5,7/13/1964,0,1964,10,287
era5,7/14/1964,0,1964,10,288
era5,7/15/1964,0,1964,10,289
era5,7/16/1964,0,1964,10,290
era5,7/17/1964,0,1964,10,291
era5,7/18/1964,0,1964,10,292
era5,7/19/1964,0,1964,10,293
era5,7/20/1964,0,1964,10,294
era5,7/21/1964,0,1964,10,295
era5,7/22/1964,0,1964,10,296
era5,7/23/1964,0,1964,10,297
era5,7/24/1964,0,1964,10,298
era5,7/25/1964,0,1964,10,299
era5,7/26/1964,0,1964,10,300
era5,7/27/1964,0,1964,10,301
era5,7/28/1964,0,1964,10,302
era5,7/29/1964,0,1964,10,303
era5,7/30/1964,0,1964,10,304
era5,7/31/1964,0,1964,10,305
era5,8/1/1964,0,1964,11,306
era5,8/2/1964,0,1964,11,307
era5,8/3/1964,0,1964,11,308
era5,8/4/1964,0,1964,11,309
era5,8/5/1964,0,1964,11,310
era5,8/6/1964,0,1964,11,311
era5,8/7/1964,0,1964,11,312
era5,8/8/1964,0,1964,11,313
era5,8/9/1964,0,1964,11,314
era5,8/10/1964,0,1964,11,315
era5,8/11/1964,0,1964,11,316
era5,8/12/1964,0,1964,11,317
era5,8/13/1964,0,1964,11,318
era5,8/14/1964,0,1964,11,319
era5,8/15/1964,0,1964,11,320
era5,8/16/1964,0,1964,11,321
era5,8/17/1964,0,1964,11,322
era5,8/18/1964,0,1964,11,323
era5,8/19/1964,0,1964,11,324
era5,8/20/1964,0,1964,11,325
era5,8/21/1964,0,1964,11,326
era5,8/22/1964,0,1964,11,327
era5,8/23/1964,0,1964,11,328
era5,8/24/1964,0,1964,11,329
era5,8/25/1964,0,1964,11,330
era5,8/26/1964,0,1964,11,331
era5,8/27/1964,0,1964,11,332
era5,8/28/1964,0,1964,11,333
era5,8/29/1964,0,1964,11,334
era5,8/30/1964,0,1964,11,335
era5,8/31/1964,0.168331235,1964,11,336
era5,9/1/1964,3.882329533,1964,12,337
era5,9/2/1964,3.268568335,1964,12,338
era5,9/3/1964,1.568101927,1964,12,339
era5,9/4/1964,0.285208767,1964,12,340
era5,9/5/1964,0,1964,12,341
era5,9/6/1964,0,1964,12,342
era5,9/7/1964,0,1964,12,343
era5,9/8/1964,0,1964,12,344
era5,9/9/1964,0,1964,12,345
era5,9/10/1964,0,1964,12,346
era5,9/11/1964,0,1964,12,347
era5,9/12/1964,0,1964,12,348
era5,9/13/1964,0,1964,12,349
era5,9/14/1964,0,1964,12,350
era5,9/15/1964,0,1964,12,351
era5,9/16/1964,0,1964,12,352
era5,9/17/1964,0,1964,12,353
era5,9/18/1964,0,1964,12,354
era5,9/19/1964,0,1964,12,355
era5,9/20/1964,0,1964,12,356
era5,9/21/1964,0,1964,12,357
era5,9/22/1964,0,1964,12,358
era5,9/23/1964,0,1964,12,359
era5,9/24/1964,0,1964,12,360
era5,9/25/1964,0,1964,12,361
era5,9/26/1964,0,1964,12,362
era5,9/27/1964,0,1964,12,363
era5,9/28/1964,0,1964,12,364
era5,9/29/1964,0,1964,12,365
era5,9/30/1964,0,1964,12,366
era5,10/1/1964,0,1965,1,1
era5,10/2/1964,0,1965,1,2
era5,10/3/1964,0,1965,1,3
era5,10/4/1964,0,1965,1,4
era5,10/5/1964,0,1965,1,5
era5,10/6/1964,0,1965,1,6
era5,10/7/1964,0,1965,1,7
era5,10/8/1964,0,1965,1,8
era5,10/9/1964,0,1965,1,9
era5,10/10/1964,0,1965,1,10
era5,10/11/1964,0,1965,1,11
era5,10/12/1964,0,1965,1,12
era5,10/13/1964,0,1965,1,13
era5,10/14/1964,0,1965,1,14
era5,10/15/1964,0,1965,1,15
era5,10/16/1964,0,1965,1,16
era5,10/17/1964,0,1965,1,17
era5,10/18/1964,0,1965,1,18
era5,10/19/1964,0,1965,1,19
era5,10/20/1964,0,1965,1,20
era5,10/21/1964,0,1965,1,21
era5,10/22/1964,0,1965,1,22
era5,10/23/1964,0,1965,1,23
era5,10/24/1964,3.34E-05,1965,1,24
era5,10/25/1964,0.004675842,1965,1,25
era5,10/26/1964,0,1965,1,26
era5,10/27/1964,0,1965,1,27
era5,10/28/1964,4.313320826,1965,1,28
era5,10/29/1964,16.00104529,1965,1,29
era5,10/30/1964,26.15445863,1965,1,30
era5,10/31/1964,25.14607846,1965,1,31
era5,11/1/1964,23.3447884,1965,2,32
era5,11/2/1964,30.16532294,1965,2,33
era5,11/3/1964,29.80280135,1965,2,34
era5,11/4/1964,27.13428164,1965,2,35
era5,11/5/1964,23.87100796,1965,2,36
era5,11/6/1964,21.55191851,1965,2,37
era5,11/7/1964,20.01158417,1965,2,38
era5,11/8/1964,19.79862639,1965,2,39
era5,11/9/1964,31.38325184,1965,2,40
era5,11/10/1964,78.38649174,1965,2,41
era5,11/11/1964,119.5129639,1965,2,42
era5,11/12/1964,157.1326034,1965,2,43
era5,11/13/1964,178.6055767,1965,2,44
era5,11/14/1964,187.8676985,1965,2,45
era5,11/15/1964,188.9157071,1965,2,46
era5,11/16/1964,189.88402,1965,2,47
era5,11/17/1964,190.9952659,1965,2,48
era5,11/18/1964,192.7259768,1965,2,49
era5,11/19/1964,192.5356711,1965,2,50
era5,11/20/1964,192.2836544,1965,2,51
era5,11/21/1964,191.7319851,1965,2,52
era5,11/22/1964,190.4286231,1965,2,53
era5,11/23/1964,189.3923923,1965,2,54
era5,11/24/1964,187.9473956,1965,2,55
era5,11/25/1964,185.3076487,1965,2,56
era5,11/26/1964,183.713328,1965,2,57
era5,11/27/1964,185.4300934,1965,2,58
era5,11/28/1964,186.239155,1965,2,59
era5,11/29/1964,187.6054079,1965,2,60
era5,11/30/1964,184.769527,1965,2,61
era5,12/1/1964,183.7662832,1965,3,62
era5,12/2/1964,186.3025393,1965,3,63
era5,12/3/1964,189.9499844,1965,3,64
era5,12/4/1964,189.8534631,1965,3,65
era5,12/5/1964,189.4578699,1965,3,66
era5,12/6/1964,188.9263161,1965,3,67
era5,12/7/1964,188.0616447,1965,3,68
era5,12/8/1964,186.9724528,1965,3,69
era5,12/9/1964,185.1344554,1965,3,70
era5,12/10/1964,183.3314174,1965,3,71
era5,12/11/1964,185.0967991,1965,3,72
era5,12/12/1964,189.4127345,1965,3,73
era5,12/13/1964,189.2876701,1965,3,74
era5,12/14/1964,188.8443379,1965,3,75
era5,12/15/1964,188.3080272,1965,3,76
era5,12/16/1964,187.9645259,1965,3,77
era5,12/17/1964,187.7450015,1965,3,78
era5,12/18/1964,187.6199714,1965,3,79
era5,12/19/1964,212.547154,1965,3,80
era5,12/20/1964,275.902234,1965,3,81
era5,12/21/1964,296.3896071,1965,3,82
era5,12/22/1964,313.0989553,1965,3,83
era5,12/23/1964,331.4528594,1965,3,84
era5,12/24/1964,337.1148556,1965,3,85
era5,12/25/1964,348.2326846,1965,3,86
era5,12/26/1964,358.6077691,1965,3,87
era5,12/27/1964,406.5385491,1965,3,88
era5,12/28/1964,474.9981864,1965,3,89
era5,12/29/1964,525.4843541,1965,3,90
era5,12/30/1964,553.7261153,1965,3,91
era5,12/31/1964,575.1073271,1965,3,92
era5,1/1/1965,591.9265665,1965,4,93
era5,1/2/1965,592.5171374,1965,4,94
era5,1/3/1965,596.2331994,1965,4,95
era5,1/4/1965,611.9327891,1965,4,96
era5,1/5/1965,655.5776815,1965,4,97
era5,1/6/1965,701.8827094,1965,4,98
era5,1/7/1965,764.3985129,1965,4,99
era5,1/8/1965,779.0196082,1965,4,100
era5,1/9/1965,779.0404626,1965,4,101
era5,1/10/1965,778.8002421,1965,4,102
era5,1/11/1965,782.5366147,1965,4,103
era5,1/12/1965,786.5394771,1965,4,104
era5,1/13/1965,785.6343038,1965,4,105
era5,1/14/1965,783.3801218,1965,4,106
era5,1/15/1965,779.3907353,1965,4,107
era5,1/16/1965,775.5621174,1965,4,108
era5,1/17/1965,771.44,1965,4,109
era5,1/18/1965,766.2364706,1965,4,110
era5,1/19/1965,760.9482624,1965,4,111
era5,1/20/1965,761.8901035,1965,4,112
era5,1/21/1965,761.3700191,1965,4,113
era5,1/22/1965,761.5451356,1965,4,114
era5,1/23/1965,761.8695926,1965,4,115
era5,1/24/1965,802.816675,1965,4,116
era5,1/25/1965,823.9888218,1965,4,117
era5,1/26/1965,824.5410941,1965,4,118
era5,1/27/1965,824.4634862,1965,4,119
era5,1/28/1965,823.9193309,1965,4,120
era5,1/29/1965,822.5191474,1965,4,121
era5,1/30/1965,820.32662,1965,4,122
era5,1/31/1965,817.4910721,1965,4,123
era5,2/1/1965,814.7901862,1965,5,124
era5,2/2/1965,812.8342665,1965,5,125
era5,2/3/1965,810.9299091,1965,5,126
era5,2/4/1965,808.7743538,1965,5,127
era5,2/5/1965,810.3064794,1965,5,128
era5,2/6/1965,828.4150256,1965,5,129
era5,2/7/1965,833.6431959,1965,5,130
era5,2/8/1965,833.8176706,1965,5,131
era5,2/9/1965,833.5496656,1965,5,132
era5,2/10/1965,833.6537768,1965,5,133
era5,2/11/1965,833.4700624,1965,5,134
era5,2/12/1965,833.3099732,1965,5,135
era5,2/13/1965,833.1251459,1965,5,136
era5,2/14/1965,833.1471618,1965,5,137
era5,2/15/1965,833.0373059,1965,5,138
era5,2/16/1965,832.7597947,1965,5,139
era5,2/17/1965,832.1585897,1965,5,140
era5,2/18/1965,830.6827376,1965,5,141
era5,2/19/1965,828.3459906,1965,5,142
era5,2/20/1965,825.5408847,1965,5,143
era5,2/21/1965,822.0537565,1965,5,144
era5,2/22/1965,818.9830779,1965,5,145
era5,2/23/1965,817.7939597,1965,5,146
era5,2/24/1965,816.9211247,1965,5,147
era5,2/25/1965,815.7303291,1965,5,148
era5,2/26/1965,813.6187903,1965,5,149
era5,2/27/1965,812.6562756,1965,5,150
era5,2/28/1965,818.5970221,1965,5,151
era5,3/1/1965,817.9304515,1965,6,152
era5,3/2/1965,816.7817021,1965,6,153
era5,3/3/1965,816.1678994,1965,6,154
era5,3/4/1965,815.6031756,1965,6,155
era5,3/5/1965,815.1515338,1965,6,156
era5,3/6/1965,817.1469877,1965,6,157
era5,3/7/1965,826.363632,1965,6,158
era5,3/8/1965,830.6067276,1965,6,159
era5,3/9/1965,832.0499937,1965,6,160
era5,3/10/1965,831.1505256,1965,6,161
era5,3/11/1965,832.7850501,1965,6,162
era5,3/12/1965,842.8912284,1965,6,163
era5,3/13/1965,865.6455025,1965,6,164
era5,3/14/1965,872.5406494,1965,6,165
era5,3/15/1965,873.0796559,1965,6,166
era5,3/16/1965,872.3011379,1965,6,167
era5,3/17/1965,870.9465313,1965,6,168
era5,3/18/1965,869.5630459,1965,6,169
era5,3/19/1965,868.2481582,1965,6,170
era5,3/20/1965,866.4053473,1965,6,171
era5,3/21/1965,864.1906536,1965,6,172
era5,3/22/1965,860.5980959,1965,6,173
era5,3/23/1965,856.6456624,1965,6,174
era5,3/24/1965,854.5353233,1965,6,175
era5,3/25/1965,855.4114708,1965,6,176
era5,3/26/1965,855.1650191,1965,6,177
era5,3/27/1965,855.7002441,1965,6,178
era5,3/28/1965,854.9876341,1965,6,179
era5,3/29/1965,853.7508765,1965,6,180
era5,3/30/1965,851.0333521,1965,6,181
era5,3/31/1965,848.8708021,1965,6,182
era5,4/1/1965,867.6384637,1965,7,183
era5,4/2/1965,880.9295077,1965,7,184
era5,4/3/1965,889.0322366,1965,7,185
era5,4/4/1965,895.5329139,1965,7,186
era5,4/5/1965,898.4370526,1965,7,187
era5,4/6/1965,901.8271532,1965,7,188
era5,4/7/1965,911.2402141,1965,7,189
era5,4/8/1965,918.7013136,1965,7,190
era5,4/9/1965,957.7823991,1965,7,191
era5,4/10/1965,990.7676691,1965,7,192
era5,4/11/1965,1003.567921,1965,7,193
era5,4/12/1965,1008.526066,1965,7,194
era5,4/13/1965,1014.260003,1965,7,195
era5,4/14/1965,1017.527988,1965,7,196
era5,4/15/1965,1016.709195,1965,7,197
era5,4/16/1965,1017.169309,1965,7,198
era5,4/17/1965,1018.939359,1965,7,199
era5,4/18/1965,1013.774121,1965,7,200
era5,4/19/1965,1005.602861,1965,7,201
era5,4/20/1965,993.6356506,1965,7,202
era5,4/21/1965,981.7063997,1965,7,203
era5,4/22/1965,969.3270405,1965,7,204
era5,4/23/1965,959.8128538,1965,7,205
era5,4/24/1965,949.2860762,1965,7,206
era5,4/25/1965,933.893895,1965,7,207
era5,4/26/1965,917.9905853,1965,7,208
era5,4/27/1965,901.1197276,1965,7,209
era5,4/28/1965,882.5532571,1965,7,210
era5,4/29/1965,862.4493153,1965,7,211
era5,4/30/1965,841.6267914,1965,7,212
era5,5/1/1965,825.3520977,1965,8,213
era5,5/2/1965,815.3561131,1965,8,214
era5,5/3/1965,815.1981043,1965,8,215
era5,5/4/1965,813.9054731,1965,8,216
era5,5/5/1965,809.8538069,1965,8,217
era5,5/6/1965,807.2066197,1965,8,218
era5,5/7/1965,807.5703769,1965,8,219
era5,5/8/1965,806.1359766,1965,8,220
era5,5/9/1965,802.2679787,1965,8,221
era5,5/10/1965,798.4576638,1965,8,222
era5,5/11/1965,793.8648815,1965,8,223
era5,5/12/1965,786.1419134,1965,8,224
era5,5/13/1965,774.8279225,1965,8,225
era5,5/14/1965,762.6541065,1965,8,226
era5,5/15/1965,749.3987402,1965,8,227
era5,5/16/1965,733.2509737,1965,8,228
era5,5/17/1965,716.0515516,1965,8,229
era5,5/18/1965,699.2208124,1965,8,230
era5,5/19/1965,682.208544,1965,8,231
era5,5/20/1965,666.6906626,1965,8,232
era5,5/21/1965,656.3539467,1965,8,233
era5,5/22/1965,655.603336,1965,8,234
era5,5/23/1965,656.4831828,1965,8,235
era5,5/24/1965,654.3670517,1965,8,236
era5,5/25/1965,651.6926135,1965,8,237
era5,5/26/1965,646.3203794,1965,8,238
era5,5/27/1965,638.0178103,1965,8,239
era5,5/28/1965,626.6088162,1965,8,240
era5,5/29/1965,612.0459191,1965,8,241
era5,5/30/1965,596.3440002,1965,8,242
era5,5/31/1965,583.3274265,1965,8,243
era5,6/1/1965,572.474543,1965,9,244
era5,6/2/1965,568.9652771,1965,9,245
era5,6/3/1965,560.3053893,1965,9,246
era5,6/4/1965,547.8201943,1965,9,247
era5,6/5/1965,531.5919792,1965,9,248
era5,6/6/1965,516.8646059,1965,9,249
era5,6/7/1965,505.0689543,1965,9,250
era5,6/8/1965,494.0209744,1965,9,251
era5,6/9/1965,488.758185,1965,9,252
era5,6/10/1965,473.7383686,1965,9,253
era5,6/11/1965,457.7026509,1965,9,254
era5,6/12/1965,443.4306569,1965,9,255
era5,6/13/1965,432.6074462,1965,9,256
era5,6/14/1965,423.9047646,1965,9,257
era5,6/15/1965,416.5127761,1965,9,258
era5,6/16/1965,412.3937978,1965,9,259
era5,6/17/1965,412.0488027,1965,9,260
era5,6/18/1965,406.215399,1965,9,261
era5,6/19/1965,396.8879625,1965,9,262
era5,6/20/1965,385.4555227,1965,9,263
era5,6/21/1965,374.1579718,1965,9,264
era5,6/22/1965,363.0736418,1965,9,265
era5,6/23/1965,352.08404,1965,9,266
era5,6/24/1965,342.9380626,1965,9,267
era5,6/25/1965,332.5713179,1965,9,268
era5,6/26/1965,326.2852997,1965,9,269
era5,6/27/1965,320.8052485,1965,9,270
era5,6/28/1965,311.3042595,1965,9,271
era5,6/29/1965,299.6708578,1965,9,272
era5,6/30/1965,287.4029046,1965,9,273
era5,7/1/1965,275.5962894,1965,10,274
era5,7/2/1965,263.9110847,1965,10,275
era5,7/3/1965,250.7652069,1965,10,276
era5,7/4/1965,238.3398106,1965,10,277
era5,7/5/1965,225.7675059,1965,10,278
era5,7/6/1965,212.6234701,1965,10,279
era5,7/7/1965,199.1224811,1965,10,280
era5,7/8/1965,186.4280609,1965,10,281
era5,7/9/1965,175.4574604,1965,10,282
era5,7/10/1965,165.4393373,1965,10,283
era5,7/11/1965,155.8601234,1965,10,284
era5,7/12/1965,147.922818,1965,10,285
era5,7/13/1965,140.4638839,1965,10,286
era5,7/14/1965,132.828477,1965,10,287
era5,7/15/1965,125.3823669,1965,10,288
era5,7/16/1965,117.9814057,1965,10,289
era5,7/17/1965,110.3703652,1965,10,290
era5,7/18/1965,103.9950791,1965,10,291
era5,7/19/1965,97.79368676,1965,10,292
era5,7/20/1965,92.51481706,1965,10,293
era5,7/21/1965,87.70570824,1965,10,294
era5,7/22/1965,83.37431706,1965,10,295
era5,7/23/1965,78.72176353,1965,10,296
era5,7/24/1965,73.67973765,1965,10,297
era5,7/25/1965,68.28744765,1965,10,298
era5,7/26/1965,62.95548003,1965,10,299
era5,7/27/1965,59.54954765,1965,10,300
era5,7/28/1965,56.64465038,1965,10,301
era5,7/29/1965,52.61003303,1965,10,302
era5,7/30/1965,48.05496704,1965,10,303
era5,7/31/1965,43.96285588,1965,10,304
era5,8/1/1965,39.77233265,1965,11,305
era5,8/2/1965,35.94649676,1965,11,306
era5,8/3/1965,33.02900441,1965,11,307
era5,8/4/1965,30.28341276,1965,11,308
era5,8/5/1965,27.26470971,1965,11,309
era5,8/6/1965,23.79743059,1965,11,310
era5,8/7/1965,20.33877159,1965,11,311
era5,8/8/1965,16.77233598,1965,11,312
era5,8/9/1965,13.32491876,1965,11,313
era5,8/10/1965,10.31548404,1965,11,314
era5,8/11/1965,7.733526515,1965,11,315
era5,8/12/1965,6.166422794,1965,11,316
era5,8/13/1965,5.063437059,1965,11,317
era5,8/14/1965,4.352065588,1965,11,318
era5,8/15/1965,3.645289118,1965,11,319
era5,8/16/1965,3.030694853,1965,11,320
era5,8/17/1965,2.399232647,1965,11,321
era5,8/18/1965,2.021737941,1965,11,322
era5,8/19/1965,1.423208353,1965,11,323
era5,8/20/1965,0.880974559,1965,11,324
era5,8/21/1965,0.407181088,1965,11,325
era5,8/22/1965,0.082718735,1965,11,326
era5,8/23/1965,0,1965,11,327
era5,8/24/1965,0,1965,11,328
era5,8/25/1965,0,1965,11,329
era5,8/26/1965,0,1965,11,330
era5,8/27/1965,0,1965,11,331
era5,8/28/1965,0,1965,11,332
era5,8/29/1965,0,1965,11,333
era5,8/30/1965,0,1965,11,334
era5,8/31/1965,0,1965,11,335
era5,9/1/1965,0,1965,12,336
era5,9/2/1965,0,1965,12,337
era5,9/3/1965,0,1965,12,338
era5,9/4/1965,0,1965,12,339
era5,9/5/1965,0,1965,12,340
era5,9/6/1965,0,1965,12,341
era5,9/7/1965,1.99E-06,1965,12,342
era5,9/8/1965,0,1965,12,343
era5,9/9/1965,0,1965,12,344
era5,9/10/1965,0,1965,12,345
era5,9/11/1965,0,1965,12,346
era5,9/12/1965,0,1965,12,347
era5,9/13/1965,0,1965,12,348
era5,9/14/1965,0,1965,12,349
era5,9/15/1965,0,1965,12,350
era5,9/16/1965,0,1965,12,351
era5,9/17/1965,0.001875901,1965,12,352
era5,9/18/1965,0.014790895,1965,12,353
era5,9/19/1965,0.473644254,1965,12,354
era5,9/20/1965,0.423387944,1965,12,355
era5,9/21/1965,0.300336809,1965,12,356
era5,9/22/1965,0,1965,12,357
era5,9/23/1965,0,1965,12,358
era5,9/24/1965,0,1965,12,359
era5,9/25/1965,0,1965,12,360
era5,9/26/1965,0,1965,12,361
era5,9/27/1965,0,1965,12,362
era5,9/28/1965,0,1965,12,363
era5,9/29/1965,0,1965,12,364
era5,9/30/1965,0,1965,12,365
era5,10/1/1965,0,1966,1,1
era5,10/2/1965,0,1966,1,2
era5,10/3/1965,0,1966,1,3
era5,10/4/1965,0,1966,1,4
era5,10/5/1965,0,1966,1,5
era5,10/6/1965,0,1966,1,6
era5,10/7/1965,0,1966,1,7
era5,10/8/1965,0,1966,1,8
era5,10/9/1965,0,1966,1,9
era5,10/10/1965,0,1966,1,10
era5,10/11/1965,0,1966,1,11
era5,10/12/1965,0,1966,1,12
era5,10/13/1965,0,1966,1,13
era5,10/14/1965,0,1966,1,14
era5,10/15/1965,0.521316705,1966,1,15
era5,10/16/1965,0.889980948,1966,1,16
era5,10/17/1965,0.850138499,1966,1,17
era5,10/18/1965,0.451887671,1966,1,18
era5,10/19/1965,0.350707794,1966,1,19
era5,10/20/1965,0.295977106,1966,1,20
era5,10/21/1965,0.133851079,1966,1,21
era5,10/22/1965,0,1966,1,22
era5,10/23/1965,0,1966,1,23
era5,10/24/1965,0,1966,1,24
era5,10/25/1965,0,1966,1,25
era5,10/26/1965,0,1966,1,26
era5,10/27/1965,0,1966,1,27
era5,10/28/1965,0,1966,1,28
era5,10/29/1965,0,1966,1,29
era5,10/30/1965,0,1966,1,30
era5,10/31/1965,0,1966,1,31
era5,11/1/1965,0,1966,2,32
era5,11/2/1965,0,1966,2,33
era5,11/3/1965,0,1966,2,34
era5,11/4/1965,0,1966,2,35
era5,11/5/1965,0,1966,2,36
era5,11/6/1965,0,1966,2,37
era5,11/7/1965,0,1966,2,38
era5,11/8/1965,0.1792978,1966,2,39
era5,11/9/1965,0.35633359,1966,2,40
era5,11/10/1965,0.353111846,1966,2,41
era5,11/11/1965,0.293121852,1966,2,42
era5,11/12/1965,0.24441017,1966,2,43
era5,11/13/1965,0.404176814,1966,2,44
era5,11/14/1965,31.18962378,1966,2,45
era5,11/15/1965,70.56298154,1966,2,46
era5,11/16/1965,76.74561096,1966,2,47
era5,11/17/1965,105.5326737,1966,2,48
era5,11/18/1965,124.0607715,1966,2,49
era5,11/19/1965,142.1062153,1966,2,50
era5,11/20/1965,143.8913582,1966,2,51
era5,11/21/1965,143.555103,1966,2,52
era5,11/22/1965,144.802951,1966,2,53
era5,11/23/1965,179.139673,1966,2,54
era5,11/24/1965,224.6319468,1966,2,55
era5,11/25/1965,278.3462186,1966,2,56
era5,11/26/1965,295.2478241,1966,2,57
era5,11/27/1965,295.7554441,1966,2,58
era5,11/28/1965,295.6158402,1966,2,59
era5,11/29/1965,295.1477951,1966,2,60
era5,11/30/1965,294.2862449,1966,2,61
era5,12/1/1965,293.3783811,1966,3,62
era5,12/2/1965,291.9019912,1966,3,63
era5,12/3/1965,289.1061854,1966,3,64
era5,12/4/1965,285.5329686,1966,3,65
era5,12/5/1965,282.4791127,1966,3,66
era5,12/6/1965,280.2256572,1966,3,67
era5,12/7/1965,278.011941,1966,3,68
era5,12/8/1965,275.8615044,1966,3,69
era5,12/9/1965,276.8904354,1966,3,70
era5,12/10/1965,291.911167,1966,3,71
era5,12/11/1965,296.1484711,1966,3,72
era5,12/12/1965,302.0590671,1966,3,73
era5,12/13/1965,308.2773574,1966,3,74
era5,12/14/1965,311.2033681,1966,3,75
era5,12/15/1965,313.517893,1966,3,76
era5,12/16/1965,313.8803,1966,3,77
era5,12/17/1965,313.7968102,1966,3,78
era5,12/18/1965,313.6474701,1966,3,79
era5,12/19/1965,313.4643394,1966,3,80
era5,12/20/1965,313.1973472,1966,3,81
era5,12/21/1965,312.5562291,1966,3,82
era5,12/22/1965,312.1875258,1966,3,83
era5,12/23/1965,312.2774506,1966,3,84
era5,12/24/1965,312.2140396,1966,3,85
era5,12/25/1965,329.7353966,1966,3,86
era5,12/26/1965,343.7498307,1966,3,87
era5,12/27/1965,344.0981332,1966,3,88
era5,12/28/1965,344.2371426,1966,3,89
era5,12/29/1965,405.8478577,1966,3,90
era5,12/30/1965,462.1449538,1966,3,91
era5,12/31/1965,501.6281412,1966,3,92
era5,1/1/1966,536.4223965,1966,4,93
era5,1/2/1966,539.1905209,1966,4,94
era5,1/3/1966,539.2120712,1966,4,95
era5,1/4/1966,539.5156529,1966,4,96
era5,1/5/1966,545.6986121,1966,4,97
era5,1/6/1966,549.1026562,1966,4,98
era5,1/7/1966,548.6020865,1966,4,99
era5,1/8/1966,547.1514847,1966,4,100
era5,1/9/1966,545.9736353,1966,4,101
era5,1/10/1966,545.1566721,1966,4,102
era5,1/11/1966,544.3475541,1966,4,103
era5,1/12/1966,543.6400276,1966,4,104
era5,1/13/1966,542.7796415,1966,4,105
era5,1/14/1966,541.6236503,1966,4,106
era5,1/15/1966,540.7354709,1966,4,107
era5,1/16/1966,540.2781141,1966,4,108
era5,1/17/1966,540.1364426,1966,4,109
era5,1/18/1966,539.9603847,1966,4,110
era5,1/19/1966,539.845544,1966,4,111
era5,1/20/1966,539.9334191,1966,4,112
era5,1/21/1966,539.8836719,1966,4,113
era5,1/22/1966,539.9252394,1966,4,114
era5,1/23/1966,541.1083985,1966,4,115
era5,1/24/1966,541.1478431,1966,4,116
era5,1/25/1966,541.0911741,1966,4,117
era5,1/26/1966,540.9732786,1966,4,118
era5,1/27/1966,540.8630151,1966,4,119
era5,1/28/1966,540.7761715,1966,4,120
era5,1/29/1966,540.5946275,1966,4,121
era5,1/30/1966,572.1859665,1966,4,122
era5,1/31/1966,608.7103991,1966,4,123
era5,2/1/1966,612.0565071,1966,5,124
era5,2/2/1966,620.0363026,1966,5,125
era5,2/3/1966,620.8992271,1966,5,126
era5,2/4/1966,621.4426379,1966,5,127
era5,2/5/1966,628.7932656,1966,5,128
era5,2/6/1966,657.5928797,1966,5,129
era5,2/7/1966,671.2899635,1966,5,130
era5,2/8/1966,673.2620379,1966,5,131
era5,2/9/1966,673.7129832,1966,5,132
era5,2/10/1966,674.4014094,1966,5,133
era5,2/11/1966,675.0682156,1966,5,134
era5,2/12/1966,674.8964288,1966,5,135
era5,2/13/1966,674.7575226,1966,5,136
era5,2/14/1966,674.5471618,1966,5,137
era5,2/15/1966,674.3234553,1966,5,138
era5,2/16/1966,674.1783674,1966,5,139
era5,2/17/1966,674.0073656,1966,5,140
era5,2/18/1966,673.7125847,1966,5,141
era5,2/19/1966,673.4191394,1966,5,142
era5,2/20/1966,674.1872738,1966,5,143
era5,2/21/1966,673.6495953,1966,5,144
era5,2/22/1966,672.5745018,1966,5,145
era5,2/23/1966,671.6114918,1966,5,146
era5,2/24/1966,672.8983006,1966,5,147
era5,2/25/1966,674.4979447,1966,5,148
era5,2/26/1966,675.3725068,1966,5,149
era5,2/27/1966,675.6505679,1966,5,150
era5,2/28/1966,675.3415538,1966,5,151
era5,3/1/1966,677.1577803,1966,6,152
era5,3/2/1966,690.8527112,1966,6,153
era5,3/3/1966,700.9031482,1966,6,154
era5,3/4/1966,701.1648671,1966,6,155
era5,3/5/1966,702.5027815,1966,6,156
era5,3/6/1966,703.3433088,1966,6,157
era5,3/7/1966,703.7242918,1966,6,158
era5,3/8/1966,702.5651088,1966,6,159
era5,3/9/1966,701.2250459,1966,6,160
era5,3/10/1966,699.4092429,1966,6,161
era5,3/11/1966,696.8180518,1966,6,162
era5,3/12/1966,693.2642332,1966,6,163
era5,3/13/1966,688.0868009,1966,6,164
era5,3/14/1966,683.5806891,1966,6,165
era5,3/15/1966,680.1555337,1966,6,166
era5,3/16/1966,676.7900037,1966,6,167
era5,3/17/1966,676.1658857,1966,6,168
era5,3/18/1966,674.277331,1966,6,169
era5,3/19/1966,670.4549569,1966,6,170
era5,3/20/1966,670.8950512,1966,6,171
era5,3/21/1966,669.1830779,1966,6,172
era5,3/22/1966,667.5620021,1966,6,173
era5,3/23/1966,664.9048721,1966,6,174
era5,3/24/1966,661.2552176,1966,6,175
era5,3/25/1966,656.4585134,1966,6,176
era5,3/26/1966,651.5394823,1966,6,177
era5,3/27/1966,645.5374362,1966,6,178
era5,3/28/1966,638.4275754,1966,6,179
era5,3/29/1966,629.4022085,1966,6,180
era5,3/30/1966,619.1170864,1966,6,181
era5,3/31/1966,608.9067121,1966,6,182
era5,4/1/1966,596.2017359,1966,7,183
era5,4/2/1966,582.0403827,1966,7,184
era5,4/3/1966,568.3734261,1966,7,185
era5,4/4/1966,556.0623482,1966,7,186
era5,4/5/1966,544.5187918,1966,7,187
era5,4/6/1966,533.5951358,1966,7,188
era5,4/7/1966,521.9867479,1966,7,189
era5,4/8/1966,510.5721616,1966,7,190
era5,4/9/1966,500.4380509,1966,7,191
era5,4/10/1966,505.5467238,1966,7,192
era5,4/11/1966,513.1483976,1966,7,193
era5,4/12/1966,512.2395371,1966,7,194
era5,4/13/1966,510.5724679,1966,7,195
era5,4/14/1966,506.4248428,1966,7,196
era5,4/15/1966,499.7380248,1966,7,197
era5,4/16/1966,490.4772588,1966,7,198
era5,4/17/1966,480.1817943,1966,7,199
era5,4/18/1966,472.4827189,1966,7,200
era5,4/19/1966,475.467281,1966,7,201
era5,4/20/1966,474.6470704,1966,7,202
era5,4/21/1966,472.6012932,1966,7,203
era5,4/22/1966,469.6630341,1966,7,204
era5,4/23/1966,464.6885056,1966,7,205
era5,4/24/1966,457.4989359,1966,7,206
era5,4/25/1966,447.7890943,1966,7,207
era5,4/26/1966,437.3460165,1966,7,208
era5,4/27/1966,429.8329535,1966,7,209
era5,4/28/1966,425.4273624,1966,7,210
era5,4/29/1966,419.3297441,1966,7,211
era5,4/30/1966,411.9460912,1966,7,212
era5,5/1/1966,401.7896926,1966,8,213
era5,5/2/1966,390.4259937,1966,8,214
era5,5/3/1966,375.2539874,1966,8,215
era5,5/4/1966,357.7953017,1966,8,216
era5,5/5/1966,340.6081972,1966,8,217
era5,5/6/1966,328.0935387,1966,8,218
era5,5/7/1966,315.2541517,1966,8,219
era5,5/8/1966,300.8695626,1966,8,220
era5,5/9/1966,286.5503799,1966,8,221
era5,5/10/1966,280.9611942,1966,8,222
era5,5/11/1966,279.9083764,1966,8,223
era5,5/12/1966,273.4803306,1966,8,224
era5,5/13/1966,267.5353507,1966,8,225
era5,5/14/1966,260.9891495,1966,8,226
era5,5/15/1966,255.8439466,1966,8,227
era5,5/16/1966,250.4871238,1966,8,228
era5,5/17/1966,244.6155895,1966,8,229
era5,5/18/1966,237.7008441,1966,8,230
era5,5/19/1966,228.9395526,1966,8,231
era5,5/20/1966,219.9858941,1966,8,232
era5,5/21/1966,211.1095193,1966,8,233
era5,5/22/1966,202.7211747,1966,8,234
era5,5/23/1966,194.783877,1966,8,235
era5,5/24/1966,186.4789224,1966,8,236
era5,5/25/1966,177.3817785,1966,8,237
era5,5/26/1966,167.4615529,1966,8,238
era5,5/27/1966,157.5326444,1966,8,239
era5,5/28/1966,148.0220499,1966,8,240
era5,5/29/1966,138.4101221,1966,8,241
era5,5/30/1966,130.3853934,1966,8,242
era5,5/31/1966,126.0621397,1966,8,243
era5,6/1/1966,121.3821797,1966,9,244
era5,6/2/1966,116.6137372,1966,9,245
era5,6/3/1966,111.6165128,1966,9,246
era5,6/4/1966,105.5029975,1966,9,247
era5,6/5/1966,99.27065576,1966,9,248
era5,6/6/1966,93.95722518,1966,9,249
era5,6/7/1966,89.87111591,1966,9,250
era5,6/8/1966,86.601875,1966,9,251
era5,6/9/1966,83.60557882,1966,9,252
era5,6/10/1966,79.43360012,1966,9,253
era5,6/11/1966,74.43009871,1966,9,254
era5,6/12/1966,69.12199759,1966,9,255
era5,6/13/1966,62.38933362,1966,9,256
era5,6/14/1966,55.47678341,1966,9,257
era5,6/15/1966,50.72421289,1966,9,258
era5,6/16/1966,47.70974618,1966,9,259
era5,6/17/1966,44.27911765,1966,9,260
era5,6/18/1966,40.80489824,1966,9,261
era5,6/19/1966,36.64850294,1966,9,262
era5,6/20/1966,32.72516971,1966,9,263
era5,6/21/1966,29.05586853,1966,9,264
era5,6/22/1966,25.78876979,1966,9,265
era5,6/23/1966,23.08601818,1966,9,266
era5,6/24/1966,20.62211065,1966,9,267
era5,6/25/1966,17.81528585,1966,9,268
era5,6/26/1966,14.65827988,1966,9,269
era5,6/27/1966,12.056585,1966,9,270
era5,6/28/1966,10.029265,1966,9,271
era5,6/29/1966,8.335170588,1966,9,272
era5,6/30/1966,6.731595412,1966,9,273
era5,7/1/1966,5.300701676,1966,10,274
era5,7/2/1966,4.1237145,1966,10,275
era5,7/3/1966,3.304017647,1966,10,276
era5,7/4/1966,2.505910294,1966,10,277
era5,7/5/1966,1.723581765,1966,10,278
era5,7/6/1966,0.901437765,1966,10,279
era5,7/7/1966,0.228479665,1966,10,280
era5,7/8/1966,0,1966,10,281
era5,7/9/1966,0,1966,10,282
era5,7/10/1966,0,1966,10,283
era5,7/11/1966,0,1966,10,284
era5,7/12/1966,0,1966,10,285
era5,7/13/1966,0,1966,10,286
era5,7/14/1966,0,1966,10,287
era5,7/15/1966,0,1966,10,288
era5,7/16/1966,0,1966,10,289
era5,7/17/1966,0,1966,10,290
era5,7/18/1966,0,1966,10,291
era5,7/19/1966,0,1966,10,292
era5,7/20/1966,0,1966,10,293
era5,7/21/1966,0,1966,10,294
era5,7/22/1966,0,1966,10,295
era5,7/23/1966,0,1966,10,296
era5,7/24/1966,0,1966,10,297
era5,7/25/1966,0,1966,10,298
era5,7/26/1966,0,1966,10,299
era5,7/27/1966,0,1966,10,300
era5,7/28/1966,0,1966,10,301
era5,7/29/1966,0,1966,10,302
era5,7/30/1966,0,1966,10,303
era5,7/31/1966,0,1966,10,304
era5,8/1/1966,0,1966,11,305
era5,8/2/1966,0,1966,11,306
era5,8/3/1966,0,1966,11,307
era5,8/4/1966,0,1966,11,308
era5,8/5/1966,0,1966,11,309
era5,8/6/1966,0,1966,11,310
era5,8/7/1966,0,1966,11,311
era5,8/8/1966,0,1966,11,312
era5,8/9/1966,0,1966,11,313
era5,8/10/1966,0,1966,11,314
era5,8/11/1966,0,1966,11,315
era5,8/12/1966,0,1966,11,316
era5,8/13/1966,0,1966,11,317
era5,8/14/1966,0,1966,11,318
era5,8/15/1966,0,1966,11,319
era5,8/16/1966,0,1966,11,320
era5,8/17/1966,0,1966,11,321
era5,8/18/1966,0,1966,11,322
era5,8/19/1966,0,1966,11,323
era5,8/20/1966,0,1966,11,324
era5,8/21/1966,0,1966,11,325
era5,8/22/1966,0,1966,11,326
era5,8/23/1966,0,1966,11,327
era5,8/24/1966,0,1966,11,328
era5,8/25/1966,0,1966,11,329
era5,8/26/1966,0,1966,11,330
era5,8/27/1966,0,1966,11,331
era5,8/28/1966,0,1966,11,332
era5,8/29/1966,0,1966,11,333
era5,8/30/1966,0,1966,11,334
era5,8/31/1966,0,1966,11,335
era5,9/1/1966,0,1966,12,336
era5,9/2/1966,0,1966,12,337
era5,9/3/1966,0,1966,12,338
era5,9/4/1966,0,1966,12,339
era5,9/5/1966,0,1966,12,340
era5,9/6/1966,0,1966,12,341
era5,9/7/1966,0,1966,12,342
era5,9/8/1966,0,1966,12,343
era5,9/9/1966,0,1966,12,344
era5,9/10/1966,0,1966,12,345
era5,9/11/1966,0,1966,12,346
era5,9/12/1966,0,1966,12,347
era5,9/13/1966,0.051070625,1966,12,348
era5,9/14/1966,0.070394571,1966,12,349
era5,9/15/1966,0.021835412,1966,12,350
era5,9/16/1966,0,1966,12,351
era5,9/17/1966,0,1966,12,352
era5,9/18/1966,0,1966,12,353
era5,9/19/1966,0.001424958,1966,12,354
era5,9/20/1966,1.95E-05,1966,12,355
era5,9/21/1966,0,1966,12,356
era5,9/22/1966,0,1966,12,357
era5,9/23/1966,0,1966,12,358
era5,9/24/1966,0,1966,12,359
era5,9/25/1966,0,1966,12,360
era5,9/26/1966,0,1966,12,361
era5,9/27/1966,0,1966,12,362
era5,9/28/1966,0,1966,12,363
era5,9/29/1966,0,1966,12,364
era5,9/30/1966,0.000129429,1966,12,365
era5,10/1/1966,0.185067824,1967,1,1
era5,10/2/1966,0.189273188,1967,1,2
era5,10/3/1966,0.044916918,1967,1,3
era5,10/4/1966,0,1967,1,4
era5,10/5/1966,0,1967,1,5
era5,10/6/1966,3.52E-06,1967,1,6
era5,10/7/1966,0,1967,1,7
era5,10/8/1966,0,1967,1,8
era5,10/9/1966,0,1967,1,9
era5,10/10/1966,0,1967,1,10
era5,10/11/1966,0,1967,1,11
era5,10/12/1966,0,1967,1,12
era5,10/13/1966,0,1967,1,13
era5,10/14/1966,0,1967,1,14
era5,10/15/1966,0,1967,1,15
era5,10/16/1966,0,1967,1,16
era5,10/17/1966,0,1967,1,17
era5,10/18/1966,0,1967,1,18
era5,10/19/1966,0,1967,1,19
era5,10/20/1966,0,1967,1,20
era5,10/21/1966,0,1967,1,21
era5,10/22/1966,0,1967,1,22
era5,10/23/1966,0,1967,1,23
era5,10/24/1966,0,1967,1,24
era5,10/25/1966,0,1967,1,25
era5,10/26/1966,0,1967,1,26
era5,10/27/1966,0,1967,1,27
era5,10/28/1966,0,1967,1,28
era5,10/29/1966,0,1967,1,29
era5,10/30/1966,0,1967,1,30
era5,10/31/1966,0,1967,1,31
era5,11/1/1966,0,1967,2,32
era5,11/2/1966,0,1967,2,33
era5,11/3/1966,0,1967,2,34
era5,11/4/1966,0,1967,2,35
era5,11/5/1966,0,1967,2,36
era5,11/6/1966,0.79134485,1967,2,37
era5,11/7/1966,18.24525675,1967,2,38
era5,11/8/1966,26.56915287,1967,2,39
era5,11/9/1966,26.86754814,1967,2,40
era5,11/10/1966,25.94687993,1967,2,41
era5,11/11/1966,23.89221944,1967,2,42
era5,11/12/1966,21.82639887,1967,2,43
era5,11/13/1966,19.3560042,1967,2,44
era5,11/14/1966,16.22719952,1967,2,45
era5,11/15/1966,14.71209076,1967,2,46
era5,11/16/1966,20.14872704,1967,2,47
era5,11/17/1966,25.7961071,1967,2,48
era5,11/18/1966,25.47404553,1967,2,49
era5,11/19/1966,24.34713768,1967,2,50
era5,11/20/1966,47.79868906,1967,2,51
era5,11/21/1966,70.900686,1967,2,52
era5,11/22/1966,93.74141247,1967,2,53
era5,11/23/1966,106.40069,1967,2,54
era5,11/24/1966,106.9501884,1967,2,55
era5,11/25/1966,106.7433089,1967,2,56
era5,11/26/1966,106.4808972,1967,2,57
era5,11/27/1966,105.7371159,1967,2,58
era5,11/28/1966,103.0398592,1967,2,59
era5,11/29/1966,110.6111643,1967,2,60
era5,11/30/1966,107.9932149,1967,2,61
era5,12/1/1966,106.0202568,1967,3,62
era5,12/2/1966,123.42361,1967,3,63
era5,12/3/1966,184.3147139,1967,3,64
era5,12/4/1966,196.3743412,1967,3,65
era5,12/5/1966,263.2445466,1967,3,66
era5,12/6/1966,356.7851377,1967,3,67
era5,12/7/1966,410.5991989,1967,3,68
era5,12/8/1966,417.1226892,1967,3,69
era5,12/9/1966,416.7469467,1967,3,70
era5,12/10/1966,416.568181,1967,3,71
era5,12/11/1966,415.8408408,1967,3,72
era5,12/12/1966,414.3944956,1967,3,73
era5,12/13/1966,412.8461744,1967,3,74
era5,12/14/1966,411.5194103,1967,3,75
era5,12/15/1966,410.078165,1967,3,76
era5,12/16/1966,408.7530473,1967,3,77
era5,12/17/1966,407.6118857,1967,3,78
era5,12/18/1966,406.9390349,1967,3,79
era5,12/19/1966,406.1404309,1967,3,80
era5,12/20/1966,405.4851958,1967,3,81
era5,12/21/1966,405.0855666,1967,3,82
era5,12/22/1966,404.8557064,1967,3,83
era5,12/23/1966,404.6710027,1967,3,84
era5,12/24/1966,404.5574327,1967,3,85
era5,12/25/1966,404.4821665,1967,3,86
era5,12/26/1966,406.0623328,1967,3,87
era5,12/27/1966,407.2434018,1967,3,88
era5,12/28/1966,407.200192,1967,3,89
era5,12/29/1966,407.1261774,1967,3,90
era5,12/30/1966,407.1690096,1967,3,91
era5,12/31/1966,407.1095384,1967,3,92
era5,1/1/1967,406.6043978,1967,4,93
era5,1/2/1967,406.3210004,1967,4,94
era5,1/3/1967,406.1377415,1967,4,95
era5,1/4/1967,405.7754235,1967,4,96
era5,1/5/1967,405.5347057,1967,4,97
era5,1/6/1967,405.6929102,1967,4,98
era5,1/7/1967,405.6296238,1967,4,99
era5,1/8/1967,405.5266291,1967,4,100
era5,1/9/1967,405.40856,1967,4,101
era5,1/10/1967,405.1905636,1967,4,102
era5,1/11/1967,404.9316479,1967,4,103
era5,1/12/1967,404.6277685,1967,4,104
era5,1/13/1967,404.0499856,1967,4,105
era5,1/14/1967,402.8119803,1967,4,106
era5,1/15/1967,401.7708899,1967,4,107
era5,1/16/1967,400.8171965,1967,4,108
era5,1/17/1967,400.1872822,1967,4,109
era5,1/18/1967,399.9634445,1967,4,110
era5,1/19/1967,399.724435,1967,4,111
era5,1/20/1967,401.2718941,1967,4,112
era5,1/21/1967,432.7209959,1967,4,113
era5,1/22/1967,511.3148416,1967,4,114
era5,1/23/1967,540.7688686,1967,4,115
era5,1/24/1967,566.4715848,1967,4,116
era5,1/25/1967,650.8176332,1967,4,117
era5,1/26/1967,659.6296974,1967,4,118
era5,1/27/1967,661.6258065,1967,4,119
era5,1/28/1967,661.7886262,1967,4,120
era5,1/29/1967,669.9928974,1967,4,121
era5,1/30/1967,693.2419062,1967,4,122
era5,1/31/1967,737.9474418,1967,4,123
era5,2/1/1967,748.2545012,1967,5,124
era5,2/2/1967,748.1548347,1967,5,125
era5,2/3/1967,747.2364221,1967,5,126
era5,2/4/1967,745.4251287,1967,5,127
era5,2/5/1967,742.6929903,1967,5,128
era5,2/6/1967,739.5702574,1967,5,129
era5,2/7/1967,737.6584062,1967,5,130
era5,2/8/1967,735.8065732,1967,5,131
era5,2/9/1967,734.5268408,1967,5,132
era5,2/10/1967,731.8357426,1967,5,133
era5,2/11/1967,727.3468508,1967,5,134
era5,2/12/1967,723.7703209,1967,5,135
era5,2/13/1967,720.4391472,1967,5,136
era5,2/14/1967,717.9808494,1967,5,137
era5,2/15/1967,717.9461239,1967,5,138
era5,2/16/1967,718.1848714,1967,5,139
era5,2/17/1967,717.9335782,1967,5,140
era5,2/18/1967,717.5502041,1967,5,141
era5,2/19/1967,716.7415167,1967,5,142
era5,2/20/1967,716.3165743,1967,5,143
era5,2/21/1967,716.0981741,1967,5,144
era5,2/22/1967,715.7740871,1967,5,145
era5,2/23/1967,715.2479521,1967,5,146
era5,2/24/1967,714.5772541,1967,5,147
era5,2/25/1967,723.1173357,1967,5,148
era5,2/26/1967,728.1896456,1967,5,149
era5,2/27/1967,727.9505688,1967,5,150
era5,2/28/1967,726.6552867,1967,5,151
era5,3/1/1967,724.5191037,1967,6,152
era5,3/2/1967,722.0973009,1967,6,153
era5,3/3/1967,719.6908265,1967,6,154
era5,3/4/1967,721.186557,1967,6,155
era5,3/5/1967,726.3413386,1967,6,156
era5,3/6/1967,726.5184537,1967,6,157
era5,3/7/1967,725.7930104,1967,6,158
era5,3/8/1967,724.4900416,1967,6,159
era5,3/9/1967,723.2427175,1967,6,160
era5,3/10/1967,722.2321097,1967,6,161
era5,3/11/1967,743.5493726,1967,6,162
era5,3/12/1967,822.6453644,1967,6,163
era5,3/13/1967,902.2880697,1967,6,164
era5,3/14/1967,948.9407953,1967,6,165
era5,3/15/1967,955.6029988,1967,6,166
era5,3/16/1967,985.4901353,1967,6,167
era5,3/17/1967,1008.153984,1967,6,168
era5,3/18/1967,1004.358056,1967,6,169
era5,3/19/1967,1005.355294,1967,6,170
era5,3/20/1967,1003.963883,1967,6,171
era5,3/21/1967,1002.746217,1967,6,172
era5,3/22/1967,998.9205387,1967,6,173
era5,3/23/1967,993.7916897,1967,6,174
era5,3/24/1967,992.5981572,1967,6,175
era5,3/25/1967,991.2361268,1967,6,176
era5,3/26/1967,990.1312911,1967,6,177
era5,3/27/1967,990.9176806,1967,6,178
era5,3/28/1967,993.4612441,1967,6,179
era5,3/29/1967,1008.080674,1967,6,180
era5,3/30/1967,1011.913715,1967,6,181
era5,3/31/1967,1036.304474,1967,6,182
era5,4/1/1967,1065.37421,1967,7,183
era5,4/2/1967,1074.735379,1967,7,184
era5,4/3/1967,1079.439797,1967,7,185
era5,4/4/1967,1081.561905,1967,7,186
era5,4/5/1967,1097.067823,1967,7,187
era5,4/6/1967,1104.623885,1967,7,188
era5,4/7/1967,1124.924219,1967,7,189
era5,4/8/1967,1141.715073,1967,7,190
era5,4/9/1967,1142.149482,1967,7,191
era5,4/10/1967,1141.098271,1967,7,192
era5,4/11/1967,1169.469877,1967,7,193
era5,4/12/1967,1187.146156,1967,7,194
era5,4/13/1967,1188.709811,1967,7,195
era5,4/14/1967,1188.666498,1967,7,196
era5,4/15/1967,1192.235566,1967,7,197
era5,4/16/1967,1205.232019,1967,7,198
era5,4/17/1967,1205.244577,1967,7,199
era5,4/18/1967,1223.935764,1967,7,200
era5,4/19/1967,1256.571318,1967,7,201
era5,4/20/1967,1273.626346,1967,7,202
era5,4/21/1967,1280.183698,1967,7,203
era5,4/22/1967,1296.426648,1967,7,204
era5,4/23/1967,1307.722337,1967,7,205
era5,4/24/1967,1320.629549,1967,7,206
era5,4/25/1967,1331.073695,1967,7,207
era5,4/26/1967,1331.275106,1967,7,208
era5,4/27/1967,1329.714972,1967,7,209
era5,4/28/1967,1337.924556,1967,7,210
era5,4/29/1967,1355.635067,1967,7,211
era5,4/30/1967,1365.943792,1967,7,212
era5,5/1/1967,1367.489351,1967,8,213
era5,5/2/1967,1365.693948,1967,8,214
era5,5/3/1967,1361.722204,1967,8,215
era5,5/4/1967,1358.185194,1967,8,216
era5,5/5/1967,1359.390965,1967,8,217
era5,5/6/1967,1360.039112,1967,8,218
era5,5/7/1967,1351.771054,1967,8,219
era5,5/8/1967,1340.645635,1967,8,220
era5,5/9/1967,1329.137,1967,8,221
era5,5/10/1967,1338.722166,1967,8,222
era5,5/11/1967,1343.030027,1967,8,223
era5,5/12/1967,1341.514646,1967,8,224
era5,5/13/1967,1339.660534,1967,8,225
era5,5/14/1967,1334.975523,1967,8,226
era5,5/15/1967,1325.679775,1967,8,227
era5,5/16/1967,1311.2329,1967,8,228
era5,5/17/1967,1293.119048,1967,8,229
era5,5/18/1967,1274.014134,1967,8,230
era5,5/19/1967,1253.813301,1967,8,231
era5,5/20/1967,1230.723572,1967,8,232
era5,5/21/1967,1201.26577,1967,8,233
era5,5/22/1967,1170.913702,1967,8,234
era5,5/23/1967,1143.27472,1967,8,235
era5,5/24/1967,1116.521256,1967,8,236
era5,5/25/1967,1092.886041,1967,8,237
era5,5/26/1967,1073.358747,1967,8,238
era5,5/27/1967,1056.370969,1967,8,239
era5,5/28/1967,1038.431777,1967,8,240
era5,5/29/1967,1021.814881,1967,8,241
era5,5/30/1967,1009.581185,1967,8,242
era5,5/31/1967,1003.103403,1967,8,243
era5,6/1/1967,1014.86718,1967,9,244
era5,6/2/1967,1027.9982,1967,9,245
era5,6/3/1967,1027.178294,1967,9,246
era5,6/4/1967,1020.261957,1967,9,247
era5,6/5/1967,1014.271249,1967,9,248
era5,6/6/1967,1013.917889,1967,9,249
era5,6/7/1967,1002.299059,1967,9,250
era5,6/8/1967,988.3803486,1967,9,251
era5,6/9/1967,977.7656557,1967,9,252
era5,6/10/1967,965.9216147,1967,9,253
era5,6/11/1967,949.6919562,1967,9,254
era5,6/12/1967,933.9549857,1967,9,255
era5,6/13/1967,921.7902019,1967,9,256
era5,6/14/1967,909.0937294,1967,9,257
era5,6/15/1967,892.390419,1967,9,258
era5,6/16/1967,873.2025528,1967,9,259
era5,6/17/1967,852.4187988,1967,9,260
era5,6/18/1967,828.4937379,1967,9,261
era5,6/19/1967,805.9175597,1967,9,262
era5,6/20/1967,787.3440043,1967,9,263
era5,6/21/1967,760.7462792,1967,9,264
era5,6/22/1967,734.1289583,1967,9,265
era5,6/23/1967,712.5202181,1967,9,266
era5,6/24/1967,693.2754974,1967,9,267
era5,6/25/1967,672.6609421,1967,9,268
era5,6/26/1967,649.8683144,1967,9,269
era5,6/27/1967,628.3539165,1967,9,270
era5,6/28/1967,606.8571049,1967,9,271
era5,6/29/1967,580.1762606,1967,9,272
era5,6/30/1967,551.8795745,1967,9,273
era5,7/1/1967,526.334324,1967,10,274
era5,7/2/1967,499.8142476,1967,10,275
era5,7/3/1967,473.9395944,1967,10,276
era5,7/4/1967,450.2849302,1967,10,277
era5,7/5/1967,429.7492758,1967,10,278
era5,7/6/1967,410.0672747,1967,10,279
era5,7/7/1967,392.1562832,1967,10,280
era5,7/8/1967,375.1454994,1967,10,281
era5,7/9/1967,359.1734462,1967,10,282
era5,7/10/1967,344.5528796,1967,10,283
era5,7/11/1967,329.9516044,1967,10,284
era5,7/12/1967,312.6958317,1967,10,285
era5,7/13/1967,296.0105082,1967,10,286
era5,7/14/1967,280.7143724,1967,10,287
era5,7/15/1967,265.7126171,1967,10,288
era5,7/16/1967,250.3034043,1967,10,289
era5,7/17/1967,236.8197309,1967,10,290
era5,7/18/1967,224.5761856,1967,10,291
era5,7/19/1967,213.2688474,1967,10,292
era5,7/20/1967,201.4896682,1967,10,293
era5,7/21/1967,188.7687597,1967,10,294
era5,7/22/1967,175.1851347,1967,10,295
era5,7/23/1967,160.2760939,1967,10,296
era5,7/24/1967,145.557488,1967,10,297
era5,7/25/1967,130.886084,1967,10,298
era5,7/26/1967,119.2187447,1967,10,299
era5,7/27/1967,110.9847674,1967,10,300
era5,7/28/1967,102.8988334,1967,10,301
era5,7/29/1967,94.07721962,1967,10,302
era5,7/30/1967,85.67288265,1967,10,303
era5,7/31/1967,78.27665553,1967,10,304
era5,8/1/1967,71.13783456,1967,11,305
era5,8/2/1967,64.91117265,1967,11,306
era5,8/3/1967,59.31570868,1967,11,307
era5,8/4/1967,53.59648282,1967,11,308
era5,8/5/1967,48.46728329,1967,11,309
era5,8/6/1967,44.10586912,1967,11,310
era5,8/7/1967,40.04280853,1967,11,311
era5,8/8/1967,35.72583312,1967,11,312
era5,8/9/1967,31.13202176,1967,11,313
era5,8/10/1967,26.39956368,1967,11,314
era5,8/11/1967,21.80527715,1967,11,315
era5,8/12/1967,17.11501318,1967,11,316
era5,8/13/1967,13.85776235,1967,11,317
era5,8/14/1967,10.90971697,1967,11,318
era5,8/15/1967,8.292010588,1967,11,319
era5,8/16/1967,6.281266765,1967,11,320
era5,8/17/1967,4.294606941,1967,11,321
era5,8/18/1967,2.410587765,1967,11,322
era5,8/19/1967,0.615107715,1967,11,323
era5,8/20/1967,0,1967,11,324
era5,8/21/1967,0,1967,11,325
era5,8/22/1967,0,1967,11,326
era5,8/23/1967,0,1967,11,327
era5,8/24/1967,0,1967,11,328
era5,8/25/1967,0,1967,11,329
era5,8/26/1967,0,1967,11,330
era5,8/27/1967,0,1967,11,331
era5,8/28/1967,0,1967,11,332
era5,8/29/1967,0,1967,11,333
era5,8/30/1967,0,1967,11,334
era5,8/31/1967,0,1967,11,335
era5,9/1/1967,0,1967,12,336
era5,9/2/1967,0,1967,12,337
era5,9/3/1967,0,1967,12,338
era5,9/4/1967,1.34E-06,1967,12,339
era5,9/5/1967,0,1967,12,340
era5,9/6/1967,0,1967,12,341
era5,9/7/1967,0,1967,12,342
era5,9/8/1967,0,1967,12,343
era5,9/9/1967,0,1967,12,344
era5,9/10/1967,0,1967,12,345
era5,9/11/1967,0,1967,12,346
era5,9/12/1967,0,1967,12,347
era5,9/13/1967,0,1967,12,348
era5,9/14/1967,0,1967,12,349
era5,9/15/1967,0,1967,12,350
era5,9/16/1967,0,1967,12,351
era5,9/17/1967,0,1967,12,352
era5,9/18/1967,0,1967,12,353
era5,9/19/1967,0,1967,12,354
era5,9/20/1967,0,1967,12,355
era5,9/21/1967,0,1967,12,356
era5,9/22/1967,0.001113171,1967,12,357
era5,9/23/1967,0,1967,12,358
era5,9/24/1967,0,1967,12,359
era5,9/25/1967,0,1967,12,360
era5,9/26/1967,0,1967,12,361
era5,9/27/1967,0,1967,12,362
era5,9/28/1967,0,1967,12,363
era5,9/29/1967,0,1967,12,364
era5,9/30/1967,0,1967,12,365
era5,10/1/1967,0,1968,1,1
era5,10/2/1967,4.05E-06,1968,1,2
era5,10/3/1967,1.378491393,1968,1,3
era5,10/4/1967,1.494910085,1968,1,4
era5,10/5/1967,2.815505945,1968,1,5
era5,10/6/1967,3.643779644,1968,1,6
era5,10/7/1967,2.476965982,1968,1,7
era5,10/8/1967,1.046670029,1968,1,8
era5,10/9/1967,0.578983265,1968,1,9
era5,10/10/1967,0.507544294,1968,1,10
era5,10/11/1967,0.239994094,1968,1,11
era5,10/12/1967,0,1968,1,12
era5,10/13/1967,0,1968,1,13
era5,10/14/1967,0,1968,1,14
era5,10/15/1967,0,1968,1,15
era5,10/16/1967,0,1968,1,16
era5,10/17/1967,0,1968,1,17
era5,10/18/1967,0,1968,1,18
era5,10/19/1967,0,1968,1,19
era5,10/20/1967,0,1968,1,20
era5,10/21/1967,0,1968,1,21
era5,10/22/1967,0,1968,1,22
era5,10/23/1967,0,1968,1,23
era5,10/24/1967,0,1968,1,24
era5,10/25/1967,0,1968,1,25
era5,10/26/1967,0,1968,1,26
era5,10/27/1967,0,1968,1,27
era5,10/28/1967,0,1968,1,28
era5,10/29/1967,0,1968,1,29
era5,10/30/1967,0,1968,1,30
era5,10/31/1967,0,1968,1,31
era5,11/1/1967,0,1968,2,32
era5,11/2/1967,0,1968,2,33
era5,11/3/1967,0,1968,2,34
era5,11/4/1967,0,1968,2,35
era5,11/5/1967,5.83E-05,1968,2,36
era5,11/6/1967,0,1968,2,37
era5,11/7/1967,0,1968,2,38
era5,11/8/1967,0,1968,2,39
era5,11/9/1967,0,1968,2,40
era5,11/10/1967,0,1968,2,41
era5,11/11/1967,0,1968,2,42
era5,11/12/1967,0,1968,2,43
era5,11/13/1967,0.246446775,1968,2,44
era5,11/14/1967,4.035455617,1968,2,45
era5,11/15/1967,2.386609691,1968,2,46
era5,11/16/1967,1.879798822,1968,2,47
era5,11/17/1967,2.460371936,1968,2,48
era5,11/18/1967,2.421593507,1968,2,49
era5,11/19/1967,24.06395249,1968,2,50
era5,11/20/1967,46.97846142,1968,2,51
era5,11/21/1967,52.092486,1968,2,52
era5,11/22/1967,52.79888517,1968,2,53
era5,11/23/1967,51.81424153,1968,2,54
era5,11/24/1967,50.70363056,1968,2,55
era5,11/25/1967,49.57001679,1968,2,56
era5,11/26/1967,48.49989823,1968,2,57
era5,11/27/1967,47.93654956,1968,2,58
era5,11/28/1967,53.12883049,1968,2,59
era5,11/29/1967,61.40028101,1968,2,60
era5,11/30/1967,112.4616609,1968,2,61
era5,12/1/1967,157.8397701,1968,3,62
era5,12/2/1967,160.1839263,1968,3,63
era5,12/3/1967,160.1346849,1968,3,64
era5,12/4/1967,164.7842082,1968,3,65
era5,12/5/1967,191.9777142,1968,3,66
era5,12/6/1967,216.0205947,1968,3,67
era5,12/7/1967,221.9693613,1968,3,68
era5,12/8/1967,236.2530424,1968,3,69
era5,12/9/1967,236.5041899,1968,3,70
era5,12/10/1967,236.2000429,1968,3,71
era5,12/11/1967,235.1143516,1968,3,72
era5,12/12/1967,233.84531,1968,3,73
era5,12/13/1967,234.9470497,1968,3,74
era5,12/14/1967,235.5807419,1968,3,75
era5,12/15/1967,237.9213369,1968,3,76
era5,12/16/1967,242.1200309,1968,3,77
era5,12/17/1967,242.3265432,1968,3,78
era5,12/18/1967,264.2667968,1968,3,79
era5,12/19/1967,310.5545956,1968,3,80
era5,12/20/1967,320.4012615,1968,3,81
era5,12/21/1967,324.4971994,1968,3,82
era5,12/22/1967,324.6500985,1968,3,83
era5,12/23/1967,324.560965,1968,3,84
era5,12/24/1967,324.3214021,1968,3,85
era5,12/25/1967,322.3053371,1968,3,86
era5,12/26/1967,319.0710415,1968,3,87
era5,12/27/1967,316.2938262,1968,3,88
era5,12/28/1967,314.1641906,1968,3,89
era5,12/29/1967,313.1120215,1968,3,90
era5,12/30/1967,312.5025088,1968,3,91
era5,12/31/1967,312.0753165,1968,3,92
era5,1/1/1968,311.7961665,1968,4,93
era5,1/2/1968,311.7890774,1968,4,94
era5,1/3/1968,312.1040282,1968,4,95
era5,1/4/1968,312.0333394,1968,4,96
era5,1/5/1968,311.9467956,1968,4,97
era5,1/6/1968,311.8513718,1968,4,98
era5,1/7/1968,311.7454894,1968,4,99
era5,1/8/1968,311.7193412,1968,4,100
era5,1/9/1968,312.1769303,1968,4,101
era5,1/10/1968,314.787835,1968,4,102
era5,1/11/1968,330.5524188,1968,4,103
era5,1/12/1968,331.2600506,1968,4,104
era5,1/13/1968,330.9284071,1968,4,105
era5,1/14/1968,329.9955388,1968,4,106
era5,1/15/1968,329.3230518,1968,4,107
era5,1/16/1968,329.6193741,1968,4,108
era5,1/17/1968,330.0506241,1968,4,109
era5,1/18/1968,329.8185676,1968,4,110
era5,1/19/1968,329.3465924,1968,4,111
era5,1/20/1968,327.8588988,1968,4,112
era5,1/21/1968,325.3145472,1968,4,113
era5,1/22/1968,322.3014519,1968,4,114
era5,1/23/1968,318.5092812,1968,4,115
era5,1/24/1968,315.2613326,1968,4,116
era5,1/25/1968,312.808949,1968,4,117
era5,1/26/1968,311.7762794,1968,4,118
era5,1/27/1968,317.5299726,1968,4,119
era5,1/28/1968,331.777135,1968,4,120
era5,1/29/1968,335.5846078,1968,4,121
era5,1/30/1968,353.0783891,1968,4,122
era5,1/31/1968,409.8968465,1968,4,123
era5,2/1/1968,419.7371353,1968,5,124
era5,2/2/1968,421.3231197,1968,5,125
era5,2/3/1968,423.3245779,1968,5,126
era5,2/4/1968,423.1207174,1968,5,127
era5,2/5/1968,421.8535318,1968,5,128
era5,2/6/1968,420.2968897,1968,5,129
era5,2/7/1968,418.2606737,1968,5,130
era5,2/8/1968,417.5512719,1968,5,131
era5,2/9/1968,417.8912038,1968,5,132
era5,2/10/1968,419.1003222,1968,5,133
era5,2/11/1968,419.0942359,1968,5,134
era5,2/12/1968,419.0137572,1968,5,135
era5,2/13/1968,422.2330994,1968,5,136
era5,2/14/1968,434.8557394,1968,5,137
era5,2/15/1968,440.9494247,1968,5,138
era5,2/16/1968,441.8710562,1968,5,139
era5,2/17/1968,460.85128,1968,5,140
era5,2/18/1968,477.3912929,1968,5,141
era5,2/19/1968,475.3346832,1968,5,142
era5,2/20/1968,474.0040828,1968,5,143
era5,2/21/1968,472.6124156,1968,5,144
era5,2/22/1968,470.7694235,1968,5,145
era5,2/23/1968,466.7251659,1968,5,146
era5,2/24/1968,461.8073981,1968,5,147
era5,2/25/1968,456.886511,1968,5,148
era5,2/26/1968,450.7522489,1968,5,149
era5,2/27/1968,444.0256784,1968,5,150
era5,2/28/1968,438.1574582,1968,5,151
era5,2/29/1968,433.9965005,1968,5,152
era5,3/1/1968,431.0157755,1968,6,153
era5,3/2/1968,428.0192321,1968,6,154
era5,3/3/1968,423.7046424,1968,6,155
era5,3/4/1968,418.5537972,1968,6,156
era5,3/5/1968,413.2289226,1968,6,157
era5,3/6/1968,411.052911,1968,6,158
era5,3/7/1968,411.5111847,1968,6,159
era5,3/8/1968,414.5701005,1968,6,160
era5,3/9/1968,415.6647916,1968,6,161
era5,3/10/1968,415.6230022,1968,6,162
era5,3/11/1968,415.0346592,1968,6,163
era5,3/12/1968,414.2661497,1968,6,164
era5,3/13/1968,428.770344,1968,6,165
era5,3/14/1968,459.1711202,1968,6,166
era5,3/15/1968,462.974191,1968,6,167
era5,3/16/1968,466.4145975,1968,6,168
era5,3/17/1968,496.0008782,1968,6,169
era5,3/18/1968,501.3972359,1968,6,170
era5,3/19/1968,503.4677147,1968,6,171
era5,3/20/1968,503.2380296,1968,6,172
era5,3/21/1968,502.2610401,1968,6,173
era5,3/22/1968,500.4781321,1968,6,174
era5,3/23/1968,497.9429279,1968,6,175
era5,3/24/1968,495.8288215,1968,6,176
era5,3/25/1968,492.4877497,1968,6,177
era5,3/26/1968,489.3514232,1968,6,178
era5,3/27/1968,486.7513203,1968,6,179
era5,3/28/1968,481.4738526,1968,6,180
era5,3/29/1968,473.8188091,1968,6,181
era5,3/30/1968,465.2109535,1968,6,182
era5,3/31/1968,457.1513855,1968,6,183
era5,4/1/1968,450.3901541,1968,7,184
era5,4/2/1968,458.5865518,1968,7,185
era5,4/3/1968,462.5634148,1968,7,186
era5,4/4/1968,460.3310567,1968,7,187
era5,4/5/1968,455.6396963,1968,7,188
era5,4/6/1968,454.9792389,1968,7,189
era5,4/7/1968,453.3370608,1968,7,190
era5,4/8/1968,450.152736,1968,7,191
era5,4/9/1968,445.7705567,1968,7,192
era5,4/10/1968,439.0941351,1968,7,193
era5,4/11/1968,430.2764327,1968,7,194
era5,4/12/1968,421.768072,1968,7,195
era5,4/13/1968,415.593772,1968,7,196
era5,4/14/1968,410.6728372,1968,7,197
era5,4/15/1968,403.9217067,1968,7,198
era5,4/16/1968,397.5966064,1968,7,199
era5,4/17/1968,396.6715579,1968,7,200
era5,4/18/1968,396.8853252,1968,7,201
era5,4/19/1968,396.4633727,1968,7,202
era5,4/20/1968,395.6272094,1968,7,203
era5,4/21/1968,395.2031676,1968,7,204
era5,4/22/1968,394.8058085,1968,7,205
era5,4/23/1968,393.7129071,1968,7,206
era5,4/24/1968,390.7580732,1968,7,207
era5,4/25/1968,385.0034876,1968,7,208
era5,4/26/1968,376.2318553,1968,7,209
era5,4/27/1968,366.1931106,1968,7,210
era5,4/28/1968,355.9589718,1968,7,211
era5,4/29/1968,343.8990715,1968,7,212
era5,4/30/1968,330.96219,1968,7,213
era5,5/1/1968,318.1650081,1968,8,214
era5,5/2/1968,305.548264,1968,8,215
era5,5/3/1968,293.5167811,1968,8,216
era5,5/4/1968,281.3275937,1968,8,217
era5,5/5/1968,269.7107544,1968,8,218
era5,5/6/1968,262.4351869,1968,8,219
era5,5/7/1968,256.9920289,1968,8,220
era5,5/8/1968,249.3129676,1968,8,221
era5,5/9/1968,240.8151572,1968,8,222
era5,5/10/1968,235.7691014,1968,8,223
era5,5/11/1968,228.3940375,1968,8,224
era5,5/12/1968,222.9693914,1968,8,225
era5,5/13/1968,230.5965945,1968,8,226
era5,5/14/1968,246.6255099,1968,8,227
era5,5/15/1968,247.0813744,1968,8,228
era5,5/16/1968,241.0501604,1968,8,229
era5,5/17/1968,233.8266291,1968,8,230
era5,5/18/1968,225.5279517,1968,8,231
era5,5/19/1968,217.2616121,1968,8,232
era5,5/20/1968,208.7760803,1968,8,233
era5,5/21/1968,200.8637453,1968,8,234
era5,5/22/1968,197.1735678,1968,8,235
era5,5/23/1968,195.6250019,1968,8,236
era5,5/24/1968,193.2111393,1968,8,237
era5,5/25/1968,189.1551168,1968,8,238
era5,5/26/1968,181.6483443,1968,8,239
era5,5/27/1968,172.3904717,1968,8,240
era5,5/28/1968,162.3447407,1968,8,241
era5,5/29/1968,153.7018609,1968,8,242
era5,5/30/1968,146.1561721,1968,8,243
era5,5/31/1968,139.1835416,1968,8,244
era5,6/1/1968,131.5187188,1968,9,245
era5,6/2/1968,122.7346691,1968,9,246
era5,6/3/1968,113.9257297,1968,9,247
era5,6/4/1968,106.0852115,1968,9,248
era5,6/5/1968,99.74176312,1968,9,249
era5,6/6/1968,96.76124583,1968,9,250
era5,6/7/1968,95.64983077,1968,9,251
era5,6/8/1968,93.74720571,1968,9,252
era5,6/9/1968,91.52098739,1968,9,253
era5,6/10/1968,87.55326176,1968,9,254
era5,6/11/1968,82.05752312,1968,9,255
era5,6/12/1968,76.50643277,1968,9,256
era5,6/13/1968,72.98585655,1968,9,257
era5,6/14/1968,70.01928588,1968,9,258
era5,6/15/1968,66.05341235,1968,9,259
era5,6/16/1968,60.80477647,1968,9,260
era5,6/17/1968,55.02149118,1968,9,261
era5,6/18/1968,49.07808294,1968,9,262
era5,6/19/1968,43.11233382,1968,9,263
era5,6/20/1968,37.37731941,1968,9,264
era5,6/21/1968,31.36511288,1968,9,265
era5,6/22/1968,25.14339138,1968,9,266
era5,6/23/1968,19.39428353,1968,9,267
era5,6/24/1968,14.24246256,1968,9,268
era5,6/25/1968,10.14657378,1968,9,269
era5,6/26/1968,7.1485875,1968,9,270
era5,6/27/1968,4.508754412,1968,9,271
era5,6/28/1968,2.671137676,1968,9,272
era5,6/29/1968,1.326434853,1968,9,273
era5,6/30/1968,0.612829647,1968,9,274
era5,7/1/1968,0.056442432,1968,10,275
era5,7/2/1968,0,1968,10,276
era5,7/3/1968,0,1968,10,277
era5,7/4/1968,0,1968,10,278
era5,7/5/1968,0,1968,10,279
era5,7/6/1968,0,1968,10,280
era5,7/7/1968,0,1968,10,281
era5,7/8/1968,0,1968,10,282
era5,7/9/1968,0,1968,10,283
era5,7/10/1968,0,1968,10,284
era5,7/11/1968,0,1968,10,285
era5,7/12/1968,0,1968,10,286
era5,7/13/1968,0,1968,10,287
era5,7/14/1968,0,1968,10,288
era5,7/15/1968,0,1968,10,289
era5,7/16/1968,0,1968,10,290
era5,7/17/1968,0,1968,10,291
era5,7/18/1968,0,1968,10,292
era5,7/19/1968,0,1968,10,293
era5,7/20/1968,0,1968,10,294
era5,7/21/1968,0,1968,10,295
era5,7/22/1968,0,1968,10,296
era5,7/23/1968,0,1968,10,297
era5,7/24/1968,0,1968,10,298
era5,7/25/1968,0,1968,10,299
era5,7/26/1968,0,1968,10,300
era5,7/27/1968,0,1968,10,301
era5,7/28/1968,0,1968,10,302
era5,7/29/1968,0,1968,10,303
era5,7/30/1968,0,1968,10,304
era5,7/31/1968,0,1968,10,305
era5,8/1/1968,0,1968,11,306
era5,8/2/1968,0,1968,11,307
era5,8/3/1968,0,1968,11,308
era5,8/4/1968,0,1968,11,309
era5,8/5/1968,0,1968,11,310
era5,8/6/1968,0,1968,11,311
era5,8/7/1968,0,1968,11,312
era5,8/8/1968,0,1968,11,313
era5,8/9/1968,0,1968,11,314
era5,8/10/1968,0,1968,11,315
era5,8/11/1968,0,1968,11,316
era5,8/12/1968,0,1968,11,317
era5,8/13/1968,0,1968,11,318
era5,8/14/1968,0,1968,11,319
era5,8/15/1968,0,1968,11,320
era5,8/16/1968,0,1968,11,321
era5,8/17/1968,0,1968,11,322
era5,8/18/1968,0,1968,11,323
era5,8/19/1968,0.00014261,1968,11,324
era5,8/20/1968,0.266323635,1968,11,325
era5,8/21/1968,0.37410191,1968,11,326
era5,8/22/1968,0.539244606,1968,11,327
era5,8/23/1968,0.273196562,1968,11,328
era5,8/24/1968,0,1968,11,329
era5,8/25/1968,0,1968,11,330
era5,8/26/1968,0,1968,11,331
era5,8/27/1968,0,1968,11,332
era5,8/28/1968,0,1968,11,333
era5,8/29/1968,0,1968,11,334
era5,8/30/1968,0,1968,11,335
era5,8/31/1968,0,1968,11,336
era5,9/1/1968,0,1968,12,337
era5,9/2/1968,0,1968,12,338
era5,9/3/1968,0,1968,12,339
era5,9/4/1968,0,1968,12,340
era5,9/5/1968,0,1968,12,341
era5,9/6/1968,0,1968,12,342
era5,9/7/1968,0,1968,12,343
era5,9/8/1968,0,1968,12,344
era5,9/9/1968,0,1968,12,345
era5,9/10/1968,0,1968,12,346
era5,9/11/1968,0,1968,12,347
era5,9/12/1968,0,1968,12,348
era5,9/13/1968,0,1968,12,349
era5,9/14/1968,0,1968,12,350
era5,9/15/1968,0,1968,12,351
era5,9/16/1968,0,1968,12,352
era5,9/17/1968,0,1968,12,353
era5,9/18/1968,0,1968,12,354
era5,9/19/1968,0,1968,12,355
era5,9/20/1968,0.008975989,1968,12,356
era5,9/21/1968,0,1968,12,357
era5,9/22/1968,0,1968,12,358
era5,9/23/1968,0,1968,12,359
era5,9/24/1968,0,1968,12,360
era5,9/25/1968,0,1968,12,361
era5,9/26/1968,0,1968,12,362
era5,9/27/1968,0,1968,12,363
era5,9/28/1968,0,1968,12,364
era5,9/29/1968,0,1968,12,365
era5,9/30/1968,0,1968,12,366
era5,10/1/1968,0,1969,1,1
era5,10/2/1968,0,1969,1,2
era5,10/3/1968,0,1969,1,3
era5,10/4/1968,0,1969,1,4
era5,10/5/1968,0,1969,1,5
era5,10/6/1968,0,1969,1,6
era5,10/7/1968,0,1969,1,7
era5,10/8/1968,0,1969,1,8
era5,10/9/1968,0,1969,1,9
era5,10/10/1968,0,1969,1,10
era5,10/11/1968,0,1969,1,11
era5,10/12/1968,0.587790401,1969,1,12
era5,10/13/1968,5.761690519,1969,1,13
era5,10/14/1968,14.6379565,1969,1,14
era5,10/15/1968,15.81493423,1969,1,15
era5,10/16/1968,14.28895235,1969,1,16
era5,10/17/1968,11.38843748,1969,1,17
era5,10/18/1968,8.458087265,1969,1,18
era5,10/19/1968,6.805990312,1969,1,19
era5,10/20/1968,5.458034244,1969,1,20
era5,10/21/1968,4.486770265,1969,1,21
era5,10/22/1968,3.40464809,1969,1,22
era5,10/23/1968,2.42139975,1969,1,23
era5,10/24/1968,1.913046794,1969,1,24
era5,10/25/1968,1.572421471,1969,1,25
era5,10/26/1968,1.329819382,1969,1,26
era5,10/27/1968,0.969253676,1969,1,27
era5,10/28/1968,0.569531547,1969,1,28
era5,10/29/1968,0.294007091,1969,1,29
era5,10/30/1968,4.681019514,1969,1,30
era5,10/31/1968,5.577912688,1969,1,31
era5,11/1/1968,5.160459982,1969,2,32
era5,11/2/1968,4.875678159,1969,2,33
era5,11/3/1968,11.55139632,1969,2,34
era5,11/4/1968,24.53545254,1969,2,35
era5,11/5/1968,24.81555541,1969,2,36
era5,11/6/1968,24.40394722,1969,2,37
era5,11/7/1968,23.77838614,1969,2,38
era5,11/8/1968,21.2733204,1969,2,39
era5,11/9/1968,16.37199434,1969,2,40
era5,11/10/1968,12.96174431,1969,2,41
era5,11/11/1968,11.02187896,1969,2,42
era5,11/12/1968,13.06859041,1969,2,43
era5,11/13/1968,18.83529125,1969,2,44
era5,11/14/1968,19.13547689,1969,2,45
era5,11/15/1968,42.510145,1969,2,46
era5,11/16/1968,59.72354735,1969,2,47
era5,11/17/1968,59.66970826,1969,2,48
era5,11/18/1968,57.03000318,1969,2,49
era5,11/19/1968,52.80256974,1969,2,50
era5,11/20/1968,48.51507302,1969,2,51
era5,11/21/1968,44.38750711,1969,2,52
era5,11/22/1968,40.65846518,1969,2,53
era5,11/23/1968,37.65111526,1969,2,54
era5,11/24/1968,35.08500094,1969,2,55
era5,11/25/1968,35.09200624,1969,2,56
era5,11/26/1968,35.16681917,1969,2,57
era5,11/27/1968,34.74399763,1969,2,58
era5,11/28/1968,34.22132234,1969,2,59
era5,11/29/1968,33.73126663,1969,2,60
era5,11/30/1968,33.37587248,1969,2,61
era5,12/1/1968,37.92328653,1969,3,62
era5,12/2/1968,44.74931249,1969,3,63
era5,12/3/1968,44.74364463,1969,3,64
era5,12/4/1968,43.78536661,1969,3,65
era5,12/5/1968,42.82045701,1969,3,66
era5,12/6/1968,41.87009255,1969,3,67
era5,12/7/1968,40.64537729,1969,3,68
era5,12/8/1968,39.7671712,1969,3,69
era5,12/9/1968,39.36699723,1969,3,70
era5,12/10/1968,39.76130192,1969,3,71
era5,12/11/1968,67.75283482,1969,3,72
era5,12/12/1968,80.34481979,1969,3,73
era5,12/13/1968,80.37199215,1969,3,74
era5,12/14/1968,83.06256385,1969,3,75
era5,12/15/1968,100.1474293,1969,3,76
era5,12/16/1968,148.1818284,1969,3,77
era5,12/17/1968,155.641359,1969,3,78
era5,12/18/1968,155.8775258,1969,3,79
era5,12/19/1968,162.2073239,1969,3,80
era5,12/20/1968,171.1315756,1969,3,81
era5,12/21/1968,171.4780031,1969,3,82
era5,12/22/1968,171.4182787,1969,3,83
era5,12/23/1968,171.2641534,1969,3,84
era5,12/24/1968,173.792095,1969,3,85
era5,12/25/1968,210.3806403,1969,3,86
era5,12/26/1968,271.6992205,1969,3,87
era5,12/27/1968,282.7864028,1969,3,88
era5,12/28/1968,283.5527447,1969,3,89
era5,12/29/1968,288.2022024,1969,3,90
era5,12/30/1968,288.7073094,1969,3,91
era5,12/31/1968,288.5841813,1969,3,92
era5,1/1/1969,287.909534,1969,4,93
era5,1/2/1969,286.7573124,1969,4,94
era5,1/3/1969,285.3465481,1969,4,95
era5,1/4/1969,282.7907407,1969,4,96
era5,1/5/1969,279.17643,1969,4,97
era5,1/6/1969,274.489714,1969,4,98
era5,1/7/1969,269.1329197,1969,4,99
era5,1/8/1969,265.2451954,1969,4,100
era5,1/9/1969,264.6974156,1969,4,101
era5,1/10/1969,264.4284997,1969,4,102
era5,1/11/1969,266.4328175,1969,4,103
era5,1/12/1969,281.1147969,1969,4,104
era5,1/13/1969,295.6826437,1969,4,105
era5,1/14/1969,353.6375703,1969,4,106
era5,1/15/1969,363.1778645,1969,4,107
era5,1/16/1969,364.4131435,1969,4,108
era5,1/17/1969,364.3397832,1969,4,109
era5,1/18/1969,364.329838,1969,4,110
era5,1/19/1969,417.3498435,1969,4,111
era5,1/20/1969,475.7287138,1969,4,112
era5,1/21/1969,540.1348314,1969,4,113
era5,1/22/1969,629.5617009,1969,4,114
era5,1/23/1969,660.3067358,1969,4,115
era5,1/24/1969,678.350356,1969,4,116
era5,1/25/1969,738.7509849,1969,4,117
era5,1/26/1969,837.83676,1969,4,118
era5,1/27/1969,897.3997253,1969,4,119
era5,1/28/1969,911.5526026,1969,4,120
era5,1/29/1969,939.6067697,1969,4,121
era5,1/30/1969,945.6637366,1969,4,122
era5,1/31/1969,951.0730038,1969,4,123
era5,2/1/1969,951.2682953,1969,5,124
era5,2/2/1969,952.4884674,1969,5,125
era5,2/3/1969,952.1299197,1969,5,126
era5,2/4/1969,951.3733238,1969,5,127
era5,2/5/1969,960.173946,1969,5,128
era5,2/6/1969,1023.54649,1969,5,129
era5,2/7/1969,1071.92345,1969,5,130
era5,2/8/1969,1073.015336,1969,5,131
era5,2/9/1969,1072.925297,1969,5,132
era5,2/10/1969,1072.846955,1969,5,133
era5,2/11/1969,1072.756338,1969,5,134
era5,2/12/1969,1080.19507,1969,5,135
era5,2/13/1969,1084.855128,1969,5,136
era5,2/14/1969,1085.446289,1969,5,137
era5,2/15/1969,1115.917682,1969,5,138
era5,2/16/1969,1174.774989,1969,5,139
era5,2/17/1969,1178.006779,1969,5,140
era5,2/18/1969,1179.528326,1969,5,141
era5,2/19/1969,1190.709457,1969,5,142
era5,2/20/1969,1200.798682,1969,5,143
era5,2/21/1969,1202.317507,1969,5,144
era5,2/22/1969,1205.303385,1969,5,145
era5,2/23/1969,1220.278742,1969,5,146
era5,2/24/1969,1294.509238,1969,5,147
era5,2/25/1969,1409.854457,1969,5,148
era5,2/26/1969,1444.697129,1969,5,149
era5,2/27/1969,1449.957,1969,5,150
era5,2/28/1969,1463.094026,1969,5,151
era5,3/1/1969,1519.67734,1969,6,152
era5,3/2/1969,1528.143802,1969,6,153
era5,3/3/1969,1532.620218,1969,6,154
era5,3/4/1969,1539.967563,1969,6,155
era5,3/5/1969,1540.745947,1969,6,156
era5,3/6/1969,1541.114182,1969,6,157
era5,3/7/1969,1542.497544,1969,6,158
era5,3/8/1969,1543.089381,1969,6,159
era5,3/9/1969,1543.426774,1969,6,160
era5,3/10/1969,1547.063594,1969,6,161
era5,3/11/1969,1553.174422,1969,6,162
era5,3/12/1969,1554.004379,1969,6,163
era5,3/13/1969,1558.747411,1969,6,164
era5,3/14/1969,1561.600337,1969,6,165
era5,3/15/1969,1561.335551,1969,6,166
era5,3/16/1969,1560.473245,1969,6,167
era5,3/17/1969,1559.331857,1969,6,168
era5,3/18/1969,1558.19375,1969,6,169
era5,3/19/1969,1556.323764,1969,6,170
era5,3/20/1969,1554.928051,1969,6,171
era5,3/21/1969,1556.01744,1969,6,172
era5,3/22/1969,1563.002759,1969,6,173
era5,3/23/1969,1560.862006,1969,6,174
era5,3/24/1969,1557.231144,1969,6,175
era5,3/25/1969,1554.15458,1969,6,176
era5,3/26/1969,1550.997334,1969,6,177
era5,3/27/1969,1546.782966,1969,6,178
era5,3/28/1969,1542.074168,1969,6,179
era5,3/29/1969,1536.836776,1969,6,180
era5,3/30/1969,1529.497131,1969,6,181
era5,3/31/1969,1520.988152,1969,6,182
era5,4/1/1969,1513.481733,1969,7,183
era5,4/2/1969,1508.812688,1969,7,184
era5,4/3/1969,1518.536985,1969,7,185
era5,4/4/1969,1520.444755,1969,7,186
era5,4/5/1969,1517.135406,1969,7,187
era5,4/6/1969,1556.614515,1969,7,188
era5,4/7/1969,1567.574869,1969,7,189
era5,4/8/1969,1567.386422,1969,7,190
era5,4/9/1969,1564.954204,1969,7,191
era5,4/10/1969,1561.576445,1969,7,192
era5,4/11/1969,1553.480335,1969,7,193
era5,4/12/1969,1543.54189,1969,7,194
era5,4/13/1969,1534.325036,1969,7,195
era5,4/14/1969,1527.569998,1969,7,196
era5,4/15/1969,1524.091924,1969,7,197
era5,4/16/1969,1520.626212,1969,7,198
era5,4/17/1969,1513.284802,1969,7,199
era5,4/18/1969,1503.355469,1969,7,200
era5,4/19/1969,1495.010339,1969,7,201
era5,4/20/1969,1481.833382,1969,7,202
era5,4/21/1969,1465.586141,1969,7,203
era5,4/22/1969,1448.672501,1969,7,204
era5,4/23/1969,1437.115104,1969,7,205
era5,4/24/1969,1451.730384,1969,7,206
era5,4/25/1969,1453.932829,1969,7,207
era5,4/26/1969,1451.288601,1969,7,208
era5,4/27/1969,1445.545191,1969,7,209
era5,4/28/1969,1435.317646,1969,7,210
era5,4/29/1969,1422.237584,1969,7,211
era5,4/30/1969,1409.037799,1969,7,212
era5,5/1/1969,1398.107232,1969,8,213
era5,5/2/1969,1388.777274,1969,8,214
era5,5/3/1969,1380.610612,1969,8,215
era5,5/4/1969,1374.089681,1969,8,216
era5,5/5/1969,1367.725082,1969,8,217
era5,5/6/1969,1351.733666,1969,8,218
era5,5/7/1969,1333.967952,1969,8,219
era5,5/8/1969,1317.046432,1969,8,220
era5,5/9/1969,1298.78007,1969,8,221
era5,5/10/1969,1278.948195,1969,8,222
era5,5/11/1969,1257.988946,1969,8,223
era5,5/12/1969,1237.47266,1969,8,224
era5,5/13/1969,1218.75232,1969,8,225
era5,5/14/1969,1198.787669,1969,8,226
era5,5/15/1969,1184.380834,1969,8,227
era5,5/16/1969,1167.65418,1969,8,228
era5,5/17/1969,1143.345354,1969,8,229
era5,5/18/1969,1117.561496,1969,8,230
era5,5/19/1969,1098.135284,1969,8,231
era5,5/20/1969,1079.695264,1969,8,232
era5,5/21/1969,1056.944966,1969,8,233
era5,5/22/1969,1031.535973,1969,8,234
era5,5/23/1969,1006.642429,1969,8,235
era5,5/24/1969,981.7399354,1969,8,236
era5,5/25/1969,959.3594976,1969,8,237
era5,5/26/1969,937.598951,1969,8,238
era5,5/27/1969,915.4172612,1969,8,239
era5,5/28/1969,894.5806905,1969,8,240
era5,5/29/1969,871.1642576,1969,8,241
era5,5/30/1969,845.7674815,1969,8,242
era5,5/31/1969,819.929935,1969,8,243
era5,6/1/1969,790.3760909,1969,9,244
era5,6/2/1969,762.0031755,1969,9,245
era5,6/3/1969,736.9178911,1969,9,246
era5,6/4/1969,710.6123669,1969,9,247
era5,6/5/1969,687.3436921,1969,9,248
era5,6/6/1969,666.9547028,1969,9,249
era5,6/7/1969,647.3966199,1969,9,250
era5,6/8/1969,629.7845346,1969,9,251
era5,6/9/1969,616.2475408,1969,9,252
era5,6/10/1969,606.2813507,1969,9,253
era5,6/11/1969,595.7375287,1969,9,254
era5,6/12/1969,583.0774456,1969,9,255
era5,6/13/1969,570.9722376,1969,9,256
era5,6/14/1969,553.8898812,1969,9,257
era5,6/15/1969,534.9496201,1969,9,258
era5,6/16/1969,517.2616329,1969,9,259
era5,6/17/1969,501.8229244,1969,9,260
era5,6/18/1969,489.4206886,1969,9,261
era5,6/19/1969,476.1358962,1969,9,262
era5,6/20/1969,462.8041594,1969,9,263
era5,6/21/1969,450.7022556,1969,9,264
era5,6/22/1969,437.2365347,1969,9,265
era5,6/23/1969,420.3517976,1969,9,266
era5,6/24/1969,404.794325,1969,9,267
era5,6/25/1969,393.3462191,1969,9,268
era5,6/26/1969,384.4388424,1969,9,269
era5,6/27/1969,375.3729469,1969,9,270
era5,6/28/1969,366.2228891,1969,9,271
era5,6/29/1969,357.7515135,1969,9,272
era5,6/30/1969,345.4108316,1969,9,273
era5,7/1/1969,331.652355,1969,10,274
era5,7/2/1969,317.6951525,1969,10,275
era5,7/3/1969,304.4635944,1969,10,276
era5,7/4/1969,293.5130084,1969,10,277
era5,7/5/1969,283.6918254,1969,10,278
era5,7/6/1969,274.4689776,1969,10,279
era5,7/7/1969,265.1539874,1969,10,280
era5,7/8/1969,254.4295935,1969,10,281
era5,7/9/1969,243.3171179,1969,10,282
era5,7/10/1969,231.8495262,1969,10,283
era5,7/11/1969,220.0835864,1969,10,284
era5,7/12/1969,208.0035497,1969,10,285
era5,7/13/1969,197.4193307,1969,10,286
era5,7/14/1969,186.8188528,1969,10,287
era5,7/15/1969,176.1938928,1969,10,288
era5,7/16/1969,166.636099,1969,10,289
era5,7/17/1969,158.8740255,1969,10,290
era5,7/18/1969,152.3479815,1969,10,291
era5,7/19/1969,144.3372759,1969,10,292
era5,7/20/1969,135.5808276,1969,10,293
era5,7/21/1969,127.2759816,1969,10,294
era5,7/22/1969,118.9341583,1969,10,295
era5,7/23/1969,110.1227215,1969,10,296
era5,7/24/1969,103.2017507,1969,10,297
era5,7/25/1969,97.42017248,1969,10,298
era5,7/26/1969,92.406385,1969,10,299
era5,7/27/1969,87.14563382,1969,10,300
era5,7/28/1969,82.04067894,1969,10,301
era5,7/29/1969,76.50600282,1969,10,302
era5,7/30/1969,70.83660653,1969,10,303
era5,7/31/1969,65.19982394,1969,10,304
era5,8/1/1969,60.23694987,1969,11,305
era5,8/2/1969,56.72697088,1969,11,306
era5,8/3/1969,52.73435824,1969,11,307
era5,8/4/1969,49.25646735,1969,11,308
era5,8/5/1969,46.12419031,1969,11,309
era5,8/6/1969,43.76275971,1969,11,310
era5,8/7/1969,41.82113382,1969,11,311
era5,8/8/1969,39.55074941,1969,11,312
era5,8/9/1969,36.51966265,1969,11,313
era5,8/10/1969,33.26931853,1969,11,314
era5,8/11/1969,30.99609265,1969,11,315
era5,8/12/1969,28.39018059,1969,11,316
era5,8/13/1969,26.12415059,1969,11,317
era5,8/14/1969,23.83404059,1969,11,318
era5,8/15/1969,21.05935441,1969,11,319
era5,8/16/1969,18.27349088,1969,11,320
era5,8/17/1969,15.81570824,1969,11,321
era5,8/18/1969,13.74014735,1969,11,322
era5,8/19/1969,12.01743515,1969,11,323
era5,8/20/1969,10.21122853,1969,11,324
era5,8/21/1969,8.147659765,1969,11,325
era5,8/22/1969,5.864031256,1969,11,326
era5,8/23/1969,4.014402118,1969,11,327
era5,8/24/1969,2.642102941,1969,11,328
era5,8/25/1969,1.760717941,1969,11,329
era5,8/26/1969,0.950181412,1969,11,330
era5,8/27/1969,0.308078853,1969,11,331
era5,8/28/1969,0,1969,11,332
era5,8/29/1969,0,1969,11,333
era5,8/30/1969,0,1969,11,334
era5,8/31/1969,0,1969,11,335
era5,9/1/1969,0,1969,12,336
era5,9/2/1969,0,1969,12,337
era5,9/3/1969,0,1969,12,338
era5,9/4/1969,0,1969,12,339
era5,9/5/1969,0,1969,12,340
era5,9/6/1969,0,1969,12,341
era5,9/7/1969,0,1969,12,342
era5,9/8/1969,0,1969,12,343
era5,9/9/1969,0,1969,12,344
era5,9/10/1969,0,1969,12,345
era5,9/11/1969,0,1969,12,346
era5,9/12/1969,0,1969,12,347
era5,9/13/1969,0,1969,12,348
era5,9/14/1969,0,1969,12,349
era5,9/15/1969,0,1969,12,350
era5,9/16/1969,0,1969,12,351
era5,9/17/1969,0,1969,12,352
era5,9/18/1969,0,1969,12,353
era5,9/19/1969,0,1969,12,354
era5,9/20/1969,0,1969,12,355
era5,9/21/1969,0,1969,12,356
era5,9/22/1969,0,1969,12,357
era5,9/23/1969,0,1969,12,358
era5,9/24/1969,0,1969,12,359
era5,9/25/1969,0,1969,12,360
era5,9/26/1969,0,1969,12,361
era5,9/27/1969,0,1969,12,362
era5,9/28/1969,0,1969,12,363
era5,9/29/1969,0,1969,12,364
era5,9/30/1969,0,1969,12,365
era5,10/1/1969,0,1970,1,1
era5,10/2/1969,0,1970,1,2
era5,10/3/1969,0,1970,1,3
era5,10/4/1969,0,1970,1,4
era5,10/5/1969,0,1970,1,5
era5,10/6/1969,0,1970,1,6
era5,10/7/1969,0,1970,1,7
era5,10/8/1969,0,1970,1,8
era5,10/9/1969,0,1970,1,9
era5,10/10/1969,0,1970,1,10
era5,10/11/1969,0.010691463,1970,1,11
era5,10/12/1969,0,1970,1,12
era5,10/13/1969,0,1970,1,13
era5,10/14/1969,0.069969016,1970,1,14
era5,10/15/1969,5.329442022,1970,1,15
era5,10/16/1969,21.30311863,1970,1,16
era5,10/17/1969,28.4423311,1970,1,17
era5,10/18/1969,31.08076396,1970,1,18
era5,10/19/1969,33.80491677,1970,1,19
era5,10/20/1969,33.70090919,1970,1,20
era5,10/21/1969,33.80011063,1970,1,21
era5,10/22/1969,32.06773806,1970,1,22
era5,10/23/1969,29.20416427,1970,1,23
era5,10/24/1969,26.75665404,1970,1,24
era5,10/25/1969,24.73643819,1970,1,25
era5,10/26/1969,22.51354991,1970,1,26
era5,10/27/1969,20.21611437,1970,1,27
era5,10/28/1969,18.12174976,1970,1,28
era5,10/29/1969,16.08081982,1970,1,29
era5,10/30/1969,14.37333294,1970,1,30
era5,10/31/1969,12.85185307,1970,1,31
era5,11/1/1969,11.53542036,1970,2,32
era5,11/2/1969,10.23273237,1970,2,33
era5,11/3/1969,9.0459557,1970,2,34
era5,11/4/1969,8.516023979,1970,2,35
era5,11/5/1969,8.806570451,1970,2,36
era5,11/6/1969,28.82818419,1970,2,37
era5,11/7/1969,52.57789376,1970,2,38
era5,11/8/1969,57.659466,1970,2,39
era5,11/9/1969,61.11983381,1970,2,40
era5,11/10/1969,59.40793568,1970,2,41
era5,11/11/1969,55.09888957,1970,2,42
era5,11/12/1969,49.71458383,1970,2,43
era5,11/13/1969,45.71039464,1970,2,44
era5,11/14/1969,42.1929145,1970,2,45
era5,11/15/1969,39.67420494,1970,2,46
era5,11/16/1969,40.59554153,1970,2,47
era5,11/17/1969,41.61201687,1970,2,48
era5,11/18/1969,41.48820889,1970,2,49
era5,11/19/1969,41.10974833,1970,2,50
era5,11/20/1969,40.101005,1970,2,51
era5,11/21/1969,38.07046061,1970,2,52
era5,11/22/1969,36.97821958,1970,2,53
era5,11/23/1969,35.93040699,1970,2,54
era5,11/24/1969,34.64756873,1970,2,55
era5,11/25/1969,33.5737595,1970,2,56
era5,11/26/1969,32.13817831,1970,2,57
era5,11/27/1969,30.42119132,1970,2,58
era5,11/28/1969,29.32862309,1970,2,59
era5,11/29/1969,28.46783443,1970,2,60
era5,11/30/1969,27.75498792,1970,2,61
era5,12/1/1969,26.8671098,1970,3,62
era5,12/2/1969,26.21621138,1970,3,63
era5,12/3/1969,25.39104892,1970,3,64
era5,12/4/1969,24.36487933,1970,3,65
era5,12/5/1969,23.31808767,1970,3,66
era5,12/6/1969,22.02604029,1970,3,67
era5,12/7/1969,21.37119048,1970,3,68
era5,12/8/1969,21.97258501,1970,3,69
era5,12/9/1969,30.79313702,1970,3,70
era5,12/10/1969,33.17358002,1970,3,71
era5,12/11/1969,39.76549227,1970,3,72
era5,12/12/1969,42.18673848,1970,3,73
era5,12/13/1969,41.41159972,1970,3,74
era5,12/14/1969,39.98544671,1970,3,75
era5,12/15/1969,38.62279003,1970,3,76
era5,12/16/1969,37.36702763,1970,3,77
era5,12/17/1969,36.51469218,1970,3,78
era5,12/18/1969,35.95350707,1970,3,79
era5,12/19/1969,35.9259831,1970,3,80
era5,12/20/1969,54.72424261,1970,3,81
era5,12/21/1969,65.36820379,1970,3,82
era5,12/22/1969,91.03586684,1970,3,83
era5,12/23/1969,91.96133802,1970,3,84
era5,12/24/1969,98.01172719,1970,3,85
era5,12/25/1969,108.6127193,1970,3,86
era5,12/26/1969,134.6581894,1970,3,87
era5,12/27/1969,138.3221544,1970,3,88
era5,12/28/1969,139.0347875,1970,3,89
era5,12/29/1969,139.0083149,1970,3,90
era5,12/30/1969,138.8934825,1970,3,91
era5,12/31/1969,138.7557206,1970,3,92
era5,1/1/1970,138.6410212,1970,4,93
era5,1/2/1970,138.5362032,1970,4,94
era5,1/3/1970,138.4407856,1970,4,95
era5,1/4/1970,138.3274358,1970,4,96
era5,1/5/1970,138.2507195,1970,4,97
era5,1/6/1970,138.1263621,1970,4,98
era5,1/7/1970,137.8967202,1970,4,99
era5,1/8/1970,137.7052346,1970,4,100
era5,1/9/1970,145.6509046,1970,4,101
era5,1/10/1970,204.8835148,1970,4,102
era5,1/11/1970,222.3055435,1970,4,103
era5,1/12/1970,224.904221,1970,4,104
era5,1/13/1970,226.7029876,1970,4,105
era5,1/14/1970,231.1431235,1970,4,106
era5,1/15/1970,257.9880333,1970,4,107
era5,1/16/1970,280.6776719,1970,4,108
era5,1/17/1970,335.1614554,1970,4,109
era5,1/18/1970,348.6463758,1970,4,110
era5,1/19/1970,349.7495685,1970,4,111
era5,1/20/1970,355.3166075,1970,4,112
era5,1/21/1970,358.1525556,1970,4,113
era5,1/22/1970,363.2132539,1970,4,114
era5,1/23/1970,360.9347299,1970,4,115
era5,1/24/1970,376.9068597,1970,4,116
era5,1/25/1970,393.7668632,1970,4,117
era5,1/26/1970,393.8291441,1970,4,118
era5,1/27/1970,404.1390577,1970,4,119
era5,1/28/1970,418.1738686,1970,4,120
era5,1/29/1970,418.4265506,1970,4,121
era5,1/30/1970,417.9997501,1970,4,122
era5,1/31/1970,417.9127469,1970,4,123
era5,2/1/1970,418.5318753,1970,5,124
era5,2/2/1970,418.1190521,1970,5,125
era5,2/3/1970,417.1343035,1970,5,126
era5,2/4/1970,415.7847139,1970,5,127
era5,2/5/1970,414.3882695,1970,5,128
era5,2/6/1970,413.3649981,1970,5,129
era5,2/7/1970,411.3027367,1970,5,130
era5,2/8/1970,408.1764567,1970,5,131
era5,2/9/1970,405.2430871,1970,5,132
era5,2/10/1970,407.8860112,1970,5,133
era5,2/11/1970,413.1000954,1970,5,134
era5,2/12/1970,413.8493753,1970,5,135
era5,2/13/1970,425.2551375,1970,5,136
era5,2/14/1970,443.2484318,1970,5,137
era5,2/15/1970,444.6785787,1970,5,138
era5,2/16/1970,443.3907313,1970,5,139
era5,2/17/1970,457.5133241,1970,5,140
era5,2/18/1970,468.1208419,1970,5,141
era5,2/19/1970,467.9770354,1970,5,142
era5,2/20/1970,467.5515547,1970,5,143
era5,2/21/1970,467.1726961,1970,5,144
era5,2/22/1970,466.6509583,1970,5,145
era5,2/23/1970,466.2000862,1970,5,146
era5,2/24/1970,465.5083166,1970,5,147
era5,2/25/1970,464.5702894,1970,5,148
era5,2/26/1970,463.0939219,1970,5,149
era5,2/27/1970,461.1146501,1970,5,150
era5,2/28/1970,462.1082832,1970,5,151
era5,3/1/1970,507.0978007,1970,6,152
era5,3/2/1970,543.4808135,1970,6,153
era5,3/3/1970,548.1463022,1970,6,154
era5,3/4/1970,549.061158,1970,6,155
era5,3/5/1970,565.6571083,1970,6,156
era5,3/6/1970,569.134357,1970,6,157
era5,3/7/1970,567.9709555,1970,6,158
era5,3/8/1970,566.1497616,1970,6,159
era5,3/9/1970,565.4873521,1970,6,160
era5,3/10/1970,572.8785761,1970,6,161
era5,3/11/1970,579.2837872,1970,6,162
era5,3/12/1970,579.7784471,1970,6,163
era5,3/13/1970,578.1884665,1970,6,164
era5,3/14/1970,573.7367804,1970,6,165
era5,3/15/1970,569.0433852,1970,6,166
era5,3/16/1970,565.3185496,1970,6,167
era5,3/17/1970,561.0334458,1970,6,168
era5,3/18/1970,558.1118667,1970,6,169
era5,3/19/1970,557.5981118,1970,6,170
era5,3/20/1970,556.9603386,1970,6,171
era5,3/21/1970,554.986129,1970,6,172
era5,3/22/1970,550.5178486,1970,6,173
era5,3/23/1970,543.6539231,1970,6,174
era5,3/24/1970,534.5638105,1970,6,175
era5,3/25/1970,525.8316605,1970,6,176
era5,3/26/1970,518.6058094,1970,6,177
era5,3/27/1970,513.9152594,1970,6,178
era5,3/28/1970,512.6215873,1970,6,179
era5,3/29/1970,509.3048278,1970,6,180
era5,3/30/1970,506.4166406,1970,6,181
era5,3/31/1970,506.6459853,1970,6,182
era5,4/1/1970,506.5820929,1970,7,183
era5,4/2/1970,505.4227626,1970,7,184
era5,4/3/1970,503.1500329,1970,7,185
era5,4/4/1970,500.2296553,1970,7,186
era5,4/5/1970,496.2352676,1970,7,187
era5,4/6/1970,490.2121771,1970,7,188
era5,4/7/1970,483.783239,1970,7,189
era5,4/8/1970,479.2389939,1970,7,190
era5,4/9/1970,472.4220669,1970,7,191
era5,4/10/1970,463.1969257,1970,7,192
era5,4/11/1970,452.8278675,1970,7,193
era5,4/12/1970,446.5241415,1970,7,194
era5,4/13/1970,443.1471933,1970,7,195
era5,4/14/1970,468.2301621,1970,7,196
era5,4/15/1970,478.9565375,1970,7,197
era5,4/16/1970,479.7231409,1970,7,198
era5,4/17/1970,479.2606696,1970,7,199
era5,4/18/1970,481.3903608,1970,7,200
era5,4/19/1970,479.7834043,1970,7,201
era5,4/20/1970,478.3604915,1970,7,202
era5,4/21/1970,478.3336649,1970,7,203
era5,4/22/1970,484.5930741,1970,7,204
era5,4/23/1970,487.127777,1970,7,205
era5,4/24/1970,485.3599252,1970,7,206
era5,4/25/1970,482.0010521,1970,7,207
era5,4/26/1970,479.1100694,1970,7,208
era5,4/27/1970,494.6235436,1970,7,209
era5,4/28/1970,504.9684148,1970,7,210
era5,4/29/1970,508.1583488,1970,7,211
era5,4/30/1970,506.9638684,1970,7,212
era5,5/1/1970,502.7211166,1970,8,213
era5,5/2/1970,496.0805134,1970,8,214
era5,5/3/1970,487.7212764,1970,8,215
era5,5/4/1970,476.8442665,1970,8,216
era5,5/5/1970,465.6573121,1970,8,217
era5,5/6/1970,457.2863385,1970,8,218
era5,5/7/1970,451.7693256,1970,8,219
era5,5/8/1970,445.6183656,1970,8,220
era5,5/9/1970,437.3425121,1970,8,221
era5,5/10/1970,430.6105038,1970,8,222
era5,5/11/1970,428.8943682,1970,8,223
era5,5/12/1970,426.6803021,1970,8,224
era5,5/13/1970,421.8766097,1970,8,225
era5,5/14/1970,411.5963479,1970,8,226
era5,5/15/1970,394.2520592,1970,8,227
era5,5/16/1970,375.5328179,1970,8,228
era5,5/17/1970,355.2260349,1970,8,229
era5,5/18/1970,334.3299829,1970,8,230
era5,5/19/1970,317.5687549,1970,8,231
era5,5/20/1970,307.3447398,1970,8,232
era5,5/21/1970,298.7065871,1970,8,233
era5,5/22/1970,286.0192059,1970,8,234
era5,5/23/1970,271.5411778,1970,8,235
era5,5/24/1970,254.8085018,1970,8,236
era5,5/25/1970,237.4049921,1970,8,237
era5,5/26/1970,222.4628629,1970,8,238
era5,5/27/1970,208.3789169,1970,8,239
era5,5/28/1970,198.1707765,1970,8,240
era5,5/29/1970,189.2130644,1970,8,241
era5,5/30/1970,180.5049866,1970,8,242
era5,5/31/1970,169.68643,1970,8,243
era5,6/1/1970,157.8403038,1970,9,244
era5,6/2/1970,147.3953764,1970,9,245
era5,6/3/1970,137.757315,1970,9,246
era5,6/4/1970,129.3041826,1970,9,247
era5,6/5/1970,121.6223865,1970,9,248
era5,6/6/1970,115.3678982,1970,9,249
era5,6/7/1970,109.0828731,1970,9,250
era5,6/8/1970,102.1826996,1970,9,251
era5,6/9/1970,96.87107414,1970,9,252
era5,6/10/1970,92.98583974,1970,9,253
era5,6/11/1970,89.21712297,1970,9,254
era5,6/12/1970,86.26902237,1970,9,255
era5,6/13/1970,87.41840349,1970,9,256
era5,6/14/1970,88.74752148,1970,9,257
era5,6/15/1970,86.21790909,1970,9,258
era5,6/16/1970,82.5800435,1970,9,259
era5,6/17/1970,79.53376403,1970,9,260
era5,6/18/1970,75.72890871,1970,9,261
era5,6/19/1970,71.26021235,1970,9,262
era5,6/20/1970,66.56779176,1970,9,263
era5,6/21/1970,61.43666824,1970,9,264
era5,6/22/1970,56.53000265,1970,9,265
era5,6/23/1970,51.84028706,1970,9,266
era5,6/24/1970,46.32219371,1970,9,267
era5,6/25/1970,39.81688468,1970,9,268
era5,6/26/1970,34.01822206,1970,9,269
era5,6/27/1970,28.91455271,1970,9,270
era5,6/28/1970,26.06030882,1970,9,271
era5,6/29/1970,23.29230062,1970,9,272
era5,6/30/1970,21.22153894,1970,9,273
era5,7/1/1970,19.11911268,1970,10,274
era5,7/2/1970,17.42241588,1970,10,275
era5,7/3/1970,15.73125118,1970,10,276
era5,7/4/1970,14.35206471,1970,10,277
era5,7/5/1970,12.83854059,1970,10,278
era5,7/6/1970,11.26451324,1970,10,279
era5,7/7/1970,9.420785294,1970,10,280
era5,7/8/1970,7.951319412,1970,10,281
era5,7/9/1970,6.946240412,1970,10,282
era5,7/10/1970,5.615620618,1970,10,283
era5,7/11/1970,4.322835294,1970,10,284
era5,7/12/1970,3.538654118,1970,10,285
era5,7/13/1970,2.606146647,1970,10,286
era5,7/14/1970,1.672053235,1970,10,287
era5,7/15/1970,0.680938235,1970,10,288
era5,7/16/1970,0.00155216,1970,10,289
era5,7/17/1970,0,1970,10,290
era5,7/18/1970,0,1970,10,291
era5,7/19/1970,0,1970,10,292
era5,7/20/1970,0,1970,10,293
era5,7/21/1970,0,1970,10,294
era5,7/22/1970,0,1970,10,295
era5,7/23/1970,0,1970,10,296
era5,7/24/1970,0,1970,10,297
era5,7/25/1970,0,1970,10,298
era5,7/26/1970,0,1970,10,299
era5,7/27/1970,0,1970,10,300
era5,7/28/1970,0,1970,10,301
era5,7/29/1970,0,1970,10,302
era5,7/30/1970,0,1970,10,303
era5,7/31/1970,0,1970,10,304
era5,8/1/1970,0,1970,11,305
era5,8/2/1970,0,1970,11,306
era5,8/3/1970,0,1970,11,307
era5,8/4/1970,0,1970,11,308
era5,8/5/1970,0,1970,11,309
era5,8/6/1970,0,1970,11,310
era5,8/7/1970,0,1970,11,311
era5,8/8/1970,0,1970,11,312
era5,8/9/1970,0,1970,11,313
era5,8/10/1970,0,1970,11,314
era5,8/11/1970,0,1970,11,315
era5,8/12/1970,0,1970,11,316
era5,8/13/1970,0,1970,11,317
era5,8/14/1970,0,1970,11,318
era5,8/15/1970,0,1970,11,319
era5,8/16/1970,0,1970,11,320
era5,8/17/1970,0,1970,11,321
era5,8/18/1970,0,1970,11,322
era5,8/19/1970,0,1970,11,323
era5,8/20/1970,0,1970,11,324
era5,8/21/1970,0,1970,11,325
era5,8/22/1970,0,1970,11,326
era5,8/23/1970,0,1970,11,327
era5,8/24/1970,0,1970,11,328
era5,8/25/1970,0,1970,11,329
era5,8/26/1970,0,1970,11,330
era5,8/27/1970,0,1970,11,331
era5,8/28/1970,0,1970,11,332
era5,8/29/1970,0,1970,11,333
era5,8/30/1970,0,1970,11,334
era5,8/31/1970,0,1970,11,335
era5,9/1/1970,0,1970,12,336
era5,9/2/1970,0,1970,12,337
era5,9/3/1970,0,1970,12,338
era5,9/4/1970,0,1970,12,339
era5,9/5/1970,0.004290163,1970,12,340
era5,9/6/1970,0,1970,12,341
era5,9/7/1970,0,1970,12,342
era5,9/8/1970,0,1970,12,343
era5,9/9/1970,0,1970,12,344
era5,9/10/1970,0,1970,12,345
era5,9/11/1970,0,1970,12,346
era5,9/12/1970,0,1970,12,347
era5,9/13/1970,0,1970,12,348
era5,9/14/1970,0,1970,12,349
era5,9/15/1970,0,1970,12,350
era5,9/16/1970,0,1970,12,351
era5,9/17/1970,0,1970,12,352
era5,9/18/1970,0,1970,12,353
era5,9/19/1970,0,1970,12,354
era5,9/20/1970,0,1970,12,355
era5,9/21/1970,0,1970,12,356
era5,9/22/1970,0,1970,12,357
era5,9/23/1970,0,1970,12,358
era5,9/24/1970,0,1970,12,359
era5,9/25/1970,0,1970,12,360
era5,9/26/1970,0,1970,12,361
era5,9/27/1970,0,1970,12,362
era5,9/28/1970,0,1970,12,363
era5,9/29/1970,0,1970,12,364
era5,9/30/1970,0,1970,12,365
era5,10/1/1970,0,1971,1,1
era5,10/2/1970,0,1971,1,2
era5,10/3/1970,4.69E-06,1971,1,3
era5,10/4/1970,0,1971,1,4
era5,10/5/1970,3.24E-06,1971,1,5
era5,10/6/1970,0,1971,1,6
era5,10/7/1970,0,1971,1,7
era5,10/8/1970,0,1971,1,8
era5,10/9/1970,0,1971,1,9
era5,10/10/1970,0,1971,1,10
era5,10/11/1970,0,1971,1,11
era5,10/12/1970,0,1971,1,12
era5,10/13/1970,0,1971,1,13
era5,10/14/1970,0,1971,1,14
era5,10/15/1970,0,1971,1,15
era5,10/16/1970,0,1971,1,16
era5,10/17/1970,0,1971,1,17
era5,10/18/1970,0,1971,1,18
era5,10/19/1970,0,1971,1,19
era5,10/20/1970,0.015337726,1971,1,20
era5,10/21/1970,0.497699716,1971,1,21
era5,10/22/1970,2.491165353,1971,1,22
era5,10/23/1970,4.368839289,1971,1,23
era5,10/24/1970,10.42971348,1971,1,24
era5,10/25/1970,10.97968303,1971,1,25
era5,10/26/1970,10.90353268,1971,1,26
era5,10/27/1970,10.5241461,1971,1,27
era5,10/28/1970,9.404541283,1971,1,28
era5,10/29/1970,7.836419809,1971,1,29
era5,10/30/1970,5.546906984,1971,1,30
era5,10/31/1970,3.493502909,1971,1,31
era5,11/1/1970,2.424813959,1971,2,32
era5,11/2/1970,1.370996638,1971,2,33
era5,11/3/1970,1.128302359,1971,2,34
era5,11/4/1970,2.05981859,1971,2,35
era5,11/5/1970,21.36223831,1971,2,36
era5,11/6/1970,35.37708641,1971,2,37
era5,11/7/1970,40.14631696,1971,2,38
era5,11/8/1970,41.1999528,1971,2,39
era5,11/9/1970,40.44240164,1971,2,40
era5,11/10/1970,40.09647921,1971,2,41
era5,11/11/1970,38.89537069,1971,2,42
era5,11/12/1970,40.45835071,1971,2,43
era5,11/13/1970,41.23278458,1971,2,44
era5,11/14/1970,40.04014462,1971,2,45
era5,11/15/1970,38.43957546,1971,2,46
era5,11/16/1970,37.8581278,1971,2,47
era5,11/17/1970,37.52149737,1971,2,48
era5,11/18/1970,36.61419426,1971,2,49
era5,11/19/1970,36.19762054,1971,2,50
era5,11/20/1970,35.7072787,1971,2,51
era5,11/21/1970,35.33557217,1971,2,52
era5,11/22/1970,35.06839706,1971,2,53
era5,11/23/1970,34.75408768,1971,2,54
era5,11/24/1970,33.10129229,1971,2,55
era5,11/25/1970,34.74798655,1971,2,56
era5,11/26/1970,64.1166839,1971,2,57
era5,11/27/1970,70.83808196,1971,2,58
era5,11/28/1970,82.08290595,1971,2,59
era5,11/29/1970,148.4005447,1971,2,60
era5,11/30/1970,201.3631453,1971,2,61
era5,12/1/1970,218.6063557,1971,3,62
era5,12/2/1970,262.0815692,1971,3,63
era5,12/3/1970,312.7037299,1971,3,64
era5,12/4/1970,319.6046226,1971,3,65
era5,12/5/1970,325.4107481,1971,3,66
era5,12/6/1970,324.9965928,1971,3,67
era5,12/7/1970,323.5030408,1971,3,68
era5,12/8/1970,322.2605213,1971,3,69
era5,12/9/1970,330.0758426,1971,3,70
era5,12/10/1970,333.7393815,1971,3,71
era5,12/11/1970,333.1991299,1971,3,72
era5,12/12/1970,331.8409714,1971,3,73
era5,12/13/1970,330.9183639,1971,3,74
era5,12/14/1970,330.6363873,1971,3,75
era5,12/15/1970,332.1032398,1971,3,76
era5,12/16/1970,358.6563956,1971,3,77
era5,12/17/1970,412.7719444,1971,3,78
era5,12/18/1970,432.6420382,1971,3,79
era5,12/19/1970,442.59029,1971,3,80
era5,12/20/1970,447.9259021,1971,3,81
era5,12/21/1970,469.9212109,1971,3,82
era5,12/22/1970,496.8989732,1971,3,83
era5,12/23/1970,498.9162788,1971,3,84
era5,12/24/1970,499.0784215,1971,3,85
era5,12/25/1970,499.0027821,1971,3,86
era5,12/26/1970,499.0888082,1971,3,87
era5,12/27/1970,509.9237144,1971,3,88
era5,12/28/1970,519.6082838,1971,3,89
era5,12/29/1970,520.5933506,1971,3,90
era5,12/30/1970,521.8348165,1971,3,91
era5,12/31/1970,521.720025,1971,3,92
era5,1/1/1971,521.4774506,1971,4,93
era5,1/2/1971,526.3797271,1971,4,94
era5,1/3/1971,527.7604488,1971,4,95
era5,1/4/1971,527.5694394,1971,4,96
era5,1/5/1971,527.4283241,1971,4,97
era5,1/6/1971,527.3389544,1971,4,98
era5,1/7/1971,527.3018647,1971,4,99
era5,1/8/1971,527.5239818,1971,4,100
era5,1/9/1971,527.5614929,1971,4,101
era5,1/10/1971,527.1071818,1971,4,102
era5,1/11/1971,528.2346485,1971,4,103
era5,1/12/1971,559.7398524,1971,4,104
era5,1/13/1971,625.0981953,1971,4,105
era5,1/14/1971,681.5011209,1971,4,106
era5,1/15/1971,688.5227571,1971,4,107
era5,1/16/1971,688.5197006,1971,4,108
era5,1/17/1971,689.4636641,1971,4,109
era5,1/18/1971,686.6524485,1971,4,110
era5,1/19/1971,681.8745265,1971,4,111
era5,1/20/1971,677.302,1971,4,112
era5,1/21/1971,674.3621015,1971,4,113
era5,1/22/1971,673.2208709,1971,4,114
era5,1/23/1971,672.6282976,1971,4,115
era5,1/24/1971,672.1802882,1971,4,116
era5,1/25/1971,671.6794909,1971,4,117
era5,1/26/1971,671.057035,1971,4,118
era5,1/27/1971,669.7593553,1971,4,119
era5,1/28/1971,667.7034694,1971,4,120
era5,1/29/1971,665.2945615,1971,4,121
era5,1/30/1971,662.6014694,1971,4,122
era5,1/31/1971,659.7406994,1971,4,123
era5,2/1/1971,657.4295865,1971,5,124
era5,2/2/1971,655.2212615,1971,5,125
era5,2/3/1971,654.0725756,1971,5,126
era5,2/4/1971,653.6951326,1971,5,127
era5,2/5/1971,653.6532591,1971,5,128
era5,2/6/1971,653.5908979,1971,5,129
era5,2/7/1971,653.0007326,1971,5,130
era5,2/8/1971,652.5044662,1971,5,131
era5,2/9/1971,651.7164156,1971,5,132
era5,2/10/1971,650.2318491,1971,5,133
era5,2/11/1971,645.6761132,1971,5,134
era5,2/12/1971,639.4501471,1971,5,135
era5,2/13/1971,633.7228962,1971,5,136
era5,2/14/1971,629.3624921,1971,5,137
era5,2/15/1971,625.2799628,1971,5,138
era5,2/16/1971,622.9648515,1971,5,139
era5,2/17/1971,627.0457174,1971,5,140
era5,2/18/1971,632.1410568,1971,5,141
era5,2/19/1971,636.3779824,1971,5,142
era5,2/20/1971,644.0238181,1971,5,143
era5,2/21/1971,644.2571788,1971,5,144
era5,2/22/1971,644.201004,1971,5,145
era5,2/23/1971,646.6439944,1971,5,146
era5,2/24/1971,647.0492309,1971,5,147
era5,2/25/1971,646.5413897,1971,5,148
era5,2/26/1971,646.3387979,1971,5,149
era5,2/27/1971,646.6594438,1971,5,150
era5,2/28/1971,656.7154294,1971,5,151
era5,3/1/1971,666.6708147,1971,6,152
era5,3/2/1971,667.6580103,1971,6,153
era5,3/3/1971,667.5284756,1971,6,154
era5,3/4/1971,668.1159068,1971,6,155
era5,3/5/1971,670.4416644,1971,6,156
era5,3/6/1971,670.8672406,1971,6,157
era5,3/7/1971,670.6062874,1971,6,158
era5,3/8/1971,670.3300926,1971,6,159
era5,3/9/1971,669.5486906,1971,6,160
era5,3/10/1971,668.4312343,1971,6,161
era5,3/11/1971,667.637045,1971,6,162
era5,3/12/1971,675.4307275,1971,6,163
era5,3/13/1971,728.0245831,1971,6,164
era5,3/14/1971,744.040355,1971,6,165
era5,3/15/1971,751.3578394,1971,6,166
era5,3/16/1971,751.1161322,1971,6,167
era5,3/17/1971,749.3104006,1971,6,168
era5,3/18/1971,747.2844374,1971,6,169
era5,3/19/1971,745.0754365,1971,6,170
era5,3/20/1971,742.356906,1971,6,171
era5,3/21/1971,738.9073716,1971,6,172
era5,3/22/1971,735.2241102,1971,6,173
era5,3/23/1971,730.1622095,1971,6,174
era5,3/24/1971,730.642195,1971,6,175
era5,3/25/1971,728.2370534,1971,6,176
era5,3/26/1971,746.9223606,1971,6,177
era5,3/27/1971,763.5576551,1971,6,178
era5,3/28/1971,761.4865203,1971,6,179
era5,3/29/1971,756.8866149,1971,6,180
era5,3/30/1971,749.8983443,1971,6,181
era5,3/31/1971,745.22019,1971,6,182
era5,4/1/1971,743.6495891,1971,7,183
era5,4/2/1971,741.1318276,1971,7,184
era5,4/3/1971,737.0830924,1971,7,185
era5,4/4/1971,731.9198935,1971,7,186
era5,4/5/1971,724.3999322,1971,7,187
era5,4/6/1971,715.851744,1971,7,188
era5,4/7/1971,708.2724072,1971,7,189
era5,4/8/1971,703.7174533,1971,7,190
era5,4/9/1971,698.8575953,1971,7,191
era5,4/10/1971,693.7299447,1971,7,192
era5,4/11/1971,690.0419062,1971,7,193
era5,4/12/1971,684.0839756,1971,7,194
era5,4/13/1971,675.2180488,1971,7,195
era5,4/14/1971,667.9265415,1971,7,196
era5,4/15/1971,664.4259459,1971,7,197
era5,4/16/1971,655.4301518,1971,7,198
era5,4/17/1971,656.0097382,1971,7,199
era5,4/18/1971,670.8554969,1971,7,200
era5,4/19/1971,671.8490767,1971,7,201
era5,4/20/1971,669.9355092,1971,7,202
era5,4/21/1971,672.0792403,1971,7,203
era5,4/22/1971,672.8094561,1971,7,204
era5,4/23/1971,670.8142695,1971,7,205
era5,4/24/1971,667.9035295,1971,7,206
era5,4/25/1971,670.6017186,1971,7,207
era5,4/26/1971,680.6163515,1971,7,208
era5,4/27/1971,684.4681404,1971,7,209
era5,4/28/1971,683.9059824,1971,7,210
era5,4/29/1971,681.4894959,1971,7,211
era5,4/30/1971,676.3614953,1971,7,212
era5,5/1/1971,668.3276482,1971,8,213
era5,5/2/1971,660.0007474,1971,8,214
era5,5/3/1971,656.1383567,1971,8,215
era5,5/4/1971,664.8787894,1971,8,216
era5,5/5/1971,663.5800997,1971,8,217
era5,5/6/1971,659.5731869,1971,8,218
era5,5/7/1971,666.3697129,1971,8,219
era5,5/8/1971,667.2371088,1971,8,220
era5,5/9/1971,665.264629,1971,8,221
era5,5/10/1971,656.5028844,1971,8,222
era5,5/11/1971,643.96181,1971,8,223
era5,5/12/1971,632.6532011,1971,8,224
era5,5/13/1971,619.9343344,1971,8,225
era5,5/14/1971,607.092718,1971,8,226
era5,5/15/1971,595.4052089,1971,8,227
era5,5/16/1971,583.212025,1971,8,228
era5,5/17/1971,577.4969418,1971,8,229
era5,5/18/1971,572.1200618,1971,8,230
era5,5/19/1971,565.1402237,1971,8,231
era5,5/20/1971,555.3466699,1971,8,232
era5,5/21/1971,545.8636123,1971,8,233
era5,5/22/1971,542.9988397,1971,8,234
era5,5/23/1971,535.8751497,1971,8,235
era5,5/24/1971,524.5497424,1971,8,236
era5,5/25/1971,510.8408906,1971,8,237
era5,5/26/1971,499.4822409,1971,8,238
era5,5/27/1971,497.7235015,1971,8,239
era5,5/28/1971,510.509041,1971,8,240
era5,5/29/1971,516.6345646,1971,8,241
era5,5/30/1971,509.9421167,1971,8,242
era5,5/31/1971,505.1650058,1971,8,243
era5,6/1/1971,503.2786216,1971,9,244
era5,6/2/1971,499.6455806,1971,9,245
era5,6/3/1971,494.5216941,1971,9,246
era5,6/4/1971,488.6740806,1971,9,247
era5,6/5/1971,478.3430106,1971,9,248
era5,6/6/1971,465.2856642,1971,9,249
era5,6/7/1971,450.2343903,1971,9,250
era5,6/8/1971,436.5417196,1971,9,251
era5,6/9/1971,423.2171969,1971,9,252
era5,6/10/1971,409.6949745,1971,9,253
era5,6/11/1971,395.4934792,1971,9,254
era5,6/12/1971,379.7372147,1971,9,255
era5,6/13/1971,362.1803588,1971,9,256
era5,6/14/1971,346.0316275,1971,9,257
era5,6/15/1971,328.7769431,1971,9,258
era5,6/16/1971,310.0208915,1971,9,259
era5,6/17/1971,293.1329063,1971,9,260
era5,6/18/1971,279.1850516,1971,9,261
era5,6/19/1971,265.8701726,1971,9,262
era5,6/20/1971,252.1688905,1971,9,263
era5,6/21/1971,238.4243778,1971,9,264
era5,6/22/1971,224.3497263,1971,9,265
era5,6/23/1971,212.0430914,1971,9,266
era5,6/24/1971,199.7799186,1971,9,267
era5,6/25/1971,188.6175291,1971,9,268
era5,6/26/1971,177.4620186,1971,9,269
era5,6/27/1971,165.3456948,1971,9,270
era5,6/28/1971,157.587885,1971,9,271
era5,6/29/1971,151.6079045,1971,9,272
era5,6/30/1971,144.1247906,1971,9,273
era5,7/1/1971,134.4740216,1971,10,274
era5,7/2/1971,124.4370119,1971,10,275
era5,7/3/1971,116.0047663,1971,10,276
era5,7/4/1971,108.1005368,1971,10,277
era5,7/5/1971,100.625035,1971,10,278
era5,7/6/1971,93.51032612,1971,10,279
era5,7/7/1971,87.23441835,1971,10,280
era5,7/8/1971,81.14090271,1971,10,281
era5,7/9/1971,75.15813529,1971,10,282
era5,7/10/1971,69.78258753,1971,10,283
era5,7/11/1971,64.6129011,1971,10,284
era5,7/12/1971,58.85660929,1971,10,285
era5,7/13/1971,52.26174588,1971,10,286
era5,7/14/1971,45.20609924,1971,10,287
era5,7/15/1971,38.73947099,1971,10,288
era5,7/16/1971,33.444315,1971,10,289
era5,7/17/1971,29.09322309,1971,10,290
era5,7/18/1971,24.69592253,1971,10,291
era5,7/19/1971,19.21994079,1971,10,292
era5,7/20/1971,14.56601265,1971,10,293
era5,7/21/1971,10.96777815,1971,10,294
era5,7/22/1971,7.248569828,1971,10,295
era5,7/23/1971,4.780716059,1971,10,296
era5,7/24/1971,2.794608176,1971,10,297
era5,7/25/1971,1.614072471,1971,10,298
era5,7/26/1971,0.663717059,1971,10,299
era5,7/27/1971,0.097983079,1971,10,300
era5,7/28/1971,0,1971,10,301
era5,7/29/1971,0,1971,10,302
era5,7/30/1971,0,1971,10,303
era5,7/31/1971,0,1971,10,304
era5,8/1/1971,0,1971,11,305
era5,8/2/1971,0,1971,11,306
era5,8/3/1971,0,1971,11,307
era5,8/4/1971,0,1971,11,308
era5,8/5/1971,0,1971,11,309
era5,8/6/1971,0,1971,11,310
era5,8/7/1971,0,1971,11,311
era5,8/8/1971,0,1971,11,312
era5,8/9/1971,0,1971,11,313
era5,8/10/1971,0,1971,11,314
era5,8/11/1971,0,1971,11,315
era5,8/12/1971,0,1971,11,316
era5,8/13/1971,0,1971,11,317
era5,8/14/1971,0,1971,11,318
era5,8/15/1971,0,1971,11,319
era5,8/16/1971,0,1971,11,320
era5,8/17/1971,0,1971,11,321
era5,8/18/1971,0,1971,11,322
era5,8/19/1971,0,1971,11,323
era5,8/20/1971,0,1971,11,324
era5,8/21/1971,0,1971,11,325
era5,8/22/1971,0,1971,11,326
era5,8/23/1971,0,1971,11,327
era5,8/24/1971,0,1971,11,328
era5,8/25/1971,0,1971,11,329
era5,8/26/1971,0,1971,11,330
era5,8/27/1971,0,1971,11,331
era5,8/28/1971,0,1971,11,332
era5,8/29/1971,0,1971,11,333
era5,8/30/1971,0,1971,11,334
era5,8/31/1971,0,1971,11,335
era5,9/1/1971,0,1971,12,336
era5,9/2/1971,0,1971,12,337
era5,9/3/1971,0,1971,12,338
era5,9/4/1971,0,1971,12,339
era5,9/5/1971,0,1971,12,340
era5,9/6/1971,0,1971,12,341
era5,9/7/1971,0,1971,12,342
era5,9/8/1971,0,1971,12,343
era5,9/9/1971,0,1971,12,344
era5,9/10/1971,0,1971,12,345
era5,9/11/1971,0,1971,12,346
era5,9/12/1971,0,1971,12,347
era5,9/13/1971,0,1971,12,348
era5,9/14/1971,0,1971,12,349
era5,9/15/1971,0,1971,12,350
era5,9/16/1971,0,1971,12,351
era5,9/17/1971,0,1971,12,352
era5,9/18/1971,0,1971,12,353
era5,9/19/1971,0,1971,12,354
era5,9/20/1971,0,1971,12,355
era5,9/21/1971,0,1971,12,356
era5,9/22/1971,0,1971,12,357
era5,9/23/1971,0,1971,12,358
era5,9/24/1971,0,1971,12,359
era5,9/25/1971,0,1971,12,360
era5,9/26/1971,2.50E-05,1971,12,361
era5,9/27/1971,0,1971,12,362
era5,9/28/1971,0,1971,12,363
era5,9/29/1971,0,1971,12,364
era5,9/30/1971,1.463983838,1971,12,365
era5,10/1/1971,2.87615744,1972,1,1
era5,10/2/1971,2.256275188,1972,1,2
era5,10/3/1971,1.286878982,1972,1,3
era5,10/4/1971,0.538278288,1972,1,4
era5,10/5/1971,0.10844537,1972,1,5
era5,10/6/1971,0,1972,1,6
era5,10/7/1971,0,1972,1,7
era5,10/8/1971,0,1972,1,8
era5,10/9/1971,0,1972,1,9
era5,10/10/1971,0,1972,1,10
era5,10/11/1971,0,1972,1,11
era5,10/12/1971,0,1972,1,12
era5,10/13/1971,0,1972,1,13
era5,10/14/1971,0,1972,1,14
era5,10/15/1971,0.005926335,1972,1,15
era5,10/16/1971,2.565449561,1972,1,16
era5,10/17/1971,9.486632357,1972,1,17
era5,10/18/1971,11.88137661,1972,1,18
era5,10/19/1971,10.92844506,1972,1,19
era5,10/20/1971,8.095201897,1972,1,20
era5,10/21/1971,6.049044335,1972,1,21
era5,10/22/1971,3.590750958,1972,1,22
era5,10/23/1971,1.940703951,1972,1,23
era5,10/24/1971,2.514724337,1972,1,24
era5,10/25/1971,5.471462613,1972,1,25
era5,10/26/1971,5.361268693,1972,1,26
era5,10/27/1971,4.238644427,1972,1,27
era5,10/28/1971,4.21435795,1972,1,28
era5,10/29/1971,4.448603247,1972,1,29
era5,10/30/1971,4.446959826,1972,1,30
era5,10/31/1971,5.244850169,1972,1,31
era5,11/1/1971,5.329588331,1972,2,32
era5,11/2/1971,4.546340374,1972,2,33
era5,11/3/1971,3.072380344,1972,2,34
era5,11/4/1971,2.002328879,1972,2,35
era5,11/5/1971,1.736409288,1972,2,36
era5,11/6/1971,1.628699794,1972,2,37
era5,11/7/1971,1.578533618,1972,2,38
era5,11/8/1971,1.561147247,1972,2,39
era5,11/9/1971,1.541148996,1972,2,40
era5,11/10/1971,1.416381968,1972,2,41
era5,11/11/1971,2.975937882,1972,2,42
era5,11/12/1971,33.07097045,1972,2,43
era5,11/13/1971,47.73307245,1972,2,44
era5,11/14/1971,58.44651265,1972,2,45
era5,11/15/1971,59.95706801,1972,2,46
era5,11/16/1971,60.33404166,1972,2,47
era5,11/17/1971,60.18662693,1972,2,48
era5,11/18/1971,59.78183559,1972,2,49
era5,11/19/1971,59.5330367,1972,2,50
era5,11/20/1971,58.97254343,1972,2,51
era5,11/21/1971,58.14159349,1972,2,52
era5,11/22/1971,57.83394875,1972,2,53
era5,11/23/1971,57.17056253,1972,2,54
era5,11/24/1971,56.12788131,1972,2,55
era5,11/25/1971,58.82859937,1972,2,56
era5,11/26/1971,58.27731087,1972,2,57
era5,11/27/1971,59.57785632,1972,2,58
era5,11/28/1971,65.10611125,1972,2,59
era5,11/29/1971,74.32896031,1972,2,60
era5,11/30/1971,76.14100416,1972,2,61
era5,12/1/1971,77.16756646,1972,3,62
era5,12/2/1971,77.86517066,1972,3,63
era5,12/3/1971,90.20042634,1972,3,64
era5,12/4/1971,95.10578132,1972,3,65
era5,12/5/1971,95.65510297,1972,3,66
era5,12/6/1971,96.01728984,1972,3,67
era5,12/7/1971,97.3578768,1972,3,68
era5,12/8/1971,97.40997851,1972,3,69
era5,12/9/1971,99.5200224,1972,3,70
era5,12/10/1971,106.2370777,1972,3,71
era5,12/11/1971,118.2451993,1972,3,72
era5,12/12/1971,123.1933899,1972,3,73
era5,12/13/1971,138.8172859,1972,3,74
era5,12/14/1971,141.3655163,1972,3,75
era5,12/15/1971,144.7816486,1972,3,76
era5,12/16/1971,145.6105021,1972,3,77
era5,12/17/1971,145.4963198,1972,3,78
era5,12/18/1971,145.0622435,1972,3,79
era5,12/19/1971,144.8136991,1972,3,80
era5,12/20/1971,144.6763341,1972,3,81
era5,12/21/1971,144.4844627,1972,3,82
era5,12/22/1971,174.2908453,1972,3,83
era5,12/23/1971,217.9637882,1972,3,84
era5,12/24/1971,237.5345109,1972,3,85
era5,12/25/1971,288.6502678,1972,3,86
era5,12/26/1971,348.383977,1972,3,87
era5,12/27/1971,366.1731418,1972,3,88
era5,12/28/1971,388.8565449,1972,3,89
era5,12/29/1971,392.1562491,1972,3,90
era5,12/30/1971,392.4223744,1972,3,91
era5,12/31/1971,392.361725,1972,3,92
era5,1/1/1972,392.0596569,1972,4,93
era5,1/2/1972,391.0177193,1972,4,94
era5,1/3/1972,389.9769676,1972,4,95
era5,1/4/1972,389.5657685,1972,4,96
era5,1/5/1972,389.3631824,1972,4,97
era5,1/6/1972,389.1648303,1972,4,98
era5,1/7/1972,388.8978647,1972,4,99
era5,1/8/1972,388.5799484,1972,4,100
era5,1/9/1972,388.4297294,1972,4,101
era5,1/10/1972,388.2938825,1972,4,102
era5,1/11/1972,388.110116,1972,4,103
era5,1/12/1972,387.7601835,1972,4,104
era5,1/13/1972,387.1361112,1972,4,105
era5,1/14/1972,386.3931054,1972,4,106
era5,1/15/1972,385.5055751,1972,4,107
era5,1/16/1972,384.6189529,1972,4,108
era5,1/17/1972,384.1099322,1972,4,109
era5,1/18/1972,383.5211484,1972,4,110
era5,1/19/1972,382.8734307,1972,4,111
era5,1/20/1972,382.7852615,1972,4,112
era5,1/21/1972,382.4786468,1972,4,113
era5,1/22/1972,382.4617329,1972,4,114
era5,1/23/1972,383.5928919,1972,4,115
era5,1/24/1972,386.5631354,1972,4,116
era5,1/25/1972,386.5390611,1972,4,117
era5,1/26/1972,398.1452907,1972,4,118
era5,1/27/1972,413.1871291,1972,4,119
era5,1/28/1972,444.135805,1972,4,120
era5,1/29/1972,446.6910441,1972,4,121
era5,1/30/1972,446.7546603,1972,4,122
era5,1/31/1972,446.6735561,1972,4,123
era5,2/1/1972,446.5190746,1972,5,124
era5,2/2/1972,446.4250251,1972,5,125
era5,2/3/1972,446.3173924,1972,5,126
era5,2/4/1972,445.981871,1972,5,127
era5,2/5/1972,448.1744385,1972,5,128
era5,2/6/1972,454.0339342,1972,5,129
era5,2/7/1972,454.2888588,1972,5,130
era5,2/8/1972,454.0001082,1972,5,131
era5,2/9/1972,453.6436429,1972,5,132
era5,2/10/1972,453.0904901,1972,5,133
era5,2/11/1972,452.3013766,1972,5,134
era5,2/12/1972,451.5766083,1972,5,135
era5,2/13/1972,450.7119633,1972,5,136
era5,2/14/1972,449.6082474,1972,5,137
era5,2/15/1972,448.721627,1972,5,138
era5,2/16/1972,447.7249091,1972,5,139
era5,2/17/1972,446.3669638,1972,5,140
era5,2/18/1972,444.19574,1972,5,141
era5,2/19/1972,440.9513274,1972,5,142
era5,2/20/1972,437.7931829,1972,5,143
era5,2/21/1972,435.928269,1972,5,144
era5,2/22/1972,437.6011525,1972,5,145
era5,2/23/1972,439.8416265,1972,5,146
era5,2/24/1972,439.3318097,1972,5,147
era5,2/25/1972,441.7548771,1972,5,148
era5,2/26/1972,442.7214497,1972,5,149
era5,2/27/1972,440.6874024,1972,5,150
era5,2/28/1972,437.2910797,1972,5,151
era5,2/29/1972,436.4958349,1972,5,152
era5,3/1/1972,435.2736546,1972,6,153
era5,3/2/1972,432.0878088,1972,6,154
era5,3/3/1972,426.7673505,1972,6,155
era5,3/4/1972,420.3052176,1972,6,156
era5,3/5/1972,413.3805038,1972,6,157
era5,3/6/1972,406.2434951,1972,6,158
era5,3/7/1972,399.2025811,1972,6,159
era5,3/8/1972,392.6091423,1972,6,160
era5,3/9/1972,384.5130891,1972,6,161
era5,3/10/1972,376.5729266,1972,6,162
era5,3/11/1972,370.9665739,1972,6,163
era5,3/12/1972,366.3955074,1972,6,164
era5,3/13/1972,359.5257544,1972,6,165
era5,3/14/1972,353.3010007,1972,6,166
era5,3/15/1972,347.1998025,1972,6,167
era5,3/16/1972,339.1833037,1972,6,168
era5,3/17/1972,330.4381697,1972,6,169
era5,3/18/1972,322.5715279,1972,6,170
era5,3/19/1972,316.9781838,1972,6,171
era5,3/20/1972,311.6552619,1972,6,172
era5,3/21/1972,306.1567782,1972,6,173
era5,3/22/1972,299.5671438,1972,6,174
era5,3/23/1972,297.8842719,1972,6,175
era5,3/24/1972,296.1915174,1972,6,176
era5,3/25/1972,293.7232752,1972,6,177
era5,3/26/1972,292.7334438,1972,6,178
era5,3/27/1972,292.4136816,1972,6,179
era5,3/28/1972,292.9104126,1972,6,180
era5,3/29/1972,292.6645297,1972,6,181
era5,3/30/1972,292.2096456,1972,6,182
era5,3/31/1972,290.7848612,1972,6,183
era5,4/1/1972,287.3093113,1972,7,184
era5,4/2/1972,281.5751111,1972,7,185
era5,4/3/1972,274.9816719,1972,7,186
era5,4/4/1972,267.7167598,1972,7,187
era5,4/5/1972,259.5919827,1972,7,188
era5,4/6/1972,261.085717,1972,7,189
era5,4/7/1972,259.501144,1972,7,190
era5,4/8/1972,254.9991637,1972,7,191
era5,4/9/1972,251.1447676,1972,7,192
era5,4/10/1972,248.2080318,1972,7,193
era5,4/11/1972,247.2971181,1972,7,194
era5,4/12/1972,263.9781503,1972,7,195
era5,4/13/1972,276.421938,1972,7,196
era5,4/14/1972,279.0178975,1972,7,197
era5,4/15/1972,277.0515876,1972,7,198
era5,4/16/1972,272.5064393,1972,7,199
era5,4/17/1972,268.9113341,1972,7,200
era5,4/18/1972,267.374043,1972,7,201
era5,4/19/1972,269.5208123,1972,7,202
era5,4/20/1972,269.2663404,1972,7,203
era5,4/21/1972,267.5105685,1972,7,204
era5,4/22/1972,264.3110254,1972,7,205
era5,4/23/1972,260.540324,1972,7,206
era5,4/24/1972,255.8289301,1972,7,207
era5,4/25/1972,255.5964909,1972,7,208
era5,4/26/1972,254.0815003,1972,7,209
era5,4/27/1972,250.2144553,1972,7,210
era5,4/28/1972,244.9877266,1972,7,211
era5,4/29/1972,239.2112221,1972,7,212
era5,4/30/1972,234.3351994,1972,7,213
era5,5/1/1972,229.2199127,1972,8,214
era5,5/2/1972,223.0577679,1972,8,215
era5,5/3/1972,215.7130953,1972,8,216
era5,5/4/1972,207.6915162,1972,8,217
era5,5/5/1972,200.503118,1972,8,218
era5,5/6/1972,194.9394961,1972,8,219
era5,5/7/1972,190.3737329,1972,8,220
era5,5/8/1972,186.5633544,1972,8,221
era5,5/9/1972,182.4506679,1972,8,222
era5,5/10/1972,177.8597724,1972,8,223
era5,5/11/1972,171.8256401,1972,8,224
era5,5/12/1972,164.7781915,1972,8,225
era5,5/13/1972,157.3158995,1972,8,226
era5,5/14/1972,149.8718729,1972,8,227
era5,5/15/1972,142.2931089,1972,8,228
era5,5/16/1972,134.9473888,1972,8,229
era5,5/17/1972,128.7144326,1972,8,230
era5,5/18/1972,124.451915,1972,8,231
era5,5/19/1972,121.4736088,1972,8,232
era5,5/20/1972,125.3249178,1972,8,233
era5,5/21/1972,128.9619968,1972,8,234
era5,5/22/1972,125.3939823,1972,8,235
era5,5/23/1972,120.7509417,1972,8,236
era5,5/24/1972,116.9248152,1972,8,237
era5,5/25/1972,112.6533493,1972,8,238
era5,5/26/1972,106.9397053,1972,8,239
era5,5/27/1972,100.4954391,1972,8,240
era5,5/28/1972,93.39133294,1972,8,241
era5,5/29/1972,86.12258324,1972,8,242
era5,5/30/1972,78.61674074,1972,8,243
era5,5/31/1972,72.21242076,1972,8,244
era5,6/1/1972,65.56716012,1972,9,245
era5,6/2/1972,58.82247575,1972,9,246
era5,6/3/1972,53.23423853,1972,9,247
era5,6/4/1972,47.75949015,1972,9,248
era5,6/5/1972,42.03567525,1972,9,249
era5,6/6/1972,37.18745856,1972,9,250
era5,6/7/1972,32.70957217,1972,9,251
era5,6/8/1972,28.43835559,1972,9,252
era5,6/9/1972,23.99182715,1972,9,253
era5,6/10/1972,21.25896392,1972,9,254
era5,6/11/1972,19.33569988,1972,9,255
era5,6/12/1972,17.40047412,1972,9,256
era5,6/13/1972,15.53779324,1972,9,257
era5,6/14/1972,13.64398824,1972,9,258
era5,6/15/1972,11.64480088,1972,9,259
era5,6/16/1972,9.467342824,1972,9,260
era5,6/17/1972,7.210448441,1972,9,261
era5,6/18/1972,4.831963882,1972,9,262
era5,6/19/1972,2.341322882,1972,9,263
era5,6/20/1972,0.726145,1972,9,264
era5,6/21/1972,0.0670477,1972,9,265
era5,6/22/1972,0,1972,9,266
era5,6/23/1972,0.003509438,1972,9,267
era5,6/24/1972,0,1972,9,268
era5,6/25/1972,0,1972,9,269
era5,6/26/1972,0,1972,9,270
era5,6/27/1972,0,1972,9,271
era5,6/28/1972,0,1972,9,272
era5,6/29/1972,0,1972,9,273
era5,6/30/1972,0,1972,9,274
era5,7/1/1972,0,1972,10,275
era5,7/2/1972,0,1972,10,276
era5,7/3/1972,0,1972,10,277
era5,7/4/1972,0,1972,10,278
era5,7/5/1972,0,1972,10,279
era5,7/6/1972,0,1972,10,280
era5,7/7/1972,0,1972,10,281
era5,7/8/1972,0,1972,10,282
era5,7/9/1972,0,1972,10,283
era5,7/10/1972,0,1972,10,284
era5,7/11/1972,0,1972,10,285
era5,7/12/1972,0,1972,10,286
era5,7/13/1972,0,1972,10,287
era5,7/14/1972,0,1972,10,288
era5,7/15/1972,0,1972,10,289
era5,7/16/1972,0,1972,10,290
era5,7/17/1972,0,1972,10,291
era5,7/18/1972,0,1972,10,292
era5,7/19/1972,0,1972,10,293
era5,7/20/1972,0,1972,10,294
era5,7/21/1972,0,1972,10,295
era5,7/22/1972,0,1972,10,296
era5,7/23/1972,0,1972,10,297
era5,7/24/1972,0,1972,10,298
era5,7/25/1972,0,1972,10,299
era5,7/26/1972,0,1972,10,300
era5,7/27/1972,0,1972,10,301
era5,7/28/1972,0,1972,10,302
era5,7/29/1972,0,1972,10,303
era5,7/30/1972,0,1972,10,304
era5,7/31/1972,0,1972,10,305
era5,8/1/1972,0,1972,11,306
era5,8/2/1972,0,1972,11,307
era5,8/3/1972,0,1972,11,308
era5,8/4/1972,0,1972,11,309
era5,8/5/1972,0,1972,11,310
era5,8/6/1972,0,1972,11,311
era5,8/7/1972,0,1972,11,312
era5,8/8/1972,0,1972,11,313
era5,8/9/1972,0,1972,11,314
era5,8/10/1972,0,1972,11,315
era5,8/11/1972,0,1972,11,316
era5,8/12/1972,0,1972,11,317
era5,8/13/1972,0,1972,11,318
era5,8/14/1972,0,1972,11,319
era5,8/15/1972,0,1972,11,320
era5,8/16/1972,0,1972,11,321
era5,8/17/1972,0,1972,11,322
era5,8/18/1972,0,1972,11,323
era5,8/19/1972,0,1972,11,324
era5,8/20/1972,0,1972,11,325
era5,8/21/1972,0,1972,11,326
era5,8/22/1972,0,1972,11,327
era5,8/23/1972,0,1972,11,328
era5,8/24/1972,0,1972,11,329
era5,8/25/1972,0,1972,11,330
era5,8/26/1972,0,1972,11,331
era5,8/27/1972,0,1972,11,332
era5,8/28/1972,0,1972,11,333
era5,8/29/1972,0,1972,11,334
era5,8/30/1972,0,1972,11,335
era5,8/31/1972,0,1972,11,336
era5,9/1/1972,0,1972,12,337
era5,9/2/1972,0,1972,12,338
era5,9/3/1972,0,1972,12,339
era5,9/4/1972,0,1972,12,340
era5,9/5/1972,0.000580384,1972,12,341
era5,9/6/1972,0,1972,12,342
era5,9/7/1972,0,1972,12,343
era5,9/8/1972,0,1972,12,344
era5,9/9/1972,0,1972,12,345
era5,9/10/1972,0,1972,12,346
era5,9/11/1972,0,1972,12,347
era5,9/12/1972,0,1972,12,348
era5,9/13/1972,0,1972,12,349
era5,9/14/1972,0,1972,12,350
era5,9/15/1972,0,1972,12,351
era5,9/16/1972,0,1972,12,352
era5,9/17/1972,0,1972,12,353
era5,9/18/1972,0,1972,12,354
era5,9/19/1972,0.000222206,1972,12,355
era5,9/20/1972,0,1972,12,356
era5,9/21/1972,0,1972,12,357
era5,9/22/1972,0,1972,12,358
era5,9/23/1972,0,1972,12,359
era5,9/24/1972,0,1972,12,360
era5,9/25/1972,0,1972,12,361
era5,9/26/1972,0,1972,12,362
era5,9/27/1972,0,1972,12,363
era5,9/28/1972,0,1972,12,364
era5,9/29/1972,0,1972,12,365
era5,9/30/1972,0,1972,12,366
era5,10/1/1972,0,1973,1,1
era5,10/2/1972,0.379292675,1973,1,2
era5,10/3/1972,0.699087382,1973,1,3
era5,10/4/1972,0.579508106,1973,1,4
era5,10/5/1972,0.776210999,1973,1,5
era5,10/6/1972,0.691907765,1973,1,6
era5,10/7/1972,0.522905374,1973,1,7
era5,10/8/1972,0.499412561,1973,1,8
era5,10/9/1972,0.46362996,1973,1,9
era5,10/10/1972,0.458635676,1973,1,10
era5,10/11/1972,0.521966353,1973,1,11
era5,10/12/1972,0.367895903,1973,1,12
era5,10/13/1972,0.202270406,1973,1,13
era5,10/14/1972,0.095772548,1973,1,14
era5,10/15/1972,2.506279474,1973,1,15
era5,10/16/1972,3.067712437,1973,1,16
era5,10/17/1972,3.510380192,1973,1,17
era5,10/18/1972,3.305084418,1973,1,18
era5,10/19/1972,6.262716533,1973,1,19
era5,10/20/1972,12.75469582,1973,1,20
era5,10/21/1972,16.74163567,1973,1,21
era5,10/22/1972,13.17087366,1973,1,22
era5,10/23/1972,10.1684905,1973,1,23
era5,10/24/1972,7.792181894,1973,1,24
era5,10/25/1972,6.265834315,1973,1,25
era5,10/26/1972,5.260405235,1973,1,26
era5,10/27/1972,4.849002826,1973,1,27
era5,10/28/1972,4.62288835,1973,1,28
era5,10/29/1972,4.57458037,1973,1,29
era5,10/30/1972,5.228727179,1973,1,30
era5,10/31/1972,5.364355913,1973,1,31
era5,11/1/1972,5.206154757,1973,2,32
era5,11/2/1972,5.102123361,1973,2,33
era5,11/3/1972,4.766747797,1973,2,34
era5,11/4/1972,9.280982172,1973,2,35
era5,11/5/1972,19.27579476,1973,2,36
era5,11/6/1972,19.65230164,1973,2,37
era5,11/7/1972,19.15175375,1973,2,38
era5,11/8/1972,21.09567303,1973,2,39
era5,11/9/1972,21.18372681,1973,2,40
era5,11/10/1972,22.99809469,1973,2,41
era5,11/11/1972,45.63906938,1973,2,42
era5,11/12/1972,65.86921944,1973,2,43
era5,11/13/1972,66.65840409,1973,2,44
era5,11/14/1972,92.19098224,1973,2,45
era5,11/15/1972,135.2926104,1973,2,46
era5,11/16/1972,157.1956584,1973,2,47
era5,11/17/1972,172.3699459,1973,2,48
era5,11/18/1972,173.7480421,1973,2,49
era5,11/19/1972,175.0627301,1973,2,50
era5,11/20/1972,176.1924612,1973,2,51
era5,11/21/1972,176.0253526,1973,2,52
era5,11/22/1972,175.7755496,1973,2,53
era5,11/23/1972,175.3163269,1973,2,54
era5,11/24/1972,174.9318968,1973,2,55
era5,11/25/1972,174.1017598,1973,2,56
era5,11/26/1972,172.1140173,1973,2,57
era5,11/27/1972,168.7761141,1973,2,58
era5,11/28/1972,166.2262085,1973,2,59
era5,11/29/1972,164.6922139,1973,2,60
era5,11/30/1972,163.2821993,1973,2,61
era5,12/1/1972,161.3827054,1973,3,62
era5,12/2/1972,159.4014142,1973,3,63
era5,12/3/1972,157.9833227,1973,3,64
era5,12/4/1972,170.4203389,1973,3,65
era5,12/5/1972,189.3360991,1973,3,66
era5,12/6/1972,195.4735151,1973,3,67
era5,12/7/1972,232.7746251,1973,3,68
era5,12/8/1972,256.3832078,1973,3,69
era5,12/9/1972,262.0602464,1973,3,70
era5,12/10/1972,262.1167741,1973,3,71
era5,12/11/1972,262.1012935,1973,3,72
era5,12/12/1972,262.0460785,1973,3,73
era5,12/13/1972,261.9777893,1973,3,74
era5,12/14/1972,261.8848335,1973,3,75
era5,12/15/1972,261.7537247,1973,3,76
era5,12/16/1972,261.5662542,1973,3,77
era5,12/17/1972,261.7933081,1973,3,78
era5,12/18/1972,264.9835968,1973,3,79
era5,12/19/1972,265.9918806,1973,3,80
era5,12/20/1972,266.0395578,1973,3,81
era5,12/21/1972,262.7756819,1973,3,82
era5,12/22/1972,261.6342718,1973,3,83
era5,12/23/1972,264.3005725,1973,3,84
era5,12/24/1972,263.6472449,1973,3,85
era5,12/25/1972,262.7877528,1973,3,86
era5,12/26/1972,261.0301458,1973,3,87
era5,12/27/1972,259.2242884,1973,3,88
era5,12/28/1972,259.1381363,1973,3,89
era5,12/29/1972,259.2921516,1973,3,90
era5,12/30/1972,259.1759288,1973,3,91
era5,12/31/1972,259.0714282,1973,3,92
era5,1/1/1973,258.9599824,1973,4,93
era5,1/2/1973,258.7979762,1973,4,94
era5,1/3/1973,259.1669426,1973,4,95
era5,1/4/1973,261.7254788,1973,4,96
era5,1/5/1973,262.2053114,1973,4,97
era5,1/6/1973,262.1556039,1973,4,98
era5,1/7/1973,262.0799406,1973,4,99
era5,1/8/1973,263.424724,1973,4,100
era5,1/9/1973,309.6577974,1973,4,101
era5,1/10/1973,345.7067556,1973,4,102
era5,1/11/1973,348.4631747,1973,4,103
era5,1/12/1973,348.8575138,1973,4,104
era5,1/13/1973,348.6456479,1973,4,105
era5,1/14/1973,347.909655,1973,4,106
era5,1/15/1973,346.0283968,1973,4,107
era5,1/16/1973,355.9965341,1973,4,108
era5,1/17/1973,421.6312776,1973,4,109
era5,1/18/1973,447.6632988,1973,4,110
era5,1/19/1973,530.1308941,1973,4,111
era5,1/20/1973,538.1895421,1973,4,112
era5,1/21/1973,539.4251159,1973,4,113
era5,1/22/1973,541.7717532,1973,4,114
era5,1/23/1973,541.5665185,1973,4,115
era5,1/24/1973,541.3012562,1973,4,116
era5,1/25/1973,541.7760471,1973,4,117
era5,1/26/1973,546.4122047,1973,4,118
era5,1/27/1973,546.4897353,1973,4,119
era5,1/28/1973,546.1922868,1973,4,120
era5,1/29/1973,545.3966647,1973,4,121
era5,1/30/1973,564.0429376,1973,4,122
era5,1/31/1973,572.4589415,1973,4,123
era5,2/1/1973,572.9855553,1973,5,124
era5,2/2/1973,572.7683888,1973,5,125
era5,2/3/1973,576.3680765,1973,5,126
era5,2/4/1973,613.4511065,1973,5,127
era5,2/5/1973,651.6375782,1973,5,128
era5,2/6/1973,656.9531271,1973,5,129
era5,2/7/1973,684.3607206,1973,5,130
era5,2/8/1973,695.4685991,1973,5,131
era5,2/9/1973,695.8623591,1973,5,132
era5,2/10/1973,721.9791129,1973,5,133
era5,2/11/1973,795.5782415,1973,5,134
era5,2/12/1973,813.7231394,1973,5,135
era5,2/13/1973,834.3463291,1973,5,136
era5,2/14/1973,845.7892809,1973,5,137
era5,2/15/1973,848.8307585,1973,5,138
era5,2/16/1973,848.9569956,1973,5,139
era5,2/17/1973,848.2198997,1973,5,140
era5,2/18/1973,847.2826132,1973,5,141
era5,2/19/1973,846.4502806,1973,5,142
era5,2/20/1973,845.4142524,1973,5,143
era5,2/21/1973,844.0938738,1973,5,144
era5,2/22/1973,843.8494232,1973,5,145
era5,2/23/1973,843.2044624,1973,5,146
era5,2/24/1973,850.3433862,1973,5,147
era5,2/25/1973,865.1837035,1973,5,148
era5,2/26/1973,864.9692168,1973,5,149
era5,2/27/1973,876.4503409,1973,5,150
era5,2/28/1973,911.6617694,1973,5,151
era5,3/1/1973,918.9360368,1973,6,152
era5,3/2/1973,918.6047641,1973,6,153
era5,3/3/1973,917.6013803,1973,6,154
era5,3/4/1973,927.70669,1973,6,155
era5,3/5/1973,936.2323771,1973,6,156
era5,3/6/1973,937.7847644,1973,6,157
era5,3/7/1973,952.0482297,1973,6,158
era5,3/8/1973,954.5498985,1973,6,159
era5,3/9/1973,956.9008535,1973,6,160
era5,3/10/1973,956.2160894,1973,6,161
era5,3/11/1973,962.2005741,1973,6,162
era5,3/12/1973,967.8890912,1973,6,163
era5,3/13/1973,968.9266079,1973,6,164
era5,3/14/1973,973.2687853,1973,6,165
era5,3/15/1973,973.4324738,1973,6,166
era5,3/16/1973,972.3077179,1973,6,167
era5,3/17/1973,970.2633597,1973,6,168
era5,3/18/1973,969.630825,1973,6,169
era5,3/19/1973,969.2108721,1973,6,170
era5,3/20/1973,982.0371206,1973,6,171
era5,3/21/1973,999.2064159,1973,6,172
era5,3/22/1973,1018.588057,1973,6,173
era5,3/23/1973,1023.58583,1973,6,174
era5,3/24/1973,1023.750696,1973,6,175
era5,3/25/1973,1023.081896,1973,6,176
era5,3/26/1973,1021.911438,1973,6,177
era5,3/27/1973,1022.515143,1973,6,178
era5,3/28/1973,1022.085389,1973,6,179
era5,3/29/1973,1025.070941,1973,6,180
era5,3/30/1973,1024.89928,1973,6,181
era5,3/31/1973,1024.699619,1973,6,182
era5,4/1/1973,1025.84811,1973,7,183
era5,4/2/1973,1027.21008,1973,7,184
era5,4/3/1973,1026.447813,1973,7,185
era5,4/4/1973,1024.039065,1973,7,186
era5,4/5/1973,1021.280213,1973,7,187
era5,4/6/1973,1017.286134,1973,7,188
era5,4/7/1973,1012.300082,1973,7,189
era5,4/8/1973,1008.070295,1973,7,190
era5,4/9/1973,1003.792894,1973,7,191
era5,4/10/1973,997.8484015,1973,7,192
era5,4/11/1973,990.4073776,1973,7,193
era5,4/12/1973,981.6794438,1973,7,194
era5,4/13/1973,974.3774529,1973,7,195
era5,4/14/1973,977.8736779,1973,7,196
era5,4/15/1973,977.5649856,1973,7,197
era5,4/16/1973,974.6570003,1973,7,198
era5,4/17/1973,970.1290232,1973,7,199
era5,4/18/1973,965.8345865,1973,7,200
era5,4/19/1973,965.0214229,1973,7,201
era5,4/20/1973,964.5075538,1973,7,202
era5,4/21/1973,964.0063947,1973,7,203
era5,4/22/1973,960.8257382,1973,7,204
era5,4/23/1973,953.3770409,1973,7,205
era5,4/24/1973,942.8061309,1973,7,206
era5,4/25/1973,929.8235312,1973,7,207
era5,4/26/1973,914.1702135,1973,7,208
era5,4/27/1973,896.6404888,1973,7,209
era5,4/28/1973,879.4773712,1973,7,210
era5,4/29/1973,866.6519662,1973,7,211
era5,4/30/1973,856.8866962,1973,7,212
era5,5/1/1973,847.6979874,1973,8,213
era5,5/2/1973,837.2335806,1973,8,214
era5,5/3/1973,822.4380644,1973,8,215
era5,5/4/1973,806.9585223,1973,8,216
era5,5/5/1973,797.9611003,1973,8,217
era5,5/6/1973,792.4414384,1973,8,218
era5,5/7/1973,778.5779135,1973,8,219
era5,5/8/1973,764.3290241,1973,8,220
era5,5/9/1973,746.8914165,1973,8,221
era5,5/10/1973,726.8148826,1973,8,222
era5,5/11/1973,703.9498432,1973,8,223
era5,5/12/1973,679.0603003,1973,8,224
era5,5/13/1973,651.4705026,1973,8,225
era5,5/14/1973,624.2274925,1973,8,226
era5,5/15/1973,597.4388752,1973,8,227
era5,5/16/1973,571.1294843,1973,8,228
era5,5/17/1973,546.2744344,1973,8,229
era5,5/18/1973,522.3179558,1973,8,230
era5,5/19/1973,502.7738647,1973,8,231
era5,5/20/1973,481.9254371,1973,8,232
era5,5/21/1973,466.8591998,1973,8,233
era5,5/22/1973,453.1671711,1973,8,234
era5,5/23/1973,439.7654388,1973,8,235
era5,5/24/1973,425.9135793,1973,8,236
era5,5/25/1973,415.4435976,1973,8,237
era5,5/26/1973,407.9457674,1973,8,238
era5,5/27/1973,399.6089365,1973,8,239
era5,5/28/1973,385.3118116,1973,8,240
era5,5/29/1973,367.3421327,1973,8,241
era5,5/30/1973,349.4166888,1973,8,242
era5,5/31/1973,334.1739911,1973,8,243
era5,6/1/1973,324.5296353,1973,9,244
era5,6/2/1973,315.0945497,1973,9,245
era5,6/3/1973,304.0451199,1973,9,246
era5,6/4/1973,293.0566047,1973,9,247
era5,6/5/1973,280.465421,1973,9,248
era5,6/6/1973,265.6350124,1973,9,249
era5,6/7/1973,250.0813662,1973,9,250
era5,6/8/1973,233.6554188,1973,9,251
era5,6/9/1973,215.441013,1973,9,252
era5,6/10/1973,199.6444202,1973,9,253
era5,6/11/1973,186.9003668,1973,9,254
era5,6/12/1973,175.2564571,1973,9,255
era5,6/13/1973,163.558564,1973,9,256
era5,6/14/1973,153.6619418,1973,9,257
era5,6/15/1973,147.3709789,1973,9,258
era5,6/16/1973,140.8759669,1973,9,259
era5,6/17/1973,133.4514541,1973,9,260
era5,6/18/1973,126.6725521,1973,9,261
era5,6/19/1973,119.7299983,1973,9,262
era5,6/20/1973,112.3134565,1973,9,263
era5,6/21/1973,104.1010741,1973,9,264
era5,6/22/1973,94.999525,1973,9,265
era5,6/23/1973,86.07928359,1973,9,266
era5,6/24/1973,78.41664789,1973,9,267
era5,6/25/1973,70.752601,1973,9,268
era5,6/26/1973,62.903832,1973,9,269
era5,6/27/1973,55.07816643,1973,9,270
era5,6/28/1973,48.50116162,1973,9,271
era5,6/29/1973,42.48285412,1973,9,272
era5,6/30/1973,37.88842032,1973,9,273
era5,7/1/1973,34.02496262,1973,10,274
era5,7/2/1973,30.64923924,1973,10,275
era5,7/3/1973,28.46085706,1973,10,276
era5,7/4/1973,26.08161735,1973,10,277
era5,7/5/1973,23.29456235,1973,10,278
era5,7/6/1973,20.51877088,1973,10,279
era5,7/7/1973,18.12852735,1973,10,280
era5,7/8/1973,15.87595256,1973,10,281
era5,7/9/1973,13.42796043,1973,10,282
era5,7/10/1973,10.95489941,1973,10,283
era5,7/11/1973,8.781285294,1973,10,284
era5,7/12/1973,6.786010794,1973,10,285
era5,7/13/1973,4.833513676,1973,10,286
era5,7/14/1973,3.071234888,1973,10,287
era5,7/15/1973,1.993668529,1973,10,288
era5,7/16/1973,1.019982176,1973,10,289
era5,7/17/1973,0.205109647,1973,10,290
era5,7/18/1973,0,1973,10,291
era5,7/19/1973,0,1973,10,292
era5,7/20/1973,0,1973,10,293
era5,7/21/1973,0,1973,10,294
era5,7/22/1973,0,1973,10,295
era5,7/23/1973,0,1973,10,296
era5,7/24/1973,0,1973,10,297
era5,7/25/1973,0,1973,10,298
era5,7/26/1973,0,1973,10,299
era5,7/27/1973,0,1973,10,300
era5,7/28/1973,0,1973,10,301
era5,7/29/1973,0,1973,10,302
era5,7/30/1973,0,1973,10,303
era5,7/31/1973,0,1973,10,304
era5,8/1/1973,0,1973,11,305
era5,8/2/1973,0,1973,11,306
era5,8/3/1973,0,1973,11,307
era5,8/4/1973,0,1973,11,308
era5,8/5/1973,0,1973,11,309
era5,8/6/1973,0,1973,11,310
era5,8/7/1973,0,1973,11,311
era5,8/8/1973,0,1973,11,312
era5,8/9/1973,0,1973,11,313
era5,8/10/1973,0,1973,11,314
era5,8/11/1973,0,1973,11,315
era5,8/12/1973,0,1973,11,316
era5,8/13/1973,0,1973,11,317
era5,8/14/1973,0,1973,11,318
era5,8/15/1973,0,1973,11,319
era5,8/16/1973,0,1973,11,320
era5,8/17/1973,0,1973,11,321
era5,8/18/1973,0,1973,11,322
era5,8/19/1973,0,1973,11,323
era5,8/20/1973,0,1973,11,324
era5,8/21/1973,0,1973,11,325
era5,8/22/1973,0,1973,11,326
era5,8/23/1973,0,1973,11,327
era5,8/24/1973,0,1973,11,328
era5,8/25/1973,0,1973,11,329
era5,8/26/1973,0,1973,11,330
era5,8/27/1973,4.24E-05,1973,11,331
era5,8/28/1973,0,1973,11,332
era5,8/29/1973,0,1973,11,333
era5,8/30/1973,0,1973,11,334
era5,8/31/1973,0,1973,11,335
era5,9/1/1973,0,1973,12,336
era5,9/2/1973,0,1973,12,337
era5,9/3/1973,0,1973,12,338
era5,9/4/1973,0,1973,12,339
era5,9/5/1973,0,1973,12,340
era5,9/6/1973,0,1973,12,341
era5,9/7/1973,0,1973,12,342
era5,9/8/1973,0,1973,12,343
era5,9/9/1973,0,1973,12,344
era5,9/10/1973,0,1973,12,345
era5,9/11/1973,0,1973,12,346
era5,9/12/1973,0,1973,12,347
era5,9/13/1973,0,1973,12,348
era5,9/14/1973,0,1973,12,349
era5,9/15/1973,0,1973,12,350
era5,9/16/1973,0,1973,12,351
era5,9/17/1973,0,1973,12,352
era5,9/18/1973,0,1973,12,353
era5,9/19/1973,0,1973,12,354
era5,9/20/1973,0,1973,12,355
era5,9/21/1973,0,1973,12,356
era5,9/22/1973,0,1973,12,357
era5,9/23/1973,0.000579562,1973,12,358
era5,9/24/1973,0,1973,12,359
era5,9/25/1973,0,1973,12,360
era5,9/26/1973,0,1973,12,361
era5,9/27/1973,0,1973,12,362
era5,9/28/1973,0,1973,12,363
era5,9/29/1973,0,1973,12,364
era5,9/30/1973,0,1973,12,365
era5,10/1/1973,0,1974,1,1
era5,10/2/1973,0,1974,1,2
era5,10/3/1973,0,1974,1,3
era5,10/4/1973,0,1974,1,4
era5,10/5/1973,0,1974,1,5
era5,10/6/1973,0,1974,1,6
era5,10/7/1973,0.761183106,1974,1,7
era5,10/8/1973,7.33444847,1974,1,8
era5,10/9/1973,9.908282697,1974,1,9
era5,10/10/1973,9.911133527,1974,1,10
era5,10/11/1973,8.244125991,1974,1,11
era5,10/12/1973,6.586628647,1974,1,12
era5,10/13/1973,3.188189868,1974,1,13
era5,10/14/1973,1.317516263,1974,1,14
era5,10/15/1973,0.778815285,1974,1,15
era5,10/16/1973,0.295845112,1974,1,16
era5,10/17/1973,0,1974,1,17
era5,10/18/1973,0,1974,1,18
era5,10/19/1973,0,1974,1,19
era5,10/20/1973,0.003267212,1974,1,20
era5,10/21/1973,6.02E-06,1974,1,21
era5,10/22/1973,0.008882517,1974,1,22
era5,10/23/1973,17.23700526,1974,1,23
era5,10/24/1973,26.91719061,1974,1,24
era5,10/25/1973,24.9341986,1974,1,25
era5,10/26/1973,22.47126754,1974,1,26
era5,10/27/1973,19.70374848,1974,1,27
era5,10/28/1973,16.87630533,1974,1,28
era5,10/29/1973,14.70338457,1974,1,29
era5,10/30/1973,12.72143138,1974,1,30
era5,10/31/1973,10.15300608,1974,1,31
era5,11/1/1973,8.107193429,1974,2,32
era5,11/2/1973,7.137201579,1974,2,33
era5,11/3/1973,7.091195693,1974,2,34
era5,11/4/1973,7.249275403,1974,2,35
era5,11/5/1973,7.266495373,1974,2,36
era5,11/6/1973,15.9653687,1974,2,37
era5,11/7/1973,20.83291868,1974,2,38
era5,11/8/1973,19.16375916,1974,2,39
era5,11/9/1973,17.52750645,1974,2,40
era5,11/10/1973,17.79662075,1974,2,41
era5,11/11/1973,20.28053598,1974,2,42
era5,11/12/1973,50.01962736,1974,2,43
era5,11/13/1973,68.94398831,1974,2,44
era5,11/14/1973,77.24446283,1974,2,45
era5,11/15/1973,80.73795273,1974,2,46
era5,11/16/1973,81.69705072,1974,2,47
era5,11/17/1973,91.84683243,1974,2,48
era5,11/18/1973,135.7900924,1974,2,49
era5,11/19/1973,161.2565642,1974,2,50
era5,11/20/1973,161.6574531,1974,2,51
era5,11/21/1973,165.8478221,1974,2,52
era5,11/22/1973,168.0596141,1974,2,53
era5,11/23/1973,170.0595492,1974,2,54
era5,11/24/1973,170.9567257,1974,2,55
era5,11/25/1973,173.0834262,1974,2,56
era5,11/26/1973,175.6871403,1974,2,57
era5,11/27/1973,176.4567245,1974,2,58
era5,11/28/1973,176.1306684,1974,2,59
era5,11/29/1973,174.5714009,1974,2,60
era5,11/30/1973,172.562656,1974,2,61
era5,12/1/1973,204.6280508,1974,3,62
era5,12/2/1973,252.4590816,1974,3,63
era5,12/3/1973,253.8063936,1974,3,64
era5,12/4/1973,253.5739365,1974,3,65
era5,12/5/1973,253.1596985,1974,3,66
era5,12/6/1973,252.3528341,1974,3,67
era5,12/7/1973,251.2040681,1974,3,68
era5,12/8/1973,249.1911141,1974,3,69
era5,12/9/1973,246.1840657,1974,3,70
era5,12/10/1973,243.5288076,1974,3,71
era5,12/11/1973,241.9250875,1974,3,72
era5,12/12/1973,243.7927468,1974,3,73
era5,12/13/1973,245.6757904,1974,3,74
era5,12/14/1973,254.9385242,1974,3,75
era5,12/15/1973,254.9842781,1974,3,76
era5,12/16/1973,253.7363459,1974,3,77
era5,12/17/1973,252.0528771,1974,3,78
era5,12/18/1973,250.6124456,1974,3,79
era5,12/19/1973,249.9039691,1974,3,80
era5,12/20/1973,249.2907378,1974,3,81
era5,12/21/1973,249.0794923,1974,3,82
era5,12/22/1973,268.5236194,1974,3,83
era5,12/23/1973,273.9939095,1974,3,84
era5,12/24/1973,274.7067997,1974,3,85
era5,12/25/1973,274.4842472,1974,3,86
era5,12/26/1973,273.8955952,1974,3,87
era5,12/27/1973,289.3483784,1974,3,88
era5,12/28/1973,302.560137,1974,3,89
era5,12/29/1973,308.1027949,1974,3,90
era5,12/30/1973,310.87977,1974,3,91
era5,12/31/1973,311.3549243,1974,3,92
era5,1/1/1974,323.681331,1974,4,93
era5,1/2/1974,331.264251,1974,4,94
era5,1/3/1974,331.4670225,1974,4,95
era5,1/4/1974,340.4718105,1974,4,96
era5,1/5/1974,367.6836319,1974,4,97
era5,1/6/1974,398.179915,1974,4,98
era5,1/7/1974,450.5551126,1974,4,99
era5,1/8/1974,492.6236338,1974,4,100
era5,1/9/1974,498.0621135,1974,4,101
era5,1/10/1974,498.660355,1974,4,102
era5,1/11/1974,498.6520347,1974,4,103
era5,1/12/1974,514.4710771,1974,4,104
era5,1/13/1974,525.4957326,1974,4,105
era5,1/14/1974,525.4779218,1974,4,106
era5,1/15/1974,523.8277297,1974,4,107
era5,1/16/1974,520.9141703,1974,4,108
era5,1/17/1974,528.2985176,1974,4,109
era5,1/18/1974,531.8534229,1974,4,110
era5,1/19/1974,535.94833,1974,4,111
era5,1/20/1974,534.7255726,1974,4,112
era5,1/21/1974,536.4543324,1974,4,113
era5,1/22/1974,536.2703697,1974,4,114
era5,1/23/1974,535.8920647,1974,4,115
era5,1/24/1974,535.4951859,1974,4,116
era5,1/25/1974,534.8118291,1974,4,117
era5,1/26/1974,534.2054374,1974,4,118
era5,1/27/1974,533.9681318,1974,4,119
era5,1/28/1974,533.8099862,1974,4,120
era5,1/29/1974,533.6510415,1974,4,121
era5,1/30/1974,533.4378312,1974,4,122
era5,1/31/1974,533.0533806,1974,4,123
era5,2/1/1974,534.4801024,1974,5,124
era5,2/2/1974,534.3797435,1974,5,125
era5,2/3/1974,533.95731,1974,5,126
era5,2/4/1974,533.07799,1974,5,127
era5,2/5/1974,532.2272081,1974,5,128
era5,2/6/1974,531.7826121,1974,5,129
era5,2/7/1974,531.4837621,1974,5,130
era5,2/8/1974,531.1081932,1974,5,131
era5,2/9/1974,530.6168326,1974,5,132
era5,2/10/1974,529.9779628,1974,5,133
era5,2/11/1974,529.1799271,1974,5,134
era5,2/12/1974,528.4152132,1974,5,135
era5,2/13/1974,528.0565196,1974,5,136
era5,2/14/1974,527.8223579,1974,5,137
era5,2/15/1974,527.3333262,1974,5,138
era5,2/16/1974,528.7495985,1974,5,139
era5,2/17/1974,536.90104,1974,5,140
era5,2/18/1974,537.0476318,1974,5,141
era5,2/19/1974,541.9098279,1974,5,142
era5,2/20/1974,549.6566328,1974,5,143
era5,2/21/1974,549.4950848,1974,5,144
era5,2/22/1974,548.6434156,1974,5,145
era5,2/23/1974,548.2144547,1974,5,146
era5,2/24/1974,547.7121644,1974,5,147
era5,2/25/1974,546.7322729,1974,5,148
era5,2/26/1974,545.7588679,1974,5,149
era5,2/27/1974,545.3071197,1974,5,150
era5,2/28/1974,546.4941868,1974,5,151
era5,3/1/1974,569.2986576,1974,6,152
era5,3/2/1974,675.5854936,1974,6,153
era5,3/3/1974,742.94062,1974,6,154
era5,3/4/1974,756.243805,1974,6,155
era5,3/5/1974,756.4547226,1974,6,156
era5,3/6/1974,756.0448038,1974,6,157
era5,3/7/1974,760.9405365,1974,6,158
era5,3/8/1974,781.6446874,1974,6,159
era5,3/9/1974,786.719725,1974,6,160
era5,3/10/1974,786.8484079,1974,6,161
era5,3/11/1974,786.021135,1974,6,162
era5,3/12/1974,784.59451,1974,6,163
era5,3/13/1974,782.6479609,1974,6,164
era5,3/14/1974,779.0540914,1974,6,165
era5,3/15/1974,774.0096888,1974,6,166
era5,3/16/1974,767.0581469,1974,6,167
era5,3/17/1974,760.1610701,1974,6,168
era5,3/18/1974,754.8799666,1974,6,169
era5,3/19/1974,749.5554966,1974,6,170
era5,3/20/1974,744.9725546,1974,6,171
era5,3/21/1974,740.8706988,1974,6,172
era5,3/22/1974,737.9303235,1974,6,173
era5,3/23/1974,735.1639588,1974,6,174
era5,3/24/1974,732.0721962,1974,6,175
era5,3/25/1974,728.5741299,1974,6,176
era5,3/26/1974,729.3318778,1974,6,177
era5,3/27/1974,730.8551565,1974,6,178
era5,3/28/1974,756.7917893,1974,6,179
era5,3/29/1974,777.2014044,1974,6,180
era5,3/30/1974,789.0401141,1974,6,181
era5,3/31/1974,812.6315866,1974,6,182
era5,4/1/1974,820.7425523,1974,7,183
era5,4/2/1974,859.48308,1974,7,184
era5,4/3/1974,863.9412532,1974,7,185
era5,4/4/1974,863.0826921,1974,7,186
era5,4/5/1974,860.0173904,1974,7,187
era5,4/6/1974,854.8835221,1974,7,188
era5,4/7/1974,850.4579365,1974,7,189
era5,4/8/1974,844.2589652,1974,7,190
era5,4/9/1974,842.4204911,1974,7,191
era5,4/10/1974,853.4680922,1974,7,192
era5,4/11/1974,852.6657951,1974,7,193
era5,4/12/1974,847.3365192,1974,7,194
era5,4/13/1974,841.5837466,1974,7,195
era5,4/14/1974,835.7873846,1974,7,196
era5,4/15/1974,829.0919091,1974,7,197
era5,4/16/1974,821.5813344,1974,7,198
era5,4/17/1974,813.4752862,1974,7,199
era5,4/18/1974,805.9196872,1974,7,200
era5,4/19/1974,809.5130514,1974,7,201
era5,4/20/1974,808.2970986,1974,7,202
era5,4/21/1974,804.3743878,1974,7,203
era5,4/22/1974,797.7795703,1974,7,204
era5,4/23/1974,789.8126339,1974,7,205
era5,4/24/1974,800.3612053,1974,7,206
era5,4/25/1974,809.952713,1974,7,207
era5,4/26/1974,811.8262724,1974,7,208
era5,4/27/1974,814.2694456,1974,7,209
era5,4/28/1974,812.0693094,1974,7,210
era5,4/29/1974,807.2358312,1974,7,211
era5,4/30/1974,799.5093843,1974,7,212
era5,5/1/1974,787.81462,1974,8,213
era5,5/2/1974,774.2907888,1974,8,214
era5,5/3/1974,761.7321765,1974,8,215
era5,5/4/1974,749.6691607,1974,8,216
era5,5/5/1974,736.7979774,1974,8,217
era5,5/6/1974,719.8108614,1974,8,218
era5,5/7/1974,701.5297844,1974,8,219
era5,5/8/1974,683.1803105,1974,8,220
era5,5/9/1974,664.4567184,1974,8,221
era5,5/10/1974,648.1652806,1974,8,222
era5,5/11/1974,633.507318,1974,8,223
era5,5/12/1974,617.9167182,1974,8,224
era5,5/13/1974,606.2216165,1974,8,225
era5,5/14/1974,595.6154179,1974,8,226
era5,5/15/1974,581.8318691,1974,8,227
era5,5/16/1974,571.0163084,1974,8,228
era5,5/17/1974,566.9496738,1974,8,229
era5,5/18/1974,567.1330574,1974,8,230
era5,5/19/1974,570.5458099,1974,8,231
era5,5/20/1974,575.3104009,1974,8,232
era5,5/21/1974,574.2366637,1974,8,233
era5,5/22/1974,570.3711062,1974,8,234
era5,5/23/1974,563.2738024,1974,8,235
era5,5/24/1974,554.1569238,1974,8,236
era5,5/25/1974,541.6777206,1974,8,237
era5,5/26/1974,525.6029435,1974,8,238
era5,5/27/1974,507.4242844,1974,8,239
era5,5/28/1974,489.0632232,1974,8,240
era5,5/29/1974,473.6079321,1974,8,241
era5,5/30/1974,461.5093676,1974,8,242
era5,5/31/1974,448.0261048,1974,8,243
era5,6/1/1974,432.2884453,1974,9,244
era5,6/2/1974,415.8405177,1974,9,245
era5,6/3/1974,398.6717991,1974,9,246
era5,6/4/1974,381.4636137,1974,9,247
era5,6/5/1974,363.6555235,1974,9,248
era5,6/6/1974,342.4746301,1974,9,249
era5,6/7/1974,321.7254789,1974,9,250
era5,6/8/1974,305.710443,1974,9,251
era5,6/9/1974,292.8029746,1974,9,252
era5,6/10/1974,278.1391289,1974,9,253
era5,6/11/1974,262.0898989,1974,9,254
era5,6/12/1974,245.2099184,1974,9,255
era5,6/13/1974,229.823524,1974,9,256
era5,6/14/1974,215.5669889,1974,9,257
era5,6/15/1974,202.8606134,1974,9,258
era5,6/16/1974,190.2847571,1974,9,259
era5,6/17/1974,180.8329729,1974,9,260
era5,6/18/1974,172.7769149,1974,9,261
era5,6/19/1974,165.4851762,1974,9,262
era5,6/20/1974,160.9607117,1974,9,263
era5,6/21/1974,154.1389676,1974,9,264
era5,6/22/1974,146.0509255,1974,9,265
era5,6/23/1974,138.9566353,1974,9,266
era5,6/24/1974,131.9160064,1974,9,267
era5,6/25/1974,124.3236116,1974,9,268
era5,6/26/1974,117.8493853,1974,9,269
era5,6/27/1974,111.7611349,1974,9,270
era5,6/28/1974,105.0250869,1974,9,271
era5,6/29/1974,96.38684496,1974,9,272
era5,6/30/1974,88.18777626,1974,9,273
era5,7/1/1974,81.57835962,1974,10,274
era5,7/2/1974,75.43237029,1974,10,275
era5,7/3/1974,70.02196618,1974,10,276
era5,7/4/1974,63.92992794,1974,10,277
era5,7/5/1974,57.67878335,1974,10,278
era5,7/6/1974,51.41187803,1974,10,279
era5,7/7/1974,45.72363744,1974,10,280
era5,7/8/1974,41.26403532,1974,10,281
era5,7/9/1974,36.86388626,1974,10,282
era5,7/10/1974,34.07778294,1974,10,283
era5,7/11/1974,32.14267006,1974,10,284
era5,7/12/1974,30.05446941,1974,10,285
era5,7/13/1974,27.37540603,1974,10,286
era5,7/14/1974,24.34163335,1974,10,287
era5,7/15/1974,21.53455558,1974,10,288
era5,7/16/1974,19.05701676,1974,10,289
era5,7/17/1974,17.01759235,1974,10,290
era5,7/18/1974,15.05149029,1974,10,291
era5,7/19/1974,12.92883618,1974,10,292
era5,7/20/1974,10.18640735,1974,10,293
era5,7/21/1974,7.212587088,1974,10,294
era5,7/22/1974,4.192826294,1974,10,295
era5,7/23/1974,1.664250235,1974,10,296
era5,7/24/1974,0.206886559,1974,10,297
era5,7/25/1974,0,1974,10,298
era5,7/26/1974,0,1974,10,299
era5,7/27/1974,0,1974,10,300
era5,7/28/1974,0,1974,10,301
era5,7/29/1974,0,1974,10,302
era5,7/30/1974,0,1974,10,303
era5,7/31/1974,0,1974,10,304
era5,8/1/1974,0,1974,11,305
era5,8/2/1974,0,1974,11,306
era5,8/3/1974,0,1974,11,307
era5,8/4/1974,0,1974,11,308
era5,8/5/1974,0,1974,11,309
era5,8/6/1974,0,1974,11,310
era5,8/7/1974,0,1974,11,311
era5,8/8/1974,0,1974,11,312
era5,8/9/1974,0,1974,11,313
era5,8/10/1974,0,1974,11,314
era5,8/11/1974,0,1974,11,315
era5,8/12/1974,0,1974,11,316
era5,8/13/1974,0,1974,11,317
era5,8/14/1974,0,1974,11,318
era5,8/15/1974,0,1974,11,319
era5,8/16/1974,0,1974,11,320
era5,8/17/1974,0,1974,11,321
era5,8/18/1974,0,1974,11,322
era5,8/19/1974,0,1974,11,323
era5,8/20/1974,0,1974,11,324
era5,8/21/1974,0,1974,11,325
era5,8/22/1974,0,1974,11,326
era5,8/23/1974,0,1974,11,327
era5,8/24/1974,0,1974,11,328
era5,8/25/1974,0,1974,11,329
era5,8/26/1974,0,1974,11,330
era5,8/27/1974,0,1974,11,331
era5,8/28/1974,0,1974,11,332
era5,8/29/1974,0,1974,11,333
era5,8/30/1974,0,1974,11,334
era5,8/31/1974,0,1974,11,335
era5,9/1/1974,0,1974,12,336
era5,9/2/1974,0,1974,12,337
era5,9/3/1974,0,1974,12,338
era5,9/4/1974,0,1974,12,339
era5,9/5/1974,0,1974,12,340
era5,9/6/1974,0,1974,12,341
era5,9/7/1974,0,1974,12,342
era5,9/8/1974,0,1974,12,343
era5,9/9/1974,0,1974,12,344
era5,9/10/1974,0,1974,12,345
era5,9/11/1974,0,1974,12,346
era5,9/12/1974,0,1974,12,347
era5,9/13/1974,0,1974,12,348
era5,9/14/1974,0,1974,12,349
era5,9/15/1974,0,1974,12,350
era5,9/16/1974,0,1974,12,351
era5,9/17/1974,0,1974,12,352
era5,9/18/1974,0,1974,12,353
era5,9/19/1974,0,1974,12,354
era5,9/20/1974,0,1974,12,355
era5,9/21/1974,0,1974,12,356
era5,9/22/1974,0,1974,12,357
era5,9/23/1974,0,1974,12,358
era5,9/24/1974,0,1974,12,359
era5,9/25/1974,0,1974,12,360
era5,9/26/1974,0,1974,12,361
era5,9/27/1974,0,1974,12,362
era5,9/28/1974,0,1974,12,363
era5,9/29/1974,0,1974,12,364
era5,9/30/1974,0,1974,12,365
era5,10/1/1974,0,1975,1,1
era5,10/2/1974,0.013162056,1975,1,2
era5,10/3/1974,0.001812609,1975,1,3
era5,10/4/1974,0,1975,1,4
era5,10/5/1974,0,1975,1,5
era5,10/6/1974,0,1975,1,6
era5,10/7/1974,5.75E-05,1975,1,7
era5,10/8/1974,1.171095443,1975,1,8
era5,10/9/1974,0.840867767,1975,1,9
era5,10/10/1974,0.630292138,1975,1,10
era5,10/11/1974,0.458607882,1975,1,11
era5,10/12/1974,0.213301162,1975,1,12
era5,10/13/1974,0.083979391,1975,1,13
era5,10/14/1974,0.011996338,1975,1,14
era5,10/15/1974,0,1975,1,15
era5,10/16/1974,0,1975,1,16
era5,10/17/1974,0,1975,1,17
era5,10/18/1974,0,1975,1,18
era5,10/19/1974,0,1975,1,19
era5,10/20/1974,0.082245239,1975,1,20
era5,10/21/1974,0.176722703,1975,1,21
era5,10/22/1974,0.128314471,1975,1,22
era5,10/23/1974,0,1975,1,23
era5,10/24/1974,0,1975,1,24
era5,10/25/1974,0,1975,1,25
era5,10/26/1974,0.030114927,1975,1,26
era5,10/27/1974,0.432816404,1975,1,27
era5,10/28/1974,8.233009197,1975,1,28
era5,10/29/1974,27.16858765,1975,1,29
era5,10/30/1974,30.21345257,1975,1,30
era5,10/31/1974,29.66470928,1975,1,31
era5,11/1/1974,29.80488337,1975,2,32
era5,11/2/1974,32.14822603,1975,2,33
era5,11/3/1974,32.03031853,1975,2,34
era5,11/4/1974,30.96365547,1975,2,35
era5,11/5/1974,29.63502614,1975,2,36
era5,11/6/1974,27.96693319,1975,2,37
era5,11/7/1974,25.19200518,1975,2,38
era5,11/8/1974,25.46296012,1975,2,39
era5,11/9/1974,24.61813907,1975,2,40
era5,11/10/1974,22.57826479,1975,2,41
era5,11/11/1974,19.26465089,1975,2,42
era5,11/12/1974,16.49668141,1975,2,43
era5,11/13/1974,13.20777024,1975,2,44
era5,11/14/1974,10.79029976,1975,2,45
era5,11/15/1974,9.491021921,1975,2,46
era5,11/16/1974,8.867179647,1975,2,47
era5,11/17/1974,8.295054182,1975,2,48
era5,11/18/1974,7.822311199,1975,2,49
era5,11/19/1974,7.806859643,1975,2,50
era5,11/20/1974,7.319872515,1975,2,51
era5,11/21/1974,7.333013968,1975,2,52
era5,11/22/1974,29.91331592,1975,2,53
era5,11/23/1974,32.79087406,1975,2,54
era5,11/24/1974,31.84690615,1975,2,55
era5,11/25/1974,29.95636658,1975,2,56
era5,11/26/1974,28.65667135,1975,2,57
era5,11/27/1974,26.7676499,1975,2,58
era5,11/28/1974,25.63012262,1975,2,59
era5,11/29/1974,25.21570132,1975,2,60
era5,11/30/1974,24.74974865,1975,2,61
era5,12/1/1974,24.12469412,1975,3,62
era5,12/2/1974,23.06089644,1975,3,63
era5,12/3/1974,34.49392355,1975,3,64
era5,12/4/1974,100.3305298,1975,3,65
era5,12/5/1974,122.349284,1975,3,66
era5,12/6/1974,122.6946692,1975,3,67
era5,12/7/1974,121.8239014,1975,3,68
era5,12/8/1974,120.7213779,1975,3,69
era5,12/9/1974,120.3728877,1975,3,70
era5,12/10/1974,120.1718693,1975,3,71
era5,12/11/1974,119.9807909,1975,3,72
era5,12/12/1974,119.7825996,1975,3,73
era5,12/13/1974,121.278584,1975,3,74
era5,12/14/1974,121.2968742,1975,3,75
era5,12/15/1974,121.1253554,1975,3,76
era5,12/16/1974,120.5534109,1975,3,77
era5,12/17/1974,120.2170602,1975,3,78
era5,12/18/1974,119.9956496,1975,3,79
era5,12/19/1974,119.786474,1975,3,80
era5,12/20/1974,119.5811486,1975,3,81
era5,12/21/1974,119.0813968,1975,3,82
era5,12/22/1974,118.495783,1975,3,83
era5,12/23/1974,118.7312891,1975,3,84
era5,12/24/1974,118.8554144,1975,3,85
era5,12/25/1974,118.8280694,1975,3,86
era5,12/26/1974,118.7818742,1975,3,87
era5,12/27/1974,119.4707757,1975,3,88
era5,12/28/1974,155.8845507,1975,3,89
era5,12/29/1974,172.0986432,1975,3,90
era5,12/30/1974,173.0094309,1975,3,91
era5,12/31/1974,174.6466425,1975,3,92
era5,1/1/1975,175.11231,1975,4,93
era5,1/2/1975,175.0680383,1975,4,94
era5,1/3/1975,175.0163726,1975,4,95
era5,1/4/1975,174.9212259,1975,4,96
era5,1/5/1975,174.7879266,1975,4,97
era5,1/6/1975,178.6290961,1975,4,98
era5,1/7/1975,192.4781506,1975,4,99
era5,1/8/1975,201.864015,1975,4,100
era5,1/9/1975,218.7595795,1975,4,101
era5,1/10/1975,220.5995751,1975,4,102
era5,1/11/1975,221.201813,1975,4,103
era5,1/12/1975,221.0614384,1975,4,104
era5,1/13/1975,219.9935794,1975,4,105
era5,1/14/1975,217.6238724,1975,4,106
era5,1/15/1975,214.4951618,1975,4,107
era5,1/16/1975,212.0265384,1975,4,108
era5,1/17/1975,208.7928974,1975,4,109
era5,1/18/1975,204.5787788,1975,4,110
era5,1/19/1975,199.7462382,1975,4,111
era5,1/20/1975,195.9470621,1975,4,112
era5,1/21/1975,193.1101715,1975,4,113
era5,1/22/1975,189.8569369,1975,4,114
era5,1/23/1975,187.4886067,1975,4,115
era5,1/24/1975,184.2159004,1975,4,116
era5,1/25/1975,179.989028,1975,4,117
era5,1/26/1975,177.081366,1975,4,118
era5,1/27/1975,176.4846896,1975,4,119
era5,1/28/1975,177.060148,1975,4,120
era5,1/29/1975,177.1255038,1975,4,121
era5,1/30/1975,177.7702956,1975,4,122
era5,1/31/1975,179.683378,1975,4,123
era5,2/1/1975,218.7434334,1975,5,124
era5,2/2/1975,333.6366834,1975,5,125
era5,2/3/1975,403.8006636,1975,5,126
era5,2/4/1975,433.6982218,1975,5,127
era5,2/5/1975,462.7825047,1975,5,128
era5,2/6/1975,467.5729997,1975,5,129
era5,2/7/1975,467.9502772,1975,5,130
era5,2/8/1975,470.1491875,1975,5,131
era5,2/9/1975,500.0744185,1975,5,132
era5,2/10/1975,567.1654456,1975,5,133
era5,2/11/1975,592.4999094,1975,5,134
era5,2/12/1975,592.6408903,1975,5,135
era5,2/13/1975,617.4301912,1975,5,136
era5,2/14/1975,645.5158797,1975,5,137
era5,2/15/1975,646.6890965,1975,5,138
era5,2/16/1975,646.5354032,1975,5,139
era5,2/17/1975,647.0259968,1975,5,140
era5,2/18/1975,646.9241906,1975,5,141
era5,2/19/1975,646.7298824,1975,5,142
era5,2/20/1975,650.4489897,1975,5,143
era5,2/21/1975,650.9260612,1975,5,144
era5,2/22/1975,650.5465262,1975,5,145
era5,2/23/1975,650.081035,1975,5,146
era5,2/24/1975,648.6364285,1975,5,147
era5,2/25/1975,646.6934403,1975,5,148
era5,2/26/1975,644.5185971,1975,5,149
era5,2/27/1975,641.8180547,1975,5,150
era5,2/28/1975,637.8461435,1975,5,151
era5,3/1/1975,632.5298926,1975,6,152
era5,3/2/1975,628.6575232,1975,6,153
era5,3/3/1975,625.8851032,1975,6,154
era5,3/4/1975,621.7977276,1975,6,155
era5,3/5/1975,623.9516785,1975,6,156
era5,3/6/1975,645.84764,1975,6,157
era5,3/7/1975,679.3636941,1975,6,158
era5,3/8/1975,759.9842815,1975,6,159
era5,3/9/1975,785.1875188,1975,6,160
era5,3/10/1975,788.2619938,1975,6,161
era5,3/11/1975,794.3466459,1975,6,162
era5,3/12/1975,796.2213197,1975,6,163
era5,3/13/1975,795.7306035,1975,6,164
era5,3/14/1975,809.25288,1975,6,165
era5,3/15/1975,813.0673709,1975,6,166
era5,3/16/1975,826.1418682,1975,6,167
era5,3/17/1975,842.9130438,1975,6,168
era5,3/18/1975,844.0285094,1975,6,169
era5,3/19/1975,841.5077071,1975,6,170
era5,3/20/1975,839.5154218,1975,6,171
era5,3/21/1975,839.3957124,1975,6,172
era5,3/22/1975,880.4452874,1975,6,173
era5,3/23/1975,904.2648885,1975,6,174
era5,3/24/1975,904.9677097,1975,6,175
era5,3/25/1975,916.6930047,1975,6,176
era5,3/26/1975,938.7999703,1975,6,177
era5,3/27/1975,939.3622809,1975,6,178
era5,3/28/1975,938.9906103,1975,6,179
era5,3/29/1975,938.3449206,1975,6,180
era5,3/30/1975,935.9581909,1975,6,181
era5,3/31/1975,931.9928556,1975,6,182
era5,4/1/1975,932.9084497,1975,7,183
era5,4/2/1975,932.3080885,1975,7,184
era5,4/3/1975,930.6601441,1975,7,185
era5,4/4/1975,932.1597538,1975,7,186
era5,4/5/1975,960.2811162,1975,7,187
era5,4/6/1975,991.2114797,1975,7,188
era5,4/7/1975,998.0778003,1975,7,189
era5,4/8/1975,1005.142025,1975,7,190
era5,4/9/1975,1011.558681,1975,7,191
era5,4/10/1975,1013.975706,1975,7,192
era5,4/11/1975,1018.469663,1975,7,193
era5,4/12/1975,1022.176159,1975,7,194
era5,4/13/1975,1020.777446,1975,7,195
era5,4/14/1975,1021.952274,1975,7,196
era5,4/15/1975,1038.662178,1975,7,197
era5,4/16/1975,1048.791649,1975,7,198
era5,4/17/1975,1054.382441,1975,7,199
era5,4/18/1975,1055.719982,1975,7,200
era5,4/19/1975,1053.352165,1975,7,201
era5,4/20/1975,1049.19277,1975,7,202
era5,4/21/1975,1043.399272,1975,7,203
era5,4/22/1975,1037.550143,1975,7,204
era5,4/23/1975,1033.254071,1975,7,205
era5,4/24/1975,1029.089253,1975,7,206
era5,4/25/1975,1039.568777,1975,7,207
era5,4/26/1975,1051.556482,1975,7,208
era5,4/27/1975,1053.05463,1975,7,209
era5,4/28/1975,1049.430318,1975,7,210
era5,4/29/1975,1044.464953,1975,7,211
era5,4/30/1975,1038.394063,1975,7,212
era5,5/1/1975,1032.242066,1975,8,213
era5,5/2/1975,1024.085958,1975,8,214
era5,5/3/1975,1014.221541,1975,8,215
era5,5/4/1975,1015.998982,1975,8,216
era5,5/5/1975,1019.507222,1975,8,217
era5,5/6/1975,1017.424713,1975,8,218
era5,5/7/1975,1011.692263,1975,8,219
era5,5/8/1975,1002.788973,1975,8,220
era5,5/9/1975,992.0103751,1975,8,221
era5,5/10/1975,979.2669041,1975,8,222
era5,5/11/1975,963.5520401,1975,8,223
era5,5/12/1975,945.0704011,1975,8,224
era5,5/13/1975,923.0071602,1975,8,225
era5,5/14/1975,899.187342,1975,8,226
era5,5/15/1975,878.8276726,1975,8,227
era5,5/16/1975,862.8789024,1975,8,228
era5,5/17/1975,845.2326564,1975,8,229
era5,5/18/1975,824.3719528,1975,8,230
era5,5/19/1975,802.4773036,1975,8,231
era5,5/20/1975,785.5547299,1975,8,232
era5,5/21/1975,785.3671309,1975,8,233
era5,5/22/1975,781.5328041,1975,8,234
era5,5/23/1975,772.8352974,1975,8,235
era5,5/24/1975,757.6775575,1975,8,236
era5,5/25/1975,740.3449408,1975,8,237
era5,5/26/1975,724.4334958,1975,8,238
era5,5/27/1975,707.0693429,1975,8,239
era5,5/28/1975,687.4445305,1975,8,240
era5,5/29/1975,667.8345992,1975,8,241
era5,5/30/1975,649.6170924,1975,8,242
era5,5/31/1975,630.5413985,1975,8,243
era5,6/1/1975,610.4510434,1975,9,244
era5,6/2/1975,591.8863685,1975,9,245
era5,6/3/1975,575.8625753,1975,9,246
era5,6/4/1975,558.1685897,1975,9,247
era5,6/5/1975,538.5649981,1975,9,248
era5,6/6/1975,517.4414747,1975,9,249
era5,6/7/1975,497.5263831,1975,9,250
era5,6/8/1975,478.3724317,1975,9,251
era5,6/9/1975,457.5444439,1975,9,252
era5,6/10/1975,435.66345,1975,9,253
era5,6/11/1975,414.4105694,1975,9,254
era5,6/12/1975,393.200178,1975,9,255
era5,6/13/1975,374.2574503,1975,9,256
era5,6/14/1975,352.6828533,1975,9,257
era5,6/15/1975,332.9902518,1975,9,258
era5,6/16/1975,315.5159932,1975,9,259
era5,6/17/1975,301.1358187,1975,9,260
era5,6/18/1975,290.5224098,1975,9,261
era5,6/19/1975,283.1887901,1975,9,262
era5,6/20/1975,276.2637272,1975,9,263
era5,6/21/1975,267.7018647,1975,9,264
era5,6/22/1975,257.1692869,1975,9,265
era5,6/23/1975,246.9801024,1975,9,266
era5,6/24/1975,237.942155,1975,9,267
era5,6/25/1975,233.3770276,1975,9,268
era5,6/26/1975,226.6032457,1975,9,269
era5,6/27/1975,217.7431726,1975,9,270
era5,6/28/1975,209.3136196,1975,9,271
era5,6/29/1975,200.3375044,1975,9,272
era5,6/30/1975,190.9545229,1975,9,273
era5,7/1/1975,181.4976719,1975,10,274
era5,7/2/1975,172.2582783,1975,10,275
era5,7/3/1975,161.918798,1975,10,276
era5,7/4/1975,151.4293966,1975,10,277
era5,7/5/1975,140.720449,1975,10,278
era5,7/6/1975,129.4162518,1975,10,279
era5,7/7/1975,118.51037,1975,10,280
era5,7/8/1975,108.9440497,1975,10,281
era5,7/9/1975,99.18284609,1975,10,282
era5,7/10/1975,89.41166785,1975,10,283
era5,7/11/1975,78.12505559,1975,10,284
era5,7/12/1975,67.362372,1975,10,285
era5,7/13/1975,57.16476043,1975,10,286
era5,7/14/1975,49.95198079,1975,10,287
era5,7/15/1975,44.06915697,1975,10,288
era5,7/16/1975,39.077429,1975,10,289
era5,7/17/1975,34.14508891,1975,10,290
era5,7/18/1975,29.25726974,1975,10,291
era5,7/19/1975,25.72921147,1975,10,292
era5,7/20/1975,23.47417068,1975,10,293
era5,7/21/1975,21.21018838,1975,10,294
era5,7/22/1975,19.37472794,1975,10,295
era5,7/23/1975,17.66347265,1975,10,296
era5,7/24/1975,15.51682294,1975,10,297
era5,7/25/1975,13.13146618,1975,10,298
era5,7/26/1975,10.54100912,1975,10,299
era5,7/27/1975,8.264643941,1975,10,300
era5,7/28/1975,7.051421765,1975,10,301
era5,7/29/1975,6.052164412,1975,10,302
era5,7/30/1975,5.323068824,1975,10,303
era5,7/31/1975,4.796280882,1975,10,304
era5,8/1/1975,4.201431176,1975,11,305
era5,8/2/1975,3.352791059,1975,11,306
era5,8/3/1975,2.499590588,1975,11,307
era5,8/4/1975,1.572122941,1975,11,308
era5,8/5/1975,0.5919775,1975,11,309
era5,8/6/1975,0.00073913,1975,11,310
era5,8/7/1975,0,1975,11,311
era5,8/8/1975,0,1975,11,312
era5,8/9/1975,0,1975,11,313
era5,8/10/1975,0,1975,11,314
era5,8/11/1975,0,1975,11,315
era5,8/12/1975,0,1975,11,316
era5,8/13/1975,0,1975,11,317
era5,8/14/1975,0,1975,11,318
era5,8/15/1975,0,1975,11,319
era5,8/16/1975,0,1975,11,320
era5,8/17/1975,0,1975,11,321
era5,8/18/1975,0,1975,11,322
era5,8/19/1975,2.27E-05,1975,11,323
era5,8/20/1975,4.26E-05,1975,11,324
era5,8/21/1975,3.19E-06,1975,11,325
era5,8/22/1975,0,1975,11,326
era5,8/23/1975,0,1975,11,327
era5,8/24/1975,0,1975,11,328
era5,8/25/1975,0,1975,11,329
era5,8/26/1975,0,1975,11,330
era5,8/27/1975,0,1975,11,331
era5,8/28/1975,0,1975,11,332
era5,8/29/1975,0,1975,11,333
era5,8/30/1975,0,1975,11,334
era5,8/31/1975,0,1975,11,335
era5,9/1/1975,0,1975,12,336
era5,9/2/1975,0,1975,12,337
era5,9/3/1975,0,1975,12,338
era5,9/4/1975,0,1975,12,339
era5,9/5/1975,0,1975,12,340
era5,9/6/1975,0,1975,12,341
era5,9/7/1975,0,1975,12,342
era5,9/8/1975,2.07E-06,1975,12,343
era5,9/9/1975,0,1975,12,344
era5,9/10/1975,0,1975,12,345
era5,9/11/1975,4.86E-05,1975,12,346
era5,9/12/1975,0,1975,12,347
era5,9/13/1975,0,1975,12,348
era5,9/14/1975,0,1975,12,349
era5,9/15/1975,0,1975,12,350
era5,9/16/1975,0,1975,12,351
era5,9/17/1975,0,1975,12,352
era5,9/18/1975,0,1975,12,353
era5,9/19/1975,0,1975,12,354
era5,9/20/1975,0,1975,12,355
era5,9/21/1975,0,1975,12,356
era5,9/22/1975,0,1975,12,357
era5,9/23/1975,0,1975,12,358
era5,9/24/1975,0,1975,12,359
era5,9/25/1975,0,1975,12,360
era5,9/26/1975,0,1975,12,361
era5,9/27/1975,0,1975,12,362
era5,9/28/1975,0,1975,12,363
era5,9/29/1975,0,1975,12,364
era5,9/30/1975,0,1975,12,365
era5,10/1/1975,0,1976,1,1
era5,10/2/1975,0,1976,1,2
era5,10/3/1975,0,1976,1,3
era5,10/4/1975,0,1976,1,4
era5,10/5/1975,0,1976,1,5
era5,10/6/1975,2.02E-05,1976,1,6
era5,10/7/1975,1.020045612,1976,1,7
era5,10/8/1975,1.453146274,1976,1,8
era5,10/9/1975,0.960995533,1976,1,9
era5,10/10/1975,4.129990032,1976,1,10
era5,10/11/1975,12.83013135,1976,1,11
era5,10/12/1975,17.00497653,1976,1,12
era5,10/13/1975,20.41815674,1976,1,13
era5,10/14/1975,19.53808957,1976,1,14
era5,10/15/1975,17.44587515,1976,1,15
era5,10/16/1975,14.8487609,1976,1,16
era5,10/17/1975,12.59276026,1976,1,17
era5,10/18/1975,10.12743651,1976,1,18
era5,10/19/1975,8.607819785,1976,1,19
era5,10/20/1975,7.180259507,1976,1,20
era5,10/21/1975,5.873267794,1976,1,21
era5,10/22/1975,4.722632534,1976,1,22
era5,10/23/1975,4.644469607,1976,1,23
era5,10/24/1975,4.439758518,1976,1,24
era5,10/25/1975,3.817690503,1976,1,25
era5,10/26/1975,5.259055316,1976,1,26
era5,10/27/1975,14.19084638,1976,1,27
era5,10/28/1975,14.77402794,1976,1,28
era5,10/29/1975,13.06616474,1976,1,29
era5,10/30/1975,15.48387096,1976,1,30
era5,10/31/1975,28.14560054,1976,1,31
era5,11/1/1975,26.55562817,1976,2,32
era5,11/2/1975,22.52822518,1976,2,33
era5,11/3/1975,19.21078193,1976,2,34
era5,11/4/1975,15.93040612,1976,2,35
era5,11/5/1975,13.43205197,1976,2,36
era5,11/6/1975,11.98764399,1976,2,37
era5,11/7/1975,11.34396201,1976,2,38
era5,11/8/1975,10.48836555,1976,2,39
era5,11/9/1975,10.23915195,1976,2,40
era5,11/10/1975,12.89867136,1976,2,41
era5,11/11/1975,16.50392917,1976,2,42
era5,11/12/1975,15.52520969,1976,2,43
era5,11/13/1975,13.87128793,1976,2,44
era5,11/14/1975,12.68694154,1976,2,45
era5,11/15/1975,11.55223846,1976,2,46
era5,11/16/1975,11.17263925,1976,2,47
era5,11/17/1975,11.21730588,1976,2,48
era5,11/18/1975,11.34641518,1976,2,49
era5,11/19/1975,11.37181781,1976,2,50
era5,11/20/1975,11.28309528,1976,2,51
era5,11/21/1975,11.28000078,1976,2,52
era5,11/22/1975,11.26299327,1976,2,53
era5,11/23/1975,11.24293439,1976,2,54
era5,11/24/1975,11.11968601,1976,2,55
era5,11/25/1975,10.80961456,1976,2,56
era5,11/26/1975,10.59519593,1976,2,57
era5,11/27/1975,11.64013077,1976,2,58
era5,11/28/1975,20.18590426,1976,2,59
era5,11/29/1975,28.4946063,1976,2,60
era5,11/30/1975,29.1499936,1976,2,61
era5,12/1/1975,28.93424942,1976,3,62
era5,12/2/1975,25.0734912,1976,3,63
era5,12/3/1975,20.78760675,1976,3,64
era5,12/4/1975,18.56636095,1976,3,65
era5,12/5/1975,17.44213962,1976,3,66
era5,12/6/1975,16.5332636,1976,3,67
era5,12/7/1975,15.48953694,1976,3,68
era5,12/8/1975,14.58560206,1976,3,69
era5,12/9/1975,14.04485182,1976,3,70
era5,12/10/1975,13.74140023,1976,3,71
era5,12/11/1975,13.67065093,1976,3,72
era5,12/12/1975,17.73135498,1976,3,73
era5,12/13/1975,24.91276145,1976,3,74
era5,12/14/1975,26.95767751,1976,3,75
era5,12/15/1975,26.9990215,1976,3,76
era5,12/16/1975,26.68814533,1976,3,77
era5,12/17/1975,25.76714153,1976,3,78
era5,12/18/1975,25.12639112,1976,3,79
era5,12/19/1975,24.43106354,1976,3,80
era5,12/20/1975,24.15466094,1976,3,81
era5,12/21/1975,23.81915442,1976,3,82
era5,12/22/1975,24.1962776,1976,3,83
era5,12/23/1975,25.23066185,1976,3,84
era5,12/24/1975,24.07035514,1976,3,85
era5,12/25/1975,22.58966236,1976,3,86
era5,12/26/1975,21.49964603,1976,3,87
era5,12/27/1975,20.66216672,1976,3,88
era5,12/28/1975,19.78282722,1976,3,89
era5,12/29/1975,18.88229426,1976,3,90
era5,12/30/1975,18.13112989,1976,3,91
era5,12/31/1975,18.31649926,1976,3,92
era5,1/1/1976,18.62763729,1976,4,93
era5,1/2/1976,18.70230396,1976,4,94
era5,1/3/1976,18.69748753,1976,4,95
era5,1/4/1976,18.72669888,1976,4,96
era5,1/5/1976,18.95475143,1976,4,97
era5,1/6/1976,20.3737231,1976,4,98
era5,1/7/1976,20.42664588,1976,4,99
era5,1/8/1976,20.31876499,1976,4,100
era5,1/9/1976,20.99149358,1976,4,101
era5,1/10/1976,24.25316623,1976,4,102
era5,1/11/1976,24.23881278,1976,4,103
era5,1/12/1976,24.08926316,1976,4,104
era5,1/13/1976,23.99036618,1976,4,105
era5,1/14/1976,23.74212469,1976,4,106
era5,1/15/1976,23.04944537,1976,4,107
era5,1/16/1976,21.68184335,1976,4,108
era5,1/17/1976,20.24008365,1976,4,109
era5,1/18/1976,19.47226081,1976,4,110
era5,1/19/1976,19.14988621,1976,4,111
era5,1/20/1976,19.05880901,1976,4,112
era5,1/21/1976,18.96439097,1976,4,113
era5,1/22/1976,18.96159781,1976,4,114
era5,1/23/1976,18.95954802,1976,4,115
era5,1/24/1976,19.16596033,1976,4,116
era5,1/25/1976,19.22229232,1976,4,117
era5,1/26/1976,19.21194784,1976,4,118
era5,1/27/1976,19.13314537,1976,4,119
era5,1/28/1976,19.03571735,1976,4,120
era5,1/29/1976,18.75882169,1976,4,121
era5,1/30/1976,18.55647307,1976,4,122
era5,1/31/1976,18.22016029,1976,4,123
era5,2/1/1976,17.87765224,1976,5,124
era5,2/2/1976,17.61528871,1976,5,125
era5,2/3/1976,17.23277009,1976,5,126
era5,2/4/1976,17.23616219,1976,5,127
era5,2/5/1976,28.15653244,1976,5,128
era5,2/6/1976,43.78843338,1976,5,129
era5,2/7/1976,51.85535674,1976,5,130
era5,2/8/1976,59.40830662,1976,5,131
era5,2/9/1976,76.21814524,1976,5,132
era5,2/10/1976,91.92699226,1976,5,133
era5,2/11/1976,93.58865106,1976,5,134
era5,2/12/1976,92.43503718,1976,5,135
era5,2/13/1976,91.05785991,1976,5,136
era5,2/14/1976,94.01138044,1976,5,137
era5,2/15/1976,99.37043135,1976,5,138
era5,2/16/1976,100.7247619,1976,5,139
era5,2/17/1976,100.0616621,1976,5,140
era5,2/18/1976,97.99413474,1976,5,141
era5,2/19/1976,99.92108581,1976,5,142
era5,2/20/1976,108.2221455,1976,5,143
era5,2/21/1976,108.2057966,1976,5,144
era5,2/22/1976,107.5705329,1976,5,145
era5,2/23/1976,105.7475522,1976,5,146
era5,2/24/1976,104.5632999,1976,5,147
era5,2/25/1976,104.2167636,1976,5,148
era5,2/26/1976,103.5412264,1976,5,149
era5,2/27/1976,101.9323359,1976,5,150
era5,2/28/1976,99.104768,1976,5,151
era5,2/29/1976,103.7931007,1976,5,152
era5,3/1/1976,166.8739856,1976,6,153
era5,3/2/1976,203.9471282,1976,6,154
era5,3/3/1976,237.8516359,1976,6,155
era5,3/4/1976,244.9920462,1976,6,156
era5,3/5/1976,245.3201935,1976,6,157
era5,3/6/1976,245.2677793,1976,6,158
era5,3/7/1976,245.193786,1976,6,159
era5,3/8/1976,245.0572218,1976,6,160
era5,3/9/1976,244.5607087,1976,6,161
era5,3/10/1976,243.6144685,1976,6,162
era5,3/11/1976,242.2280676,1976,6,163
era5,3/12/1976,240.6426278,1976,6,164
era5,3/13/1976,238.6770864,1976,6,165
era5,3/14/1976,235.6451414,1976,6,166
era5,3/15/1976,231.5341717,1976,6,167
era5,3/16/1976,225.2956643,1976,6,168
era5,3/17/1976,216.4978183,1976,6,169
era5,3/18/1976,206.0730462,1976,6,170
era5,3/19/1976,205.8232343,1976,6,171
era5,3/20/1976,205.0601576,1976,6,172
era5,3/21/1976,202.7558533,1976,6,173
era5,3/22/1976,198.4726978,1976,6,174
era5,3/23/1976,192.9806689,1976,6,175
era5,3/24/1976,187.9026477,1976,6,176
era5,3/25/1976,182.8775205,1976,6,177
era5,3/26/1976,180.3225973,1976,6,178
era5,3/27/1976,176.9207179,1976,6,179
era5,3/28/1976,175.7365748,1976,6,180
era5,3/29/1976,173.5711873,1976,6,181
era5,3/30/1976,170.1809459,1976,6,182
era5,3/31/1976,164.419554,1976,6,183
era5,4/1/1976,159.2996949,1976,7,184
era5,4/2/1976,154.8874989,1976,7,185
era5,4/3/1976,149.5656678,1976,7,186
era5,4/4/1976,145.3915074,1976,7,187
era5,4/5/1976,144.4133465,1976,7,188
era5,4/6/1976,142.1632331,1976,7,189
era5,4/7/1976,139.7091757,1976,7,190
era5,4/8/1976,141.8927247,1976,7,191
era5,4/9/1976,157.6032888,1976,7,192
era5,4/10/1976,156.1631358,1976,7,193
era5,4/11/1976,157.7410435,1976,7,194
era5,4/12/1976,163.9816079,1976,7,195
era5,4/13/1976,172.0056265,1976,7,196
era5,4/14/1976,180.7567052,1976,7,197
era5,4/15/1976,183.825677,1976,7,198
era5,4/16/1976,189.9253829,1976,7,199
era5,4/17/1976,190.5300745,1976,7,200
era5,4/18/1976,187.7718714,1976,7,201
era5,4/19/1976,182.1017225,1976,7,202
era5,4/20/1976,172.8841091,1976,7,203
era5,4/21/1976,162.2873791,1976,7,204
era5,4/22/1976,154.6573058,1976,7,205
era5,4/23/1976,149.4305584,1976,7,206
era5,4/24/1976,143.2704326,1976,7,207
era5,4/25/1976,135.7493908,1976,7,208
era5,4/26/1976,131.3956613,1976,7,209
era5,4/27/1976,129.6022586,1976,7,210
era5,4/28/1976,127.2457582,1976,7,211
era5,4/29/1976,122.8244107,1976,7,212
era5,4/30/1976,115.7558119,1976,7,213
era5,5/1/1976,105.8203376,1976,8,214
era5,5/2/1976,96.73105044,1976,8,215
era5,5/3/1976,90.48267621,1976,8,216
era5,5/4/1976,84.51452445,1976,8,217
era5,5/5/1976,78.46247837,1976,8,218
era5,5/6/1976,75.11169114,1976,8,219
era5,5/7/1976,78.17352614,1976,8,220
era5,5/8/1976,72.59693701,1976,8,221
era5,5/9/1976,67.07639711,1976,8,222
era5,5/10/1976,63.23387614,1976,8,223
era5,5/11/1976,59.01634139,1976,8,224
era5,5/12/1976,55.51335676,1976,8,225
era5,5/13/1976,51.31162118,1976,8,226
era5,5/14/1976,46.53667991,1976,8,227
era5,5/15/1976,42.35565613,1976,8,228
era5,5/16/1976,39.55821,1976,8,229
era5,5/17/1976,36.13624824,1976,8,230
era5,5/18/1976,32.84241518,1976,8,231
era5,5/19/1976,30.12572294,1976,8,232
era5,5/20/1976,28.11531206,1976,8,233
era5,5/21/1976,26.07464627,1976,8,234
era5,5/22/1976,24.22175859,1976,8,235
era5,5/23/1976,21.8820685,1976,8,236
era5,5/24/1976,19.69153363,1976,8,237
era5,5/25/1976,17.82864044,1976,8,238
era5,5/26/1976,15.27741415,1976,8,239
era5,5/27/1976,12.14309638,1976,8,240
era5,5/28/1976,9.208105676,1976,8,241
era5,5/29/1976,7.255480238,1976,8,242
era5,5/30/1976,5.633807588,1976,8,243
era5,5/31/1976,3.950817794,1976,8,244
era5,6/1/1976,2.199187429,1976,9,245
era5,6/2/1976,0.948112647,1976,9,246
era5,6/3/1976,0.242981706,1976,9,247
era5,6/4/1976,0,1976,9,248
era5,6/5/1976,0,1976,9,249
era5,6/6/1976,0,1976,9,250
era5,6/7/1976,0,1976,9,251
era5,6/8/1976,0,1976,9,252
era5,6/9/1976,0,1976,9,253
era5,6/10/1976,0.196402181,1976,9,254
era5,6/11/1976,1.196362455,1976,9,255
era5,6/12/1976,0.707242194,1976,9,256
era5,6/13/1976,0,1976,9,257
era5,6/14/1976,0,1976,9,258
era5,6/15/1976,0,1976,9,259
era5,6/16/1976,0,1976,9,260
era5,6/17/1976,0,1976,9,261
era5,6/18/1976,0,1976,9,262
era5,6/19/1976,0,1976,9,263
era5,6/20/1976,0,1976,9,264
era5,6/21/1976,0,1976,9,265
era5,6/22/1976,0,1976,9,266
era5,6/23/1976,0,1976,9,267
era5,6/24/1976,0,1976,9,268
era5,6/25/1976,0,1976,9,269
era5,6/26/1976,0,1976,9,270
era5,6/27/1976,0,1976,9,271
era5,6/28/1976,0,1976,9,272
era5,6/29/1976,0,1976,9,273
era5,6/30/1976,0,1976,9,274
era5,7/1/1976,0,1976,10,275
era5,7/2/1976,0,1976,10,276
era5,7/3/1976,0,1976,10,277
era5,7/4/1976,0,1976,10,278
era5,7/5/1976,0,1976,10,279
era5,7/6/1976,0,1976,10,280
era5,7/7/1976,0,1976,10,281
era5,7/8/1976,0,1976,10,282
era5,7/9/1976,0,1976,10,283
era5,7/10/1976,0,1976,10,284
era5,7/11/1976,0,1976,10,285
era5,7/12/1976,0,1976,10,286
era5,7/13/1976,0,1976,10,287
era5,7/14/1976,0,1976,10,288
era5,7/15/1976,0,1976,10,289
era5,7/16/1976,0,1976,10,290
era5,7/17/1976,0,1976,10,291
era5,7/18/1976,0,1976,10,292
era5,7/19/1976,0,1976,10,293
era5,7/20/1976,0,1976,10,294
era5,7/21/1976,0,1976,10,295
era5,7/22/1976,0,1976,10,296
era5,7/23/1976,0,1976,10,297
era5,7/24/1976,0,1976,10,298
era5,7/25/1976,0,1976,10,299
era5,7/26/1976,0,1976,10,300
era5,7/27/1976,0,1976,10,301
era5,7/28/1976,0,1976,10,302
era5,7/29/1976,0,1976,10,303
era5,7/30/1976,0,1976,10,304
era5,7/31/1976,0,1976,10,305
era5,8/1/1976,0,1976,11,306
era5,8/2/1976,0,1976,11,307
era5,8/3/1976,0,1976,11,308
era5,8/4/1976,0,1976,11,309
era5,8/5/1976,0,1976,11,310
era5,8/6/1976,0,1976,11,311
era5,8/7/1976,0,1976,11,312
era5,8/8/1976,0,1976,11,313
era5,8/9/1976,0,1976,11,314
era5,8/10/1976,0,1976,11,315
era5,8/11/1976,0,1976,11,316
era5,8/12/1976,0,1976,11,317
era5,8/13/1976,0,1976,11,318
era5,8/14/1976,0.000100855,1976,11,319
era5,8/15/1976,1.441827267,1976,11,320
era5,8/16/1976,3.365083352,1976,11,321
era5,8/17/1976,1.910518412,1976,11,322
era5,8/18/1976,0.525051356,1976,11,323
era5,8/19/1976,0.223006389,1976,11,324
era5,8/20/1976,0,1976,11,325
era5,8/21/1976,0,1976,11,326
era5,8/22/1976,0,1976,11,327
era5,8/23/1976,0,1976,11,328
era5,8/24/1976,0,1976,11,329
era5,8/25/1976,0,1976,11,330
era5,8/26/1976,0,1976,11,331
era5,8/27/1976,0,1976,11,332
era5,8/28/1976,0,1976,11,333
era5,8/29/1976,0,1976,11,334
era5,8/30/1976,0,1976,11,335
era5,8/31/1976,0,1976,11,336
era5,9/1/1976,0,1976,12,337
era5,9/2/1976,0,1976,12,338
era5,9/3/1976,0,1976,12,339
era5,9/4/1976,0,1976,12,340
era5,9/5/1976,0,1976,12,341
era5,9/6/1976,0,1976,12,342
era5,9/7/1976,0,1976,12,343
era5,9/8/1976,0,1976,12,344
era5,9/9/1976,0,1976,12,345
era5,9/10/1976,0,1976,12,346
era5,9/11/1976,0.013433822,1976,12,347
era5,9/12/1976,0,1976,12,348
era5,9/13/1976,0,1976,12,349
era5,9/14/1976,0,1976,12,350
era5,9/15/1976,0,1976,12,351
era5,9/16/1976,0,1976,12,352
era5,9/17/1976,0,1976,12,353
era5,9/18/1976,0,1976,12,354
era5,9/19/1976,0,1976,12,355
era5,9/20/1976,0,1976,12,356
era5,9/21/1976,9.89E-06,1976,12,357
era5,9/22/1976,0,1976,12,358
era5,9/23/1976,9.30E-06,1976,12,359
era5,9/24/1976,0,1976,12,360
era5,9/25/1976,1.99E-05,1976,12,361
era5,9/26/1976,5.42E-06,1976,12,362
era5,9/27/1976,0,1976,12,363
era5,9/28/1976,0,1976,12,364
era5,9/29/1976,0.13384602,1976,12,365
era5,9/30/1976,0.344518072,1976,12,366
era5,10/1/1976,0.219303382,1977,1,1
era5,10/2/1976,0.57849242,1977,1,2
era5,10/3/1976,0.533078742,1977,1,3
era5,10/4/1976,0.453052326,1977,1,4
era5,10/5/1976,0.018137718,1977,1,5
era5,10/6/1976,0,1977,1,6
era5,10/7/1976,0,1977,1,7
era5,10/8/1976,0,1977,1,8
era5,10/9/1976,0,1977,1,9
era5,10/10/1976,0,1977,1,10
era5,10/11/1976,0,1977,1,11
era5,10/12/1976,0,1977,1,12
era5,10/13/1976,0,1977,1,13
era5,10/14/1976,0,1977,1,14
era5,10/15/1976,0,1977,1,15
era5,10/16/1976,0,1977,1,16
era5,10/17/1976,0,1977,1,17
era5,10/18/1976,0,1977,1,18
era5,10/19/1976,0,1977,1,19
era5,10/20/1976,0,1977,1,20
era5,10/21/1976,0,1977,1,21
era5,10/22/1976,0.068699296,1977,1,22
era5,10/23/1976,1.172147174,1977,1,23
era5,10/24/1976,1.000745941,1977,1,24
era5,10/25/1976,0.915715831,1977,1,25
era5,10/26/1976,0.894091315,1977,1,26
era5,10/27/1976,0.892489506,1977,1,27
era5,10/28/1976,0.878870671,1977,1,28
era5,10/29/1976,0.799568356,1977,1,29
era5,10/30/1976,0.616956,1977,1,30
era5,10/31/1976,0.615780344,1977,1,31
era5,11/1/1976,0.614558729,1977,2,32
era5,11/2/1976,0.613063471,1977,2,33
era5,11/3/1976,0.603209297,1977,2,34
era5,11/4/1976,0.541842331,1977,2,35
era5,11/5/1976,0.489341009,1977,2,36
era5,11/6/1976,0.454959837,1977,2,37
era5,11/7/1976,0.423074775,1977,2,38
era5,11/8/1976,0.403944275,1977,2,39
era5,11/9/1976,0.393491446,1977,2,40
era5,11/10/1976,0.382122212,1977,2,41
era5,11/11/1976,0.381970546,1977,2,42
era5,11/12/1976,1.569264639,1977,2,43
era5,11/13/1976,2.130140736,1977,2,44
era5,11/14/1976,9.751773952,1977,2,45
era5,11/15/1976,19.58734513,1977,2,46
era5,11/16/1976,15.61996105,1977,2,47
era5,11/17/1976,9.968348507,1977,2,48
era5,11/18/1976,6.339718702,1977,2,49
era5,11/19/1976,4.380897663,1977,2,50
era5,11/20/1976,3.331254491,1977,2,51
era5,11/21/1976,2.790983906,1977,2,52
era5,11/22/1976,2.458188609,1977,2,53
era5,11/23/1976,2.37482485,1977,2,54
era5,11/24/1976,2.32173145,1977,2,55
era5,11/25/1976,2.321011882,1977,2,56
era5,11/26/1976,2.319833203,1977,2,57
era5,11/27/1976,2.320111244,1977,2,58
era5,11/28/1976,2.319756862,1977,2,59
era5,11/29/1976,2.318821326,1977,2,60
era5,11/30/1976,2.317847635,1977,2,61
era5,12/1/1976,2.316606765,1977,3,62
era5,12/2/1976,2.315217588,1977,3,63
era5,12/3/1976,2.314035491,1977,3,64
era5,12/4/1976,2.312919176,1977,3,65
era5,12/5/1976,2.311978629,1977,3,66
era5,12/6/1976,2.311002735,1977,3,67
era5,12/7/1976,2.310161553,1977,3,68
era5,12/8/1976,2.309515974,1977,3,69
era5,12/9/1976,2.308905809,1977,3,70
era5,12/10/1976,2.308303844,1977,3,71
era5,12/11/1976,2.307145103,1977,3,72
era5,12/12/1976,2.306225206,1977,3,73
era5,12/13/1976,2.305248812,1977,3,74
era5,12/14/1976,2.304144803,1977,3,75
era5,12/15/1976,2.303054482,1977,3,76
era5,12/16/1976,2.301691971,1977,3,77
era5,12/17/1976,2.300540691,1977,3,78
era5,12/18/1976,2.301111579,1977,3,79
era5,12/19/1976,2.309684294,1977,3,80
era5,12/20/1976,2.311396524,1977,3,81
era5,12/21/1976,2.34421156,1977,3,82
era5,12/22/1976,2.345753129,1977,3,83
era5,12/23/1976,2.360793264,1977,3,84
era5,12/24/1976,2.596110573,1977,3,85
era5,12/25/1976,2.607419606,1977,3,86
era5,12/26/1976,2.601587208,1977,3,87
era5,12/27/1976,2.589881167,1977,3,88
era5,12/28/1976,2.587902617,1977,3,89
era5,12/29/1976,2.585789374,1977,3,90
era5,12/30/1976,7.202839826,1977,3,91
era5,12/31/1976,27.57086712,1977,3,92
era5,1/1/1977,30.09392565,1977,4,93
era5,1/2/1977,40.53085897,1977,4,94
era5,1/3/1977,109.6854691,1977,4,95
era5,1/4/1977,120.337183,1977,4,96
era5,1/5/1977,120.7952326,1977,4,97
era5,1/6/1977,122.9734895,1977,4,98
era5,1/7/1977,123.3934293,1977,4,99
era5,1/8/1977,123.4087679,1977,4,100
era5,1/9/1977,123.3699165,1977,4,101
era5,1/10/1977,123.3327271,1977,4,102
era5,1/11/1977,123.2934845,1977,4,103
era5,1/12/1977,123.2324046,1977,4,104
era5,1/13/1977,123.2048149,1977,4,105
era5,1/14/1977,123.1421466,1977,4,106
era5,1/15/1977,123.0153398,1977,4,107
era5,1/16/1977,122.7778656,1977,4,108
era5,1/17/1977,121.4388271,1977,4,109
era5,1/18/1977,117.6355202,1977,4,110
era5,1/19/1977,111.9681054,1977,4,111
era5,1/20/1977,108.0576984,1977,4,112
era5,1/21/1977,107.1527827,1977,4,113
era5,1/22/1977,108.5235019,1977,4,114
era5,1/23/1977,109.952216,1977,4,115
era5,1/24/1977,109.2700459,1977,4,116
era5,1/25/1977,108.5896809,1977,4,117
era5,1/26/1977,107.7625314,1977,4,118
era5,1/27/1977,106.9061571,1977,4,119
era5,1/28/1977,106.1384051,1977,4,120
era5,1/29/1977,105.0825364,1977,4,121
era5,1/30/1977,104.0343048,1977,4,122
era5,1/31/1977,102.5832123,1977,4,123
era5,2/1/1977,101.0440742,1977,5,124
era5,2/2/1977,99.74934547,1977,5,125
era5,2/3/1977,98.53816797,1977,5,126
era5,2/4/1977,97.14521945,1977,5,127
era5,2/5/1977,95.17660679,1977,5,128
era5,2/6/1977,92.67354131,1977,5,129
era5,2/7/1977,90.29311882,1977,5,130
era5,2/8/1977,87.93701518,1977,5,131
era5,2/9/1977,89.76664625,1977,5,132
era5,2/10/1977,89.12658186,1977,5,133
era5,2/11/1977,86.21611034,1977,5,134
era5,2/12/1977,82.44693921,1977,5,135
era5,2/13/1977,78.13411665,1977,5,136
era5,2/14/1977,73.46467824,1977,5,137
era5,2/15/1977,69.04517195,1977,5,138
era5,2/16/1977,65.29826891,1977,5,139
era5,2/17/1977,61.58494221,1977,5,140
era5,2/18/1977,58.09576409,1977,5,141
era5,2/19/1977,54.31366997,1977,5,142
era5,2/20/1977,50.77103403,1977,5,143
era5,2/21/1977,56.18441773,1977,5,144
era5,2/22/1977,104.0978639,1977,5,145
era5,2/23/1977,109.8322374,1977,5,146
era5,2/24/1977,120.6285651,1977,5,147
era5,2/25/1977,123.0850433,1977,5,148
era5,2/26/1977,123.2116355,1977,5,149
era5,2/27/1977,122.9918445,1977,5,150
era5,2/28/1977,122.1200012,1977,5,151
era5,3/1/1977,123.5280383,1977,6,152
era5,3/2/1977,124.8955621,1977,6,153
era5,3/3/1977,125.1416271,1977,6,154
era5,3/4/1977,128.4220908,1977,6,155
era5,3/5/1977,128.4568777,1977,6,156
era5,3/6/1977,127.6958336,1977,6,157
era5,3/7/1977,126.5965935,1977,6,158
era5,3/8/1977,124.4338386,1977,6,159
era5,3/9/1977,122.4940851,1977,6,160
era5,3/10/1977,126.1681502,1977,6,161
era5,3/11/1977,126.0833379,1977,6,162
era5,3/12/1977,125.3206014,1977,6,163
era5,3/13/1977,126.7618533,1977,6,164
era5,3/14/1977,129.7624252,1977,6,165
era5,3/15/1977,130.3739773,1977,6,166
era5,3/16/1977,143.6833141,1977,6,167
era5,3/17/1977,164.5958754,1977,6,168
era5,3/18/1977,167.1728095,1977,6,169
era5,3/19/1977,167.0548571,1977,6,170
era5,3/20/1977,166.1134643,1977,6,171
era5,3/21/1977,164.3776009,1977,6,172
era5,3/22/1977,160.8205995,1977,6,173
era5,3/23/1977,155.8301212,1977,6,174
era5,3/24/1977,160.7791005,1977,6,175
era5,3/25/1977,173.8918703,1977,6,176
era5,3/26/1977,179.8284073,1977,6,177
era5,3/27/1977,177.9902717,1977,6,178
era5,3/28/1977,174.2705601,1977,6,179
era5,3/29/1977,174.1901924,1977,6,180
era5,3/30/1977,174.3689087,1977,6,181
era5,3/31/1977,181.0199824,1977,6,182
era5,4/1/1977,184.2052908,1977,7,183
era5,4/2/1977,185.0224946,1977,7,184
era5,4/3/1977,184.0166162,1977,7,185
era5,4/4/1977,181.5871395,1977,7,186
era5,4/5/1977,176.019822,1977,7,187
era5,4/6/1977,167.7056999,1977,7,188
era5,4/7/1977,158.2618245,1977,7,189
era5,4/8/1977,146.8034839,1977,7,190
era5,4/9/1977,140.1810086,1977,7,191
era5,4/10/1977,137.1283193,1977,7,192
era5,4/11/1977,133.3032249,1977,7,193
era5,4/12/1977,127.025689,1977,7,194
era5,4/13/1977,119.3963285,1977,7,195
era5,4/14/1977,111.0276097,1977,7,196
era5,4/15/1977,103.0937717,1977,7,197
era5,4/16/1977,94.16273386,1977,7,198
era5,4/17/1977,86.46140884,1977,7,199
era5,4/18/1977,80.36227738,1977,7,200
era5,4/19/1977,76.26468166,1977,7,201
era5,4/20/1977,72.90502362,1977,7,202
era5,4/21/1977,69.70123856,1977,7,203
era5,4/22/1977,66.20398668,1977,7,204
era5,4/23/1977,62.71578418,1977,7,205
era5,4/24/1977,59.10210717,1977,7,206
era5,4/25/1977,55.97337382,1977,7,207
era5,4/26/1977,53.79938653,1977,7,208
era5,4/27/1977,51.68583109,1977,7,209
era5,4/28/1977,49.26906685,1977,7,210
era5,4/29/1977,47.21327594,1977,7,211
era5,4/30/1977,45.46812287,1977,7,212
era5,5/1/1977,48.55767674,1977,8,213
era5,5/2/1977,53.51905454,1977,8,214
era5,5/3/1977,50.96773559,1977,8,215
era5,5/4/1977,49.37289331,1977,8,216
era5,5/5/1977,47.18628313,1977,8,217
era5,5/6/1977,50.17843122,1977,8,218
era5,5/7/1977,58.00506741,1977,8,219
era5,5/8/1977,63.78244936,1977,8,220
era5,5/9/1977,80.64100709,1977,8,221
era5,5/10/1977,93.44678968,1977,8,222
era5,5/11/1977,91.61086332,1977,8,223
era5,5/12/1977,93.42193136,1977,8,224
era5,5/13/1977,101.2156589,1977,8,225
era5,5/14/1977,96.78493353,1977,8,226
era5,5/15/1977,89.36354381,1977,8,227
era5,5/16/1977,86.23730931,1977,8,228
era5,5/17/1977,88.5599132,1977,8,229
era5,5/18/1977,86.62587136,1977,8,230
era5,5/19/1977,83.86034325,1977,8,231
era5,5/20/1977,78.59374493,1977,8,232
era5,5/21/1977,72.1240474,1977,8,233
era5,5/22/1977,66.34627171,1977,8,234
era5,5/23/1977,63.4521321,1977,8,235
era5,5/24/1977,67.22369489,1977,8,236
era5,5/25/1977,66.99203123,1977,8,237
era5,5/26/1977,64.10513479,1977,8,238
era5,5/27/1977,61.11786606,1977,8,239
era5,5/28/1977,57.54136855,1977,8,240
era5,5/29/1977,54.13864418,1977,8,241
era5,5/30/1977,50.16156747,1977,8,242
era5,5/31/1977,44.41922876,1977,8,243
era5,6/1/1977,38.67151468,1977,9,244
era5,6/2/1977,34.482575,1977,9,245
era5,6/3/1977,31.13037679,1977,9,246
era5,6/4/1977,27.82922324,1977,9,247
era5,6/5/1977,24.09356853,1977,9,248
era5,6/6/1977,20.69233147,1977,9,249
era5,6/7/1977,16.98714688,1977,9,250
era5,6/8/1977,13.46308362,1977,9,251
era5,6/9/1977,10.63053478,1977,9,252
era5,6/10/1977,8.899624616,1977,9,253
era5,6/11/1977,7.225027529,1977,9,254
era5,6/12/1977,5.716097824,1977,9,255
era5,6/13/1977,4.075485394,1977,9,256
era5,6/14/1977,2.901985591,1977,9,257
era5,6/15/1977,2.313345,1977,9,258
era5,6/16/1977,1.691235588,1977,9,259
era5,6/17/1977,0.956040882,1977,9,260
era5,6/18/1977,0.358586559,1977,9,261
era5,6/19/1977,0,1977,9,262
era5,6/20/1977,0,1977,9,263
era5,6/21/1977,0,1977,9,264
era5,6/22/1977,0,1977,9,265
era5,6/23/1977,0,1977,9,266
era5,6/24/1977,0,1977,9,267
era5,6/25/1977,0,1977,9,268
era5,6/26/1977,0,1977,9,269
era5,6/27/1977,0,1977,9,270
era5,6/28/1977,0,1977,9,271
era5,6/29/1977,0,1977,9,272
era5,6/30/1977,0,1977,9,273
era5,7/1/1977,0,1977,10,274
era5,7/2/1977,0,1977,10,275
era5,7/3/1977,0,1977,10,276
era5,7/4/1977,0,1977,10,277
era5,7/5/1977,0,1977,10,278
era5,7/6/1977,0,1977,10,279
era5,7/7/1977,0,1977,10,280
era5,7/8/1977,0,1977,10,281
era5,7/9/1977,0,1977,10,282
era5,7/10/1977,0,1977,10,283
era5,7/11/1977,0,1977,10,284
era5,7/12/1977,0,1977,10,285
era5,7/13/1977,0,1977,10,286
era5,7/14/1977,0,1977,10,287
era5,7/15/1977,0,1977,10,288
era5,7/16/1977,0,1977,10,289
era5,7/17/1977,0,1977,10,290
era5,7/18/1977,0,1977,10,291
era5,7/19/1977,0,1977,10,292
era5,7/20/1977,0,1977,10,293
era5,7/21/1977,0,1977,10,294
era5,7/22/1977,0,1977,10,295
era5,7/23/1977,0,1977,10,296
era5,7/24/1977,0,1977,10,297
era5,7/25/1977,0,1977,10,298
era5,7/26/1977,0,1977,10,299
era5,7/27/1977,0,1977,10,300
era5,7/28/1977,0,1977,10,301
era5,7/29/1977,0,1977,10,302
era5,7/30/1977,0,1977,10,303
era5,7/31/1977,0,1977,10,304
era5,8/1/1977,0,1977,11,305
era5,8/2/1977,0,1977,11,306
era5,8/3/1977,0,1977,11,307
era5,8/4/1977,0,1977,11,308
era5,8/5/1977,0,1977,11,309
era5,8/6/1977,0,1977,11,310
era5,8/7/1977,0,1977,11,311
era5,8/8/1977,0,1977,11,312
era5,8/9/1977,0,1977,11,313
era5,8/10/1977,0,1977,11,314
era5,8/11/1977,0,1977,11,315
era5,8/12/1977,0,1977,11,316
era5,8/13/1977,0,1977,11,317
era5,8/14/1977,0,1977,11,318
era5,8/15/1977,0,1977,11,319
era5,8/16/1977,0,1977,11,320
era5,8/17/1977,0,1977,11,321
era5,8/18/1977,0,1977,11,322
era5,8/19/1977,0,1977,11,323
era5,8/20/1977,0,1977,11,324
era5,8/21/1977,0,1977,11,325
era5,8/22/1977,0,1977,11,326
era5,8/23/1977,0,1977,11,327
era5,8/24/1977,0,1977,11,328
era5,8/25/1977,0,1977,11,329
era5,8/26/1977,0,1977,11,330
era5,8/27/1977,0,1977,11,331
era5,8/28/1977,0,1977,11,332
era5,8/29/1977,0,1977,11,333
era5,8/30/1977,0,1977,11,334
era5,8/31/1977,0,1977,11,335
era5,9/1/1977,0,1977,12,336
era5,9/2/1977,0,1977,12,337
era5,9/3/1977,0,1977,12,338
era5,9/4/1977,0,1977,12,339
era5,9/5/1977,0,1977,12,340
era5,9/6/1977,0,1977,12,341
era5,9/7/1977,0,1977,12,342
era5,9/8/1977,0,1977,12,343
era5,9/9/1977,0,1977,12,344
era5,9/10/1977,0,1977,12,345
era5,9/11/1977,0,1977,12,346
era5,9/12/1977,0,1977,12,347
era5,9/13/1977,0,1977,12,348
era5,9/14/1977,0,1977,12,349
era5,9/15/1977,0,1977,12,350
era5,9/16/1977,0.00103903,1977,12,351
era5,9/17/1977,0.526887798,1977,12,352
era5,9/18/1977,0.363620445,1977,12,353
era5,9/19/1977,0.205575336,1977,12,354
era5,9/20/1977,0.718723609,1977,12,355
era5,9/21/1977,0.557746168,1977,12,356
era5,9/22/1977,0.181121353,1977,12,357
era5,9/23/1977,0.163065224,1977,12,358
era5,9/24/1977,0.034519612,1977,12,359
era5,9/25/1977,0,1977,12,360
era5,9/26/1977,4.54E-05,1977,12,361
era5,9/27/1977,0,1977,12,362
era5,9/28/1977,0,1977,12,363
era5,9/29/1977,0.000189236,1977,12,364
era5,9/30/1977,0.028752801,1977,12,365
era5,10/1/1977,0,1978,1,1
era5,10/2/1977,0,1978,1,2
era5,10/3/1977,0,1978,1,3
era5,10/4/1977,0,1978,1,4
era5,10/5/1977,0,1978,1,5
era5,10/6/1977,0.320557945,1978,1,6
era5,10/7/1977,0.354450988,1978,1,7
era5,10/8/1977,0.020052412,1978,1,8
era5,10/9/1977,0,1978,1,9
era5,10/10/1977,0,1978,1,10
era5,10/11/1977,0,1978,1,11
era5,10/12/1977,0,1978,1,12
era5,10/13/1977,0,1978,1,13
era5,10/14/1977,0,1978,1,14
era5,10/15/1977,0,1978,1,15
era5,10/16/1977,0,1978,1,16
era5,10/17/1977,0,1978,1,17
era5,10/18/1977,2.18E-06,1978,1,18
era5,10/19/1977,0.008458133,1978,1,19
era5,10/20/1977,0.296338665,1978,1,20
era5,10/21/1977,0.263704699,1978,1,21
era5,10/22/1977,0.189248547,1978,1,22
era5,10/23/1977,0.061627294,1978,1,23
era5,10/24/1977,0,1978,1,24
era5,10/25/1977,0,1978,1,25
era5,10/26/1977,0,1978,1,26
era5,10/27/1977,0,1978,1,27
era5,10/28/1977,0,1978,1,28
era5,10/29/1977,0.228355175,1978,1,29
era5,10/30/1977,0.38749968,1978,1,30
era5,10/31/1977,0.366923506,1978,1,31
era5,11/1/1977,0.198132312,1978,2,32
era5,11/2/1977,0.022870863,1978,2,33
era5,11/3/1977,0.010932473,1978,2,34
era5,11/4/1977,0,1978,2,35
era5,11/5/1977,3.265046887,1978,2,36
era5,11/6/1977,12.04134322,1978,2,37
era5,11/7/1977,11.69675283,1978,2,38
era5,11/8/1977,9.009693539,1978,2,39
era5,11/9/1977,7.643089921,1978,2,40
era5,11/10/1977,6.242668232,1978,2,41
era5,11/11/1977,4.655507782,1978,2,42
era5,11/12/1977,3.475210271,1978,2,43
era5,11/13/1977,2.617664909,1978,2,44
era5,11/14/1977,2.057873719,1978,2,45
era5,11/15/1977,1.743594282,1978,2,46
era5,11/16/1977,1.409544268,1978,2,47
era5,11/17/1977,1.242676088,1978,2,48
era5,11/18/1977,1.302280087,1978,2,49
era5,11/19/1977,3.492744758,1978,2,50
era5,11/20/1977,4.071205294,1978,2,51
era5,11/21/1977,14.71390473,1978,2,52
era5,11/22/1977,56.32216456,1978,2,53
era5,11/23/1977,69.98962756,1978,2,54
era5,11/24/1977,69.83202719,1978,2,55
era5,11/25/1977,66.27373172,1978,2,56
era5,11/26/1977,62.38188769,1978,2,57
era5,11/27/1977,58.85899742,1978,2,58
era5,11/28/1977,55.98540444,1978,2,59
era5,11/29/1977,53.07106115,1978,2,60
era5,11/30/1977,49.35204666,1978,2,61
era5,12/1/1977,47.65324354,1978,3,62
era5,12/2/1977,46.12957515,1978,3,63
era5,12/3/1977,44.58644144,1978,3,64
era5,12/4/1977,43.35007685,1978,3,65
era5,12/5/1977,41.57467918,1978,3,66
era5,12/6/1977,39.59663191,1978,3,67
era5,12/7/1977,38.15987856,1978,3,68
era5,12/8/1977,36.52387974,1978,3,69
era5,12/9/1977,34.68548682,1978,3,70
era5,12/10/1977,32.95907957,1978,3,71
era5,12/11/1977,30.83940273,1978,3,72
era5,12/12/1977,30.74244899,1978,3,73
era5,12/13/1977,30.20720833,1978,3,74
era5,12/14/1977,28.79049694,1978,3,75
era5,12/15/1977,39.1314149,1978,3,76
era5,12/16/1977,54.92276492,1978,3,77
era5,12/17/1977,100.4365201,1978,3,78
era5,12/18/1977,174.8180075,1978,3,79
era5,12/19/1977,184.0729791,1978,3,80
era5,12/20/1977,183.9041219,1978,3,81
era5,12/21/1977,181.8183151,1978,3,82
era5,12/22/1977,208.8068156,1978,3,83
era5,12/23/1977,258.1524691,1978,3,84
era5,12/24/1977,300.800521,1978,3,85
era5,12/25/1977,301.8252974,1978,3,86
era5,12/26/1977,300.833489,1978,3,87
era5,12/27/1977,311.2948437,1978,3,88
era5,12/28/1977,322.9369886,1978,3,89
era5,12/29/1977,328.7778006,1978,3,90
era5,12/30/1977,333.3481174,1978,3,91
era5,12/31/1977,335.8840006,1978,3,92
era5,1/1/1978,335.625933,1978,4,93
era5,1/2/1978,335.1594016,1978,4,94
era5,1/3/1978,336.0178507,1978,4,95
era5,1/4/1978,341.1966584,1978,4,96
era5,1/5/1978,395.2950266,1978,4,97
era5,1/6/1978,463.6131795,1978,4,98
era5,1/7/1978,478.591429,1978,4,99
era5,1/8/1978,479.1125818,1978,4,100
era5,1/9/1978,485.9022139,1978,4,101
era5,1/10/1978,529.6908879,1978,4,102
era5,1/11/1978,535.7478559,1978,4,103
era5,1/12/1978,535.9856013,1978,4,104
era5,1/13/1978,535.7137311,1978,4,105
era5,1/14/1978,538.0320897,1978,4,106
era5,1/15/1978,614.6893686,1978,4,107
era5,1/16/1978,670.9757649,1978,4,108
era5,1/17/1978,741.6278912,1978,4,109
era5,1/18/1978,757.0300237,1978,4,110
era5,1/19/1978,772.3497522,1978,4,111
era5,1/20/1978,784.6794774,1978,4,112
era5,1/21/1978,784.8376434,1978,4,113
era5,1/22/1978,784.3518618,1978,4,114
era5,1/23/1978,783.9548405,1978,4,115
era5,1/24/1978,783.4206991,1978,4,116
era5,1/25/1978,783.0117909,1978,4,117
era5,1/26/1978,782.6785868,1978,4,118
era5,1/27/1978,781.7536193,1978,4,119
era5,1/28/1978,780.5555851,1978,4,120
era5,1/29/1978,778.3927868,1978,4,121
era5,1/30/1978,776.3262723,1978,4,122
era5,1/31/1978,774.9978565,1978,4,123
era5,2/1/1978,774.169843,1978,5,124
era5,2/2/1978,773.4661069,1978,5,125
era5,2/3/1978,772.7575188,1978,5,126
era5,2/4/1978,771.0837168,1978,5,127
era5,2/5/1978,775.8716841,1978,5,128
era5,2/6/1978,817.1757105,1978,5,129
era5,2/7/1978,840.123608,1978,5,130
era5,2/8/1978,874.6484411,1978,5,131
era5,2/9/1978,927.1231154,1978,5,132
era5,2/10/1978,1003.433193,1978,5,133
era5,2/11/1978,1024.301658,1978,5,134
era5,2/12/1978,1028.086168,1978,5,135
era5,2/13/1978,1069.004864,1978,5,136
era5,2/14/1978,1086.641431,1978,5,137
era5,2/15/1978,1087.766961,1978,5,138
era5,2/16/1978,1088.332335,1978,5,139
era5,2/17/1978,1088.558984,1978,5,140
era5,2/18/1978,1088.30223,1978,5,141
era5,2/19/1978,1086.874703,1978,5,142
era5,2/20/1978,1085.065767,1978,5,143
era5,2/21/1978,1083.033406,1978,5,144
era5,2/22/1978,1080.58391,1978,5,145
era5,2/23/1978,1077.960234,1978,5,146
era5,2/24/1978,1075.717908,1978,5,147
era5,2/25/1978,1073.69333,1978,5,148
era5,2/26/1978,1072.149055,1978,5,149
era5,2/27/1978,1071.512067,1978,5,150
era5,2/28/1978,1073.334558,1978,5,151
era5,3/1/1978,1076.293024,1978,6,152
era5,3/2/1978,1086.153357,1978,6,153
era5,3/3/1978,1129.039549,1978,6,154
era5,3/4/1978,1173.312558,1978,6,155
era5,3/5/1978,1251.707732,1978,6,156
era5,3/6/1978,1281.564492,1978,6,157
era5,3/7/1978,1283.073081,1978,6,158
era5,3/8/1978,1280.0755,1978,6,159
era5,3/9/1978,1281.692737,1978,6,160
era5,3/10/1978,1291.230694,1978,6,161
era5,3/11/1978,1294.510147,1978,6,162
era5,3/12/1978,1298.881547,1978,6,163
era5,3/13/1978,1300.583349,1978,6,164
era5,3/14/1978,1299.207445,1978,6,165
era5,3/15/1978,1296.698325,1978,6,166
era5,3/16/1978,1293.817776,1978,6,167
era5,3/17/1978,1288.781793,1978,6,168
era5,3/18/1978,1282.659377,1978,6,169
era5,3/19/1978,1276.219954,1978,6,170
era5,3/20/1978,1269.966113,1978,6,171
era5,3/21/1978,1263.3499,1978,6,172
era5,3/22/1978,1273.616312,1978,6,173
era5,3/23/1978,1279.029678,1978,6,174
era5,3/24/1978,1278.157529,1978,6,175
era5,3/25/1978,1274.120224,1978,6,176
era5,3/26/1978,1266.933416,1978,6,177
era5,3/27/1978,1259.358493,1978,6,178
era5,3/28/1978,1252.071159,1978,6,179
era5,3/29/1978,1242.279779,1978,6,180
era5,3/30/1978,1233.947483,1978,6,181
era5,3/31/1978,1231.908873,1978,6,182
era5,4/1/1978,1244.549204,1978,7,183
era5,4/2/1978,1252.496471,1978,7,184
era5,4/3/1978,1254.809421,1978,7,185
era5,4/4/1978,1259.927788,1978,7,186
era5,4/5/1978,1272.926313,1978,7,187
era5,4/6/1978,1282.604006,1978,7,188
era5,4/7/1978,1315.994134,1978,7,189
era5,4/8/1978,1330.368439,1978,7,190
era5,4/9/1978,1334.211018,1978,7,191
era5,4/10/1978,1330.995994,1978,7,192
era5,4/11/1978,1324.398593,1978,7,193
era5,4/12/1978,1316.566024,1978,7,194
era5,4/13/1978,1308.336621,1978,7,195
era5,4/14/1978,1302.568005,1978,7,196
era5,4/15/1978,1303.968609,1978,7,197
era5,4/16/1978,1352.099216,1978,7,198
era5,4/17/1978,1365.048438,1978,7,199
era5,4/18/1978,1365.211701,1978,7,200
era5,4/19/1978,1363.296435,1978,7,201
era5,4/20/1978,1362.045395,1978,7,202
era5,4/21/1978,1368.301734,1978,7,203
era5,4/22/1978,1367.582153,1978,7,204
era5,4/23/1978,1363.506414,1978,7,205
era5,4/24/1978,1354.448599,1978,7,206
era5,4/25/1978,1348.462597,1978,7,207
era5,4/26/1978,1364.142885,1978,7,208
era5,4/27/1978,1367.846902,1978,7,209
era5,4/28/1978,1362.118517,1978,7,210
era5,4/29/1978,1353.845253,1978,7,211
era5,4/30/1978,1347.022097,1978,7,212
era5,5/1/1978,1343.597768,1978,8,213
era5,5/2/1978,1335.709206,1978,8,214
era5,5/3/1978,1323.321527,1978,8,215
era5,5/4/1978,1309.23199,1978,8,216
era5,5/5/1978,1297.505858,1978,8,217
era5,5/6/1978,1292.578388,1978,8,218
era5,5/7/1978,1288.224622,1978,8,219
era5,5/8/1978,1279.182803,1978,8,220
era5,5/9/1978,1266.378814,1978,8,221
era5,5/10/1978,1252.026869,1978,8,222
era5,5/11/1978,1239.338923,1978,8,223
era5,5/12/1978,1224.41089,1978,8,224
era5,5/13/1978,1204.350615,1978,8,225
era5,5/14/1978,1181.126613,1978,8,226
era5,5/15/1978,1160.892352,1978,8,227
era5,5/16/1978,1153.321261,1978,8,228
era5,5/17/1978,1147.564967,1978,8,229
era5,5/18/1978,1135.36288,1978,8,230
era5,5/19/1978,1121.114567,1978,8,231
era5,5/20/1978,1104.126539,1978,8,232
era5,5/21/1978,1084.964982,1978,8,233
era5,5/22/1978,1066.127964,1978,8,234
era5,5/23/1978,1051.981797,1978,8,235
era5,5/24/1978,1046.869989,1978,8,236
era5,5/25/1978,1042.068613,1978,8,237
era5,5/26/1978,1033.407122,1978,8,238
era5,5/27/1978,1019.211545,1978,8,239
era5,5/28/1978,999.4153283,1978,8,240
era5,5/29/1978,977.54338,1978,8,241
era5,5/30/1978,955.4362562,1978,8,242
era5,5/31/1978,934.0798509,1978,8,243
era5,6/1/1978,913.999415,1978,9,244
era5,6/2/1978,894.4196274,1978,9,245
era5,6/3/1978,875.2713925,1978,9,246
era5,6/4/1978,853.8080179,1978,9,247
era5,6/5/1978,830.302735,1978,9,248
era5,6/6/1978,806.4025062,1978,9,249
era5,6/7/1978,780.6053906,1978,9,250
era5,6/8/1978,754.9308318,1978,9,251
era5,6/9/1978,728.0982888,1978,9,252
era5,6/10/1978,702.5371538,1978,9,253
era5,6/11/1978,682.2223647,1978,9,254
era5,6/12/1978,660.087295,1978,9,255
era5,6/13/1978,636.2198722,1978,9,256
era5,6/14/1978,612.3838141,1978,9,257
era5,6/15/1978,592.8757763,1978,9,258
era5,6/16/1978,578.1893479,1978,9,259
era5,6/17/1978,564.3856226,1978,9,260
era5,6/18/1978,546.5108228,1978,9,261
era5,6/19/1978,531.215005,1978,9,262
era5,6/20/1978,516.5857809,1978,9,263
era5,6/21/1978,499.7933402,1978,9,264
era5,6/22/1978,482.0664706,1978,9,265
era5,6/23/1978,466.2972659,1978,9,266
era5,6/24/1978,451.2392071,1978,9,267
era5,6/25/1978,439.0658987,1978,9,268
era5,6/26/1978,428.7352271,1978,9,269
era5,6/27/1978,417.6358918,1978,9,270
era5,6/28/1978,407.5051856,1978,9,271
era5,6/29/1978,396.5911424,1978,9,272
era5,6/30/1978,383.5640154,1978,9,273
era5,7/1/1978,370.5285074,1978,10,274
era5,7/2/1978,358.8495163,1978,10,275
era5,7/3/1978,348.9587425,1978,10,276
era5,7/4/1978,339.3500978,1978,10,277
era5,7/5/1978,327.3480663,1978,10,278
era5,7/6/1978,313.745354,1978,10,279
era5,7/7/1978,298.1692671,1978,10,280
era5,7/8/1978,283.4041602,1978,10,281
era5,7/9/1978,267.9440166,1978,10,282
era5,7/10/1978,253.7360755,1978,10,283
era5,7/11/1978,240.4846838,1978,10,284
era5,7/12/1978,229.337604,1978,10,285
era5,7/13/1978,218.7515031,1978,10,286
era5,7/14/1978,207.6084313,1978,10,287
era5,7/15/1978,195.9789607,1978,10,288
era5,7/16/1978,186.0512409,1978,10,289
era5,7/17/1978,177.6132462,1978,10,290
era5,7/18/1978,169.272134,1978,10,291
era5,7/19/1978,161.9974609,1978,10,292
era5,7/20/1978,154.8395378,1978,10,293
era5,7/21/1978,146.5708952,1978,10,294
era5,7/22/1978,138.0844419,1978,10,295
era5,7/23/1978,130.3635297,1978,10,296
era5,7/24/1978,123.5616553,1978,10,297
era5,7/25/1978,117.4423685,1978,10,298
era5,7/26/1978,110.7951058,1978,10,299
era5,7/27/1978,103.9067329,1978,10,300
era5,7/28/1978,97.13793988,1978,10,301
era5,7/29/1978,90.94101897,1978,10,302
era5,7/30/1978,84.87900971,1978,10,303
era5,7/31/1978,78.71388147,1978,10,304
era5,8/1/1978,72.63429412,1978,11,305
era5,8/2/1978,66.66407603,1978,11,306
era5,8/3/1978,60.82329018,1978,11,307
era5,8/4/1978,55.59498054,1978,11,308
era5,8/5/1978,51.23160706,1978,11,309
era5,8/6/1978,47.35842794,1978,11,310
era5,8/7/1978,43.52508206,1978,11,311
era5,8/8/1978,39.16158294,1978,11,312
era5,8/9/1978,35.57619732,1978,11,313
era5,8/10/1978,32.64493235,1978,11,314
era5,8/11/1978,29.96830206,1978,11,315
era5,8/12/1978,28.51572206,1978,11,316
era5,8/13/1978,27.06324088,1978,11,317
era5,8/14/1978,25.73661382,1978,11,318
era5,8/15/1978,24.16460324,1978,11,319
era5,8/16/1978,22.47517941,1978,11,320
era5,8/17/1978,21.028765,1978,11,321
era5,8/18/1978,19.88160941,1978,11,322
era5,8/19/1978,18.70287559,1978,11,323
era5,8/20/1978,17.33813009,1978,11,324
era5,8/21/1978,16.06533165,1978,11,325
era5,8/22/1978,14.85045071,1978,11,326
era5,8/23/1978,13.99992647,1978,11,327
era5,8/24/1978,13.368056,1978,11,328
era5,8/25/1978,12.65332882,1978,11,329
era5,8/26/1978,11.92255265,1978,11,330
era5,8/27/1978,10.99940412,1978,11,331
era5,8/28/1978,9.697035235,1978,11,332
era5,8/29/1978,8.287905882,1978,11,333
era5,8/30/1978,7.058965735,1978,11,334
era5,8/31/1978,6.117139895,1978,11,335
era5,9/1/1978,0,1978,12,336
era5,9/2/1978,0,1978,12,337
era5,9/3/1978,0,1978,12,338
era5,9/4/1978,0,1978,12,339
era5,9/5/1978,0.004626997,1978,12,340
era5,9/6/1978,0.012599015,1978,12,341
era5,9/7/1978,0.00389545,1978,12,342
era5,9/8/1978,0,1978,12,343
era5,9/9/1978,0,1978,12,344
era5,9/10/1978,0.12765745,1978,12,345
era5,9/11/1978,0.206595871,1978,12,346
era5,9/12/1978,0.112366144,1978,12,347
era5,9/13/1978,0,1978,12,348
era5,9/14/1978,0.011115979,1978,12,349
era5,9/15/1978,0.48114202,1978,12,350
era5,9/16/1978,0.234891494,1978,12,351
era5,9/17/1978,0,1978,12,352
era5,9/18/1978,7.77E-06,1978,12,353
era5,9/19/1978,0.000905254,1978,12,354
era5,9/20/1978,0,1978,12,355
era5,9/21/1978,0,1978,12,356
era5,9/22/1978,0,1978,12,357
era5,9/23/1978,0,1978,12,358
era5,9/24/1978,0,1978,12,359
era5,9/25/1978,0,1978,12,360
era5,9/26/1978,0,1978,12,361
era5,9/27/1978,0,1978,12,362
era5,9/28/1978,0,1978,12,363
era5,9/29/1978,0,1978,12,364
era5,9/30/1978,0,1978,12,365
era5,10/1/1978,0,1979,1,1
era5,10/2/1978,0,1979,1,2
era5,10/3/1978,0,1979,1,3
era5,10/4/1978,0,1979,1,4
era5,10/5/1978,0,1979,1,5
era5,10/6/1978,0,1979,1,6
era5,10/7/1978,0,1979,1,7
era5,10/8/1978,0,1979,1,8
era5,10/9/1978,0,1979,1,9
era5,10/10/1978,0,1979,1,10
era5,10/11/1978,0,1979,1,11
era5,10/12/1978,0,1979,1,12
era5,10/13/1978,0,1979,1,13
era5,10/14/1978,0,1979,1,14
era5,10/15/1978,0,1979,1,15
era5,10/16/1978,0,1979,1,16
era5,10/17/1978,0,1979,1,17
era5,10/18/1978,0,1979,1,18
era5,10/19/1978,0,1979,1,19
era5,10/20/1978,0.217963571,1979,1,20
era5,10/21/1978,2.494207451,1979,1,21
era5,10/22/1978,2.432030425,1979,1,22
era5,10/23/1978,2.219221662,1979,1,23
era5,10/24/1978,1.984034109,1979,1,24
era5,10/25/1978,1.599324435,1979,1,25
era5,10/26/1978,0.988248825,1979,1,26
era5,10/27/1978,0.667651221,1979,1,27
era5,10/28/1978,0.569251021,1979,1,28
era5,10/29/1978,0.561450382,1979,1,29
era5,10/30/1978,0.561258066,1979,1,30
era5,10/31/1978,2.404037932,1979,1,31
era5,11/1/1978,5.335405777,1979,2,32
era5,11/2/1978,7.881758897,1979,2,33
era5,11/3/1978,6.885975081,1979,2,34
era5,11/4/1978,4.961429218,1979,2,35
era5,11/5/1978,3.47104846,1979,2,36
era5,11/6/1978,2.548931418,1979,2,37
era5,11/7/1978,2.133912512,1979,2,38
era5,11/8/1978,1.687657835,1979,2,39
era5,11/9/1978,1.385962421,1979,2,40
era5,11/10/1978,1.316257541,1979,2,41
era5,11/11/1978,4.001605205,1979,2,42
era5,11/12/1978,10.12552823,1979,2,43
era5,11/13/1978,13.89024267,1979,2,44
era5,11/14/1978,17.61528218,1979,2,45
era5,11/15/1978,17.80321397,1979,2,46
era5,11/16/1978,17.5525316,1979,2,47
era5,11/17/1978,16.5864524,1979,2,48
era5,11/18/1978,15.56286688,1979,2,49
era5,11/19/1978,14.46216419,1979,2,50
era5,11/20/1978,17.10616969,1979,2,51
era5,11/21/1978,56.02935347,1979,2,52
era5,11/22/1978,93.21102488,1979,2,53
era5,11/23/1978,111.8164468,1979,2,54
era5,11/24/1978,114.4868156,1979,2,55
era5,11/25/1978,114.8952666,1979,2,56
era5,11/26/1978,114.5743133,1979,2,57
era5,11/27/1978,114.1588799,1979,2,58
era5,11/28/1978,113.7363525,1979,2,59
era5,11/29/1978,112.6654679,1979,2,60
era5,11/30/1978,109.9810327,1979,2,61
era5,12/1/1978,109.3584,1979,3,62
era5,12/2/1978,113.2933672,1979,3,63
era5,12/3/1978,113.2325014,1979,3,64
era5,12/4/1978,112.7702247,1979,3,65
era5,12/5/1978,112.6032977,1979,3,66
era5,12/6/1978,114.9082065,1979,3,67
era5,12/7/1978,115.1711836,1979,3,68
era5,12/8/1978,115.1427577,1979,3,69
era5,12/9/1978,115.07098,1979,3,70
era5,12/10/1978,114.9731704,1979,3,71
era5,12/11/1978,114.7493067,1979,3,72
era5,12/12/1978,114.0292807,1979,3,73
era5,12/13/1978,113.0326882,1979,3,74
era5,12/14/1978,112.0296606,1979,3,75
era5,12/15/1978,111.0735311,1979,3,76
era5,12/16/1978,110.2825753,1979,3,77
era5,12/17/1978,130.6979161,1979,3,78
era5,12/18/1978,176.2591946,1979,3,79
era5,12/19/1978,219.3587365,1979,3,80
era5,12/20/1978,226.6062862,1979,3,81
era5,12/21/1978,226.7260796,1979,3,82
era5,12/22/1978,226.6386032,1979,3,83
era5,12/23/1978,226.5222697,1979,3,84
era5,12/24/1978,226.3572782,1979,3,85
era5,12/25/1978,226.0576538,1979,3,86
era5,12/26/1978,225.5470306,1979,3,87
era5,12/27/1978,225.0173938,1979,3,88
era5,12/28/1978,224.7341981,1979,3,89
era5,12/29/1978,224.5263019,1979,3,90
era5,12/30/1978,224.3621686,1979,3,91
era5,12/31/1978,224.2403221,1979,3,92
era5,1/1/1979,224.1359668,1979,4,93
era5,1/2/1979,224.0368947,1979,4,94
era5,1/3/1979,224.2837881,1979,4,95
era5,1/4/1979,224.5746728,1979,4,96
era5,1/5/1979,227.6958297,1979,4,97
era5,1/6/1979,240.0007626,1979,4,98
era5,1/7/1979,241.4228871,1979,4,99
era5,1/8/1979,251.9264969,1979,4,100
era5,1/9/1979,299.6153124,1979,4,101
era5,1/10/1979,311.5873312,1979,4,102
era5,1/11/1979,322.79787,1979,4,103
era5,1/12/1979,351.1415341,1979,4,104
era5,1/13/1979,352.8031056,1979,4,105
era5,1/14/1979,357.7400031,1979,4,106
era5,1/15/1979,411.5328421,1979,4,107
era5,1/16/1979,450.9457971,1979,4,108
era5,1/17/1979,452.1631365,1979,4,109
era5,1/18/1979,452.1798538,1979,4,110
era5,1/19/1979,452.1477879,1979,4,111
era5,1/20/1979,452.0132565,1979,4,112
era5,1/21/1979,451.80265,1979,4,113
era5,1/22/1979,451.5717256,1979,4,114
era5,1/23/1979,451.3510835,1979,4,115
era5,1/24/1979,451.1802068,1979,4,116
era5,1/25/1979,451.3505912,1979,4,117
era5,1/26/1979,453.8815074,1979,4,118
era5,1/27/1979,453.9953547,1979,4,119
era5,1/28/1979,454.7138788,1979,4,120
era5,1/29/1979,455.40093,1979,4,121
era5,1/30/1979,455.8448021,1979,4,122
era5,1/31/1979,488.8284953,1979,4,123
era5,2/1/1979,517.7733959,1979,5,124
era5,2/2/1979,525.4909056,1979,5,125
era5,2/3/1979,528.0325294,1979,5,126
era5,2/4/1979,528.0925556,1979,5,127
era5,2/5/1979,527.9984868,1979,5,128
era5,2/6/1979,527.8809744,1979,5,129
era5,2/7/1979,527.7662976,1979,5,130
era5,2/8/1979,527.4737697,1979,5,131
era5,2/9/1979,526.7026665,1979,5,132
era5,2/10/1979,525.9309138,1979,5,133
era5,2/11/1979,524.9214915,1979,5,134
era5,2/12/1979,523.4760476,1979,5,135
era5,2/13/1979,521.6868453,1979,5,136
era5,2/14/1979,555.5191726,1979,5,137
era5,2/15/1979,572.9958241,1979,5,138
era5,2/16/1979,575.9888721,1979,5,139
era5,2/17/1979,581.1190762,1979,5,140
era5,2/18/1979,581.0128776,1979,5,141
era5,2/19/1979,590.1546791,1979,5,142
era5,2/20/1979,595.906605,1979,5,143
era5,2/21/1979,641.3603929,1979,5,144
era5,2/22/1979,683.5475779,1979,5,145
era5,2/23/1979,721.8590894,1979,5,146
era5,2/24/1979,733.0625738,1979,5,147
era5,2/25/1979,733.2840338,1979,5,148
era5,2/26/1979,736.0604994,1979,5,149
era5,2/27/1979,739.848735,1979,5,150
era5,2/28/1979,739.7901018,1979,5,151
era5,3/1/1979,756.5831844,1979,6,152
era5,3/2/1979,771.8876879,1979,6,153
era5,3/3/1979,772.6289021,1979,6,154
era5,3/4/1979,772.1943112,1979,6,155
era5,3/5/1979,770.1097929,1979,6,156
era5,3/6/1979,766.0470415,1979,6,157
era5,3/7/1979,760.2583194,1979,6,158
era5,3/8/1979,754.1100353,1979,6,159
era5,3/9/1979,748.3409597,1979,6,160
era5,3/10/1979,742.3797644,1979,6,161
era5,3/11/1979,736.9407426,1979,6,162
era5,3/12/1979,732.4863115,1979,6,163
era5,3/13/1979,727.8237818,1979,6,164
era5,3/14/1979,722.9602932,1979,6,165
era5,3/15/1979,719.5703129,1979,6,166
era5,3/16/1979,735.0331565,1979,6,167
era5,3/17/1979,741.3141271,1979,6,168
era5,3/18/1979,744.4383624,1979,6,169
era5,3/19/1979,750.2292406,1979,6,170
era5,3/20/1979,758.7293562,1979,6,171
era5,3/21/1979,769.1009915,1979,6,172
era5,3/22/1979,774.5589994,1979,6,173
era5,3/23/1979,774.5295559,1979,6,174
era5,3/24/1979,772.5489065,1979,6,175
era5,3/25/1979,769.6073362,1979,6,176
era5,3/26/1979,766.48893,1979,6,177
era5,3/27/1979,805.7185274,1979,6,178
era5,3/28/1979,860.9177526,1979,6,179
era5,3/29/1979,881.3116953,1979,6,180
era5,3/30/1979,883.3435797,1979,6,181
era5,3/31/1979,882.7213424,1979,6,182
era5,4/1/1979,881.2267026,1979,7,183
era5,4/2/1979,879.3609174,1979,7,184
era5,4/3/1979,876.9265359,1979,7,185
era5,4/4/1979,873.5753129,1979,7,186
era5,4/5/1979,867.3805318,1979,7,187
era5,4/6/1979,859.1407294,1979,7,188
era5,4/7/1979,855.206505,1979,7,189
era5,4/8/1979,849.7529418,1979,7,190
era5,4/9/1979,841.9596044,1979,7,191
era5,4/10/1979,837.7397974,1979,7,192
era5,4/11/1979,836.1863588,1979,7,193
era5,4/12/1979,832.6195832,1979,7,194
era5,4/13/1979,824.9284926,1979,7,195
era5,4/14/1979,815.3142359,1979,7,196
era5,4/15/1979,804.5026285,1979,7,197
era5,4/16/1979,793.5046907,1979,7,198
era5,4/17/1979,787.5811047,1979,7,199
era5,4/18/1979,788.1254393,1979,7,200
era5,4/19/1979,787.0544482,1979,7,201
era5,4/20/1979,783.8155845,1979,7,202
era5,4/21/1979,776.5185142,1979,7,203
era5,4/22/1979,767.12166,1979,7,204
era5,4/23/1979,760.8935412,1979,7,205
era5,4/24/1979,761.8841471,1979,7,206
era5,4/25/1979,757.4566794,1979,7,207
era5,4/26/1979,747.8945421,1979,7,208
era5,4/27/1979,735.8276574,1979,7,209
era5,4/28/1979,725.2726732,1979,7,210
era5,4/29/1979,715.5155741,1979,7,211
era5,4/30/1979,702.5970154,1979,7,212
era5,5/1/1979,692.1518996,1979,8,213
era5,5/2/1979,686.5629541,1979,8,214
era5,5/3/1979,675.5434263,1979,8,215
era5,5/4/1979,660.9334816,1979,8,216
era5,5/5/1979,647.1069697,1979,8,217
era5,5/6/1979,641.0107925,1979,8,218
era5,5/7/1979,641.7842715,1979,8,219
era5,5/8/1979,652.8156008,1979,8,220
era5,5/9/1979,658.6695018,1979,8,221
era5,5/10/1979,657.4737528,1979,8,222
era5,5/11/1979,652.3963545,1979,8,223
era5,5/12/1979,642.7463324,1979,8,224
era5,5/13/1979,628.7916175,1979,8,225
era5,5/14/1979,612.2389385,1979,8,226
era5,5/15/1979,594.0931141,1979,8,227
era5,5/16/1979,578.9801278,1979,8,228
era5,5/17/1979,564.9085915,1979,8,229
era5,5/18/1979,547.2900974,1979,8,230
era5,5/19/1979,526.5225424,1979,8,231
era5,5/20/1979,506.1385554,1979,8,232
era5,5/21/1979,485.4135021,1979,8,233
era5,5/22/1979,465.2694715,1979,8,234
era5,5/23/1979,445.8164082,1979,8,235
era5,5/24/1979,427.8929747,1979,8,236
era5,5/25/1979,409.3374932,1979,8,237
era5,5/26/1979,386.1272391,1979,8,238
era5,5/27/1979,361.5454982,1979,8,239
era5,5/28/1979,339.6023507,1979,8,240
era5,5/29/1979,322.242365,1979,8,241
era5,5/30/1979,309.5015856,1979,8,242
era5,5/31/1979,297.1640188,1979,8,243
era5,6/1/1979,283.4871121,1979,9,244
era5,6/2/1979,268.9543898,1979,9,245
era5,6/3/1979,254.5229752,1979,9,246
era5,6/4/1979,239.487746,1979,9,247
era5,6/5/1979,223.7116268,1979,9,248
era5,6/6/1979,208.364256,1979,9,249
era5,6/7/1979,194.5668153,1979,9,250
era5,6/8/1979,186.1219324,1979,9,251
era5,6/9/1979,178.1682812,1979,9,252
era5,6/10/1979,168.3692453,1979,9,253
era5,6/11/1979,156.0307468,1979,9,254
era5,6/12/1979,141.8504906,1979,9,255
era5,6/13/1979,126.2782956,1979,9,256
era5,6/14/1979,113.892476,1979,9,257
era5,6/15/1979,105.5585297,1979,9,258
era5,6/16/1979,98.74981365,1979,9,259
era5,6/17/1979,94.11296916,1979,9,260
era5,6/18/1979,94.19630197,1979,9,261
era5,6/19/1979,92.27624432,1979,9,262
era5,6/20/1979,87.35028568,1979,9,263
era5,6/21/1979,82.16720947,1979,9,264
era5,6/22/1979,76.67856236,1979,9,265
era5,6/23/1979,70.83738009,1979,9,266
era5,6/24/1979,64.17791071,1979,9,267
era5,6/25/1979,59.01093447,1979,9,268
era5,6/26/1979,54.71393535,1979,9,269
era5,6/27/1979,50.62479912,1979,9,270
era5,6/28/1979,46.32605147,1979,9,271
era5,6/29/1979,41.81494706,1979,9,272
era5,6/30/1979,37.31885824,1979,9,273
era5,7/1/1979,33.45569497,1979,10,274
era5,7/2/1979,30.05933153,1979,10,275
era5,7/3/1979,27.00202956,1979,10,276
era5,7/4/1979,24.78188853,1979,10,277
era5,7/5/1979,22.62615235,1979,10,278
era5,7/6/1979,20.31896765,1979,10,279
era5,7/7/1979,18.00525885,1979,10,280
era5,7/8/1979,15.52609374,1979,10,281
era5,7/9/1979,13.4292833,1979,10,282
era5,7/10/1979,11.82210559,1979,10,283
era5,7/11/1979,10.36344765,1979,10,284
era5,7/12/1979,8.738144765,1979,10,285
era5,7/13/1979,7.191008824,1979,10,286
era5,7/14/1979,6.120689412,1979,10,287
era5,7/15/1979,5.137537353,1979,10,288
era5,7/16/1979,4.052743824,1979,10,289
era5,7/17/1979,2.816613235,1979,10,290
era5,7/18/1979,1.522335382,1979,10,291
era5,7/19/1979,0.437034088,1979,10,292
era5,7/20/1979,0,1979,10,293
era5,7/21/1979,0,1979,10,294
era5,7/22/1979,0,1979,10,295
era5,7/23/1979,0,1979,10,296
era5,7/24/1979,0,1979,10,297
era5,7/25/1979,0,1979,10,298
era5,7/26/1979,0,1979,10,299
era5,7/27/1979,0,1979,10,300
era5,7/28/1979,0,1979,10,301
era5,7/29/1979,0,1979,10,302
era5,7/30/1979,0,1979,10,303
era5,7/31/1979,0,1979,10,304
era5,8/1/1979,0,1979,11,305
era5,8/2/1979,0,1979,11,306
era5,8/3/1979,0,1979,11,307
era5,8/4/1979,0,1979,11,308
era5,8/5/1979,0,1979,11,309
era5,8/6/1979,0,1979,11,310
era5,8/7/1979,0,1979,11,311
era5,8/8/1979,0,1979,11,312
era5,8/9/1979,0,1979,11,313
era5,8/10/1979,0,1979,11,314
era5,8/11/1979,0,1979,11,315
era5,8/12/1979,0,1979,11,316
era5,8/13/1979,0,1979,11,317
era5,8/14/1979,0,1979,11,318
era5,8/15/1979,0,1979,11,319
era5,8/16/1979,0,1979,11,320
era5,8/17/1979,0,1979,11,321
era5,8/18/1979,0.344088379,1979,11,322
era5,8/19/1979,0.141480574,1979,11,323
era5,8/20/1979,0,1979,11,324
era5,8/21/1979,0,1979,11,325
era5,8/22/1979,0,1979,11,326
era5,8/23/1979,0,1979,11,327
era5,8/24/1979,0,1979,11,328
era5,8/25/1979,0,1979,11,329
era5,8/26/1979,0,1979,11,330
era5,8/27/1979,0,1979,11,331
era5,8/28/1979,0,1979,11,332
era5,8/29/1979,0,1979,11,333
era5,8/30/1979,0,1979,11,334
era5,8/31/1979,0,1979,11,335
era5,9/1/1979,0,1979,12,336
era5,9/2/1979,0,1979,12,337
era5,9/3/1979,0,1979,12,338
era5,9/4/1979,0,1979,12,339
era5,9/5/1979,0,1979,12,340
era5,9/6/1979,0,1979,12,341
era5,9/7/1979,0,1979,12,342
era5,9/8/1979,0,1979,12,343
era5,9/9/1979,0,1979,12,344
era5,9/10/1979,0,1979,12,345
era5,9/11/1979,0,1979,12,346
era5,9/12/1979,0,1979,12,347
era5,9/13/1979,0,1979,12,348
era5,9/14/1979,0,1979,12,349
era5,9/15/1979,0,1979,12,350
era5,9/16/1979,0,1979,12,351
era5,9/17/1979,0,1979,12,352
era5,9/18/1979,0,1979,12,353
era5,9/19/1979,0,1979,12,354
era5,9/20/1979,0,1979,12,355
era5,9/21/1979,0,1979,12,356
era5,9/22/1979,0,1979,12,357
era5,9/23/1979,0,1979,12,358
era5,9/24/1979,0,1979,12,359
era5,9/25/1979,0,1979,12,360
era5,9/26/1979,0,1979,12,361
era5,9/27/1979,0,1979,12,362
era5,9/28/1979,0,1979,12,363
era5,9/29/1979,0,1979,12,364
era5,9/30/1979,0,1979,12,365
era5,10/1/1979,0,1980,1,1
era5,10/2/1979,0,1980,1,2
era5,10/3/1979,0,1980,1,3
era5,10/4/1979,0,1980,1,4
era5,10/5/1979,0,1980,1,5
era5,10/6/1979,0,1980,1,6
era5,10/7/1979,0,1980,1,7
era5,10/8/1979,0,1980,1,8
era5,10/9/1979,0,1980,1,9
era5,10/10/1979,0,1980,1,10
era5,10/11/1979,0,1980,1,11
era5,10/12/1979,0,1980,1,12
era5,10/13/1979,0,1980,1,13
era5,10/14/1979,0,1980,1,14
era5,10/15/1979,0,1980,1,15
era5,10/16/1979,0,1980,1,16
era5,10/17/1979,0,1980,1,17
era5,10/18/1979,0,1980,1,18
era5,10/19/1979,2.66632571,1980,1,19
era5,10/20/1979,15.97669943,1980,1,20
era5,10/21/1979,25.75736397,1980,1,21
era5,10/22/1979,25.52845128,1980,1,22
era5,10/23/1979,22.49602964,1980,1,23
era5,10/24/1979,18.39959232,1980,1,24
era5,10/25/1979,14.58308854,1980,1,25
era5,10/26/1979,18.16523855,1980,1,26
era5,10/27/1979,17.09534927,1980,1,27
era5,10/28/1979,16.05701547,1980,1,28
era5,10/29/1979,15.89189791,1980,1,29
era5,10/30/1979,15.81015511,1980,1,30
era5,10/31/1979,15.31141605,1980,1,31
era5,11/1/1979,15.03254359,1980,2,32
era5,11/2/1979,14.68742508,1980,2,33
era5,11/3/1979,15.57280689,1980,2,34
era5,11/4/1979,29.19728591,1980,2,35
era5,11/5/1979,31.30361585,1980,2,36
era5,11/6/1979,30.14482503,1980,2,37
era5,11/7/1979,28.77318114,1980,2,38
era5,11/8/1979,29.24430188,1980,2,39
era5,11/9/1979,29.3295806,1980,2,40
era5,11/10/1979,28.30362913,1980,2,41
era5,11/11/1979,26.39856909,1980,2,42
era5,11/12/1979,24.94141117,1980,2,43
era5,11/13/1979,23.67915916,1980,2,44
era5,11/14/1979,22.67231419,1980,2,45
era5,11/15/1979,21.83470698,1980,2,46
era5,11/16/1979,20.74506009,1980,2,47
era5,11/17/1979,25.32536514,1980,2,48
era5,11/18/1979,36.68420971,1980,2,49
era5,11/19/1979,37.55601084,1980,2,50
era5,11/20/1979,37.62165422,1980,2,51
era5,11/21/1979,37.51080856,1980,2,52
era5,11/22/1979,37.25380676,1980,2,53
era5,11/23/1979,40.07179146,1980,2,54
era5,11/24/1979,41.72221229,1980,2,55
era5,11/25/1979,42.15426886,1980,2,56
era5,11/26/1979,58.26800753,1980,2,57
era5,11/27/1979,65.94094739,1980,2,58
era5,11/28/1979,64.76151555,1980,2,59
era5,11/29/1979,62.87264826,1980,2,60
era5,11/30/1979,61.17955178,1980,2,61
era5,12/1/1979,59.79811207,1980,3,62
era5,12/2/1979,58.75246997,1980,3,63
era5,12/3/1979,57.99632235,1980,3,64
era5,12/4/1979,56.37908904,1980,3,65
era5,12/5/1979,54.10436107,1980,3,66
era5,12/6/1979,51.43775803,1980,3,67
era5,12/7/1979,48.48868694,1980,3,68
era5,12/8/1979,46.35631653,1980,3,69
era5,12/9/1979,44.31513994,1980,3,70
era5,12/10/1979,42.68315773,1980,3,71
era5,12/11/1979,42.01979205,1980,3,72
era5,12/12/1979,41.9223089,1980,3,73
era5,12/13/1979,41.45356041,1980,3,74
era5,12/14/1979,40.82003558,1980,3,75
era5,12/15/1979,40.13780141,1980,3,76
era5,12/16/1979,39.43758474,1980,3,77
era5,12/17/1979,38.82106828,1980,3,78
era5,12/18/1979,38.44500706,1980,3,79
era5,12/19/1979,38.565508,1980,3,80
era5,12/20/1979,39.78774675,1980,3,81
era5,12/21/1979,42.52609289,1980,3,82
era5,12/22/1979,53.83519901,1980,3,83
era5,12/23/1979,56.06432132,1980,3,84
era5,12/24/1979,101.4173363,1980,3,85
era5,12/25/1979,189.5555495,1980,3,86
era5,12/26/1979,209.1446132,1980,3,87
era5,12/27/1979,210.5350151,1980,3,88
era5,12/28/1979,210.4395341,1980,3,89
era5,12/29/1979,210.3256116,1980,3,90
era5,12/30/1979,211.5443575,1980,3,91
era5,12/31/1979,232.5077763,1980,3,92
era5,1/1/1980,245.7937913,1980,4,93
era5,1/2/1980,245.4745368,1980,4,94
era5,1/3/1980,244.2738273,1980,4,95
era5,1/4/1980,242.9945216,1980,4,96
era5,1/5/1980,241.8562765,1980,4,97
era5,1/6/1980,240.7535109,1980,4,98
era5,1/7/1980,241.8886057,1980,4,99
era5,1/8/1980,245.7137296,1980,4,100
era5,1/9/1980,250.7860179,1980,4,101
era5,1/10/1980,279.244716,1980,4,102
era5,1/11/1980,317.7030362,1980,4,103
era5,1/12/1980,365.5870913,1980,4,104
era5,1/13/1980,388.05801,1980,4,105
era5,1/14/1980,418.8340941,1980,4,106
era5,1/15/1980,439.8978175,1980,4,107
era5,1/16/1980,447.6450963,1980,4,108
era5,1/17/1980,450.8985325,1980,4,109
era5,1/18/1980,455.6785196,1980,4,110
era5,1/19/1980,456.7139894,1980,4,111
era5,1/20/1980,456.1588935,1980,4,112
era5,1/21/1980,455.3198329,1980,4,113
era5,1/22/1980,453.7068031,1980,4,114
era5,1/23/1980,452.2339937,1980,4,115
era5,1/24/1980,450.3804292,1980,4,116
era5,1/25/1980,448.0083357,1980,4,117
era5,1/26/1980,446.1003964,1980,4,118
era5,1/27/1980,445.6076148,1980,4,119
era5,1/28/1980,446.354115,1980,4,120
era5,1/29/1980,449.1954176,1980,4,121
era5,1/30/1980,449.5484947,1980,4,122
era5,1/31/1980,449.3279099,1980,4,123
era5,2/1/1980,449.0739559,1980,5,124
era5,2/2/1980,448.1719316,1980,5,125
era5,2/3/1980,446.7630841,1980,5,126
era5,2/4/1980,444.5096414,1980,5,127
era5,2/5/1980,440.4554533,1980,5,128
era5,2/6/1980,435.9625413,1980,5,129
era5,2/7/1980,434.6799582,1980,5,130
era5,2/8/1980,435.1532751,1980,5,131
era5,2/9/1980,434.8823404,1980,5,132
era5,2/10/1980,434.6283197,1980,5,133
era5,2/11/1980,434.3675693,1980,5,134
era5,2/12/1980,433.9739201,1980,5,135
era5,2/13/1980,433.5834887,1980,5,136
era5,2/14/1980,442.6192002,1980,5,137
era5,2/15/1980,477.2728181,1980,5,138
era5,2/16/1980,518.3938777,1980,5,139
era5,2/17/1980,579.2457895,1980,5,140
era5,2/18/1980,652.9291326,1980,5,141
era5,2/19/1980,751.2994134,1980,5,142
era5,2/20/1980,842.0996126,1980,5,143
era5,2/21/1980,891.5709688,1980,5,144
era5,2/22/1980,932.7532247,1980,5,145
era5,2/23/1980,937.7027518,1980,5,146
era5,2/24/1980,937.3026509,1980,5,147
era5,2/25/1980,934.5263006,1980,5,148
era5,2/26/1980,930.4808118,1980,5,149
era5,2/27/1980,925.407195,1980,5,150
era5,2/28/1980,926.9819359,1980,5,151
era5,2/29/1980,930.0606997,1980,5,152
era5,3/1/1980,927.6911692,1980,6,153
era5,3/2/1980,926.9125535,1980,6,154
era5,3/3/1980,958.5577347,1980,6,155
era5,3/4/1980,981.499815,1980,6,156
era5,3/5/1980,993.2890097,1980,6,157
era5,3/6/1980,1039.461625,1980,6,158
era5,3/7/1980,1052.039258,1980,6,159
era5,3/8/1980,1053.934656,1980,6,160
era5,3/9/1980,1053.729851,1980,6,161
era5,3/10/1980,1052.38462,1980,6,162
era5,3/11/1980,1050.921781,1980,6,163
era5,3/12/1980,1052.895361,1980,6,164
era5,3/13/1980,1052.305356,1980,6,165
era5,3/14/1980,1050.484713,1980,6,166
era5,3/15/1980,1049.645437,1980,6,167
era5,3/16/1980,1049.267274,1980,6,168
era5,3/17/1980,1048.519477,1980,6,169
era5,3/18/1980,1047.431401,1980,6,170
era5,3/19/1980,1048.037302,1980,6,171
era5,3/20/1980,1046.893683,1980,6,172
era5,3/21/1980,1046.625913,1980,6,173
era5,3/22/1980,1054.629644,1980,6,174
era5,3/23/1980,1056.558962,1980,6,175
era5,3/24/1980,1054.918018,1980,6,176
era5,3/25/1980,1054.517205,1980,6,177
era5,3/26/1980,1054.969028,1980,6,178
era5,3/27/1980,1054.696588,1980,6,179
era5,3/28/1980,1053.305693,1980,6,180
era5,3/29/1980,1051.122538,1980,6,181
era5,3/30/1980,1048.329695,1980,6,182
era5,3/31/1980,1045.911514,1980,6,183
era5,4/1/1980,1045.540157,1980,7,184
era5,4/2/1980,1046.475079,1980,7,185
era5,4/3/1980,1045.661187,1980,7,186
era5,4/4/1980,1044.160687,1980,7,187
era5,4/5/1980,1049.339286,1980,7,188
era5,4/6/1980,1065.338664,1980,7,189
era5,4/7/1980,1064.865841,1980,7,190
era5,4/8/1980,1062.776066,1980,7,191
era5,4/9/1980,1059.186336,1980,7,192
era5,4/10/1980,1054.245619,1980,7,193
era5,4/11/1980,1048.55646,1980,7,194
era5,4/12/1980,1042.168791,1980,7,195
era5,4/13/1980,1035.73834,1980,7,196
era5,4/14/1980,1027.420009,1980,7,197
era5,4/15/1980,1019.048572,1980,7,198
era5,4/16/1980,1009.018518,1980,7,199
era5,4/17/1980,995.3248782,1980,7,200
era5,4/18/1980,979.6674828,1980,7,201
era5,4/19/1980,964.6850991,1980,7,202
era5,4/20/1980,948.3468344,1980,7,203
era5,4/21/1980,935.8841779,1980,7,204
era5,4/22/1980,936.850978,1980,7,205
era5,4/23/1980,942.7950282,1980,7,206
era5,4/24/1980,944.5108011,1980,7,207
era5,4/25/1980,937.9450966,1980,7,208
era5,4/26/1980,929.4219791,1980,7,209
era5,4/27/1980,918.7317036,1980,7,210
era5,4/28/1980,904.5084779,1980,7,211
era5,4/29/1980,894.4137638,1980,7,212
era5,4/30/1980,887.1899907,1980,7,213
era5,5/1/1980,876.4882812,1980,8,214
era5,5/2/1980,865.0551736,1980,8,215
era5,5/3/1980,852.1063662,1980,8,216
era5,5/4/1980,838.4606835,1980,8,217
era5,5/5/1980,824.7795191,1980,8,218
era5,5/6/1980,811.0656268,1980,8,219
era5,5/7/1980,799.156269,1980,8,220
era5,5/8/1980,786.3531038,1980,8,221
era5,5/9/1980,776.261649,1980,8,222
era5,5/10/1980,789.1258959,1980,8,223
era5,5/11/1980,801.2584396,1980,8,224
era5,5/12/1980,804.4036646,1980,8,225
era5,5/13/1980,801.7473967,1980,8,226
era5,5/14/1980,797.8167959,1980,8,227
era5,5/15/1980,793.0892949,1980,8,228
era5,5/16/1980,783.82036,1980,8,229
era5,5/17/1980,771.4201971,1980,8,230
era5,5/18/1980,756.2392297,1980,8,231
era5,5/19/1980,739.2774332,1980,8,232
era5,5/20/1980,721.1692747,1980,8,233
era5,5/21/1980,702.5189271,1980,8,234
era5,5/22/1980,685.1333082,1980,8,235
era5,5/23/1980,673.2648961,1980,8,236
era5,5/24/1980,677.8829977,1980,8,237
era5,5/25/1980,684.0320375,1980,8,238
era5,5/26/1980,683.9643305,1980,8,239
era5,5/27/1980,681.2547515,1980,8,240
era5,5/28/1980,677.0982826,1980,8,241
era5,5/29/1980,674.2569259,1980,8,242
era5,5/30/1980,669.9958641,1980,8,243
era5,5/31/1980,665.1850659,1980,8,244
era5,6/1/1980,660.1598997,1980,9,245
era5,6/2/1980,650.7280718,1980,9,246
era5,6/3/1980,643.5668797,1980,9,247
era5,6/4/1980,637.9970426,1980,9,248
era5,6/5/1980,632.2807876,1980,9,249
era5,6/6/1980,625.3201163,1980,9,250
era5,6/7/1980,616.2239908,1980,9,251
era5,6/8/1980,602.210758,1980,9,252
era5,6/9/1980,586.3077326,1980,9,253
era5,6/10/1980,570.7366691,1980,9,254
era5,6/11/1980,555.5253381,1980,9,255
era5,6/12/1980,542.6728985,1980,9,256
era5,6/13/1980,533.3529703,1980,9,257
era5,6/14/1980,524.2642847,1980,9,258
era5,6/15/1980,512.2664724,1980,9,259
era5,6/16/1980,496.8371949,1980,9,260
era5,6/17/1980,479.6174012,1980,9,261
era5,6/18/1980,463.3258043,1980,9,262
era5,6/19/1980,448.7719464,1980,9,263
era5,6/20/1980,435.405802,1980,9,264
era5,6/21/1980,423.3773375,1980,9,265
era5,6/22/1980,411.9313138,1980,9,266
era5,6/23/1980,400.6961272,1980,9,267
era5,6/24/1980,391.655075,1980,9,268
era5,6/25/1980,381.7472347,1980,9,269
era5,6/26/1980,370.3977382,1980,9,270
era5,6/27/1980,358.3573497,1980,9,271
era5,6/28/1980,343.4881943,1980,9,272
era5,6/29/1980,327.6024834,1980,9,273
era5,6/30/1980,312.2522924,1980,9,274
era5,7/1/1980,297.7289256,1980,10,275
era5,7/2/1980,285.8361777,1980,10,276
era5,7/3/1980,274.0406415,1980,10,277
era5,7/4/1980,263.4311297,1980,10,278
era5,7/5/1980,254.3319385,1980,10,279
era5,7/6/1980,244.1087154,1980,10,280
era5,7/7/1980,232.8407776,1980,10,281
era5,7/8/1980,222.0176221,1980,10,282
era5,7/9/1980,211.3240062,1980,10,283
era5,7/10/1980,200.0557194,1980,10,284
era5,7/11/1980,188.3178632,1980,10,285
era5,7/12/1980,175.6914826,1980,10,286
era5,7/13/1980,164.3805712,1980,10,287
era5,7/14/1980,156.5477525,1980,10,288
era5,7/15/1980,149.3118062,1980,10,289
era5,7/16/1980,140.9742501,1980,10,290
era5,7/17/1980,131.8884081,1980,10,291
era5,7/18/1980,123.3792299,1980,10,292
era5,7/19/1980,116.2177,1980,10,293
era5,7/20/1980,109.4765821,1980,10,294
era5,7/21/1980,102.3708724,1980,10,295
era5,7/22/1980,94.53827441,1980,10,296
era5,7/23/1980,86.26944441,1980,10,297
era5,7/24/1980,77.38245588,1980,10,298
era5,7/25/1980,68.70289362,1980,10,299
era5,7/26/1980,62.56595647,1980,10,300
era5,7/27/1980,57.74975794,1980,10,301
era5,7/28/1980,52.76488162,1980,10,302
era5,7/29/1980,48.04116835,1980,10,303
era5,7/30/1980,43.05659588,1980,10,304
era5,7/31/1980,39.0802576,1980,10,305
era5,8/1/1980,34.85090088,1980,11,306
era5,8/2/1980,30.53538838,1980,11,307
era5,8/3/1980,26.45049221,1980,11,308
era5,8/4/1980,22.74319512,1980,11,309
era5,8/5/1980,19.56207963,1980,11,310
era5,8/6/1980,17.05090706,1980,11,311
era5,8/7/1980,14.57284412,1980,11,312
era5,8/8/1980,12.00006559,1980,11,313
era5,8/9/1980,9.344508824,1980,11,314
era5,8/10/1980,6.384395882,1980,11,315
era5,8/11/1980,3.441116882,1980,11,316
era5,8/12/1980,0.960462299,1980,11,317
era5,8/13/1980,0.094157368,1980,11,318
era5,8/14/1980,0,1980,11,319
era5,8/15/1980,0,1980,11,320
era5,8/16/1980,0,1980,11,321
era5,8/17/1980,0,1980,11,322
era5,8/18/1980,0,1980,11,323
era5,8/19/1980,0,1980,11,324
era5,8/20/1980,0,1980,11,325
era5,8/21/1980,0,1980,11,326
era5,8/22/1980,0,1980,11,327
era5,8/23/1980,0,1980,11,328
era5,8/24/1980,0,1980,11,329
era5,8/25/1980,0,1980,11,330
era5,8/26/1980,0,1980,11,331
era5,8/27/1980,0,1980,11,332
era5,8/28/1980,0,1980,11,333
era5,8/29/1980,0,1980,11,334
era5,8/30/1980,0,1980,11,335
era5,8/31/1980,0,1980,11,336
era5,9/1/1980,0,1980,12,337
era5,9/2/1980,0,1980,12,338
era5,9/3/1980,0,1980,12,339
era5,9/4/1980,0,1980,12,340
era5,9/5/1980,0,1980,12,341
era5,9/6/1980,0,1980,12,342
era5,9/7/1980,2.53E-05,1980,12,343
era5,9/8/1980,0,1980,12,344
era5,9/9/1980,0,1980,12,345
era5,9/10/1980,0.056335521,1980,12,346
era5,9/11/1980,0.460336574,1980,12,347
era5,9/12/1980,0.161522971,1980,12,348
era5,9/13/1980,0,1980,12,349
era5,9/14/1980,0,1980,12,350
era5,9/15/1980,0,1980,12,351
era5,9/16/1980,0,1980,12,352
era5,9/17/1980,0,1980,12,353
era5,9/18/1980,0,1980,12,354
era5,9/19/1980,0,1980,12,355
era5,9/20/1980,0,1980,12,356
era5,9/21/1980,0,1980,12,357
era5,9/22/1980,0,1980,12,358
era5,9/23/1980,0,1980,12,359
era5,9/24/1980,0,1980,12,360
era5,9/25/1980,0,1980,12,361
era5,9/26/1980,0,1980,12,362
era5,9/27/1980,0,1980,12,363
era5,9/28/1980,0,1980,12,364
era5,9/29/1980,0,1980,12,365
era5,9/30/1980,0,1980,12,366
era5,10/1/1980,0,1981,1,1
era5,10/2/1980,0,1981,1,2
era5,10/3/1980,0,1981,1,3
era5,10/4/1980,0,1981,1,4
era5,10/5/1980,0,1981,1,5
era5,10/6/1980,0,1981,1,6
era5,10/7/1980,0,1981,1,7
era5,10/8/1980,0,1981,1,8
era5,10/9/1980,0,1981,1,9
era5,10/10/1980,0,1981,1,10
era5,10/11/1980,0,1981,1,11
era5,10/12/1980,0.462104482,1981,1,12
era5,10/13/1980,0.981209291,1981,1,13
era5,10/14/1980,1.47599419,1981,1,14
era5,10/15/1980,3.585206246,1981,1,15
era5,10/16/1980,5.126713527,1981,1,16
era5,10/17/1980,4.901948841,1981,1,17
era5,10/18/1980,4.329754414,1981,1,18
era5,10/19/1980,2.880230824,1981,1,19
era5,10/20/1980,1.595263561,1981,1,20
era5,10/21/1980,0.973290335,1981,1,21
era5,10/22/1980,0.712561815,1981,1,22
era5,10/23/1980,0.524592752,1981,1,23
era5,10/24/1980,0.458735112,1981,1,24
era5,10/25/1980,0.450570627,1981,1,25
era5,10/26/1980,2.868371887,1981,1,26
era5,10/27/1980,3.715987614,1981,1,27
era5,10/28/1980,3.494114755,1981,1,28
era5,10/29/1980,3.060787158,1981,1,29
era5,10/30/1980,2.267497806,1981,1,30
era5,10/31/1980,1.578240767,1981,1,31
era5,11/1/1980,1.320237485,1981,2,32
era5,11/2/1980,1.110046565,1981,2,33
era5,11/3/1980,0.909148715,1981,2,34
era5,11/4/1980,0.744766618,1981,2,35
era5,11/5/1980,0.50406105,1981,2,36
era5,11/6/1980,0.292992824,1981,2,37
era5,11/7/1980,0.159520371,1981,2,38
era5,11/8/1980,0.012942134,1981,2,39
era5,11/9/1980,0,1981,2,40
era5,11/10/1980,7.02E-06,1981,2,41
era5,11/11/1980,4.033589413,1981,2,42
era5,11/12/1980,11.57282848,1981,2,43
era5,11/13/1980,12.18501289,1981,2,44
era5,11/14/1980,11.93107311,1981,2,45
era5,11/15/1980,11.78425542,1981,2,46
era5,11/16/1980,11.89465232,1981,2,47
era5,11/17/1980,11.63004765,1981,2,48
era5,11/18/1980,11.09120983,1981,2,49
era5,11/19/1980,10.49226485,1981,2,50
era5,11/20/1980,9.870410241,1981,2,51
era5,11/21/1980,9.045206073,1981,2,52
era5,11/22/1980,8.327264438,1981,2,53
era5,11/23/1980,7.567550517,1981,2,54
era5,11/24/1980,7.62954851,1981,2,55
era5,11/25/1980,7.338404348,1981,2,56
era5,11/26/1980,6.164991768,1981,2,57
era5,11/27/1980,4.770993357,1981,2,58
era5,11/28/1980,3.407650362,1981,2,59
era5,11/29/1980,2.771238279,1981,2,60
era5,11/30/1980,3.738419361,1981,2,61
era5,12/1/1980,7.546891227,1981,3,62
era5,12/2/1980,9.316177758,1981,3,63
era5,12/3/1980,13.08356382,1981,3,64
era5,12/4/1980,68.92539991,1981,3,65
era5,12/5/1980,102.8905715,1981,3,66
era5,12/6/1980,103.6033906,1981,3,67
era5,12/7/1980,103.5831603,1981,3,68
era5,12/8/1980,104.5024031,1981,3,69
era5,12/9/1980,104.5320916,1981,3,70
era5,12/10/1980,104.2985496,1981,3,71
era5,12/11/1980,103.5139382,1981,3,72
era5,12/12/1980,101.7178636,1981,3,73
era5,12/13/1980,100.5855536,1981,3,74
era5,12/14/1980,99.5609386,1981,3,75
era5,12/15/1980,96.29917035,1981,3,76
era5,12/16/1980,86.96694498,1981,3,77
era5,12/17/1980,79.8114136,1981,3,78
era5,12/18/1980,77.84625874,1981,3,79
era5,12/19/1980,77.67851124,1981,3,80
era5,12/20/1980,77.04263685,1981,3,81
era5,12/21/1980,76.37234024,1981,3,82
era5,12/22/1980,76.34996618,1981,3,83
era5,12/23/1980,75.83107343,1981,3,84
era5,12/24/1980,75.17339294,1981,3,85
era5,12/25/1980,73.98676871,1981,3,86
era5,12/26/1980,70.81608668,1981,3,87
era5,12/27/1980,66.75014618,1981,3,88
era5,12/28/1980,64.75861013,1981,3,89
era5,12/29/1980,63.13759822,1981,3,90
era5,12/30/1980,61.47235128,1981,3,91
era5,12/31/1980,59.91378051,1981,3,92
era5,1/1/1981,58.62256224,1981,4,93
era5,1/2/1981,57.11662362,1981,4,94
era5,1/3/1981,55.51861269,1981,4,95
era5,1/4/1981,54.06593294,1981,4,96
era5,1/5/1981,53.33184805,1981,4,97
era5,1/6/1981,52.57170485,1981,4,98
era5,1/7/1981,51.51779768,1981,4,99
era5,1/8/1981,50.63764854,1981,4,100
era5,1/9/1981,49.92318058,1981,4,101
era5,1/10/1981,49.21487129,1981,4,102
era5,1/11/1981,48.75958547,1981,4,103
era5,1/12/1981,48.73291259,1981,4,104
era5,1/13/1981,48.23503737,1981,4,105
era5,1/14/1981,47.28548214,1981,4,106
era5,1/15/1981,46.29008826,1981,4,107
era5,1/16/1981,46.13296616,1981,4,108
era5,1/17/1981,47.77880705,1981,4,109
era5,1/18/1981,47.72184669,1981,4,110
era5,1/19/1981,47.16452054,1981,4,111
era5,1/20/1981,46.26573262,1981,4,112
era5,1/21/1981,45.09528676,1981,4,113
era5,1/22/1981,43.35869878,1981,4,114
era5,1/23/1981,55.76806784,1981,4,115
era5,1/24/1981,69.16863708,1981,4,116
era5,1/25/1981,69.56252373,1981,4,117
era5,1/26/1981,69.55674526,1981,4,118
era5,1/27/1981,87.1034715,1981,4,119
era5,1/28/1981,176.9866801,1981,4,120
era5,1/29/1981,240.9736225,1981,4,121
era5,1/30/1981,281.6155181,1981,4,122
era5,1/31/1981,288.5823624,1981,4,123
era5,2/1/1981,288.8552621,1981,5,124
era5,2/2/1981,288.7829997,1981,5,125
era5,2/3/1981,288.7009438,1981,5,126
era5,2/4/1981,288.5102959,1981,5,127
era5,2/5/1981,288.01461,1981,5,128
era5,2/6/1981,287.5791856,1981,5,129
era5,2/7/1981,287.2732044,1981,5,130
era5,2/8/1981,286.8788011,1981,5,131
era5,2/9/1981,301.6290714,1981,5,132
era5,2/10/1981,315.9530768,1981,5,133
era5,2/11/1981,319.6727485,1981,5,134
era5,2/12/1981,322.1368424,1981,5,135
era5,2/13/1981,321.0245674,1981,5,136
era5,2/14/1981,331.9124871,1981,5,137
era5,2/15/1981,334.1752082,1981,5,138
era5,2/16/1981,331.5501161,1981,5,139
era5,2/17/1981,325.8470803,1981,5,140
era5,2/18/1981,321.0861719,1981,5,141
era5,2/19/1981,315.0735697,1981,5,142
era5,2/20/1981,309.5966489,1981,5,143
era5,2/21/1981,307.8082462,1981,5,144
era5,2/22/1981,305.1682279,1981,5,145
era5,2/23/1981,302.2477281,1981,5,146
era5,2/24/1981,300.5138357,1981,5,147
era5,2/25/1981,309.814769,1981,5,148
era5,2/26/1981,319.1421504,1981,5,149
era5,2/27/1981,320.0854746,1981,5,150
era5,2/28/1981,320.2743906,1981,5,151
era5,3/1/1981,328.2436076,1981,6,152
era5,3/2/1981,345.6129798,1981,6,153
era5,3/3/1981,359.5167675,1981,6,154
era5,3/4/1981,361.3925444,1981,6,155
era5,3/5/1981,370.3684504,1981,6,156
era5,3/6/1981,375.8814309,1981,6,157
era5,3/7/1981,376.5310112,1981,6,158
era5,3/8/1981,375.7419816,1981,6,159
era5,3/9/1981,373.9159085,1981,6,160
era5,3/10/1981,371.1534216,1981,6,161
era5,3/11/1981,367.7170133,1981,6,162
era5,3/12/1981,364.9344149,1981,6,163
era5,3/13/1981,364.2374981,1981,6,164
era5,3/14/1981,370.1800694,1981,6,165
era5,3/15/1981,370.2257314,1981,6,166
era5,3/16/1981,370.6970277,1981,6,167
era5,3/17/1981,369.5481391,1981,6,168
era5,3/18/1981,366.7542839,1981,6,169
era5,3/19/1981,379.4383184,1981,6,170
era5,3/20/1981,439.1882252,1981,6,171
era5,3/21/1981,486.1541294,1981,6,172
era5,3/22/1981,504.5687279,1981,6,173
era5,3/23/1981,504.892265,1981,6,174
era5,3/24/1981,502.5620399,1981,6,175
era5,3/25/1981,500.8141785,1981,6,176
era5,3/26/1981,516.9123735,1981,6,177
era5,3/27/1981,528.4642465,1981,6,178
era5,3/28/1981,529.435584,1981,6,179
era5,3/29/1981,525.3903982,1981,6,180
era5,3/30/1981,524.0940866,1981,6,181
era5,3/31/1981,522.6233097,1981,6,182
era5,4/1/1981,519.4431687,1981,7,183
era5,4/2/1981,521.2526263,1981,7,184
era5,4/3/1981,527.9768096,1981,7,185
era5,4/4/1981,527.5625232,1981,7,186
era5,4/5/1981,524.0992559,1981,7,187
era5,4/6/1981,518.4555884,1981,7,188
era5,4/7/1981,512.2443672,1981,7,189
era5,4/8/1981,507.5853146,1981,7,190
era5,4/9/1981,500.8783026,1981,7,191
era5,4/10/1981,491.8389372,1981,7,192
era5,4/11/1981,484.6460924,1981,7,193
era5,4/12/1981,479.2782035,1981,7,194
era5,4/13/1981,472.5311082,1981,7,195
era5,4/14/1981,461.4041228,1981,7,196
era5,4/15/1981,447.585206,1981,7,197
era5,4/16/1981,434.0162868,1981,7,198
era5,4/17/1981,420.9665254,1981,7,199
era5,4/18/1981,407.48638,1981,7,200
era5,4/19/1981,406.9689948,1981,7,201
era5,4/20/1981,410.8659715,1981,7,202
era5,4/21/1981,405.0062428,1981,7,203
era5,4/22/1981,392.011265,1981,7,204
era5,4/23/1981,376.1180372,1981,7,205
era5,4/24/1981,358.962711,1981,7,206
era5,4/25/1981,344.4484652,1981,7,207
era5,4/26/1981,333.6683729,1981,7,208
era5,4/27/1981,328.1095844,1981,7,209
era5,4/28/1981,313.9940879,1981,7,210
era5,4/29/1981,295.1493385,1981,7,211
era5,4/30/1981,277.0412236,1981,7,212
era5,5/1/1981,258.3349156,1981,8,213
era5,5/2/1981,239.4658516,1981,8,214
era5,5/3/1981,227.480344,1981,8,215
era5,5/4/1981,221.2880616,1981,8,216
era5,5/5/1981,215.6500459,1981,8,217
era5,5/6/1981,210.3273678,1981,8,218
era5,5/7/1981,205.1553263,1981,8,219
era5,5/8/1981,198.5923426,1981,8,220
era5,5/9/1981,188.6326819,1981,8,221
era5,5/10/1981,177.8148429,1981,8,222
era5,5/11/1981,166.9600485,1981,8,223
era5,5/12/1981,156.2831669,1981,8,224
era5,5/13/1981,145.8481746,1981,8,225
era5,5/14/1981,135.8943937,1981,8,226
era5,5/15/1981,127.9654022,1981,8,227
era5,5/16/1981,123.1650843,1981,8,228
era5,5/17/1981,118.4830662,1981,8,229
era5,5/18/1981,112.9917888,1981,8,230
era5,5/19/1981,112.0615736,1981,8,231
era5,5/20/1981,112.1038753,1981,8,232
era5,5/21/1981,110.8477453,1981,8,233
era5,5/22/1981,107.7967016,1981,8,234
era5,5/23/1981,103.9200847,1981,8,235
era5,5/24/1981,98.70466776,1981,8,236
era5,5/25/1981,92.51405733,1981,8,237
era5,5/26/1981,88.4146335,1981,8,238
era5,5/27/1981,86.20913245,1981,8,239
era5,5/28/1981,82.66883922,1981,8,240
era5,5/29/1981,77.78917836,1981,8,241
era5,5/30/1981,72.71276853,1981,8,242
era5,5/31/1981,67.60713,1981,8,243
era5,6/1/1981,62.58971091,1981,9,244
era5,6/2/1981,57.11254,1981,9,245
era5,6/3/1981,52.11168524,1981,9,246
era5,6/4/1981,46.85011353,1981,9,247
era5,6/5/1981,41.21005682,1981,9,248
era5,6/6/1981,35.76965927,1981,9,249
era5,6/7/1981,31.43860882,1981,9,250
era5,6/8/1981,27.40279647,1981,9,251
era5,6/9/1981,23.21665426,1981,9,252
era5,6/10/1981,19.23653341,1981,9,253
era5,6/11/1981,16.07468194,1981,9,254
era5,6/12/1981,13.38033297,1981,9,255
era5,6/13/1981,11.25751547,1981,9,256
era5,6/14/1981,9.083969882,1981,9,257
era5,6/15/1981,6.762004618,1981,9,258
era5,6/16/1981,4.108248508,1981,9,259
era5,6/17/1981,2.475082976,1981,9,260
era5,6/18/1981,1.511472941,1981,9,261
era5,6/19/1981,0.547169353,1981,9,262
era5,6/20/1981,0,1981,9,263
era5,6/21/1981,0,1981,9,264
era5,6/22/1981,0,1981,9,265
era5,6/23/1981,0,1981,9,266
era5,6/24/1981,0,1981,9,267
era5,6/25/1981,0,1981,9,268
era5,6/26/1981,0,1981,9,269
era5,6/27/1981,0,1981,9,270
era5,6/28/1981,0,1981,9,271
era5,6/29/1981,0,1981,9,272
era5,6/30/1981,0,1981,9,273
era5,7/1/1981,0,1981,10,274
era5,7/2/1981,0,1981,10,275
era5,7/3/1981,0,1981,10,276
era5,7/4/1981,0,1981,10,277
era5,7/5/1981,0,1981,10,278
era5,7/6/1981,0,1981,10,279
era5,7/7/1981,0,1981,10,280
era5,7/8/1981,0,1981,10,281
era5,7/9/1981,0,1981,10,282
era5,7/10/1981,0,1981,10,283
era5,7/11/1981,0,1981,10,284
era5,7/12/1981,0,1981,10,285
era5,7/13/1981,0,1981,10,286
era5,7/14/1981,0,1981,10,287
era5,7/15/1981,0,1981,10,288
era5,7/16/1981,0,1981,10,289
era5,7/17/1981,0,1981,10,290
era5,7/18/1981,0,1981,10,291
era5,7/19/1981,0,1981,10,292
era5,7/20/1981,0,1981,10,293
era5,7/21/1981,0,1981,10,294
era5,7/22/1981,0,1981,10,295
era5,7/23/1981,0,1981,10,296
era5,7/24/1981,0,1981,10,297
era5,7/25/1981,0,1981,10,298
era5,7/26/1981,0,1981,10,299
era5,7/27/1981,0,1981,10,300
era5,7/28/1981,0,1981,10,301
era5,7/29/1981,0,1981,10,302
era5,7/30/1981,0,1981,10,303
era5,7/31/1981,0,1981,10,304
era5,8/1/1981,0,1981,11,305
era5,8/2/1981,0,1981,11,306
era5,8/3/1981,0,1981,11,307
era5,8/4/1981,0,1981,11,308
era5,8/5/1981,0,1981,11,309
era5,8/6/1981,0,1981,11,310
era5,8/7/1981,0,1981,11,311
era5,8/8/1981,0,1981,11,312
era5,8/9/1981,0,1981,11,313
era5,8/10/1981,0,1981,11,314
era5,8/11/1981,0,1981,11,315
era5,8/12/1981,0,1981,11,316
era5,8/13/1981,0,1981,11,317
era5,8/14/1981,0,1981,11,318
era5,8/15/1981,0,1981,11,319
era5,8/16/1981,0,1981,11,320
era5,8/17/1981,0,1981,11,321
era5,8/18/1981,0,1981,11,322
era5,8/19/1981,0,1981,11,323
era5,8/20/1981,0,1981,11,324
era5,8/21/1981,0,1981,11,325
era5,8/22/1981,0,1981,11,326
era5,8/23/1981,0,1981,11,327
era5,8/24/1981,0,1981,11,328
era5,8/25/1981,0,1981,11,329
era5,8/26/1981,0,1981,11,330
era5,8/27/1981,0,1981,11,331
era5,8/28/1981,0,1981,11,332
era5,8/29/1981,0,1981,11,333
era5,8/30/1981,0,1981,11,334
era5,8/31/1981,0,1981,11,335
era5,9/1/1981,0,1981,12,336
era5,9/2/1981,0,1981,12,337
era5,9/3/1981,0,1981,12,338
era5,9/4/1981,0,1981,12,339
era5,9/5/1981,0,1981,12,340
era5,9/6/1981,0,1981,12,341
era5,9/7/1981,0,1981,12,342
era5,9/8/1981,0,1981,12,343
era5,9/9/1981,0,1981,12,344
era5,9/10/1981,0,1981,12,345
era5,9/11/1981,0,1981,12,346
era5,9/12/1981,0,1981,12,347
era5,9/13/1981,0,1981,12,348
era5,9/14/1981,5.85E-05,1981,12,349
era5,9/15/1981,4.23E-05,1981,12,350
era5,9/16/1981,0,1981,12,351
era5,9/17/1981,0,1981,12,352
era5,9/18/1981,0,1981,12,353
era5,9/19/1981,0,1981,12,354
era5,9/20/1981,0,1981,12,355
era5,9/21/1981,0,1981,12,356
era5,9/22/1981,0,1981,12,357
era5,9/23/1981,0,1981,12,358
era5,9/24/1981,0,1981,12,359
era5,9/25/1981,0.27605045,1981,12,360
era5,9/26/1981,0.3393086,1981,12,361
era5,9/27/1981,0.048599391,1981,12,362
era5,9/28/1981,0,1981,12,363
era5,9/29/1981,0,1981,12,364
era5,9/30/1981,1.24E-06,1981,12,365
era5,10/1/1981,0.078225243,1982,1,1
era5,10/2/1981,0.169473562,1982,1,2
era5,10/3/1981,0.320301812,1982,1,3
era5,10/4/1981,0.304980488,1982,1,4
era5,10/5/1981,0.204105335,1982,1,5
era5,10/6/1981,0.195380206,1982,1,6
era5,10/7/1981,0.283714032,1982,1,7
era5,10/8/1981,0.859024346,1982,1,8
era5,10/9/1981,0.650871435,1982,1,9
era5,10/10/1981,0.649158497,1982,1,10
era5,10/11/1981,5.933077314,1982,1,11
era5,10/12/1981,12.55542272,1982,1,12
era5,10/13/1981,17.57022381,1982,1,13
era5,10/14/1981,20.00707934,1982,1,14
era5,10/15/1981,20.18044205,1982,1,15
era5,10/16/1981,19.46418641,1982,1,16
era5,10/17/1981,17.28566793,1982,1,17
era5,10/18/1981,12.50961384,1982,1,18
era5,10/19/1981,8.717553197,1982,1,19
era5,10/20/1981,5.883338542,1982,1,20
era5,10/21/1981,4.783600959,1982,1,21
era5,10/22/1981,3.991510659,1982,1,22
era5,10/23/1981,3.354958853,1982,1,23
era5,10/24/1981,3.054582671,1982,1,24
era5,10/25/1981,2.815742838,1982,1,25
era5,10/26/1981,2.608292556,1982,1,26
era5,10/27/1981,2.456229424,1982,1,27
era5,10/28/1981,25.08360845,1982,1,28
era5,10/29/1981,73.39140315,1982,1,29
era5,10/30/1981,91.98588715,1982,1,30
era5,10/31/1981,91.04171288,1982,1,31
era5,11/1/1981,86.43768014,1982,2,32
era5,11/2/1981,81.28772976,1982,2,33
era5,11/3/1981,76.75148708,1982,2,34
era5,11/4/1981,72.83384769,1982,2,35
era5,11/5/1981,68.94578644,1982,2,36
era5,11/6/1981,65.77489492,1982,2,37
era5,11/7/1981,64.04729844,1982,2,38
era5,11/8/1981,61.86621126,1982,2,39
era5,11/9/1981,59.18146423,1982,2,40
era5,11/10/1981,56.30800858,1982,2,41
era5,11/11/1981,54.02279172,1982,2,42
era5,11/12/1981,51.74974159,1982,2,43
era5,11/13/1981,71.19400648,1982,2,44
era5,11/14/1981,110.864991,1982,2,45
era5,11/15/1981,123.0952399,1982,2,46
era5,11/16/1981,121.9682994,1982,2,47
era5,11/17/1981,124.5939317,1982,2,48
era5,11/18/1981,131.4903213,1982,2,49
era5,11/19/1981,130.9486379,1982,2,50
era5,11/20/1981,129.9903404,1982,2,51
era5,11/21/1981,128.911161,1982,2,52
era5,11/22/1981,131.6067357,1982,2,53
era5,11/23/1981,132.1739849,1982,2,54
era5,11/24/1981,134.6786319,1982,2,55
era5,11/25/1981,140.0595703,1982,2,56
era5,11/26/1981,141.7435279,1982,2,57
era5,11/27/1981,159.7980849,1982,2,58
era5,11/28/1981,176.4050019,1982,2,59
era5,11/29/1981,181.1280254,1982,2,60
era5,11/30/1981,181.4452779,1982,2,61
era5,12/1/1981,181.3131366,1982,3,62
era5,12/2/1981,180.3878012,1982,3,63
era5,12/3/1981,178.3822934,1982,3,64
era5,12/4/1981,176.4729303,1982,3,65
era5,12/5/1981,174.3320548,1982,3,66
era5,12/6/1981,172.1791915,1982,3,67
era5,12/7/1981,170.0133535,1982,3,68
era5,12/8/1981,168.1005374,1982,3,69
era5,12/9/1981,165.7044764,1982,3,70
era5,12/10/1981,166.4581937,1982,3,71
era5,12/11/1981,166.0826949,1982,3,72
era5,12/12/1981,166.8504348,1982,3,73
era5,12/13/1981,177.2181457,1982,3,74
era5,12/14/1981,182.7021009,1982,3,75
era5,12/15/1981,182.7690448,1982,3,76
era5,12/16/1981,181.9506613,1982,3,77
era5,12/17/1981,181.0761387,1982,3,78
era5,12/18/1981,179.7552454,1982,3,79
era5,12/19/1981,180.9022718,1982,3,80
era5,12/20/1981,194.2039051,1982,3,81
era5,12/21/1981,219.8817308,1982,3,82
era5,12/22/1981,228.4191412,1982,3,83
era5,12/23/1981,228.4038611,1982,3,84
era5,12/24/1981,228.1948808,1982,3,85
era5,12/25/1981,228.011025,1982,3,86
era5,12/26/1981,227.5527165,1982,3,87
era5,12/27/1981,233.4070749,1982,3,88
era5,12/28/1981,236.1575521,1982,3,89
era5,12/29/1981,237.9943539,1982,3,90
era5,12/30/1981,278.450726,1982,3,91
era5,12/31/1981,289.5704088,1982,3,92
era5,1/1/1982,321.5078738,1982,4,93
era5,1/2/1982,352.2324831,1982,4,94
era5,1/3/1982,367.6860801,1982,4,95
era5,1/4/1982,384.199054,1982,4,96
era5,1/5/1982,498.0394371,1982,4,97
era5,1/6/1982,537.3259503,1982,4,98
era5,1/7/1982,539.1330065,1982,4,99
era5,1/8/1982,538.9470724,1982,4,100
era5,1/9/1982,538.5580029,1982,4,101
era5,1/10/1982,537.9609556,1982,4,102
era5,1/11/1982,537.0688265,1982,4,103
era5,1/12/1982,536.5239647,1982,4,104
era5,1/13/1982,536.1368968,1982,4,105
era5,1/14/1982,535.7693626,1982,4,106
era5,1/15/1982,535.1288671,1982,4,107
era5,1/16/1982,534.1776259,1982,4,108
era5,1/17/1982,533.1865026,1982,4,109
era5,1/18/1982,533.3359547,1982,4,110
era5,1/19/1982,542.5330197,1982,4,111
era5,1/20/1982,569.0545694,1982,4,112
era5,1/21/1982,628.2781753,1982,4,113
era5,1/22/1982,645.4005218,1982,4,114
era5,1/23/1982,646.1026244,1982,4,115
era5,1/24/1982,646.0760926,1982,4,116
era5,1/25/1982,645.8360376,1982,4,117
era5,1/26/1982,646.0616468,1982,4,118
era5,1/27/1982,654.8201294,1982,4,119
era5,1/28/1982,656.9116082,1982,4,120
era5,1/29/1982,662.7704453,1982,4,121
era5,1/30/1982,662.94427,1982,4,122
era5,1/31/1982,662.5105379,1982,4,123
era5,2/1/1982,661.6661085,1982,5,124
era5,2/2/1982,660.7003944,1982,5,125
era5,2/3/1982,659.9755324,1982,5,126
era5,2/4/1982,659.6603838,1982,5,127
era5,2/5/1982,659.4895385,1982,5,128
era5,2/6/1982,659.3890262,1982,5,129
era5,2/7/1982,659.2787768,1982,5,130
era5,2/8/1982,659.2245341,1982,5,131
era5,2/9/1982,659.2436641,1982,5,132
era5,2/10/1982,660.5532724,1982,5,133
era5,2/11/1982,663.5097674,1982,5,134
era5,2/12/1982,663.4867976,1982,5,135
era5,2/13/1982,663.4919029,1982,5,136
era5,2/14/1982,680.43874,1982,5,137
era5,2/15/1982,694.7789185,1982,5,138
era5,2/16/1982,719.2604571,1982,5,139
era5,2/17/1982,726.1637385,1982,5,140
era5,2/18/1982,725.2780426,1982,5,141
era5,2/19/1982,722.0570141,1982,5,142
era5,2/20/1982,716.2111656,1982,5,143
era5,2/21/1982,709.7734844,1982,5,144
era5,2/22/1982,703.9649391,1982,5,145
era5,2/23/1982,701.0280229,1982,5,146
era5,2/24/1982,699.3030497,1982,5,147
era5,2/25/1982,697.9538956,1982,5,148
era5,2/26/1982,696.5612565,1982,5,149
era5,2/27/1982,695.4690341,1982,5,150
era5,2/28/1982,694.0215182,1982,5,151
era5,3/1/1982,693.2491079,1982,6,152
era5,3/2/1982,717.1202547,1982,6,153
era5,3/3/1982,740.4384871,1982,6,154
era5,3/4/1982,741.9051606,1982,6,155
era5,3/5/1982,741.6307959,1982,6,156
era5,3/6/1982,741.1277694,1982,6,157
era5,3/7/1982,740.3380329,1982,6,158
era5,3/8/1982,742.5737591,1982,6,159
era5,3/9/1982,740.9424521,1982,6,160
era5,3/10/1982,740.8443212,1982,6,161
era5,3/11/1982,757.3932938,1982,6,162
era5,3/12/1982,780.8042874,1982,6,163
era5,3/13/1982,780.958175,1982,6,164
era5,3/14/1982,782.6262615,1982,6,165
era5,3/15/1982,798.1327409,1982,6,166
era5,3/16/1982,803.7271188,1982,6,167
era5,3/17/1982,838.9088544,1982,6,168
era5,3/18/1982,870.3852068,1982,6,169
era5,3/19/1982,885.9818732,1982,6,170
era5,3/20/1982,889.6312912,1982,6,171
era5,3/21/1982,889.8804932,1982,6,172
era5,3/22/1982,889.7501821,1982,6,173
era5,3/23/1982,889.4142803,1982,6,174
era5,3/24/1982,887.714975,1982,6,175
era5,3/25/1982,884.9220588,1982,6,176
era5,3/26/1982,884.5739826,1982,6,177
era5,3/27/1982,884.5846676,1982,6,178
era5,3/28/1982,889.7182471,1982,6,179
era5,3/29/1982,935.1875424,1982,6,180
era5,3/30/1982,988.1221288,1982,6,181
era5,3/31/1982,1021.392296,1982,6,182
era5,4/1/1982,1115.747682,1982,7,183
era5,4/2/1982,1152.850489,1982,7,184
era5,4/3/1982,1160.198776,1982,7,185
era5,4/4/1982,1173.04727,1982,7,186
era5,4/5/1982,1176.64762,1982,7,187
era5,4/6/1982,1181.049019,1982,7,188
era5,4/7/1982,1193.16262,1982,7,189
era5,4/8/1982,1194.097588,1982,7,190
era5,4/9/1982,1193.497326,1982,7,191
era5,4/10/1982,1202.401402,1982,7,192
era5,4/11/1982,1244.801209,1982,7,193
era5,4/12/1982,1281.560131,1982,7,194
era5,4/13/1982,1280.338344,1982,7,195
era5,4/14/1982,1276.436172,1982,7,196
era5,4/15/1982,1271.431994,1982,7,197
era5,4/16/1982,1268.112662,1982,7,198
era5,4/17/1982,1263.943522,1982,7,199
era5,4/18/1982,1257.520192,1982,7,200
era5,4/19/1982,1249.229907,1982,7,201
era5,4/20/1982,1240.203024,1982,7,202
era5,4/21/1982,1231.820871,1982,7,203
era5,4/22/1982,1224.974197,1982,7,204
era5,4/23/1982,1215.726079,1982,7,205
era5,4/24/1982,1204.804697,1982,7,206
era5,4/25/1982,1193.462837,1982,7,207
era5,4/26/1982,1181.574921,1982,7,208
era5,4/27/1982,1169.470456,1982,7,209
era5,4/28/1982,1154.721024,1982,7,210
era5,4/29/1982,1137.352182,1982,7,211
era5,4/30/1982,1121.470155,1982,7,212
era5,5/1/1982,1106.168139,1982,8,213
era5,5/2/1982,1089.301796,1982,8,214
era5,5/3/1982,1069.96069,1982,8,215
era5,5/4/1982,1048.88411,1982,8,216
era5,5/5/1982,1029.130184,1982,8,217
era5,5/6/1982,1011.974328,1982,8,218
era5,5/7/1982,993.8151135,1982,8,219
era5,5/8/1982,975.3799589,1982,8,220
era5,5/9/1982,963.7068071,1982,8,221
era5,5/10/1982,958.758038,1982,8,222
era5,5/11/1982,960.0889408,1982,8,223
era5,5/12/1982,956.9463354,1982,8,224
era5,5/13/1982,947.8293444,1982,8,225
era5,5/14/1982,935.5245218,1982,8,226
era5,5/15/1982,921.7519994,1982,8,227
era5,5/16/1982,907.5463441,1982,8,228
era5,5/17/1982,891.1551692,1982,8,229
era5,5/18/1982,875.3129533,1982,8,230
era5,5/19/1982,862.7818528,1982,8,231
era5,5/20/1982,846.4616642,1982,8,232
era5,5/21/1982,827.4729791,1982,8,233
era5,5/22/1982,809.8230669,1982,8,234
era5,5/23/1982,789.741217,1982,8,235
era5,5/24/1982,766.7245262,1982,8,236
era5,5/25/1982,743.4966697,1982,8,237
era5,5/26/1982,721.0332089,1982,8,238
era5,5/27/1982,701.41764,1982,8,239
era5,5/28/1982,686.3458356,1982,8,240
era5,5/29/1982,674.9989997,1982,8,241
era5,5/30/1982,664.2708468,1982,8,242
era5,5/31/1982,653.1984679,1982,8,243
era5,6/1/1982,641.1981384,1982,9,244
era5,6/2/1982,630.3551366,1982,9,245
era5,6/3/1982,619.6950282,1982,9,246
era5,6/4/1982,609.2465807,1982,9,247
era5,6/5/1982,600.0454435,1982,9,248
era5,6/6/1982,592.7405873,1982,9,249
era5,6/7/1982,584.5117706,1982,9,250
era5,6/8/1982,575.2580474,1982,9,251
era5,6/9/1982,562.2988098,1982,9,252
era5,6/10/1982,547.1448304,1982,9,253
era5,6/11/1982,531.821567,1982,9,254
era5,6/12/1982,517.9001059,1982,9,255
era5,6/13/1982,505.2895826,1982,9,256
era5,6/14/1982,492.4537774,1982,9,257
era5,6/15/1982,475.5368131,1982,9,258
era5,6/16/1982,458.1455563,1982,9,259
era5,6/17/1982,439.6254424,1982,9,260
era5,6/18/1982,422.9195862,1982,9,261
era5,6/19/1982,407.1212356,1982,9,262
era5,6/20/1982,391.1243329,1982,9,263
era5,6/21/1982,374.0388105,1982,9,264
era5,6/22/1982,358.4672806,1982,9,265
era5,6/23/1982,345.1641236,1982,9,266
era5,6/24/1982,332.0277241,1982,9,267
era5,6/25/1982,320.5600415,1982,9,268
era5,6/26/1982,308.7623494,1982,9,269
era5,6/27/1982,294.9730782,1982,9,270
era5,6/28/1982,280.469416,1982,9,271
era5,6/29/1982,270.2037449,1982,9,272
era5,6/30/1982,266.5035558,1982,9,273
era5,7/1/1982,264.8436945,1982,10,274
era5,7/2/1982,257.6595409,1982,10,275
era5,7/3/1982,250.0712181,1982,10,276
era5,7/4/1982,243.6491006,1982,10,277
era5,7/5/1982,237.6444986,1982,10,278
era5,7/6/1982,231.2689071,1982,10,279
era5,7/7/1982,224.43843,1982,10,280
era5,7/8/1982,218.4525226,1982,10,281
era5,7/9/1982,212.4028585,1982,10,282
era5,7/10/1982,206.0058762,1982,10,283
era5,7/11/1982,198.5301431,1982,10,284
era5,7/12/1982,190.0387592,1982,10,285
era5,7/13/1982,181.4625196,1982,10,286
era5,7/14/1982,173.8298418,1982,10,287
era5,7/15/1982,166.1258382,1982,10,288
era5,7/16/1982,158.3346685,1982,10,289
era5,7/17/1982,151.5579244,1982,10,290
era5,7/18/1982,145.3937993,1982,10,291
era5,7/19/1982,138.7277481,1982,10,292
era5,7/20/1982,131.5862145,1982,10,293
era5,7/21/1982,125.5908582,1982,10,294
era5,7/22/1982,119.8371779,1982,10,295
era5,7/23/1982,113.1553321,1982,10,296
era5,7/24/1982,106.164865,1982,10,297
era5,7/25/1982,99.38960235,1982,10,298
era5,7/26/1982,92.95894706,1982,10,299
era5,7/27/1982,87.42257088,1982,10,300
era5,7/28/1982,80.52760324,1982,10,301
era5,7/29/1982,73.05956953,1982,10,302
era5,7/30/1982,65.67718956,1982,10,303
era5,7/31/1982,58.28924036,1982,10,304
era5,8/1/1982,52.32493403,1982,11,305
era5,8/2/1982,47.94504703,1982,11,306
era5,8/3/1982,45.340505,1982,11,307
era5,8/4/1982,43.34514235,1982,11,308
era5,8/5/1982,41.41718706,1982,11,309
era5,8/6/1982,39.22414088,1982,11,310
era5,8/7/1982,36.65002971,1982,11,311
era5,8/8/1982,33.71971206,1982,11,312
era5,8/9/1982,30.69254941,1982,11,313
era5,8/10/1982,27.93537441,1982,11,314
era5,8/11/1982,25.56545618,1982,11,315
era5,8/12/1982,23.18050882,1982,11,316
era5,8/13/1982,20.51602441,1982,11,317
era5,8/14/1982,17.94582353,1982,11,318
era5,8/15/1982,15.68891471,1982,11,319
era5,8/16/1982,13.12409038,1982,11,320
era5,8/17/1982,10.45408174,1982,11,321
era5,8/18/1982,8.032306595,1982,11,322
era5,8/19/1982,6.879983809,1982,11,323
era5,8/20/1982,5.927926471,1982,11,324
era5,8/21/1982,5.062071765,1982,11,325
era5,8/22/1982,4.406383824,1982,11,326
era5,8/23/1982,3.711631324,1982,11,327
era5,8/24/1982,2.998904412,1982,11,328
era5,8/25/1982,2.094023971,1982,11,329
era5,8/26/1982,1.228705,1982,11,330
era5,8/27/1982,0.595921676,1982,11,331
era5,8/28/1982,0.127367959,1982,11,332
era5,8/29/1982,0,1982,11,333
era5,8/30/1982,0,1982,11,334
era5,8/31/1982,0,1982,11,335
era5,9/1/1982,0,1982,12,336
era5,9/2/1982,0,1982,12,337
era5,9/3/1982,0,1982,12,338
era5,9/4/1982,0,1982,12,339
era5,9/5/1982,0,1982,12,340
era5,9/6/1982,0,1982,12,341
era5,9/7/1982,0,1982,12,342
era5,9/8/1982,0,1982,12,343
era5,9/9/1982,0,1982,12,344
era5,9/10/1982,0,1982,12,345
era5,9/11/1982,0,1982,12,346
era5,9/12/1982,0,1982,12,347
era5,9/13/1982,0,1982,12,348
era5,9/14/1982,0,1982,12,349
era5,9/15/1982,0,1982,12,350
era5,9/16/1982,9.71E-06,1982,12,351
era5,9/17/1982,1.07E-05,1982,12,352
era5,9/18/1982,0,1982,12,353
era5,9/19/1982,0,1982,12,354
era5,9/20/1982,0,1982,12,355
era5,9/21/1982,0,1982,12,356
era5,9/22/1982,0,1982,12,357
era5,9/23/1982,0,1982,12,358
era5,9/24/1982,0,1982,12,359
era5,9/25/1982,0,1982,12,360
era5,9/26/1982,1.30E-06,1982,12,361
era5,9/27/1982,0.31768186,1982,12,362
era5,9/28/1982,0.320975018,1982,12,363
era5,9/29/1982,0.179442318,1982,12,364
era5,9/30/1982,0.267392201,1982,12,365
era5,10/1/1982,0.193253424,1983,1,1
era5,10/2/1982,0.11094891,1983,1,2
era5,10/3/1982,0,1983,1,3
era5,10/4/1982,0,1983,1,4
era5,10/5/1982,0,1983,1,5
era5,10/6/1982,0,1983,1,6
era5,10/7/1982,0.058730812,1983,1,7
era5,10/8/1982,0,1983,1,8
era5,10/9/1982,0,1983,1,9
era5,10/10/1982,0,1983,1,10
era5,10/11/1982,0,1983,1,11
era5,10/12/1982,0,1983,1,12
era5,10/13/1982,0,1983,1,13
era5,10/14/1982,0,1983,1,14
era5,10/15/1982,0,1983,1,15
era5,10/16/1982,0,1983,1,16
era5,10/17/1982,0,1983,1,17
era5,10/18/1982,0,1983,1,18
era5,10/19/1982,0,1983,1,19
era5,10/20/1982,0,1983,1,20
era5,10/21/1982,0,1983,1,21
era5,10/22/1982,1.710787574,1983,1,22
era5,10/23/1982,5.333562574,1983,1,23
era5,10/24/1982,5.936014646,1983,1,24
era5,10/25/1982,5.191097406,1983,1,25
era5,10/26/1982,18.08789395,1983,1,26
era5,10/27/1982,29.17963881,1983,1,27
era5,10/28/1982,28.83494066,1983,1,28
era5,10/29/1982,27.5513745,1983,1,29
era5,10/30/1982,39.91498789,1983,1,30
era5,10/31/1982,52.34904738,1983,1,31
era5,11/1/1982,51.55727442,1983,2,32
era5,11/2/1982,49.6993375,1983,2,33
era5,11/3/1982,48.51874426,1983,2,34
era5,11/4/1982,47.35247303,1983,2,35
era5,11/5/1982,46.11060234,1983,2,36
era5,11/6/1982,45.15649681,1983,2,37
era5,11/7/1982,44.55151031,1983,2,38
era5,11/8/1982,45.43551592,1983,2,39
era5,11/9/1982,58.52100787,1983,2,40
era5,11/10/1982,78.27738232,1983,2,41
era5,11/11/1982,85.13970359,1983,2,42
era5,11/12/1982,85.39418759,1983,2,43
era5,11/13/1982,85.23516474,1983,2,44
era5,11/14/1982,84.80514097,1983,2,45
era5,11/15/1982,83.51621032,1983,2,46
era5,11/16/1982,82.33579732,1983,2,47
era5,11/17/1982,81.38215618,1983,2,48
era5,11/18/1982,91.69503585,1983,2,49
era5,11/19/1982,161.0183035,1983,2,50
era5,11/20/1982,174.5355173,1983,2,51
era5,11/21/1982,174.670731,1983,2,52
era5,11/22/1982,175.0849778,1983,2,53
era5,11/23/1982,188.2996604,1983,2,54
era5,11/24/1982,190.4756627,1983,2,55
era5,11/25/1982,190.0404612,1983,2,56
era5,11/26/1982,189.0811469,1983,2,57
era5,11/27/1982,188.3380305,1983,2,58
era5,11/28/1982,194.1065364,1983,2,59
era5,11/29/1982,227.9376714,1983,2,60
era5,11/30/1982,312.5462001,1983,2,61
era5,12/1/1982,390.009595,1983,3,62
era5,12/2/1982,396.7892594,1983,3,63
era5,12/3/1982,397.4738629,1983,3,64
era5,12/4/1982,397.1910562,1983,3,65
era5,12/5/1982,395.9590179,1983,3,66
era5,12/6/1982,394.3688947,1983,3,67
era5,12/7/1982,392.9449438,1983,3,68
era5,12/8/1982,393.7021553,1983,3,69
era5,12/9/1982,395.2057506,1983,3,70
era5,12/10/1982,393.6285509,1983,3,71
era5,12/11/1982,392.3927168,1983,3,72
era5,12/12/1982,391.3776279,1983,3,73
era5,12/13/1982,393.8417038,1983,3,74
era5,12/14/1982,395.5777303,1983,3,75
era5,12/15/1982,395.3873188,1983,3,76
era5,12/16/1982,397.4085938,1983,3,77
era5,12/17/1982,402.780785,1983,3,78
era5,12/18/1982,408.9965741,1983,3,79
era5,12/19/1982,408.5284044,1983,3,80
era5,12/20/1982,408.0257018,1983,3,81
era5,12/21/1982,421.7792074,1983,3,82
era5,12/22/1982,499.2082726,1983,3,83
era5,12/23/1982,602.775495,1983,3,84
era5,12/24/1982,618.4665638,1983,3,85
era5,12/25/1982,618.1967232,1983,3,86
era5,12/26/1982,617.5904585,1983,3,87
era5,12/27/1982,616.9604018,1983,3,88
era5,12/28/1982,616.5259844,1983,3,89
era5,12/29/1982,616.5928926,1983,3,90
era5,12/30/1982,618.5706176,1983,3,91
era5,12/31/1982,618.3293468,1983,3,92
era5,1/1/1983,618.0862765,1983,4,93
era5,1/2/1983,617.8759991,1983,4,94
era5,1/3/1983,617.7325985,1983,4,95
era5,1/4/1983,617.4326506,1983,4,96
era5,1/5/1983,615.6561991,1983,4,97
era5,1/6/1983,613.2804771,1983,4,98
era5,1/7/1983,611.4952135,1983,4,99
era5,1/8/1983,609.1081571,1983,4,100
era5,1/9/1983,607.390915,1983,4,101
era5,1/10/1983,605.7380712,1983,4,102
era5,1/11/1983,602.8325129,1983,4,103
era5,1/12/1983,598.7421544,1983,4,104
era5,1/13/1983,596.2357724,1983,4,105
era5,1/14/1983,594.6527951,1983,4,106
era5,1/15/1983,592.891996,1983,4,107
era5,1/16/1983,601.2606712,1983,4,108
era5,1/17/1983,609.3377662,1983,4,109
era5,1/18/1983,611.2585438,1983,4,110
era5,1/19/1983,648.7720164,1983,4,111
era5,1/20/1983,659.4479396,1983,4,112
era5,1/21/1983,659.8027362,1983,4,113
era5,1/22/1983,664.8196089,1983,4,114
era5,1/23/1983,726.1770809,1983,4,115
era5,1/24/1983,774.8716398,1983,4,116
era5,1/25/1983,816.749632,1983,4,117
era5,1/26/1983,816.5154935,1983,4,118
era5,1/27/1983,856.1786227,1983,4,119
era5,1/28/1983,897.7421291,1983,4,120
era5,1/29/1983,919.7967075,1983,4,121
era5,1/30/1983,943.5057569,1983,4,122
era5,1/31/1983,944.5359047,1983,4,123
era5,2/1/1983,944.5857743,1983,5,124
era5,2/2/1983,945.7953498,1983,5,125
era5,2/3/1983,956.1553061,1983,5,126
era5,2/4/1983,962.6028762,1983,5,127
era5,2/5/1983,969.0810529,1983,5,128
era5,2/6/1983,979.9293385,1983,5,129
era5,2/7/1983,1030.295817,1983,5,130
era5,2/8/1983,1100.261241,1983,5,131
era5,2/9/1983,1121.322952,1983,5,132
era5,2/10/1983,1124.643259,1983,5,133
era5,2/11/1983,1124.334349,1983,5,134
era5,2/12/1983,1125.001739,1983,5,135
era5,2/13/1983,1165.015202,1983,5,136
era5,2/14/1983,1173.607259,1983,5,137
era5,2/15/1983,1172.697423,1983,5,138
era5,2/16/1983,1170.710966,1983,5,139
era5,2/17/1983,1169.150186,1983,5,140
era5,2/18/1983,1172.803025,1983,5,141
era5,2/19/1983,1195.427113,1983,5,142
era5,2/20/1983,1195.112104,1983,5,143
era5,2/21/1983,1193.020262,1983,5,144
era5,2/22/1983,1190.664333,1983,5,145
era5,2/23/1983,1187.329131,1983,5,146
era5,2/24/1983,1185.002276,1983,5,147
era5,2/25/1983,1190.399891,1983,5,148
era5,2/26/1983,1228.658147,1983,5,149
era5,2/27/1983,1261.874901,1983,5,150
era5,2/28/1983,1294.043707,1983,5,151
era5,3/1/1983,1351.426052,1983,6,152
era5,3/2/1983,1418.569248,1983,6,153
era5,3/3/1983,1455.354294,1983,6,154
era5,3/4/1983,1464.873141,1983,6,155
era5,3/5/1983,1471.560381,1983,6,156
era5,3/6/1983,1472.942911,1983,6,157
era5,3/7/1983,1476.666639,1983,6,158
era5,3/8/1983,1481.052513,1983,6,159
era5,3/9/1983,1477.645575,1983,6,160
era5,3/10/1983,1471.782272,1983,6,161
era5,3/11/1983,1467.970964,1983,6,162
era5,3/12/1983,1467.506563,1983,6,163
era5,3/13/1983,1476.271541,1983,6,164
era5,3/14/1983,1509.641621,1983,6,165
era5,3/15/1983,1511.554109,1983,6,166
era5,3/16/1983,1510.544141,1983,6,167
era5,3/17/1983,1531.875211,1983,6,168
era5,3/18/1983,1560.679652,1983,6,169
era5,3/19/1983,1573.638603,1983,6,170
era5,3/20/1983,1574.999223,1983,6,171
era5,3/21/1983,1588.826793,1983,6,172
era5,3/22/1983,1603.783417,1983,6,173
era5,3/23/1983,1622.512699,1983,6,174
era5,3/24/1983,1655.565508,1983,6,175
era5,3/25/1983,1683.888122,1983,6,176
era5,3/26/1983,1688.758902,1983,6,177
era5,3/27/1983,1693.358913,1983,6,178
era5,3/28/1983,1701.588703,1983,6,179
era5,3/29/1983,1701.804034,1983,6,180
era5,3/30/1983,1699.007247,1983,6,181
era5,3/31/1983,1692.642575,1983,6,182
era5,4/1/1983,1688.124824,1983,7,183
era5,4/2/1983,1683.355821,1983,7,184
era5,4/3/1983,1679.667231,1983,7,185
era5,4/4/1983,1680.172186,1983,7,186
era5,4/5/1983,1681.303599,1983,7,187
era5,4/6/1983,1681.230962,1983,7,188
era5,4/7/1983,1680.289186,1983,7,189
era5,4/8/1983,1678.657956,1983,7,190
era5,4/9/1983,1675.486375,1983,7,191
era5,4/10/1983,1672.622424,1983,7,192
era5,4/11/1983,1675.800365,1983,7,193
era5,4/12/1983,1682.126353,1983,7,194
era5,4/13/1983,1687.092234,1983,7,195
era5,4/14/1983,1687.748441,1983,7,196
era5,4/15/1983,1686.871157,1983,7,197
era5,4/16/1983,1683.706812,1983,7,198
era5,4/17/1983,1677.765076,1983,7,199
era5,4/18/1983,1689.059256,1983,7,200
era5,4/19/1983,1705.005558,1983,7,201
era5,4/20/1983,1707.519005,1983,7,202
era5,4/21/1983,1712.111622,1983,7,203
era5,4/22/1983,1709.778218,1983,7,204
era5,4/23/1983,1705.779078,1983,7,205
era5,4/24/1983,1728.450665,1983,7,206
era5,4/25/1983,1748.608029,1983,7,207
era5,4/26/1983,1751.595896,1983,7,208
era5,4/27/1983,1750.138,1983,7,209
era5,4/28/1983,1772.323147,1983,7,210
era5,4/29/1983,1798.103671,1983,7,211
era5,4/30/1983,1825.144635,1983,7,212
era5,5/1/1983,1837.236696,1983,8,213
era5,5/2/1983,1840.153955,1983,8,214
era5,5/3/1983,1835.28568,1983,8,215
era5,5/4/1983,1828.176828,1983,8,216
era5,5/5/1983,1826.824276,1983,8,217
era5,5/6/1983,1836.842574,1983,8,218
era5,5/7/1983,1835.057606,1983,8,219
era5,5/8/1983,1827.850381,1983,8,220
era5,5/9/1983,1821.671499,1983,8,221
era5,5/10/1983,1816.373444,1983,8,222
era5,5/11/1983,1812.685782,1983,8,223
era5,5/12/1983,1807.49118,1983,8,224
era5,5/13/1983,1800.432179,1983,8,225
era5,5/14/1983,1792.734758,1983,8,226
era5,5/15/1983,1782.534298,1983,8,227
era5,5/16/1983,1771.741902,1983,8,228
era5,5/17/1983,1763.631016,1983,8,229
era5,5/18/1983,1750.705021,1983,8,230
era5,5/19/1983,1732.869397,1983,8,231
era5,5/20/1983,1713.405083,1983,8,232
era5,5/21/1983,1691.574947,1983,8,233
era5,5/22/1983,1667.071352,1983,8,234
era5,5/23/1983,1640.027225,1983,8,235
era5,5/24/1983,1610.382308,1983,8,236
era5,5/25/1983,1580.61216,1983,8,237
era5,5/26/1983,1550.587841,1983,8,238
era5,5/27/1983,1519.263338,1983,8,239
era5,5/28/1983,1485.618629,1983,8,240
era5,5/29/1983,1449.631689,1983,8,241
era5,5/30/1983,1416.280306,1983,8,242
era5,5/31/1983,1387.703566,1983,8,243
era5,6/1/1983,1365.644687,1983,9,244
era5,6/2/1983,1349.831607,1983,9,245
era5,6/3/1983,1334.423167,1983,9,246
era5,6/4/1983,1314.323517,1983,9,247
era5,6/5/1983,1289.482233,1983,9,248
era5,6/6/1983,1261.068939,1983,9,249
era5,6/7/1983,1233.513864,1983,9,250
era5,6/8/1983,1209.217765,1983,9,251
era5,6/9/1983,1186.889004,1983,9,252
era5,6/10/1983,1162.233527,1983,9,253
era5,6/11/1983,1137.626321,1983,9,254
era5,6/12/1983,1118.138469,1983,9,255
era5,6/13/1983,1102.149021,1983,9,256
era5,6/14/1983,1081.411814,1983,9,257
era5,6/15/1983,1058.239771,1983,9,258
era5,6/16/1983,1034.601698,1983,9,259
era5,6/17/1983,1008.053484,1983,9,260
era5,6/18/1983,981.4869852,1983,9,261
era5,6/19/1983,961.4142347,1983,9,262
era5,6/20/1983,944.5412609,1983,9,263
era5,6/21/1983,926.0730703,1983,9,264
era5,6/22/1983,905.7193659,1983,9,265
era5,6/23/1983,883.147581,1983,9,266
era5,6/24/1983,861.8073589,1983,9,267
era5,6/25/1983,842.5848922,1983,9,268
era5,6/26/1983,823.2940994,1983,9,269
era5,6/27/1983,804.5536947,1983,9,270
era5,6/28/1983,786.3920685,1983,9,271
era5,6/29/1983,766.4256215,1983,9,272
era5,6/30/1983,747.9637559,1983,9,273
era5,7/1/1983,729.9866568,1983,10,274
era5,7/2/1983,707.7775559,1983,10,275
era5,7/3/1983,685.7725312,1983,10,276
era5,7/4/1983,661.3210897,1983,10,277
era5,7/5/1983,633.8468115,1983,10,278
era5,7/6/1983,607.3656824,1983,10,279
era5,7/7/1983,583.6258315,1983,10,280
era5,7/8/1983,563.27448,1983,10,281
era5,7/9/1983,547.0257281,1983,10,282
era5,7/10/1983,533.9514154,1983,10,283
era5,7/11/1983,517.1986074,1983,10,284
era5,7/12/1983,499.141555,1983,10,285
era5,7/13/1983,478.9651106,1983,10,286
era5,7/14/1983,456.0826186,1983,10,287
era5,7/15/1983,433.6837971,1983,10,288
era5,7/16/1983,418.0800815,1983,10,289
era5,7/17/1983,405.8604932,1983,10,290
era5,7/18/1983,394.3682946,1983,10,291
era5,7/19/1983,382.0056893,1983,10,292
era5,7/20/1983,371.1555177,1983,10,293
era5,7/21/1983,359.2829526,1983,10,294
era5,7/22/1983,344.429211,1983,10,295
era5,7/23/1983,330.5284257,1983,10,296
era5,7/24/1983,318.3289932,1983,10,297
era5,7/25/1983,307.0216989,1983,10,298
era5,7/26/1983,298.2100379,1983,10,299
era5,7/27/1983,289.4398879,1983,10,300
era5,7/28/1983,279.2112474,1983,10,301
era5,7/29/1983,267.7559603,1983,10,302
era5,7/30/1983,254.6579089,1983,10,303
era5,7/31/1983,241.227595,1983,10,304
era5,8/1/1983,229.6352087,1983,11,305
era5,8/2/1983,217.275588,1983,11,306
era5,8/3/1983,204.7121798,1983,11,307
era5,8/4/1983,193.2687244,1983,11,308
era5,8/5/1983,182.297875,1983,11,309
era5,8/6/1983,169.925671,1983,11,310
era5,8/7/1983,158.9493643,1983,11,311
era5,8/8/1983,149.293055,1983,11,312
era5,8/9/1983,140.0710874,1983,11,313
era5,8/10/1983,130.9755474,1983,11,314
era5,8/11/1983,122.4571376,1983,11,315
era5,8/12/1983,115.8990356,1983,11,316
era5,8/13/1983,108.7115408,1983,11,317
era5,8/14/1983,100.8808709,1983,11,318
era5,8/15/1983,93.25125126,1983,11,319
era5,8/16/1983,86.18825682,1983,11,320
era5,8/17/1983,80.93577309,1983,11,321
era5,8/18/1983,76.33888709,1983,11,322
era5,8/19/1983,72.56418559,1983,11,323
era5,8/20/1983,69.95045976,1983,11,324
era5,8/21/1983,67.16402947,1983,11,325
era5,8/22/1983,64.51797029,1983,11,326
era5,8/23/1983,62.52302353,1983,11,327
era5,8/24/1983,60.60405349,1983,11,328
era5,8/25/1983,58.94498853,1983,11,329
era5,8/26/1983,56.90774279,1983,11,330
era5,8/27/1983,54.59043118,1983,11,331
era5,8/28/1983,51.87896341,1983,11,332
era5,8/29/1983,49.08563482,1983,11,333
era5,8/30/1983,46.38834209,1983,11,334
era5,8/31/1983,43.45390665,1983,11,335
era5,9/1/1983,0,1983,12,336
era5,9/2/1983,0,1983,12,337
era5,9/3/1983,0,1983,12,338
era5,9/4/1983,0,1983,12,339
era5,9/5/1983,0,1983,12,340
era5,9/6/1983,0,1983,12,341
era5,9/7/1983,0,1983,12,342
era5,9/8/1983,0,1983,12,343
era5,9/9/1983,0,1983,12,344
era5,9/10/1983,0,1983,12,345
era5,9/11/1983,0,1983,12,346
era5,9/12/1983,0,1983,12,347
era5,9/13/1983,0,1983,12,348
era5,9/14/1983,0,1983,12,349
era5,9/15/1983,0,1983,12,350
era5,9/16/1983,0,1983,12,351
era5,9/17/1983,0,1983,12,352
era5,9/18/1983,0,1983,12,353
era5,9/19/1983,0,1983,12,354
era5,9/20/1983,0,1983,12,355
era5,9/21/1983,0,1983,12,356
era5,9/22/1983,0,1983,12,357
era5,9/23/1983,3.10E-06,1983,12,358
era5,9/24/1983,0,1983,12,359
era5,9/25/1983,0,1983,12,360
era5,9/26/1983,8.91E-06,1983,12,361
era5,9/27/1983,1.85E-05,1983,12,362
era5,9/28/1983,1.34E-06,1983,12,363
era5,9/29/1983,0.204221527,1983,12,364
era5,9/30/1983,7.467398301,1983,12,365
era5,10/1/1983,14.05874708,1984,1,1
era5,10/2/1983,16.59429119,1984,1,2
era5,10/3/1983,14.74196534,1984,1,3
era5,10/4/1983,11.07117896,1984,1,4
era5,10/5/1983,7.5287514,1984,1,5
era5,10/6/1983,4.625698894,1984,1,6
era5,10/7/1983,2.550564868,1984,1,7
era5,10/8/1983,1.1836766,1984,1,8
era5,10/9/1983,0.225294393,1984,1,9
era5,10/10/1983,0.040222803,1984,1,10
era5,10/11/1983,0,1984,1,11
era5,10/12/1983,0,1984,1,12
era5,10/13/1983,0,1984,1,13
era5,10/14/1983,0,1984,1,14
era5,10/15/1983,0,1984,1,15
era5,10/16/1983,0,1984,1,16
era5,10/17/1983,0,1984,1,17
era5,10/18/1983,0,1984,1,18
era5,10/19/1983,0,1984,1,19
era5,10/20/1983,0,1984,1,20
era5,10/21/1983,0,1984,1,21
era5,10/22/1983,0,1984,1,22
era5,10/23/1983,0,1984,1,23
era5,10/24/1983,0,1984,1,24
era5,10/25/1983,0,1984,1,25
era5,10/26/1983,0,1984,1,26
era5,10/27/1983,0,1984,1,27
era5,10/28/1983,3.42E-05,1984,1,28
era5,10/29/1983,0.019394885,1984,1,29
era5,10/30/1983,0.718872104,1984,1,30
era5,10/31/1983,1.293729037,1984,1,31
era5,11/1/1983,3.207434723,1984,2,32
era5,11/2/1983,7.019888283,1984,2,33
era5,11/3/1983,6.624592432,1984,2,34
era5,11/4/1983,5.643922471,1984,2,35
era5,11/5/1983,4.469933479,1984,2,36
era5,11/6/1983,3.562000041,1984,2,37
era5,11/7/1983,3.820400115,1984,2,38
era5,11/8/1983,4.900855228,1984,2,39
era5,11/9/1983,4.72104525,1984,2,40
era5,11/10/1983,6.180277799,1984,2,41
era5,11/11/1983,39.7887443,1984,2,42
era5,11/12/1983,58.70841025,1984,2,43
era5,11/13/1983,71.57620623,1984,2,44
era5,11/14/1983,98.57994615,1984,2,45
era5,11/15/1983,99.53429691,1984,2,46
era5,11/16/1983,99.16533343,1984,2,47
era5,11/17/1983,108.0918744,1984,2,48
era5,11/18/1983,129.4144888,1984,2,49
era5,11/19/1983,130.6226602,1984,2,50
era5,11/20/1983,159.5806393,1984,2,51
era5,11/21/1983,186.8058447,1984,2,52
era5,11/22/1983,190.0706838,1984,2,53
era5,11/23/1983,191.0695778,1984,2,54
era5,11/24/1983,216.1836323,1984,2,55
era5,11/25/1983,285.0418169,1984,2,56
era5,11/26/1983,290.5602837,1984,2,57
era5,11/27/1983,290.2465362,1984,2,58
era5,11/28/1983,289.5329803,1984,2,59
era5,11/29/1983,288.7629158,1984,2,60
era5,11/30/1983,289.1238287,1984,2,61
era5,12/1/1983,291.998343,1984,3,62
era5,12/2/1983,293.5149015,1984,3,63
era5,12/3/1983,301.7738468,1984,3,64
era5,12/4/1983,364.1329866,1984,3,65
era5,12/5/1983,371.1429336,1984,3,66
era5,12/6/1983,371.5006007,1984,3,67
era5,12/7/1983,371.76422,1984,3,68
era5,12/8/1983,372.9857578,1984,3,69
era5,12/9/1983,377.3279515,1984,3,70
era5,12/10/1983,430.5925644,1984,3,71
era5,12/11/1983,441.7839725,1984,3,72
era5,12/12/1983,467.9933597,1984,3,73
era5,12/13/1983,469.5219997,1984,3,74
era5,12/14/1983,469.4364062,1984,3,75
era5,12/15/1983,467.7150553,1984,3,76
era5,12/16/1983,465.5886359,1984,3,77
era5,12/17/1983,464.9249847,1984,3,78
era5,12/18/1983,464.7473163,1984,3,79
era5,12/19/1983,464.0645332,1984,3,80
era5,12/20/1983,463.6754657,1984,3,81
era5,12/21/1983,463.5169659,1984,3,82
era5,12/22/1983,464.1349474,1984,3,83
era5,12/23/1983,475.0022305,1984,3,84
era5,12/24/1983,509.3750244,1984,3,85
era5,12/25/1983,560.0466301,1984,3,86
era5,12/26/1983,589.4399504,1984,3,87
era5,12/27/1983,599.6586918,1984,3,88
era5,12/28/1983,604.2203603,1984,3,89
era5,12/29/1983,603.940261,1984,3,90
era5,12/30/1983,604.6749111,1984,3,91
era5,12/31/1983,610.6222112,1984,3,92
era5,1/1/1984,609.5269506,1984,4,93
era5,1/2/1984,607.71476,1984,4,94
era5,1/3/1984,605.4983081,1984,4,95
era5,1/4/1984,600.4456937,1984,4,96
era5,1/5/1984,594.8429647,1984,4,97
era5,1/6/1984,591.4555276,1984,4,98
era5,1/7/1984,588.9513996,1984,4,99
era5,1/8/1984,587.2805535,1984,4,100
era5,1/9/1984,585.7638375,1984,4,101
era5,1/10/1984,584.6122749,1984,4,102
era5,1/11/1984,583.9794184,1984,4,103
era5,1/12/1984,583.5926751,1984,4,104
era5,1/13/1984,583.3513056,1984,4,105
era5,1/14/1984,584.1724699,1984,4,106
era5,1/15/1984,584.7800999,1984,4,107
era5,1/16/1984,591.5593759,1984,4,108
era5,1/17/1984,597.2091533,1984,4,109
era5,1/18/1984,597.3253559,1984,4,110
era5,1/19/1984,597.1865122,1984,4,111
era5,1/20/1984,596.990205,1984,4,112
era5,1/21/1984,597.1210668,1984,4,113
era5,1/22/1984,597.6868298,1984,4,114
era5,1/23/1984,597.4626124,1984,4,115
era5,1/24/1984,596.0318637,1984,4,116
era5,1/25/1984,593.3308166,1984,4,117
era5,1/26/1984,591.5589415,1984,4,118
era5,1/27/1984,590.4308611,1984,4,119
era5,1/28/1984,587.4633589,1984,4,120
era5,1/29/1984,584.0993752,1984,4,121
era5,1/30/1984,580.9579787,1984,4,122
era5,1/31/1984,578.0744786,1984,4,123
era5,2/1/1984,576.2502099,1984,5,124
era5,2/2/1984,575.9338345,1984,5,125
era5,2/3/1984,574.70833,1984,5,126
era5,2/4/1984,573.11743,1984,5,127
era5,2/5/1984,570.9906856,1984,5,128
era5,2/6/1984,570.2249005,1984,5,129
era5,2/7/1984,569.6082979,1984,5,130
era5,2/8/1984,568.9470354,1984,5,131
era5,2/9/1984,570.0534826,1984,5,132
era5,2/10/1984,583.53994,1984,5,133
era5,2/11/1984,587.7185389,1984,5,134
era5,2/12/1984,588.7648331,1984,5,135
era5,2/13/1984,591.750388,1984,5,136
era5,2/14/1984,617.8277879,1984,5,137
era5,2/15/1984,621.3283267,1984,5,138
era5,2/16/1984,641.6762315,1984,5,139
era5,2/17/1984,657.4543037,1984,5,140
era5,2/18/1984,657.7357724,1984,5,141
era5,2/19/1984,657.5848639,1984,5,142
era5,2/20/1984,656.6614125,1984,5,143
era5,2/21/1984,655.7576951,1984,5,144
era5,2/22/1984,655.4932379,1984,5,145
era5,2/23/1984,655.041047,1984,5,146
era5,2/24/1984,654.2668598,1984,5,147
era5,2/25/1984,656.1947267,1984,5,148
era5,2/26/1984,656.2993964,1984,5,149
era5,2/27/1984,655.5925335,1984,5,150
era5,2/28/1984,654.4800577,1984,5,151
era5,2/29/1984,653.4798654,1984,5,152
era5,3/1/1984,652.34446,1984,6,153
era5,3/2/1984,651.0582347,1984,6,154
era5,3/3/1984,650.0976647,1984,6,155
era5,3/4/1984,648.6289006,1984,6,156
era5,3/5/1984,647.4232808,1984,6,157
era5,3/6/1984,646.5985915,1984,6,158
era5,3/7/1984,645.3361504,1984,6,159
era5,3/8/1984,642.9558303,1984,6,160
era5,3/9/1984,640.5522171,1984,6,161
era5,3/10/1984,637.9658238,1984,6,162
era5,3/11/1984,634.5994719,1984,6,163
era5,3/12/1984,632.4189512,1984,6,164
era5,3/13/1984,630.5784518,1984,6,165
era5,3/14/1984,663.6289997,1984,6,166
era5,3/15/1984,675.4022705,1984,6,167
era5,3/16/1984,682.2412506,1984,6,168
era5,3/17/1984,688.3368206,1984,6,169
era5,3/18/1984,691.8369007,1984,6,170
era5,3/19/1984,689.7274285,1984,6,171
era5,3/20/1984,685.2693035,1984,6,172
era5,3/21/1984,681.2089827,1984,6,173
era5,3/22/1984,677.2006956,1984,6,174
era5,3/23/1984,673.0845426,1984,6,175
era5,3/24/1984,668.1286068,1984,6,176
era5,3/25/1984,663.5135894,1984,6,177
era5,3/26/1984,659.2680424,1984,6,178
era5,3/27/1984,656.355055,1984,6,179
era5,3/28/1984,654.1445556,1984,6,180
era5,3/29/1984,651.3293415,1984,6,181
era5,3/30/1984,649.6966535,1984,6,182
era5,3/31/1984,650.3746747,1984,6,183
era5,4/1/1984,660.8695038,1984,7,184
era5,4/2/1984,666.0256233,1984,7,185
era5,4/3/1984,665.1331125,1984,7,186
era5,4/4/1984,662.8844999,1984,7,187
era5,4/5/1984,660.6857035,1984,7,188
era5,4/6/1984,659.4811452,1984,7,189
era5,4/7/1984,658.4573121,1984,7,190
era5,4/8/1984,655.9255317,1984,7,191
era5,4/9/1984,656.2354783,1984,7,192
era5,4/10/1984,655.8459651,1984,7,193
era5,4/11/1984,653.9809874,1984,7,194
era5,4/12/1984,651.0815865,1984,7,195
era5,4/13/1984,646.4214029,1984,7,196
era5,4/14/1984,639.1306532,1984,7,197
era5,4/15/1984,629.4495782,1984,7,198
era5,4/16/1984,617.8333121,1984,7,199
era5,4/17/1984,607.1599126,1984,7,200
era5,4/18/1984,602.1255179,1984,7,201
era5,4/19/1984,613.541635,1984,7,202
era5,4/20/1984,625.7843057,1984,7,203
era5,4/21/1984,625.5322034,1984,7,204
era5,4/22/1984,621.2631127,1984,7,205
era5,4/23/1984,615.0146881,1984,7,206
era5,4/24/1984,607.1548756,1984,7,207
era5,4/25/1984,601.6820691,1984,7,208
era5,4/26/1984,602.5969501,1984,7,209
era5,4/27/1984,603.3780417,1984,7,210
era5,4/28/1984,605.40749,1984,7,211
era5,4/29/1984,604.9637998,1984,7,212
era5,4/30/1984,603.2229303,1984,7,213
era5,5/1/1984,600.0793765,1984,8,214
era5,5/2/1984,600.3336404,1984,8,215
era5,5/3/1984,595.1901991,1984,8,216
era5,5/4/1984,588.4846438,1984,8,217
era5,5/5/1984,582.6718293,1984,8,218
era5,5/6/1984,578.3549515,1984,8,219
era5,5/7/1984,571.9828221,1984,8,220
era5,5/8/1984,561.1129024,1984,8,221
era5,5/9/1984,547.3974149,1984,8,222
era5,5/10/1984,533.3187017,1984,8,223
era5,5/11/1984,518.8013466,1984,8,224
era5,5/12/1984,503.7315924,1984,8,225
era5,5/13/1984,489.339342,1984,8,226
era5,5/14/1984,474.0212021,1984,8,227
era5,5/15/1984,463.0476553,1984,8,228
era5,5/16/1984,457.0791325,1984,8,229
era5,5/17/1984,446.7679988,1984,8,230
era5,5/18/1984,435.8157627,1984,8,231
era5,5/19/1984,421.7069323,1984,8,232
era5,5/20/1984,405.0332447,1984,8,233
era5,5/21/1984,388.8532502,1984,8,234
era5,5/22/1984,374.3095676,1984,8,235
era5,5/23/1984,357.7300725,1984,8,236
era5,5/24/1984,341.3294432,1984,8,237
era5,5/25/1984,326.9338168,1984,8,238
era5,5/26/1984,312.64817,1984,8,239
era5,5/27/1984,298.3993409,1984,8,240
era5,5/28/1984,283.4288985,1984,8,241
era5,5/29/1984,267.2770996,1984,8,242
era5,5/30/1984,250.1685864,1984,8,243
era5,5/31/1984,234.8703071,1984,8,244
era5,6/1/1984,222.1338777,1984,9,245
era5,6/2/1984,212.3386894,1984,9,246
era5,6/3/1984,203.119933,1984,9,247
era5,6/4/1984,195.0576768,1984,9,248
era5,6/5/1984,192.8077955,1984,9,249
era5,6/6/1984,187.9634126,1984,9,250
era5,6/7/1984,183.6362482,1984,9,251
era5,6/8/1984,179.9253534,1984,9,252
era5,6/9/1984,176.8009688,1984,9,253
era5,6/10/1984,172.9989685,1984,9,254
era5,6/11/1984,170.0621,1984,9,255
era5,6/12/1984,165.3550447,1984,9,256
era5,6/13/1984,159.6972562,1984,9,257
era5,6/14/1984,153.3683626,1984,9,258
era5,6/15/1984,146.2801881,1984,9,259
era5,6/16/1984,138.7613953,1984,9,260
era5,6/17/1984,129.9220953,1984,9,261
era5,6/18/1984,122.5443456,1984,9,262
era5,6/19/1984,115.6187528,1984,9,263
era5,6/20/1984,109.8315039,1984,9,264
era5,6/21/1984,104.7422662,1984,9,265
era5,6/22/1984,99.49758088,1984,9,266
era5,6/23/1984,93.10684912,1984,9,267
era5,6/24/1984,86.67192488,1984,9,268
era5,6/25/1984,80.14874644,1984,9,269
era5,6/26/1984,73.60153059,1984,9,270
era5,6/27/1984,67.09118059,1984,9,271
era5,6/28/1984,59.53273735,1984,9,272
era5,6/29/1984,51.79462265,1984,9,273
era5,6/30/1984,45.12271653,1984,9,274
era5,7/1/1984,38.34954774,1984,10,275
era5,7/2/1984,30.95916016,1984,10,276
era5,7/3/1984,24.76603812,1984,10,277
era5,7/4/1984,19.33127068,1984,10,278
era5,7/5/1984,15.29681585,1984,10,279
era5,7/6/1984,11.31711804,1984,10,280
era5,7/7/1984,8.459067059,1984,10,281
era5,7/8/1984,6.153608294,1984,10,282
era5,7/9/1984,4.199700068,1984,10,283
era5,7/10/1984,2.974024824,1984,10,284
era5,7/11/1984,1.893974118,1984,10,285
era5,7/12/1984,0.899140088,1984,10,286
era5,7/13/1984,0.124296265,1984,10,287
era5,7/14/1984,0,1984,10,288
era5,7/15/1984,0,1984,10,289
era5,7/16/1984,0,1984,10,290
era5,7/17/1984,0,1984,10,291
era5,7/18/1984,0,1984,10,292
era5,7/19/1984,0,1984,10,293
era5,7/20/1984,0,1984,10,294
era5,7/21/1984,0,1984,10,295
era5,7/22/1984,0,1984,10,296
era5,7/23/1984,0,1984,10,297
era5,7/24/1984,0,1984,10,298
era5,7/25/1984,0,1984,10,299
era5,7/26/1984,0,1984,10,300
era5,7/27/1984,0,1984,10,301
era5,7/28/1984,0,1984,10,302
era5,7/29/1984,0,1984,10,303
era5,7/30/1984,0,1984,10,304
era5,7/31/1984,0,1984,10,305
era5,8/1/1984,0,1984,11,306
era5,8/2/1984,0,1984,11,307
era5,8/3/1984,0,1984,11,308
era5,8/4/1984,0,1984,11,309
era5,8/5/1984,0,1984,11,310
era5,8/6/1984,0,1984,11,311
era5,8/7/1984,0,1984,11,312
era5,8/8/1984,0,1984,11,313
era5,8/9/1984,0,1984,11,314
era5,8/10/1984,0,1984,11,315
era5,8/11/1984,0,1984,11,316
era5,8/12/1984,0,1984,11,317
era5,8/13/1984,0,1984,11,318
era5,8/14/1984,0,1984,11,319
era5,8/15/1984,0,1984,11,320
era5,8/16/1984,0,1984,11,321
era5,8/17/1984,0,1984,11,322
era5,8/18/1984,0,1984,11,323
era5,8/19/1984,0,1984,11,324
era5,8/20/1984,0,1984,11,325
era5,8/21/1984,0,1984,11,326
era5,8/22/1984,0,1984,11,327
era5,8/23/1984,0,1984,11,328
era5,8/24/1984,0,1984,11,329
era5,8/25/1984,0,1984,11,330
era5,8/26/1984,0,1984,11,331
era5,8/27/1984,0,1984,11,332
era5,8/28/1984,0,1984,11,333
era5,8/29/1984,0,1984,11,334
era5,8/30/1984,0,1984,11,335
era5,8/31/1984,0,1984,11,336
era5,9/1/1984,0,1984,12,337
era5,9/2/1984,0,1984,12,338
era5,9/3/1984,0,1984,12,339
era5,9/4/1984,0,1984,12,340
era5,9/5/1984,0,1984,12,341
era5,9/6/1984,0,1984,12,342
era5,9/7/1984,0,1984,12,343
era5,9/8/1984,0,1984,12,344
era5,9/9/1984,0,1984,12,345
era5,9/10/1984,0,1984,12,346
era5,9/11/1984,0,1984,12,347
era5,9/12/1984,0,1984,12,348
era5,9/13/1984,0,1984,12,349
era5,9/14/1984,0,1984,12,350
era5,9/15/1984,0,1984,12,351
era5,9/16/1984,0,1984,12,352
era5,9/17/1984,0,1984,12,353
era5,9/18/1984,0,1984,12,354
era5,9/19/1984,0,1984,12,355
era5,9/20/1984,0,1984,12,356
era5,9/21/1984,0,1984,12,357
era5,9/22/1984,0,1984,12,358
era5,9/23/1984,0,1984,12,359
era5,9/24/1984,0,1984,12,360
era5,9/25/1984,0,1984,12,361
era5,9/26/1984,0,1984,12,362
era5,9/27/1984,0,1984,12,363
era5,9/28/1984,0,1984,12,364
era5,9/29/1984,0,1984,12,365
era5,9/30/1984,0.000214878,1984,12,366
era5,10/1/1984,0.478831962,1985,1,1
era5,10/2/1984,0.751867617,1985,1,2
era5,10/3/1984,0.825698062,1985,1,3
era5,10/4/1984,0.740862453,1985,1,4
era5,10/5/1984,0.392795853,1985,1,5
era5,10/6/1984,0.174343362,1985,1,6
era5,10/7/1984,0.075573418,1985,1,7
era5,10/8/1984,0,1985,1,8
era5,10/9/1984,0,1985,1,9
era5,10/10/1984,0,1985,1,10
era5,10/11/1984,2.421203993,1985,1,11
era5,10/12/1984,5.691592949,1985,1,12
era5,10/13/1984,4.160506849,1985,1,13
era5,10/14/1984,1.860209276,1985,1,14
era5,10/15/1984,1.409138574,1985,1,15
era5,10/16/1984,2.368659827,1985,1,16
era5,10/17/1984,29.94692766,1985,1,17
era5,10/18/1984,35.22006071,1985,1,18
era5,10/19/1984,35.11402876,1985,1,19
era5,10/20/1984,33.58242939,1985,1,20
era5,10/21/1984,32.38220875,1985,1,21
era5,10/22/1984,30.95223518,1985,1,22
era5,10/23/1984,28.82965237,1985,1,23
era5,10/24/1984,26.57691177,1985,1,24
era5,10/25/1984,21.53918014,1985,1,25
era5,10/26/1984,17.49981929,1985,1,26
era5,10/27/1984,16.82669825,1985,1,27
era5,10/28/1984,16.52763245,1985,1,28
era5,10/29/1984,16.48521958,1985,1,29
era5,10/30/1984,15.55342946,1985,1,30
era5,10/31/1984,14.90718115,1985,1,31
era5,11/1/1984,14.27225998,1985,2,32
era5,11/2/1984,13.05646291,1985,2,33
era5,11/3/1984,15.87922672,1985,2,34
era5,11/4/1984,15.67332413,1985,2,35
era5,11/5/1984,14.81866915,1985,2,36
era5,11/6/1984,14.31385009,1985,2,37
era5,11/7/1984,15.83479106,1985,2,38
era5,11/8/1984,31.15781543,1985,2,39
era5,11/9/1984,57.5606795,1985,2,40
era5,11/10/1984,58.54511332,1985,2,41
era5,11/11/1984,58.36611521,1985,2,42
era5,11/12/1984,55.54377112,1985,2,43
era5,11/13/1984,86.95492649,1985,2,44
era5,11/14/1984,119.8481107,1985,2,45
era5,11/15/1984,120.0317263,1985,2,46
era5,11/16/1984,126.3378424,1985,2,47
era5,11/17/1984,136.1638966,1985,2,48
era5,11/18/1984,137.9643209,1985,2,49
era5,11/19/1984,138.7196851,1985,2,50
era5,11/20/1984,137.8201712,1985,2,51
era5,11/21/1984,143.6660304,1985,2,52
era5,11/22/1984,157.1452392,1985,2,53
era5,11/23/1984,166.4851441,1985,2,54
era5,11/24/1984,174.5233803,1985,2,55
era5,11/25/1984,203.129908,1985,2,56
era5,11/26/1984,208.0949631,1985,2,57
era5,11/27/1984,209.6461582,1985,2,58
era5,11/28/1984,270.6038462,1985,2,59
era5,11/29/1984,289.0605706,1985,2,60
era5,11/30/1984,289.4372272,1985,2,61
era5,12/1/1984,289.2777776,1985,3,62
era5,12/2/1984,288.9443744,1985,3,63
era5,12/3/1984,292.5474121,1985,3,64
era5,12/4/1984,295.7681663,1985,3,65
era5,12/5/1984,295.5850635,1985,3,66
era5,12/6/1984,295.7622872,1985,3,67
era5,12/7/1984,295.3006331,1985,3,68
era5,12/8/1984,294.1260915,1985,3,69
era5,12/9/1984,293.4650529,1985,3,70
era5,12/10/1984,301.3786309,1985,3,71
era5,12/11/1984,321.8011221,1985,3,72
era5,12/12/1984,323.4326556,1985,3,73
era5,12/13/1984,327.1514426,1985,3,74
era5,12/14/1984,328.8654178,1985,3,75
era5,12/15/1984,329.9286957,1985,3,76
era5,12/16/1984,371.3893874,1985,3,77
era5,12/17/1984,382.2281847,1985,3,78
era5,12/18/1984,386.3546659,1985,3,79
era5,12/19/1984,414.4224129,1985,3,80
era5,12/20/1984,425.6157468,1985,3,81
era5,12/21/1984,427.8001979,1985,3,82
era5,12/22/1984,427.9368732,1985,3,83
era5,12/23/1984,427.8433441,1985,3,84
era5,12/24/1984,427.7162344,1985,3,85
era5,12/25/1984,427.5720824,1985,3,86
era5,12/26/1984,427.4311215,1985,3,87
era5,12/27/1984,427.3318574,1985,3,88
era5,12/28/1984,427.3082185,1985,3,89
era5,12/29/1984,427.2808306,1985,3,90
era5,12/30/1984,427.1919776,1985,3,91
era5,12/31/1984,427.0757115,1985,3,92
era5,1/1/1985,426.8945668,1985,4,93
era5,1/2/1985,426.70864,1985,4,94
era5,1/3/1985,426.4491035,1985,4,95
era5,1/4/1985,425.8643162,1985,4,96
era5,1/5/1985,425.3064659,1985,4,97
era5,1/6/1985,425.0728859,1985,4,98
era5,1/7/1985,432.1869494,1985,4,99
era5,1/8/1985,459.1128709,1985,4,100
era5,1/9/1985,462.1832865,1985,4,101
era5,1/10/1985,462.5474788,1985,4,102
era5,1/11/1985,462.5374276,1985,4,103
era5,1/12/1985,462.4043203,1985,4,104
era5,1/13/1985,462.1849735,1985,4,105
era5,1/14/1985,461.8257474,1985,4,106
era5,1/15/1985,461.1580509,1985,4,107
era5,1/16/1985,459.6589612,1985,4,108
era5,1/17/1985,457.9705703,1985,4,109
era5,1/18/1985,456.5284224,1985,4,110
era5,1/19/1985,454.9029565,1985,4,111
era5,1/20/1985,453.3658291,1985,4,112
era5,1/21/1985,452.1081971,1985,4,113
era5,1/22/1985,451.673495,1985,4,114
era5,1/23/1985,451.3972165,1985,4,115
era5,1/24/1985,451.2170624,1985,4,116
era5,1/25/1985,451.1177956,1985,4,117
era5,1/26/1985,451.0304324,1985,4,118
era5,1/27/1985,450.9975188,1985,4,119
era5,1/28/1985,452.951275,1985,4,120
era5,1/29/1985,462.3827268,1985,4,121
era5,1/30/1985,462.8150303,1985,4,122
era5,1/31/1985,462.8265088,1985,4,123
era5,2/1/1985,463.5898621,1985,5,124
era5,2/2/1985,468.4761009,1985,5,125
era5,2/3/1985,472.1589821,1985,5,126
era5,2/4/1985,476.0958371,1985,5,127
era5,2/5/1985,476.349315,1985,5,128
era5,2/6/1985,476.3113459,1985,5,129
era5,2/7/1985,477.3326059,1985,5,130
era5,2/8/1985,509.2102982,1985,5,131
era5,2/9/1985,582.4992606,1985,5,132
era5,2/10/1985,587.2257659,1985,5,133
era5,2/11/1985,587.3879626,1985,5,134
era5,2/12/1985,587.2238524,1985,5,135
era5,2/13/1985,586.8528582,1985,5,136
era5,2/14/1985,586.3096174,1985,5,137
era5,2/15/1985,584.5762918,1985,5,138
era5,2/16/1985,582.3043365,1985,5,139
era5,2/17/1985,579.8325606,1985,5,140
era5,2/18/1985,577.0765876,1985,5,141
era5,2/19/1985,574.3421474,1985,5,142
era5,2/20/1985,571.8220444,1985,5,143
era5,2/21/1985,570.5260712,1985,5,144
era5,2/22/1985,568.4934668,1985,5,145
era5,2/23/1985,565.263485,1985,5,146
era5,2/24/1985,562.72423,1985,5,147
era5,2/25/1985,560.3572291,1985,5,148
era5,2/26/1985,557.5596891,1985,5,149
era5,2/27/1985,553.8763515,1985,5,150
era5,2/28/1985,550.2191385,1985,5,151
era5,3/1/1985,546.0557088,1985,6,152
era5,3/2/1985,545.6179671,1985,6,153
era5,3/3/1985,550.3582732,1985,6,154
era5,3/4/1985,550.6146753,1985,6,155
era5,3/5/1985,553.0085332,1985,6,156
era5,3/6/1985,577.1277279,1985,6,157
era5,3/7/1985,625.9248874,1985,6,158
era5,3/8/1985,648.4686029,1985,6,159
era5,3/9/1985,648.6022318,1985,6,160
era5,3/10/1985,648.5728556,1985,6,161
era5,3/11/1985,662.6159,1985,6,162
era5,3/12/1985,671.1730797,1985,6,163
era5,3/13/1985,671.1418126,1985,6,164
era5,3/14/1985,669.7759656,1985,6,165
era5,3/15/1985,668.3887065,1985,6,166
era5,3/16/1985,666.8698606,1985,6,167
era5,3/17/1985,665.0673838,1985,6,168
era5,3/18/1985,663.9221679,1985,6,169
era5,3/19/1985,672.34423,1985,6,170
era5,3/20/1985,670.5975985,1985,6,171
era5,3/21/1985,667.0467641,1985,6,172
era5,3/22/1985,665.6185759,1985,6,173
era5,3/23/1985,664.1330503,1985,6,174
era5,3/24/1985,660.703105,1985,6,175
era5,3/25/1985,660.75889,1985,6,176
era5,3/26/1985,661.7940268,1985,6,177
era5,3/27/1985,711.73545,1985,6,178
era5,3/28/1985,762.1759097,1985,6,179
era5,3/29/1985,774.0571491,1985,6,180
era5,3/30/1985,774.5333882,1985,6,181
era5,3/31/1985,774.2684424,1985,6,182
era5,4/1/1985,771.8053474,1985,7,183
era5,4/2/1985,763.7573771,1985,7,184
era5,4/3/1985,754.2862794,1985,7,185
era5,4/4/1985,744.2158759,1985,7,186
era5,4/5/1985,732.12252,1985,7,187
era5,4/6/1985,718.6391279,1985,7,188
era5,4/7/1985,704.592025,1985,7,189
era5,4/8/1985,688.7556591,1985,7,190
era5,4/9/1985,670.4378362,1985,7,191
era5,4/10/1985,650.7372636,1985,7,192
era5,4/11/1985,635.0597617,1985,7,193
era5,4/12/1985,621.1445432,1985,7,194
era5,4/13/1985,601.9972462,1985,7,195
era5,4/14/1985,580.9807159,1985,7,196
era5,4/15/1985,560.0756659,1985,7,197
era5,4/16/1985,544.2864745,1985,7,198
era5,4/17/1985,535.9220482,1985,7,199
era5,4/18/1985,542.8417321,1985,7,200
era5,4/19/1985,538.8608238,1985,7,201
era5,4/20/1985,536.2457084,1985,7,202
era5,4/21/1985,537.8793216,1985,7,203
era5,4/22/1985,537.2849529,1985,7,204
era5,4/23/1985,531.4275279,1985,7,205
era5,4/24/1985,523.1772911,1985,7,206
era5,4/25/1985,517.5706582,1985,7,207
era5,4/26/1985,514.7135075,1985,7,208
era5,4/27/1985,509.898266,1985,7,209
era5,4/28/1985,499.5090118,1985,7,210
era5,4/29/1985,486.7554691,1985,7,211
era5,4/30/1985,471.9042198,1985,7,212
era5,5/1/1985,454.9289447,1985,8,213
era5,5/2/1985,437.6918795,1985,8,214
era5,5/3/1985,423.7460378,1985,8,215
era5,5/4/1985,412.5849471,1985,8,216
era5,5/5/1985,401.7873979,1985,8,217
era5,5/6/1985,388.5030715,1985,8,218
era5,5/7/1985,377.4276579,1985,8,219
era5,5/8/1985,367.451529,1985,8,220
era5,5/9/1985,358.1736143,1985,8,221
era5,5/10/1985,350.6422761,1985,8,222
era5,5/11/1985,346.5114175,1985,8,223
era5,5/12/1985,339.8124666,1985,8,224
era5,5/13/1985,330.3747283,1985,8,225
era5,5/14/1985,316.9885837,1985,8,226
era5,5/15/1985,303.2252868,1985,8,227
era5,5/16/1985,290.3745498,1985,8,228
era5,5/17/1985,281.0889753,1985,8,229
era5,5/18/1985,272.1505312,1985,8,230
era5,5/19/1985,263.2745713,1985,8,231
era5,5/20/1985,254.1911982,1985,8,232
era5,5/21/1985,244.9116171,1985,8,233
era5,5/22/1985,233.7923149,1985,8,234
era5,5/23/1985,220.7825765,1985,8,235
era5,5/24/1985,207.8147668,1985,8,236
era5,5/25/1985,194.49147,1985,8,237
era5,5/26/1985,184.4641678,1985,8,238
era5,5/27/1985,177.197295,1985,8,239
era5,5/28/1985,170.4545758,1985,8,240
era5,5/29/1985,165.0402071,1985,8,241
era5,5/30/1985,161.2025091,1985,8,242
era5,5/31/1985,155.4316165,1985,8,243
era5,6/1/1985,149.1166261,1985,9,244
era5,6/2/1985,144.9984256,1985,9,245
era5,6/3/1985,144.895989,1985,9,246
era5,6/4/1985,139.888932,1985,9,247
era5,6/5/1985,132.4831644,1985,9,248
era5,6/6/1985,124.3124574,1985,9,249
era5,6/7/1985,115.270812,1985,9,250
era5,6/8/1985,106.6328099,1985,9,251
era5,6/9/1985,98.15447921,1985,9,252
era5,6/10/1985,90.38808312,1985,9,253
era5,6/11/1985,81.8400145,1985,9,254
era5,6/12/1985,72.59341816,1985,9,255
era5,6/13/1985,64.53020291,1985,9,256
era5,6/14/1985,57.82053202,1985,9,257
era5,6/15/1985,52.25369,1985,9,258
era5,6/16/1985,46.32388871,1985,9,259
era5,6/17/1985,40.31357206,1985,9,260
era5,6/18/1985,34.05741721,1985,9,261
era5,6/19/1985,28.07235365,1985,9,262
era5,6/20/1985,23.40411098,1985,9,263
era5,6/21/1985,20.38220221,1985,9,264
era5,6/22/1985,17.03692147,1985,9,265
era5,6/23/1985,13.41983388,1985,9,266
era5,6/24/1985,10.15143249,1985,9,267
era5,6/25/1985,8.3146035,1985,9,268
era5,6/26/1985,6.221789471,1985,9,269
era5,6/27/1985,4.049577176,1985,9,270
era5,6/28/1985,2.477365509,1985,9,271
era5,6/29/1985,1.430816088,1985,9,272
era5,6/30/1985,0.713530206,1985,9,273
era5,7/1/1985,0.058764324,1985,10,274
era5,7/2/1985,0,1985,10,275
era5,7/3/1985,0,1985,10,276
era5,7/4/1985,0,1985,10,277
era5,7/5/1985,0,1985,10,278
era5,7/6/1985,0,1985,10,279
era5,7/7/1985,0,1985,10,280
era5,7/8/1985,0,1985,10,281
era5,7/9/1985,0,1985,10,282
era5,7/10/1985,0,1985,10,283
era5,7/11/1985,0,1985,10,284
era5,7/12/1985,0,1985,10,285
era5,7/13/1985,0,1985,10,286
era5,7/14/1985,0,1985,10,287
era5,7/15/1985,0,1985,10,288
era5,7/16/1985,0,1985,10,289
era5,7/17/1985,0,1985,10,290
era5,7/18/1985,0,1985,10,291
era5,7/19/1985,0,1985,10,292
era5,7/20/1985,0,1985,10,293
era5,7/21/1985,0,1985,10,294
era5,7/22/1985,0,1985,10,295
era5,7/23/1985,0,1985,10,296
era5,7/24/1985,0,1985,10,297
era5,7/25/1985,0,1985,10,298
era5,7/26/1985,0,1985,10,299
era5,7/27/1985,0,1985,10,300
era5,7/28/1985,0,1985,10,301
era5,7/29/1985,0,1985,10,302
era5,7/30/1985,0,1985,10,303
era5,7/31/1985,0,1985,10,304
era5,8/1/1985,0,1985,11,305
era5,8/2/1985,0,1985,11,306
era5,8/3/1985,0,1985,11,307
era5,8/4/1985,0,1985,11,308
era5,8/5/1985,0,1985,11,309
era5,8/6/1985,0,1985,11,310
era5,8/7/1985,0,1985,11,311
era5,8/8/1985,0,1985,11,312
era5,8/9/1985,0,1985,11,313
era5,8/10/1985,0,1985,11,314
era5,8/11/1985,0,1985,11,315
era5,8/12/1985,0,1985,11,316
era5,8/13/1985,0,1985,11,317
era5,8/14/1985,0,1985,11,318
era5,8/15/1985,0,1985,11,319
era5,8/16/1985,0,1985,11,320
era5,8/17/1985,0,1985,11,321
era5,8/18/1985,0,1985,11,322
era5,8/19/1985,0,1985,11,323
era5,8/20/1985,0,1985,11,324
era5,8/21/1985,0,1985,11,325
era5,8/22/1985,0,1985,11,326
era5,8/23/1985,0,1985,11,327
era5,8/24/1985,0,1985,11,328
era5,8/25/1985,0,1985,11,329
era5,8/26/1985,0,1985,11,330
era5,8/27/1985,0,1985,11,331
era5,8/28/1985,0,1985,11,332
era5,8/29/1985,0,1985,11,333
era5,8/30/1985,0,1985,11,334
era5,8/31/1985,0,1985,11,335
era5,9/1/1985,0,1985,12,336
era5,9/2/1985,0,1985,12,337
era5,9/3/1985,0.007269991,1985,12,338
era5,9/4/1985,0.062522512,1985,12,339
era5,9/5/1985,8.50E-06,1985,12,340
era5,9/6/1985,0,1985,12,341
era5,9/7/1985,0,1985,12,342
era5,9/8/1985,0.00299809,1985,12,343
era5,9/9/1985,0.974834093,1985,12,344
era5,9/10/1985,2.18708237,1985,12,345
era5,9/11/1985,3.505148317,1985,12,346
era5,9/12/1985,3.462885492,1985,12,347
era5,9/13/1985,1.731726988,1985,12,348
era5,9/14/1985,0.619091406,1985,12,349
era5,9/15/1985,0.278857241,1985,12,350
era5,9/16/1985,0.008665171,1985,12,351
era5,9/17/1985,0,1985,12,352
era5,9/18/1985,0.001096523,1985,12,353
era5,9/19/1985,0.415848458,1985,12,354
era5,9/20/1985,0.202753979,1985,12,355
era5,9/21/1985,0.198356756,1985,12,356
era5,9/22/1985,0.128144618,1985,12,357
era5,9/23/1985,0,1985,12,358
era5,9/24/1985,0,1985,12,359
era5,9/25/1985,0,1985,12,360
era5,9/26/1985,0,1985,12,361
era5,9/27/1985,0,1985,12,362
era5,9/28/1985,0,1985,12,363
era5,9/29/1985,0,1985,12,364
era5,9/30/1985,0,1985,12,365
era5,10/1/1985,0,1986,1,1
era5,10/2/1985,0,1986,1,2
era5,10/3/1985,0,1986,1,3
era5,10/4/1985,0,1986,1,4
era5,10/5/1985,0,1986,1,5
era5,10/6/1985,1.56E-05,1986,1,6
era5,10/7/1985,0.211891085,1986,1,7
era5,10/8/1985,0.335150159,1986,1,8
era5,10/9/1985,0.637094646,1986,1,9
era5,10/10/1985,1.95410365,1986,1,10
era5,10/11/1985,2.022383285,1986,1,11
era5,10/12/1985,1.392877612,1986,1,12
era5,10/13/1985,0.854068584,1986,1,13
era5,10/14/1985,0.828767562,1986,1,14
era5,10/15/1985,0.784424408,1986,1,15
era5,10/16/1985,0.561751879,1986,1,16
era5,10/17/1985,0.451734682,1986,1,17
era5,10/18/1985,0.385856265,1986,1,18
era5,10/19/1985,0.262643176,1986,1,19
era5,10/20/1985,0.109815891,1986,1,20
era5,10/21/1985,9.721834168,1986,1,21
era5,10/22/1985,30.54036186,1986,1,22
era5,10/23/1985,30.94664214,1986,1,23
era5,10/24/1985,25.53008645,1986,1,24
era5,10/25/1985,19.29020714,1986,1,25
era5,10/26/1985,15.20741315,1986,1,26
era5,10/27/1985,11.8801041,1986,1,27
era5,10/28/1985,8.514549588,1986,1,28
era5,10/29/1985,6.765422378,1986,1,29
era5,10/30/1985,5.948940176,1986,1,30
era5,10/31/1985,5.068563885,1986,1,31
era5,11/1/1985,4.231308603,1986,2,32
era5,11/2/1985,3.269743465,1986,2,33
era5,11/3/1985,2.609901206,1986,2,34
era5,11/4/1985,2.213931059,1986,2,35
era5,11/5/1985,1.879243087,1986,2,36
era5,11/6/1985,1.759045753,1986,2,37
era5,11/7/1985,1.578228088,1986,2,38
era5,11/8/1985,1.420680041,1986,2,39
era5,11/9/1985,1.525827393,1986,2,40
era5,11/10/1985,17.50373481,1986,2,41
era5,11/11/1985,77.29351206,1986,2,42
era5,11/12/1985,84.68051309,1986,2,43
era5,11/13/1985,86.00005603,1986,2,44
era5,11/14/1985,86.04627891,1986,2,45
era5,11/15/1985,86.00770297,1986,2,46
era5,11/16/1985,87.24521585,1986,2,47
era5,11/17/1985,88.75887032,1986,2,48
era5,11/18/1985,89.68261032,1986,2,49
era5,11/19/1985,89.68571585,1986,2,50
era5,11/20/1985,89.54676526,1986,2,51
era5,11/21/1985,92.51821509,1986,2,52
era5,11/22/1985,92.79500526,1986,2,53
era5,11/23/1985,94.61052391,1986,2,54
era5,11/24/1985,111.5375617,1986,2,55
era5,11/25/1985,173.3828856,1986,2,56
era5,11/26/1985,187.6236365,1986,2,57
era5,11/27/1985,188.7250676,1986,2,58
era5,11/28/1985,195.1133285,1986,2,59
era5,11/29/1985,227.1761603,1986,2,60
era5,11/30/1985,274.8938735,1986,2,61
era5,12/1/1985,277.2981871,1986,3,62
era5,12/2/1985,309.8479582,1986,3,63
era5,12/3/1985,366.1826284,1986,3,64
era5,12/4/1985,367.7071459,1986,3,65
era5,12/5/1985,367.6163094,1986,3,66
era5,12/6/1985,369.756945,1986,3,67
era5,12/7/1985,370.3076947,1986,3,68
era5,12/8/1985,372.2141826,1986,3,69
era5,12/9/1985,372.9161,1986,3,70
era5,12/10/1985,372.9759085,1986,3,71
era5,12/11/1985,373.82403,1986,3,72
era5,12/12/1985,373.7932335,1986,3,73
era5,12/13/1985,373.6588022,1986,3,74
era5,12/14/1985,373.5264869,1986,3,75
era5,12/15/1985,373.3462838,1986,3,76
era5,12/16/1985,373.0450468,1986,3,77
era5,12/17/1985,372.1325838,1986,3,78
era5,12/18/1985,370.7228056,1986,3,79
era5,12/19/1985,368.5643429,1986,3,80
era5,12/20/1985,366.6466276,1986,3,81
era5,12/21/1985,364.9060566,1986,3,82
era5,12/22/1985,363.1068214,1986,3,83
era5,12/23/1985,361.4950078,1986,3,84
era5,12/24/1985,358.4666906,1986,3,85
era5,12/25/1985,354.0733884,1986,3,86
era5,12/26/1985,350.8562748,1986,3,87
era5,12/27/1985,349.4442206,1986,3,88
era5,12/28/1985,348.3378113,1986,3,89
era5,12/29/1985,347.3864842,1986,3,90
era5,12/30/1985,351.7652529,1986,3,91
era5,12/31/1985,353.6090562,1986,3,92
era5,1/1/1986,352.7590765,1986,4,93
era5,1/2/1986,352.0532341,1986,4,94
era5,1/3/1986,351.7468238,1986,4,95
era5,1/4/1986,352.9777288,1986,4,96
era5,1/5/1986,369.6765596,1986,4,97
era5,1/6/1986,378.1690599,1986,4,98
era5,1/7/1986,377.7164505,1986,4,99
era5,1/8/1986,375.9815445,1986,4,100
era5,1/9/1986,375.0948006,1986,4,101
era5,1/10/1986,373.5162927,1986,4,102
era5,1/11/1986,371.4217761,1986,4,103
era5,1/12/1986,368.7808931,1986,4,104
era5,1/13/1986,366.1963961,1986,4,105
era5,1/14/1986,364.8042931,1986,4,106
era5,1/15/1986,365.614046,1986,4,107
era5,1/16/1986,369.6464375,1986,4,108
era5,1/17/1986,375.0540711,1986,4,109
era5,1/18/1986,374.9782088,1986,4,110
era5,1/19/1986,372.638121,1986,4,111
era5,1/20/1986,371.2003356,1986,4,112
era5,1/21/1986,371.0532187,1986,4,113
era5,1/22/1986,370.5960965,1986,4,114
era5,1/23/1986,371.4908525,1986,4,115
era5,1/24/1986,373.0057782,1986,4,116
era5,1/25/1986,372.5755918,1986,4,117
era5,1/26/1986,371.921335,1986,4,118
era5,1/27/1986,370.8278097,1986,4,119
era5,1/28/1986,369.0490691,1986,4,120
era5,1/29/1986,367.5372866,1986,4,121
era5,1/30/1986,402.3209118,1986,4,122
era5,1/31/1986,422.8145202,1986,4,123
era5,2/1/1986,444.204819,1986,5,124
era5,2/2/1986,450.532693,1986,5,125
era5,2/3/1986,465.4377843,1986,5,126
era5,2/4/1986,484.1578323,1986,5,127
era5,2/5/1986,485.0031723,1986,5,128
era5,2/6/1986,485.0609424,1986,5,129
era5,2/7/1986,485.4579597,1986,5,130
era5,2/8/1986,485.3845172,1986,5,131
era5,2/9/1986,485.3363329,1986,5,132
era5,2/10/1986,485.1926228,1986,5,133
era5,2/11/1986,485.0471876,1986,5,134
era5,2/12/1986,493.9974106,1986,5,135
era5,2/13/1986,579.4655175,1986,5,136
era5,2/14/1986,624.7874846,1986,5,137
era5,2/15/1986,709.3869088,1986,5,138
era5,2/16/1986,812.3935029,1986,5,139
era5,2/17/1986,899.0098405,1986,5,140
era5,2/18/1986,967.1163819,1986,5,141
era5,2/19/1986,1015.712623,1986,5,142
era5,2/20/1986,1063.874922,1986,5,143
era5,2/21/1986,1075.928433,1986,5,144
era5,2/22/1986,1074.603914,1986,5,145
era5,2/23/1986,1069.991034,1986,5,146
era5,2/24/1986,1063.693229,1986,5,147
era5,2/25/1986,1055.865689,1986,5,148
era5,2/26/1986,1048.75185,1986,5,149
era5,2/27/1986,1042.146947,1986,5,150
era5,2/28/1986,1035.181467,1986,5,151
era5,3/1/1986,1027.330085,1986,6,152
era5,3/2/1986,1019.795833,1986,6,153
era5,3/3/1986,1013.486246,1986,6,154
era5,3/4/1986,1006.338392,1986,6,155
era5,3/5/1986,1000.236681,1986,6,156
era5,3/6/1986,994.2447896,1986,6,157
era5,3/7/1986,987.9261156,1986,6,158
era5,3/8/1986,1011.889159,1986,6,159
era5,3/9/1986,1073.007211,1986,6,160
era5,3/10/1986,1095.929341,1986,6,161
era5,3/11/1986,1138.382906,1986,6,162
era5,3/12/1986,1151.796708,1986,6,163
era5,3/13/1986,1158.593875,1986,6,164
era5,3/14/1986,1166.931336,1986,6,165
era5,3/15/1986,1169.750463,1986,6,166
era5,3/16/1986,1208.800901,1986,6,167
era5,3/17/1986,1225.284046,1986,6,168
era5,3/18/1986,1226.98557,1986,6,169
era5,3/19/1986,1226.182974,1986,6,170
era5,3/20/1986,1223.937511,1986,6,171
era5,3/21/1986,1220.646547,1986,6,172
era5,3/22/1986,1215.762909,1986,6,173
era5,3/23/1986,1208.56704,1986,6,174
era5,3/24/1986,1200.906095,1986,6,175
era5,3/25/1986,1194.825883,1986,6,176
era5,3/26/1986,1185.509371,1986,6,177
era5,3/27/1986,1172.096475,1986,6,178
era5,3/28/1986,1157.841908,1986,6,179
era5,3/29/1986,1142.534961,1986,6,180
era5,3/30/1986,1129.850209,1986,6,181
era5,3/31/1986,1118.067719,1986,6,182
era5,4/1/1986,1107.372618,1986,7,183
era5,4/2/1986,1100.967504,1986,7,184
era5,4/3/1986,1100.002662,1986,7,185
era5,4/4/1986,1097.291273,1986,7,186
era5,4/5/1986,1093.495364,1986,7,187
era5,4/6/1986,1093.63027,1986,7,188
era5,4/7/1986,1102.006714,1986,7,189
era5,4/8/1986,1106.166134,1986,7,190
era5,4/9/1986,1104.987648,1986,7,191
era5,4/10/1986,1100.469556,1986,7,192
era5,4/11/1986,1094.928329,1986,7,193
era5,4/12/1986,1090.302288,1986,7,194
era5,4/13/1986,1090.175739,1986,7,195
era5,4/14/1986,1089.87247,1986,7,196
era5,4/15/1986,1088.128707,1986,7,197
era5,4/16/1986,1091.348539,1986,7,198
era5,4/17/1986,1095.568333,1986,7,199
era5,4/18/1986,1095.500319,1986,7,200
era5,4/19/1986,1093.492201,1986,7,201
era5,4/20/1986,1088.463896,1986,7,202
era5,4/21/1986,1078.250287,1986,7,203
era5,4/22/1986,1066.376899,1986,7,204
era5,4/23/1986,1058.09534,1986,7,205
era5,4/24/1986,1051.254387,1986,7,206
era5,4/25/1986,1045.97914,1986,7,207
era5,4/26/1986,1040.480518,1986,7,208
era5,4/27/1986,1033.332689,1986,7,209
era5,4/28/1986,1021.490579,1986,7,210
era5,4/29/1986,1009.872445,1986,7,211
era5,4/30/1986,1001.519379,1986,7,212
era5,5/1/1986,991.2399097,1986,8,213
era5,5/2/1986,978.7231868,1986,8,214
era5,5/3/1986,965.6906394,1986,8,215
era5,5/4/1986,968.258635,1986,8,216
era5,5/5/1986,968.2196082,1986,8,217
era5,5/6/1986,967.3522535,1986,8,218
era5,5/7/1986,968.799012,1986,8,219
era5,5/8/1986,968.0883971,1986,8,220
era5,5/9/1986,964.9464444,1986,8,221
era5,5/10/1986,959.1492962,1986,8,222
era5,5/11/1986,952.4306585,1986,8,223
era5,5/12/1986,945.9698756,1986,8,224
era5,5/13/1986,937.1215253,1986,8,225
era5,5/14/1986,924.4010768,1986,8,226
era5,5/15/1986,911.7131994,1986,8,227
era5,5/16/1986,898.2346591,1986,8,228
era5,5/17/1986,884.2058332,1986,8,229
era5,5/18/1986,866.4816906,1986,8,230
era5,5/19/1986,846.3081056,1986,8,231
era5,5/20/1986,824.9697321,1986,8,232
era5,5/21/1986,806.7075024,1986,8,233
era5,5/22/1986,796.4872052,1986,8,234
era5,5/23/1986,784.4620185,1986,8,235
era5,5/24/1986,768.2309053,1986,8,236
era5,5/25/1986,747.2934038,1986,8,237
era5,5/26/1986,722.7710766,1986,8,238
era5,5/27/1986,698.8284364,1986,8,239
era5,5/28/1986,676.6887691,1986,8,240
era5,5/29/1986,654.2894214,1986,8,241
era5,5/30/1986,628.8307712,1986,8,242
era5,5/31/1986,602.6033501,1986,8,243
era5,6/1/1986,575.2198016,1986,9,244
era5,6/2/1986,549.8126951,1986,9,245
era5,6/3/1986,526.1636668,1986,9,246
era5,6/4/1986,505.866224,1986,9,247
era5,6/5/1986,489.4187934,1986,9,248
era5,6/6/1986,476.1684757,1986,9,249
era5,6/7/1986,464.3474503,1986,9,250
era5,6/8/1986,453.2422337,1986,9,251
era5,6/9/1986,440.696181,1986,9,252
era5,6/10/1986,427.6845509,1986,9,253
era5,6/11/1986,413.3967217,1986,9,254
era5,6/12/1986,399.9757935,1986,9,255
era5,6/13/1986,388.1234718,1986,9,256
era5,6/14/1986,374.2744197,1986,9,257
era5,6/15/1986,361.9640355,1986,9,258
era5,6/16/1986,351.0343912,1986,9,259
era5,6/17/1986,340.1545865,1986,9,260
era5,6/18/1986,328.7959587,1986,9,261
era5,6/19/1986,319.0903568,1986,9,262
era5,6/20/1986,310.3764266,1986,9,263
era5,6/21/1986,300.8381538,1986,9,264
era5,6/22/1986,289.3659784,1986,9,265
era5,6/23/1986,276.9196384,1986,9,266
era5,6/24/1986,265.4939626,1986,9,267
era5,6/25/1986,252.3232982,1986,9,268
era5,6/26/1986,239.2781962,1986,9,269
era5,6/27/1986,226.1548353,1986,9,270
era5,6/28/1986,212.5507291,1986,9,271
era5,6/29/1986,199.8041869,1986,9,272
era5,6/30/1986,189.9799547,1986,9,273
era5,7/1/1986,181.2721529,1986,10,274
era5,7/2/1986,171.0343691,1986,10,275
era5,7/3/1986,159.9374181,1986,10,276
era5,7/4/1986,148.7872906,1986,10,277
era5,7/5/1986,139.3655728,1986,10,278
era5,7/6/1986,131.4279699,1986,10,279
era5,7/7/1986,124.7165476,1986,10,280
era5,7/8/1986,119.0370159,1986,10,281
era5,7/9/1986,112.9802776,1986,10,282
era5,7/10/1986,106.7823209,1986,10,283
era5,7/11/1986,99.33253603,1986,10,284
era5,7/12/1986,91.14222472,1986,10,285
era5,7/13/1986,85.05153529,1986,10,286
era5,7/14/1986,79.90774579,1986,10,287
era5,7/15/1986,75.26269278,1986,10,288
era5,7/16/1986,71.46425912,1986,10,289
era5,7/17/1986,68.52957882,1986,10,290
era5,7/18/1986,66.01718853,1986,10,291
era5,7/19/1986,63.26711618,1986,10,292
era5,7/20/1986,59.65104824,1986,10,293
era5,7/21/1986,55.84306882,1986,10,294
era5,7/22/1986,53.06217882,1986,10,295
era5,7/23/1986,49.69116382,1986,10,296
era5,7/24/1986,47.62418882,1986,10,297
era5,7/25/1986,44.85507176,1986,10,298
era5,7/26/1986,41.79888029,1986,10,299
era5,7/27/1986,39.23817059,1986,10,300
era5,7/28/1986,36.33418632,1986,10,301
era5,7/29/1986,33.56845197,1986,10,302
era5,7/30/1986,30.63867191,1986,10,303
era5,7/31/1986,27.54747941,1986,10,304
era5,8/1/1986,23.98030765,1986,11,305
era5,8/2/1986,20.31091882,1986,11,306
era5,8/3/1986,16.79476912,1986,11,307
era5,8/4/1986,13.38107703,1986,11,308
era5,8/5/1986,10.42987691,1986,11,309
era5,8/6/1986,8.585401059,1986,11,310
era5,8/7/1986,6.881512441,1986,11,311
era5,8/8/1986,5.140755,1986,11,312
era5,8/9/1986,3.626304421,1986,11,313
era5,8/10/1986,2.920774706,1986,11,314
era5,8/11/1986,2.087532647,1986,11,315
era5,8/12/1986,1.133651059,1986,11,316
era5,8/13/1986,0.315153971,1986,11,317
era5,8/14/1986,0,1986,11,318
era5,8/15/1986,0,1986,11,319
era5,8/16/1986,0,1986,11,320
era5,8/17/1986,0,1986,11,321
era5,8/18/1986,0,1986,11,322
era5,8/19/1986,1.22E-05,1986,11,323
era5,8/20/1986,0,1986,11,324
era5,8/21/1986,0,1986,11,325
era5,8/22/1986,0,1986,11,326
era5,8/23/1986,0,1986,11,327
era5,8/24/1986,0,1986,11,328
era5,8/25/1986,0,1986,11,329
era5,8/26/1986,0,1986,11,330
era5,8/27/1986,0,1986,11,331
era5,8/28/1986,0,1986,11,332
era5,8/29/1986,0,1986,11,333
era5,8/30/1986,0,1986,11,334
era5,8/31/1986,0,1986,11,335
era5,9/1/1986,0,1986,12,336
era5,9/2/1986,0,1986,12,337
era5,9/3/1986,0,1986,12,338
era5,9/4/1986,0,1986,12,339
era5,9/5/1986,0,1986,12,340
era5,9/6/1986,0,1986,12,341
era5,9/7/1986,0,1986,12,342
era5,9/8/1986,0,1986,12,343
era5,9/9/1986,0,1986,12,344
era5,9/10/1986,0,1986,12,345
era5,9/11/1986,0,1986,12,346
era5,9/12/1986,0,1986,12,347
era5,9/13/1986,0,1986,12,348
era5,9/14/1986,0,1986,12,349
era5,9/15/1986,0,1986,12,350
era5,9/16/1986,9.60E-06,1986,12,351
era5,9/17/1986,3.929592301,1986,12,352
era5,9/18/1986,8.285322039,1986,12,353
era5,9/19/1986,7.342630255,1986,12,354
era5,9/20/1986,7.430077642,1986,12,355
era5,9/21/1986,6.999351647,1986,12,356
era5,9/22/1986,5.935635638,1986,12,357
era5,9/23/1986,4.434917558,1986,12,358
era5,9/24/1986,8.384420175,1986,12,359
era5,9/25/1986,29.67276654,1986,12,360
era5,9/26/1986,37.48998532,1986,12,361
era5,9/27/1986,42.49955923,1986,12,362
era5,9/28/1986,45.31402782,1986,12,363
era5,9/29/1986,42.83041584,1986,12,364
era5,9/30/1986,38.59350433,1986,12,365
era5,10/1/1986,34.27844054,1987,1,1
era5,10/2/1986,34.95209047,1987,1,2
era5,10/3/1986,33.73777519,1987,1,3
era5,10/4/1986,30.92092302,1987,1,4
era5,10/5/1986,26.55922412,1987,1,5
era5,10/6/1986,21.74088462,1987,1,6
era5,10/7/1986,17.72312411,1987,1,7
era5,10/8/1986,14.3546616,1987,1,8
era5,10/9/1986,12.11475114,1987,1,9
era5,10/10/1986,10.08712162,1987,1,10
era5,10/11/1986,8.393035265,1987,1,11
era5,10/12/1986,8.021831147,1987,1,12
era5,10/13/1986,7.878398382,1987,1,13
era5,10/14/1986,7.616255441,1987,1,14
era5,10/15/1986,7.332207775,1987,1,15
era5,10/16/1986,7.113133653,1987,1,16
era5,10/17/1986,6.909130088,1987,1,17
era5,10/18/1986,6.875846197,1987,1,18
era5,10/19/1986,7.025882574,1987,1,19
era5,10/20/1986,7.309942296,1987,1,20
era5,10/21/1986,7.1996123,1987,1,21
era5,10/22/1986,7.091214756,1987,1,22
era5,10/23/1986,6.899880381,1987,1,23
era5,10/24/1986,6.872844618,1987,1,24
era5,10/25/1986,6.826519,1987,1,25
era5,10/26/1986,6.746059824,1987,1,26
era5,10/27/1986,6.573744496,1987,1,27
era5,10/28/1986,6.338097,1987,1,28
era5,10/29/1986,6.148354471,1987,1,29
era5,10/30/1986,5.979311348,1987,1,30
era5,10/31/1986,5.94227967,1987,1,31
era5,11/1/1986,5.954600686,1987,2,32
era5,11/2/1986,5.953043206,1987,2,33
era5,11/3/1986,5.950513235,1987,2,34
era5,11/4/1986,5.935176441,1987,2,35
era5,11/5/1986,5.925200647,1987,2,36
era5,11/6/1986,5.924299882,1987,2,37
era5,11/7/1986,5.923777882,1987,2,38
era5,11/8/1986,5.937982924,1987,2,39
era5,11/9/1986,5.935451118,1987,2,40
era5,11/10/1986,5.935133529,1987,2,41
era5,11/11/1986,5.934454118,1987,2,42
era5,11/12/1986,5.933796676,1987,2,43
era5,11/13/1986,5.933369647,1987,2,44
era5,11/14/1986,5.933036235,1987,2,45
era5,11/15/1986,5.953747126,1987,2,46
era5,11/16/1986,5.966812483,1987,2,47
era5,11/17/1986,5.967014785,1987,2,48
era5,11/18/1986,8.54101542,1987,2,49
era5,11/19/1986,11.11663119,1987,2,50
era5,11/20/1986,10.66725244,1987,2,51
era5,11/21/1986,10.16943077,1987,2,52
era5,11/22/1986,10.06019686,1987,2,53
era5,11/23/1986,9.963494097,1987,2,54
era5,11/24/1986,9.541759953,1987,2,55
era5,11/25/1986,9.159385985,1987,2,56
era5,11/26/1986,8.986412338,1987,2,57
era5,11/27/1986,8.690707412,1987,2,58
era5,11/28/1986,8.359034474,1987,2,59
era5,11/29/1986,8.114448229,1987,2,60
era5,11/30/1986,7.768313981,1987,2,61
era5,12/1/1986,7.660809399,1987,3,62
era5,12/2/1986,7.637966424,1987,3,63
era5,12/3/1986,7.636425452,1987,3,64
era5,12/4/1986,7.635699657,1987,3,65
era5,12/5/1986,8.627639314,1987,3,66
era5,12/6/1986,14.22173519,1987,3,67
era5,12/7/1986,16.58045918,1987,3,68
era5,12/8/1986,16.79084535,1987,3,69
era5,12/9/1986,16.4267909,1987,3,70
era5,12/10/1986,16.22092136,1987,3,71
era5,12/11/1986,15.98296027,1987,3,72
era5,12/12/1986,15.74883029,1987,3,73
era5,12/13/1986,15.47632077,1987,3,74
era5,12/14/1986,15.12148267,1987,3,75
era5,12/15/1986,15.03796106,1987,3,76
era5,12/16/1986,15.05374031,1987,3,77
era5,12/17/1986,14.96096396,1987,3,78
era5,12/18/1986,14.87833977,1987,3,79
era5,12/19/1986,15.30333772,1987,3,80
era5,12/20/1986,18.78389006,1987,3,81
era5,12/21/1986,19.1174926,1987,3,82
era5,12/22/1986,18.54016696,1987,3,83
era5,12/23/1986,20.84601248,1987,3,84
era5,12/24/1986,21.54246923,1987,3,85
era5,12/25/1986,21.23111399,1987,3,86
era5,12/26/1986,20.82158096,1987,3,87
era5,12/27/1986,20.69659037,1987,3,88
era5,12/28/1986,20.49867293,1987,3,89
era5,12/29/1986,20.34736597,1987,3,90
era5,12/30/1986,20.17340922,1987,3,91
era5,12/31/1986,20.00561605,1987,3,92
era5,1/1/1987,21.08305766,1987,4,93
era5,1/2/1987,26.46283905,1987,4,94
era5,1/3/1987,29.76922636,1987,4,95
era5,1/4/1987,90.93775821,1987,4,96
era5,1/5/1987,113.3028636,1987,4,97
era5,1/6/1987,118.5201765,1987,4,98
era5,1/7/1987,129.2201093,1987,4,99
era5,1/8/1987,135.5521602,1987,4,100
era5,1/9/1987,135.7941524,1987,4,101
era5,1/10/1987,135.7479397,1987,4,102
era5,1/11/1987,135.5472539,1987,4,103
era5,1/12/1987,134.6408102,1987,4,104
era5,1/13/1987,133.9499381,1987,4,105
era5,1/14/1987,133.7275372,1987,4,106
era5,1/15/1987,133.6568036,1987,4,107
era5,1/16/1987,134.141439,1987,4,108
era5,1/17/1987,134.2363415,1987,4,109
era5,1/18/1987,134.2028541,1987,4,110
era5,1/19/1987,134.1673041,1987,4,111
era5,1/20/1987,134.127833,1987,4,112
era5,1/21/1987,134.0823113,1987,4,113
era5,1/22/1987,133.9264465,1987,4,114
era5,1/23/1987,134.8115518,1987,4,115
era5,1/24/1987,140.1672476,1987,4,116
era5,1/25/1987,150.5973139,1987,4,117
era5,1/26/1987,149.8815164,1987,4,118
era5,1/27/1987,147.1405819,1987,4,119
era5,1/28/1987,161.5627239,1987,4,120
era5,1/29/1987,172.0741323,1987,4,121
era5,1/30/1987,174.2690386,1987,4,122
era5,1/31/1987,179.0276138,1987,4,123
era5,2/1/1987,178.7956039,1987,5,124
era5,2/2/1987,176.7912962,1987,5,125
era5,2/3/1987,178.1805462,1987,5,126
era5,2/4/1987,177.6438353,1987,5,127
era5,2/5/1987,175.9592105,1987,5,128
era5,2/6/1987,170.8092121,1987,5,129
era5,2/7/1987,166.3635998,1987,5,130
era5,2/8/1987,163.7285608,1987,5,131
era5,2/9/1987,162.2301594,1987,5,132
era5,2/10/1987,164.0965375,1987,5,133
era5,2/11/1987,164.5963951,1987,5,134
era5,2/12/1987,166.2967708,1987,5,135
era5,2/13/1987,191.8653628,1987,5,136
era5,2/14/1987,225.3639286,1987,5,137
era5,2/15/1987,233.3159083,1987,5,138
era5,2/16/1987,247.1224905,1987,5,139
era5,2/17/1987,247.4678351,1987,5,140
era5,2/18/1987,247.1526414,1987,5,141
era5,2/19/1987,247.3122906,1987,5,142
era5,2/20/1987,247.3747328,1987,5,143
era5,2/21/1987,247.3273459,1987,5,144
era5,2/22/1987,247.1179057,1987,5,145
era5,2/23/1987,248.7072514,1987,5,146
era5,2/24/1987,261.4262397,1987,5,147
era5,2/25/1987,269.7892308,1987,5,148
era5,2/26/1987,277.6918128,1987,5,149
era5,2/27/1987,278.6372071,1987,5,150
era5,2/28/1987,278.4508931,1987,5,151
era5,3/1/1987,277.9973494,1987,6,152
era5,3/2/1987,277.1627769,1987,6,153
era5,3/3/1987,275.6866818,1987,6,154
era5,3/4/1987,271.6216131,1987,6,155
era5,3/5/1987,266.6228343,1987,6,156
era5,3/6/1987,288.1759599,1987,6,157
era5,3/7/1987,290.5076375,1987,6,158
era5,3/8/1987,288.5124389,1987,6,159
era5,3/9/1987,286.811248,1987,6,160
era5,3/10/1987,285.5429566,1987,6,161
era5,3/11/1987,285.0060805,1987,6,162
era5,3/12/1987,282.5123181,1987,6,163
era5,3/13/1987,292.0183771,1987,6,164
era5,3/14/1987,298.1655976,1987,6,165
era5,3/15/1987,310.6350542,1987,6,166
era5,3/16/1987,317.6563269,1987,6,167
era5,3/17/1987,317.5627566,1987,6,168
era5,3/18/1987,314.6109366,1987,6,169
era5,3/19/1987,320.9547797,1987,6,170
era5,3/20/1987,326.9454691,1987,6,171
era5,3/21/1987,330.7894639,1987,6,172
era5,3/22/1987,346.5073161,1987,6,173
era5,3/23/1987,348.7308355,1987,6,174
era5,3/24/1987,351.141092,1987,6,175
era5,3/25/1987,351.0458898,1987,6,176
era5,3/26/1987,348.5445227,1987,6,177
era5,3/27/1987,344.5857764,1987,6,178
era5,3/28/1987,340.7407674,1987,6,179
era5,3/29/1987,337.6312337,1987,6,180
era5,3/30/1987,333.6205072,1987,6,181
era5,3/31/1987,328.5881624,1987,6,182
era5,4/1/1987,321.5515716,1987,7,183
era5,4/2/1987,314.9240616,1987,7,184
era5,4/3/1987,309.9432816,1987,7,185
era5,4/4/1987,317.1835486,1987,7,186
era5,4/5/1987,315.8906756,1987,7,187
era5,4/6/1987,311.9683972,1987,7,188
era5,4/7/1987,306.3569265,1987,7,189
era5,4/8/1987,298.7012691,1987,7,190
era5,4/9/1987,289.4265865,1987,7,191
era5,4/10/1987,279.8090267,1987,7,192
era5,4/11/1987,270.792203,1987,7,193
era5,4/12/1987,265.5536128,1987,7,194
era5,4/13/1987,259.4289035,1987,7,195
era5,4/14/1987,250.5209219,1987,7,196
era5,4/15/1987,239.5483989,1987,7,197
era5,4/16/1987,228.284264,1987,7,198
era5,4/17/1987,215.8416439,1987,7,199
era5,4/18/1987,204.1470515,1987,7,200
era5,4/19/1987,199.8216916,1987,7,201
era5,4/20/1987,194.5313211,1987,7,202
era5,4/21/1987,184.7115177,1987,7,203
era5,4/22/1987,172.5614476,1987,7,204
era5,4/23/1987,159.5482261,1987,7,205
era5,4/24/1987,146.6553397,1987,7,206
era5,4/25/1987,135.4994071,1987,7,207
era5,4/26/1987,124.6055986,1987,7,208
era5,4/27/1987,114.1698133,1987,7,209
era5,4/28/1987,103.7275269,1987,7,210
era5,4/29/1987,94.52977391,1987,7,211
era5,4/30/1987,85.33836225,1987,7,212
era5,5/1/1987,82.12379147,1987,8,213
era5,5/2/1987,79.12099454,1987,8,214
era5,5/3/1987,75.74858919,1987,8,215
era5,5/4/1987,72.08988121,1987,8,216
era5,5/5/1987,67.74121647,1987,8,217
era5,5/6/1987,62.70331559,1987,8,218
era5,5/7/1987,57.50350882,1987,8,219
era5,5/8/1987,53.61215893,1987,8,220
era5,5/9/1987,50.63257629,1987,8,221
era5,5/10/1987,47.84780004,1987,8,222
era5,5/11/1987,44.92999882,1987,8,223
era5,5/12/1987,42.23971088,1987,8,224
era5,5/13/1987,38.54805062,1987,8,225
era5,5/14/1987,34.8690165,1987,8,226
era5,5/15/1987,31.68843387,1987,8,227
era5,5/16/1987,29.97192997,1987,8,228
era5,5/17/1987,28.13133691,1987,8,229
era5,5/18/1987,26.17139108,1987,8,230
era5,5/19/1987,24.59844529,1987,8,231
era5,5/20/1987,23.75151956,1987,8,232
era5,5/21/1987,29.1460464,1987,8,233
era5,5/22/1987,31.02364663,1987,8,234
era5,5/23/1987,29.90917008,1987,8,235
era5,5/24/1987,27.89522382,1987,8,236
era5,5/25/1987,26.23892958,1987,8,237
era5,5/26/1987,29.59290937,1987,8,238
era5,5/27/1987,30.09501722,1987,8,239
era5,5/28/1987,32.49738354,1987,8,240
era5,5/29/1987,29.03960795,1987,8,241
era5,5/30/1987,26.27509542,1987,8,242
era5,5/31/1987,24.33901803,1987,8,243
era5,6/1/1987,22.45586853,1987,9,244
era5,6/2/1987,20.44253182,1987,9,245
era5,6/3/1987,17.89580035,1987,9,246
era5,6/4/1987,15.26380178,1987,9,247
era5,6/5/1987,13.41780777,1987,9,248
era5,6/6/1987,12.49944029,1987,9,249
era5,6/7/1987,11.97495309,1987,9,250
era5,6/8/1987,10.14260635,1987,9,251
era5,6/9/1987,8.150079534,1987,9,252
era5,6/10/1987,6.310079853,1987,9,253
era5,6/11/1987,4.837743706,1987,9,254
era5,6/12/1987,3.497210059,1987,9,255
era5,6/13/1987,1.872803294,1987,9,256
era5,6/14/1987,0.404892294,1987,9,257
era5,6/15/1987,0,1987,9,258
era5,6/16/1987,0,1987,9,259
era5,6/17/1987,0,1987,9,260
era5,6/18/1987,0,1987,9,261
era5,6/19/1987,0,1987,9,262
era5,6/20/1987,0,1987,9,263
era5,6/21/1987,0,1987,9,264
era5,6/22/1987,0,1987,9,265
era5,6/23/1987,0,1987,9,266
era5,6/24/1987,0,1987,9,267
era5,6/25/1987,0,1987,9,268
era5,6/26/1987,0,1987,9,269
era5,6/27/1987,0,1987,9,270
era5,6/28/1987,0,1987,9,271
era5,6/29/1987,0,1987,9,272
era5,6/30/1987,0,1987,9,273
era5,7/1/1987,0,1987,10,274
era5,7/2/1987,0,1987,10,275
era5,7/3/1987,0,1987,10,276
era5,7/4/1987,0,1987,10,277
era5,7/5/1987,0,1987,10,278
era5,7/6/1987,0,1987,10,279
era5,7/7/1987,0,1987,10,280
era5,7/8/1987,0,1987,10,281
era5,7/9/1987,0,1987,10,282
era5,7/10/1987,0,1987,10,283
era5,7/11/1987,0,1987,10,284
era5,7/12/1987,0,1987,10,285
era5,7/13/1987,0,1987,10,286
era5,7/14/1987,0,1987,10,287
era5,7/15/1987,0,1987,10,288
era5,7/16/1987,0,1987,10,289
era5,7/17/1987,3.16E-05,1987,10,290
era5,7/18/1987,0.003154525,1987,10,291
era5,7/19/1987,0,1987,10,292
era5,7/20/1987,0,1987,10,293
era5,7/21/1987,0,1987,10,294
era5,7/22/1987,0,1987,10,295
era5,7/23/1987,0,1987,10,296
era5,7/24/1987,0,1987,10,297
era5,7/25/1987,0,1987,10,298
era5,7/26/1987,0,1987,10,299
era5,7/27/1987,0,1987,10,300
era5,7/28/1987,0,1987,10,301
era5,7/29/1987,0,1987,10,302
era5,7/30/1987,0,1987,10,303
era5,7/31/1987,0,1987,10,304
era5,8/1/1987,0,1987,11,305
era5,8/2/1987,0,1987,11,306
era5,8/3/1987,0,1987,11,307
era5,8/4/1987,0,1987,11,308
era5,8/5/1987,0,1987,11,309
era5,8/6/1987,0,1987,11,310
era5,8/7/1987,0,1987,11,311
era5,8/8/1987,0,1987,11,312
era5,8/9/1987,0,1987,11,313
era5,8/10/1987,0,1987,11,314
era5,8/11/1987,0,1987,11,315
era5,8/12/1987,0,1987,11,316
era5,8/13/1987,0,1987,11,317
era5,8/14/1987,0,1987,11,318
era5,8/15/1987,0,1987,11,319
era5,8/16/1987,0,1987,11,320
era5,8/17/1987,0,1987,11,321
era5,8/18/1987,0,1987,11,322
era5,8/19/1987,0,1987,11,323
era5,8/20/1987,0,1987,11,324
era5,8/21/1987,0,1987,11,325
era5,8/22/1987,0,1987,11,326
era5,8/23/1987,0,1987,11,327
era5,8/24/1987,0,1987,11,328
era5,8/25/1987,0,1987,11,329
era5,8/26/1987,0,1987,11,330
era5,8/27/1987,0,1987,11,331
era5,8/28/1987,0,1987,11,332
era5,8/29/1987,0,1987,11,333
era5,8/30/1987,0,1987,11,334
era5,8/31/1987,0,1987,11,335
era5,9/1/1987,0,1987,12,336
era5,9/2/1987,0,1987,12,337
era5,9/3/1987,0,1987,12,338
era5,9/4/1987,0,1987,12,339
era5,9/5/1987,0,1987,12,340
era5,9/6/1987,0,1987,12,341
era5,9/7/1987,0,1987,12,342
era5,9/8/1987,0,1987,12,343
era5,9/9/1987,0,1987,12,344
era5,9/10/1987,0,1987,12,345
era5,9/11/1987,0,1987,12,346
era5,9/12/1987,0,1987,12,347
era5,9/13/1987,0,1987,12,348
era5,9/14/1987,0,1987,12,349
era5,9/15/1987,0,1987,12,350
era5,9/16/1987,0,1987,12,351
era5,9/17/1987,0,1987,12,352
era5,9/18/1987,0,1987,12,353
era5,9/19/1987,0,1987,12,354
era5,9/20/1987,0,1987,12,355
era5,9/21/1987,0,1987,12,356
era5,9/22/1987,0,1987,12,357
era5,9/23/1987,4.44E-05,1987,12,358
era5,9/24/1987,0,1987,12,359
era5,9/25/1987,0,1987,12,360
era5,9/26/1987,0,1987,12,361
era5,9/27/1987,0,1987,12,362
era5,9/28/1987,0,1987,12,363
era5,9/29/1987,0,1987,12,364
era5,9/30/1987,0,1987,12,365
era5,10/1/1987,0,1988,1,1
era5,10/2/1987,0,1988,1,2
era5,10/3/1987,0,1988,1,3
era5,10/4/1987,0,1988,1,4
era5,10/5/1987,0,1988,1,5
era5,10/6/1987,0,1988,1,6
era5,10/7/1987,0,1988,1,7
era5,10/8/1987,0,1988,1,8
era5,10/9/1987,0,1988,1,9
era5,10/10/1987,0,1988,1,10
era5,10/11/1987,0,1988,1,11
era5,10/12/1987,0.004666861,1988,1,12
era5,10/13/1987,6.43E-06,1988,1,13
era5,10/14/1987,0,1988,1,14
era5,10/15/1987,0,1988,1,15
era5,10/16/1987,0,1988,1,16
era5,10/17/1987,0,1988,1,17
era5,10/18/1987,0,1988,1,18
era5,10/19/1987,0,1988,1,19
era5,10/20/1987,0,1988,1,20
era5,10/21/1987,5.50E-06,1988,1,21
era5,10/22/1987,0.004382436,1988,1,22
era5,10/23/1987,1.444042076,1988,1,23
era5,10/24/1987,1.55608252,1988,1,24
era5,10/25/1987,1.668836194,1988,1,25
era5,10/26/1987,1.141927102,1988,1,26
era5,10/27/1987,0.776351155,1988,1,27
era5,10/28/1987,0.757085106,1988,1,28
era5,10/29/1987,1.905534176,1988,1,29
era5,10/30/1987,2.81109846,1988,1,30
era5,10/31/1987,2.670297787,1988,1,31
era5,11/1/1987,4.838030334,1988,2,32
era5,11/2/1987,6.80693129,1988,2,33
era5,11/3/1987,15.86075247,1988,2,34
era5,11/4/1987,19.90045638,1988,2,35
era5,11/5/1987,25.44561287,1988,2,36
era5,11/6/1987,36.90558032,1988,2,37
era5,11/7/1987,40.51930921,1988,2,38
era5,11/8/1987,39.10047725,1988,2,39
era5,11/9/1987,36.81934012,1988,2,40
era5,11/10/1987,34.70075313,1988,2,41
era5,11/11/1987,31.96052926,1988,2,42
era5,11/12/1987,29.0012764,1988,2,43
era5,11/13/1987,26.91332437,1988,2,44
era5,11/14/1987,34.80602835,1988,2,45
era5,11/15/1987,35.28882449,1988,2,46
era5,11/16/1987,34.89689556,1988,2,47
era5,11/17/1987,35.1159715,1988,2,48
era5,11/18/1987,40.15196225,1988,2,49
era5,11/19/1987,39.3166386,1988,2,50
era5,11/20/1987,37.50949722,1988,2,51
era5,11/21/1987,39.09241553,1988,2,52
era5,11/22/1987,39.54080563,1988,2,53
era5,11/23/1987,39.32617666,1988,2,54
era5,11/24/1987,39.08103549,1988,2,55
era5,11/25/1987,38.79317716,1988,2,56
era5,11/26/1987,38.71204397,1988,2,57
era5,11/27/1987,38.39476123,1988,2,58
era5,11/28/1987,38.13531259,1988,2,59
era5,11/29/1987,38.06367689,1988,2,60
era5,11/30/1987,38.37169886,1988,2,61
era5,12/1/1987,49.37190857,1988,3,62
era5,12/2/1987,58.79216877,1988,3,63
era5,12/3/1987,60.30818389,1988,3,64
era5,12/4/1987,59.41402884,1988,3,65
era5,12/5/1987,77.4359951,1988,3,66
era5,12/6/1987,84.97947277,1988,3,67
era5,12/7/1987,120.35314,1988,3,68
era5,12/8/1987,129.1654261,1988,3,69
era5,12/9/1987,142.5719806,1988,3,70
era5,12/10/1987,144.661994,1988,3,71
era5,12/11/1987,141.127772,1988,3,72
era5,12/12/1987,140.0639748,1988,3,73
era5,12/13/1987,140.937945,1988,3,74
era5,12/14/1987,141.1973279,1988,3,75
era5,12/15/1987,141.4527503,1988,3,76
era5,12/16/1987,159.1279402,1988,3,77
era5,12/17/1987,189.2138257,1988,3,78
era5,12/18/1987,191.1431149,1988,3,79
era5,12/19/1987,191.6590103,1988,3,80
era5,12/20/1987,191.8789285,1988,3,81
era5,12/21/1987,191.8782681,1988,3,82
era5,12/22/1987,201.086773,1988,3,83
era5,12/23/1987,211.8252274,1988,3,84
era5,12/24/1987,212.8585371,1988,3,85
era5,12/25/1987,212.9939072,1988,3,86
era5,12/26/1987,212.8380363,1988,3,87
era5,12/27/1987,212.7091591,1988,3,88
era5,12/28/1987,214.8690659,1988,3,89
era5,12/29/1987,251.3981112,1988,3,90
era5,12/30/1987,270.4828483,1988,3,91
era5,12/31/1987,271.9643454,1988,3,92
era5,1/1/1988,271.9986817,1988,4,93
era5,1/2/1988,272.0939851,1988,4,94
era5,1/3/1988,279.0397301,1988,4,95
era5,1/4/1988,309.9522625,1988,4,96
era5,1/5/1988,332.3849665,1988,4,97
era5,1/6/1988,345.1049826,1988,4,98
era5,1/7/1988,345.8356534,1988,4,99
era5,1/8/1988,346.8686091,1988,4,100
era5,1/9/1988,350.3662651,1988,4,101
era5,1/10/1988,351.2846156,1988,4,102
era5,1/11/1988,351.9539867,1988,4,103
era5,1/12/1988,354.0477756,1988,4,104
era5,1/13/1988,353.8188787,1988,4,105
era5,1/14/1988,353.2032101,1988,4,106
era5,1/15/1988,358.3647613,1988,4,107
era5,1/16/1988,388.3858008,1988,4,108
era5,1/17/1988,424.4410533,1988,4,109
era5,1/18/1988,461.2417862,1988,4,110
era5,1/19/1988,463.2093635,1988,4,111
era5,1/20/1988,463.1439962,1988,4,112
era5,1/21/1988,463.0575759,1988,4,113
era5,1/22/1988,462.8432547,1988,4,114
era5,1/23/1988,461.6443229,1988,4,115
era5,1/24/1988,458.9288444,1988,4,116
era5,1/25/1988,456.0267741,1988,4,117
era5,1/26/1988,453.4360406,1988,4,118
era5,1/27/1988,450.0427088,1988,4,119
era5,1/28/1988,446.9060562,1988,4,120
era5,1/29/1988,445.7712459,1988,4,121
era5,1/30/1988,451.5545347,1988,4,122
era5,1/31/1988,452.4760253,1988,4,123
era5,2/1/1988,452.5831041,1988,5,124
era5,2/2/1988,453.1643897,1988,5,125
era5,2/3/1988,453.1449165,1988,5,126
era5,2/4/1988,452.9050393,1988,5,127
era5,2/5/1988,452.5711982,1988,5,128
era5,2/6/1988,451.9276375,1988,5,129
era5,2/7/1988,451.1506,1988,5,130
era5,2/8/1988,449.5377344,1988,5,131
era5,2/9/1988,447.0072578,1988,5,132
era5,2/10/1988,444.0666162,1988,5,133
era5,2/11/1988,440.6670569,1988,5,134
era5,2/12/1988,437.2870855,1988,5,135
era5,2/13/1988,434.906061,1988,5,136
era5,2/14/1988,433.0685385,1988,5,137
era5,2/15/1988,430.6694762,1988,5,138
era5,2/16/1988,428.6947144,1988,5,139
era5,2/17/1988,427.9231576,1988,5,140
era5,2/18/1988,427.5142344,1988,5,141
era5,2/19/1988,427.8121222,1988,5,142
era5,2/20/1988,426.7120497,1988,5,143
era5,2/21/1988,424.5800005,1988,5,144
era5,2/22/1988,422.3554909,1988,5,145
era5,2/23/1988,419.8884339,1988,5,146
era5,2/24/1988,417.2751218,1988,5,147
era5,2/25/1988,414.3373357,1988,5,148
era5,2/26/1988,409.865694,1988,5,149
era5,2/27/1988,404.6777012,1988,5,150
era5,2/28/1988,407.7823362,1988,5,151
era5,2/29/1988,414.8824803,1988,5,152
era5,3/1/1988,440.5785208,1988,6,153
era5,3/2/1988,451.1575141,1988,6,154
era5,3/3/1988,451.1004416,1988,6,155
era5,3/4/1988,448.907405,1988,6,156
era5,3/5/1988,445.9993048,1988,6,157
era5,3/6/1988,443.1739237,1988,6,158
era5,3/7/1988,440.4672315,1988,6,159
era5,3/8/1988,437.2902936,1988,6,160
era5,3/9/1988,433.5541745,1988,6,161
era5,3/10/1988,432.7597471,1988,6,162
era5,3/11/1988,432.4796659,1988,6,163
era5,3/12/1988,432.2999201,1988,6,164
era5,3/13/1988,432.0997228,1988,6,165
era5,3/14/1988,431.6591109,1988,6,166
era5,3/15/1988,430.3435815,1988,6,167
era5,3/16/1988,429.0750025,1988,6,168
era5,3/17/1988,427.4056294,1988,6,169
era5,3/18/1988,424.4073419,1988,6,170
era5,3/19/1988,419.6045971,1988,6,171
era5,3/20/1988,412.9598025,1988,6,172
era5,3/21/1988,406.3462661,1988,6,173
era5,3/22/1988,400.2387646,1988,6,174
era5,3/23/1988,393.9218414,1988,6,175
era5,3/24/1988,386.4661504,1988,6,176
era5,3/25/1988,378.0622458,1988,6,177
era5,3/26/1988,367.9382565,1988,6,178
era5,3/27/1988,358.5565976,1988,6,179
era5,3/28/1988,352.3169079,1988,6,180
era5,3/29/1988,347.3574144,1988,6,181
era5,3/30/1988,342.7333568,1988,6,182
era5,3/31/1988,340.8156094,1988,6,183
era5,4/1/1988,338.8747743,1988,7,184
era5,4/2/1988,334.3091112,1988,7,185
era5,4/3/1988,328.2245176,1988,7,186
era5,4/4/1988,321.8869739,1988,7,187
era5,4/5/1988,313.1909106,1988,7,188
era5,4/6/1988,302.0289274,1988,7,189
era5,4/7/1988,289.4202327,1988,7,190
era5,4/8/1988,278.043509,1988,7,191
era5,4/9/1988,269.1592243,1988,7,192
era5,4/10/1988,257.7575539,1988,7,193
era5,4/11/1988,245.9824739,1988,7,194
era5,4/12/1988,234.5184813,1988,7,195
era5,4/13/1988,225.7146077,1988,7,196
era5,4/14/1988,221.6208401,1988,7,197
era5,4/15/1988,227.6187827,1988,7,198
era5,4/16/1988,228.0077891,1988,7,199
era5,4/17/1988,225.9295556,1988,7,200
era5,4/18/1988,221.8309706,1988,7,201
era5,4/19/1988,222.1861075,1988,7,202
era5,4/20/1988,254.9655289,1988,7,203
era5,4/21/1988,265.5187176,1988,7,204
era5,4/22/1988,269.1457506,1988,7,205
era5,4/23/1988,282.6720005,1988,7,206
era5,4/24/1988,291.4929519,1988,7,207
era5,4/25/1988,287.2586518,1988,7,208
era5,4/26/1988,280.3221863,1988,7,209
era5,4/27/1988,271.9833787,1988,7,210
era5,4/28/1988,264.4708142,1988,7,211
era5,4/29/1988,257.6502834,1988,7,212
era5,4/30/1988,251.496207,1988,7,213
era5,5/1/1988,251.2230443,1988,8,214
era5,5/2/1988,250.3627585,1988,8,215
era5,5/3/1988,247.9142517,1988,8,216
era5,5/4/1988,244.869278,1988,8,217
era5,5/5/1988,243.4821062,1988,8,218
era5,5/6/1988,254.5331244,1988,8,219
era5,5/7/1988,264.1631002,1988,8,220
era5,5/8/1988,273.7052256,1988,8,221
era5,5/9/1988,270.3228445,1988,8,222
era5,5/10/1988,261.836038,1988,8,223
era5,5/11/1988,250.877043,1988,8,224
era5,5/12/1988,240.3811022,1988,8,225
era5,5/13/1988,229.4540161,1988,8,226
era5,5/14/1988,220.6001668,1988,8,227
era5,5/15/1988,211.4804341,1988,8,228
era5,5/16/1988,202.3701071,1988,8,229
era5,5/17/1988,195.2761981,1988,8,230
era5,5/18/1988,188.7625174,1988,8,231
era5,5/19/1988,180.1701718,1988,8,232
era5,5/20/1988,170.2791654,1988,8,233
era5,5/21/1988,159.9246371,1988,8,234
era5,5/22/1988,149.3256182,1988,8,235
era5,5/23/1988,138.7845131,1988,8,236
era5,5/24/1988,128.154906,1988,8,237
era5,5/25/1988,118.3736598,1988,8,238
era5,5/26/1988,109.0549137,1988,8,239
era5,5/27/1988,101.0637509,1988,8,240
era5,5/28/1988,94.27914571,1988,8,241
era5,5/29/1988,91.45182863,1988,8,242
era5,5/30/1988,94.93340335,1988,8,243
era5,5/31/1988,92.9075329,1988,8,244
era5,6/1/1988,88.25572312,1988,9,245
era5,6/2/1988,83.53611384,1988,9,246
era5,6/3/1988,78.56839835,1988,9,247
era5,6/4/1988,72.84994735,1988,9,248
era5,6/5/1988,68.662732,1988,9,249
era5,6/6/1988,68.41405431,1988,9,250
era5,6/7/1988,71.39473708,1988,9,251
era5,6/8/1988,71.2864339,1988,9,252
era5,6/9/1988,69.18622916,1988,9,253
era5,6/10/1988,66.0187928,1988,9,254
era5,6/11/1988,62.63197,1988,9,255
era5,6/12/1988,59.3595075,1988,9,256
era5,6/13/1988,54.96879206,1988,9,257
era5,6/14/1988,48.68763529,1988,9,258
era5,6/15/1988,41.97160829,1988,9,259
era5,6/16/1988,35.99619104,1988,9,260
era5,6/17/1988,31.09799515,1988,9,261
era5,6/18/1988,26.25307426,1988,9,262
era5,6/19/1988,20.15997738,1988,9,263
era5,6/20/1988,15.99828838,1988,9,264
era5,6/21/1988,12.33625688,1988,9,265
era5,6/22/1988,8.800348941,1988,9,266
era5,6/23/1988,5.361533265,1988,9,267
era5,6/24/1988,2.813513235,1988,9,268
era5,6/25/1988,1.466813941,1988,9,269
era5,6/26/1988,0.539312853,1988,9,270
era5,6/27/1988,0,1988,9,271
era5,6/28/1988,0,1988,9,272
era5,6/29/1988,0,1988,9,273
era5,6/30/1988,0,1988,9,274
era5,7/1/1988,0,1988,10,275
era5,7/2/1988,0,1988,10,276
era5,7/3/1988,0,1988,10,277
era5,7/4/1988,0,1988,10,278
era5,7/5/1988,0,1988,10,279
era5,7/6/1988,0,1988,10,280
era5,7/7/1988,0,1988,10,281
era5,7/8/1988,0,1988,10,282
era5,7/9/1988,0,1988,10,283
era5,7/10/1988,0,1988,10,284
era5,7/11/1988,0,1988,10,285
era5,7/12/1988,0,1988,10,286
era5,7/13/1988,0,1988,10,287
era5,7/14/1988,0,1988,10,288
era5,7/15/1988,0,1988,10,289
era5,7/16/1988,0,1988,10,290
era5,7/17/1988,0,1988,10,291
era5,7/18/1988,0,1988,10,292
era5,7/19/1988,0,1988,10,293
era5,7/20/1988,0,1988,10,294
era5,7/21/1988,0,1988,10,295
era5,7/22/1988,0,1988,10,296
era5,7/23/1988,0,1988,10,297
era5,7/24/1988,0,1988,10,298
era5,7/25/1988,0,1988,10,299
era5,7/26/1988,0,1988,10,300
era5,7/27/1988,0,1988,10,301
era5,7/28/1988,0,1988,10,302
era5,7/29/1988,0,1988,10,303
era5,7/30/1988,0,1988,10,304
era5,7/31/1988,0,1988,10,305
era5,8/1/1988,0,1988,11,306
era5,8/2/1988,0,1988,11,307
era5,8/3/1988,0,1988,11,308
era5,8/4/1988,0,1988,11,309
era5,8/5/1988,0,1988,11,310
era5,8/6/1988,0,1988,11,311
era5,8/7/1988,0,1988,11,312
era5,8/8/1988,0,1988,11,313
era5,8/9/1988,0,1988,11,314
era5,8/10/1988,0,1988,11,315
era5,8/11/1988,0,1988,11,316
era5,8/12/1988,0,1988,11,317
era5,8/13/1988,0,1988,11,318
era5,8/14/1988,0,1988,11,319
era5,8/15/1988,0,1988,11,320
era5,8/16/1988,0,1988,11,321
era5,8/17/1988,0,1988,11,322
era5,8/18/1988,0,1988,11,323
era5,8/19/1988,0,1988,11,324
era5,8/20/1988,0,1988,11,325
era5,8/21/1988,0,1988,11,326
era5,8/22/1988,0,1988,11,327
era5,8/23/1988,0,1988,11,328
era5,8/24/1988,0,1988,11,329
era5,8/25/1988,0,1988,11,330
era5,8/26/1988,0,1988,11,331
era5,8/27/1988,0,1988,11,332
era5,8/28/1988,0,1988,11,333
era5,8/29/1988,0,1988,11,334
era5,8/30/1988,0,1988,11,335
era5,8/31/1988,0,1988,11,336
era5,9/1/1988,0,1988,12,337
era5,9/2/1988,0,1988,12,338
era5,9/3/1988,0,1988,12,339
era5,9/4/1988,0,1988,12,340
era5,9/5/1988,0,1988,12,341
era5,9/6/1988,0,1988,12,342
era5,9/7/1988,0,1988,12,343
era5,9/8/1988,0,1988,12,344
era5,9/9/1988,0,1988,12,345
era5,9/10/1988,0,1988,12,346
era5,9/11/1988,0,1988,12,347
era5,9/12/1988,0,1988,12,348
era5,9/13/1988,0,1988,12,349
era5,9/14/1988,0,1988,12,350
era5,9/15/1988,0,1988,12,351
era5,9/16/1988,0,1988,12,352
era5,9/17/1988,0,1988,12,353
era5,9/18/1988,0,1988,12,354
era5,9/19/1988,0,1988,12,355
era5,9/20/1988,0,1988,12,356
era5,9/21/1988,0.012331546,1988,12,357
era5,9/22/1988,0,1988,12,358
era5,9/23/1988,0,1988,12,359
era5,9/24/1988,0,1988,12,360
era5,9/25/1988,0,1988,12,361
era5,9/26/1988,0,1988,12,362
era5,9/27/1988,0,1988,12,363
era5,9/28/1988,0,1988,12,364
era5,9/29/1988,0,1988,12,365
era5,9/30/1988,0,1988,12,366
era5,10/1/1988,0,1989,1,1
era5,10/2/1988,0,1989,1,2
era5,10/3/1988,0,1989,1,3
era5,10/4/1988,0,1989,1,4
era5,10/5/1988,0,1989,1,5
era5,10/6/1988,0,1989,1,6
era5,10/7/1988,0,1989,1,7
era5,10/8/1988,0,1989,1,8
era5,10/9/1988,0,1989,1,9
era5,10/10/1988,0,1989,1,10
era5,10/11/1988,0,1989,1,11
era5,10/12/1988,0,1989,1,12
era5,10/13/1988,0,1989,1,13
era5,10/14/1988,0.001086767,1989,1,14
era5,10/15/1988,0,1989,1,15
era5,10/16/1988,0,1989,1,16
era5,10/17/1988,0,1989,1,17
era5,10/18/1988,0,1989,1,18
era5,10/19/1988,0,1989,1,19
era5,10/20/1988,0,1989,1,20
era5,10/21/1988,0,1989,1,21
era5,10/22/1988,0,1989,1,22
era5,10/23/1988,0,1989,1,23
era5,10/24/1988,0,1989,1,24
era5,10/25/1988,0,1989,1,25
era5,10/26/1988,0,1989,1,26
era5,10/27/1988,0,1989,1,27
era5,10/28/1988,0,1989,1,28
era5,10/29/1988,0,1989,1,29
era5,10/30/1988,0,1989,1,30
era5,10/31/1988,0,1989,1,31
era5,11/1/1988,0,1989,2,32
era5,11/2/1988,0.001421028,1989,2,33
era5,11/3/1988,0.127766578,1989,2,34
era5,11/4/1988,0.253613388,1989,2,35
era5,11/5/1988,0.152048847,1989,2,36
era5,11/6/1988,0,1989,2,37
era5,11/7/1988,0,1989,2,38
era5,11/8/1988,2.19E-05,1989,2,39
era5,11/9/1988,0.010816393,1989,2,40
era5,11/10/1988,1.834118498,1989,2,41
era5,11/11/1988,4.478475288,1989,2,42
era5,11/12/1988,4.398300725,1989,2,43
era5,11/13/1988,5.799739417,1989,2,44
era5,11/14/1988,32.85513636,1989,2,45
era5,11/15/1988,45.85016806,1989,2,46
era5,11/16/1988,46.18308859,1989,2,47
era5,11/17/1988,53.35749938,1989,2,48
era5,11/18/1988,57.54982109,1989,2,49
era5,11/19/1988,57.63897044,1989,2,50
era5,11/20/1988,57.20732124,1989,2,51
era5,11/21/1988,56.54258368,1989,2,52
era5,11/22/1988,56.07578032,1989,2,53
era5,11/23/1988,71.12241156,1989,2,54
era5,11/24/1988,102.5920498,1989,2,55
era5,11/25/1988,120.8234622,1989,2,56
era5,11/26/1988,135.9897404,1989,2,57
era5,11/27/1988,136.317731,1989,2,58
era5,11/28/1988,135.6253162,1989,2,59
era5,11/29/1988,133.6255931,1989,2,60
era5,11/30/1988,131.1380882,1989,2,61
era5,12/1/1988,128.4225686,1989,3,62
era5,12/2/1988,126.1731585,1989,3,63
era5,12/3/1988,124.3633415,1989,3,64
era5,12/4/1988,122.0938121,1989,3,65
era5,12/5/1988,120.4041655,1989,3,66
era5,12/6/1988,117.5506375,1989,3,67
era5,12/7/1988,113.5118672,1989,3,68
era5,12/8/1988,113.2756915,1989,3,69
era5,12/9/1988,112.5233876,1989,3,70
era5,12/10/1988,111.1201091,1989,3,71
era5,12/11/1988,110.4156737,1989,3,72
era5,12/12/1988,109.2925277,1989,3,73
era5,12/13/1988,107.1407563,1989,3,74
era5,12/14/1988,105.6601551,1989,3,75
era5,12/15/1988,105.0740687,1989,3,76
era5,12/16/1988,105.0387628,1989,3,77
era5,12/17/1988,107.7576638,1989,3,78
era5,12/18/1988,113.8259128,1989,3,79
era5,12/19/1988,117.8283724,1989,3,80
era5,12/20/1988,119.9034459,1989,3,81
era5,12/21/1988,156.1203563,1989,3,82
era5,12/22/1988,171.1299001,1989,3,83
era5,12/23/1988,196.36216,1989,3,84
era5,12/24/1988,216.0963976,1989,3,85
era5,12/25/1988,268.5996418,1989,3,86
era5,12/26/1988,277.3783009,1989,3,87
era5,12/27/1988,277.7031462,1989,3,88
era5,12/28/1988,277.8516344,1989,3,89
era5,12/29/1988,277.9703679,1989,3,90
era5,12/30/1988,277.9523824,1989,3,91
era5,12/31/1988,286.2120415,1989,3,92
era5,1/1/1989,294.1308244,1989,4,93
era5,1/2/1989,294.4302074,1989,4,94
era5,1/3/1989,294.3448676,1989,4,95
era5,1/4/1989,294.3728147,1989,4,96
era5,1/5/1989,297.2421021,1989,4,97
era5,1/6/1989,325.8146326,1989,4,98
era5,1/7/1989,329.6740044,1989,4,99
era5,1/8/1989,330.7006197,1989,4,100
era5,1/9/1989,331.2128032,1989,4,101
era5,1/10/1989,331.7622032,1989,4,102
era5,1/11/1989,333.4104371,1989,4,103
era5,1/12/1989,333.3953506,1989,4,104
era5,1/13/1989,333.3115497,1989,4,105
era5,1/14/1989,333.2815835,1989,4,106
era5,1/15/1989,333.3349156,1989,4,107
era5,1/16/1989,333.2985979,1989,4,108
era5,1/17/1989,333.2345444,1989,4,109
era5,1/18/1989,333.0985968,1989,4,110
era5,1/19/1989,332.6093456,1989,4,111
era5,1/20/1989,331.0987371,1989,4,112
era5,1/21/1989,329.6744479,1989,4,113
era5,1/22/1989,328.5117918,1989,4,114
era5,1/23/1989,330.1330453,1989,4,115
era5,1/24/1989,332.6299144,1989,4,116
era5,1/25/1989,332.5294359,1989,4,117
era5,1/26/1989,332.3269665,1989,4,118
era5,1/27/1989,332.1544274,1989,4,119
era5,1/28/1989,331.9622694,1989,4,120
era5,1/29/1989,331.3466071,1989,4,121
era5,1/30/1989,328.6747188,1989,4,122
era5,1/31/1989,325.65641,1989,4,123
era5,2/1/1989,323.8788729,1989,5,124
era5,2/2/1989,325.3874779,1989,5,125
era5,2/3/1989,331.0940965,1989,5,126
era5,2/4/1989,367.5447759,1989,5,127
era5,2/5/1989,382.7288871,1989,5,128
era5,2/6/1989,383.4363938,1989,5,129
era5,2/7/1989,383.3904812,1989,5,130
era5,2/8/1989,384.0327659,1989,5,131
era5,2/9/1989,395.4979806,1989,5,132
era5,2/10/1989,408.4520429,1989,5,133
era5,2/11/1989,410.0677303,1989,5,134
era5,2/12/1989,410.2106129,1989,5,135
era5,2/13/1989,410.3971688,1989,5,136
era5,2/14/1989,410.3846565,1989,5,137
era5,2/15/1989,410.3188594,1989,5,138
era5,2/16/1989,410.1791641,1989,5,139
era5,2/17/1989,409.9656253,1989,5,140
era5,2/18/1989,409.7313662,1989,5,141
era5,2/19/1989,417.7486206,1989,5,142
era5,2/20/1989,422.7512032,1989,5,143
era5,2/21/1989,422.3608741,1989,5,144
era5,2/22/1989,420.5046671,1989,5,145
era5,2/23/1989,422.6464609,1989,5,146
era5,2/24/1989,417.5569938,1989,5,147
era5,2/25/1989,412.6105326,1989,5,148
era5,2/26/1989,407.5949332,1989,5,149
era5,2/27/1989,403.235755,1989,5,150
era5,2/28/1989,400.8728068,1989,5,151
era5,3/1/1989,399.8721197,1989,6,152
era5,3/2/1989,423.1199194,1989,6,153
era5,3/3/1989,478.8136218,1989,6,154
era5,3/4/1989,482.0109247,1989,6,155
era5,3/5/1989,483.4257771,1989,6,156
era5,3/6/1989,486.5233812,1989,6,157
era5,3/7/1989,485.4432274,1989,6,158
era5,3/8/1989,491.7420832,1989,6,159
era5,3/9/1989,491.1220759,1989,6,160
era5,3/10/1989,485.3059515,1989,6,161
era5,3/11/1989,481.6972375,1989,6,162
era5,3/12/1989,478.4120132,1989,6,163
era5,3/13/1989,473.2439874,1989,6,164
era5,3/14/1989,470.8398465,1989,6,165
era5,3/15/1989,467.6728547,1989,6,166
era5,3/16/1989,466.4598331,1989,6,167
era5,3/17/1989,481.8011976,1989,6,168
era5,3/18/1989,481.3730253,1989,6,169
era5,3/19/1989,483.4220168,1989,6,170
era5,3/20/1989,480.4930502,1989,6,171
era5,3/21/1989,476.5097686,1989,6,172
era5,3/22/1989,471.487151,1989,6,173
era5,3/23/1989,465.1343559,1989,6,174
era5,3/24/1989,465.485809,1989,6,175
era5,3/25/1989,478.6994926,1989,6,176
era5,3/26/1989,504.4793979,1989,6,177
era5,3/27/1989,506.4168224,1989,6,178
era5,3/28/1989,503.8147795,1989,6,179
era5,3/29/1989,495.8062031,1989,6,180
era5,3/30/1989,489.8266337,1989,6,181
era5,3/31/1989,483.3082593,1989,6,182
era5,4/1/1989,476.4022016,1989,7,183
era5,4/2/1989,471.8033594,1989,7,184
era5,4/3/1989,467.3552818,1989,7,185
era5,4/4/1989,460.3630205,1989,7,186
era5,4/5/1989,450.1822808,1989,7,187
era5,4/6/1989,438.5098703,1989,7,188
era5,4/7/1989,425.4123186,1989,7,189
era5,4/8/1989,411.9715551,1989,7,190
era5,4/9/1989,398.5102335,1989,7,191
era5,4/10/1989,385.9816415,1989,7,192
era5,4/11/1989,373.630517,1989,7,193
era5,4/12/1989,361.5840091,1989,7,194
era5,4/13/1989,350.4558284,1989,7,195
era5,4/14/1989,338.298689,1989,7,196
era5,4/15/1989,325.474464,1989,7,197
era5,4/16/1989,313.0975289,1989,7,198
era5,4/17/1989,300.779853,1989,7,199
era5,4/18/1989,287.2412342,1989,7,200
era5,4/19/1989,274.3032212,1989,7,201
era5,4/20/1989,261.6985143,1989,7,202
era5,4/21/1989,250.0756307,1989,7,203
era5,4/22/1989,244.2976802,1989,7,204
era5,4/23/1989,243.6703092,1989,7,205
era5,4/24/1989,252.8089102,1989,7,206
era5,4/25/1989,261.2711476,1989,7,207
era5,4/26/1989,265.3629016,1989,7,208
era5,4/27/1989,265.0728698,1989,7,209
era5,4/28/1989,262.5496973,1989,7,210
era5,4/29/1989,259.0914262,1989,7,211
era5,4/30/1989,253.9664926,1989,7,212
era5,5/1/1989,247.5463539,1989,8,213
era5,5/2/1989,239.7500701,1989,8,214
era5,5/3/1989,230.9160663,1989,8,215
era5,5/4/1989,219.9140007,1989,8,216
era5,5/5/1989,206.9633124,1989,8,217
era5,5/6/1989,194.1078749,1989,8,218
era5,5/7/1989,182.0971539,1989,8,219
era5,5/8/1989,169.56298,1989,8,220
era5,5/9/1989,159.1753842,1989,8,221
era5,5/10/1989,153.7859288,1989,8,222
era5,5/11/1989,156.4733072,1989,8,223
era5,5/12/1989,155.9982866,1989,8,224
era5,5/13/1989,153.6555856,1989,8,225
era5,5/14/1989,153.633701,1989,8,226
era5,5/15/1989,156.1123167,1989,8,227
era5,5/16/1989,155.1683021,1989,8,228
era5,5/17/1989,148.991792,1989,8,229
era5,5/18/1989,142.8619677,1989,8,230
era5,5/19/1989,138.7808425,1989,8,231
era5,5/20/1989,134.1859826,1989,8,232
era5,5/21/1989,128.8114118,1989,8,233
era5,5/22/1989,123.5797167,1989,8,234
era5,5/23/1989,119.3850651,1989,8,235
era5,5/24/1989,118.3539915,1989,8,236
era5,5/25/1989,116.8935518,1989,8,237
era5,5/26/1989,114.3945382,1989,8,238
era5,5/27/1989,110.0771194,1989,8,239
era5,5/28/1989,105.3954691,1989,8,240
era5,5/29/1989,103.1593141,1989,8,241
era5,5/30/1989,102.9136168,1989,8,242
era5,5/31/1989,100.3654394,1989,8,243
era5,6/1/1989,95.9719468,1989,9,244
era5,6/2/1989,91.21760353,1989,9,245
era5,6/3/1989,85.84142403,1989,9,246
era5,6/4/1989,80.61111588,1989,9,247
era5,6/5/1989,76.88509059,1989,9,248
era5,6/6/1989,73.13708176,1989,9,249
era5,6/7/1989,67.43026412,1989,9,250
era5,6/8/1989,62.11431235,1989,9,251
era5,6/9/1989,56.6925225,1989,9,252
era5,6/10/1989,50.87246109,1989,9,253
era5,6/11/1989,46.18525147,1989,9,254
era5,6/12/1989,41.49995206,1989,9,255
era5,6/13/1989,35.92454618,1989,9,256
era5,6/14/1989,30.03509346,1989,9,257
era5,6/15/1989,25.57030088,1989,9,258
era5,6/16/1989,21.64432971,1989,9,259
era5,6/17/1989,17.96358606,1989,9,260
era5,6/18/1989,14.27317068,1989,9,261
era5,6/19/1989,10.83467853,1989,9,262
era5,6/20/1989,7.389211471,1989,9,263
era5,6/21/1989,4.574592803,1989,9,264
era5,6/22/1989,2.9134015,1989,9,265
era5,6/23/1989,1.9408,1989,9,266
era5,6/24/1989,1.057294706,1989,9,267
era5,6/25/1989,0.312471118,1989,9,268
era5,6/26/1989,0,1989,9,269
era5,6/27/1989,0,1989,9,270
era5,6/28/1989,0,1989,9,271
era5,6/29/1989,0,1989,9,272
era5,6/30/1989,0,1989,9,273
era5,7/1/1989,0,1989,10,274
era5,7/2/1989,0,1989,10,275
era5,7/3/1989,0,1989,10,276
era5,7/4/1989,0,1989,10,277
era5,7/5/1989,0,1989,10,278
era5,7/6/1989,0,1989,10,279
era5,7/7/1989,0,1989,10,280
era5,7/8/1989,0,1989,10,281
era5,7/9/1989,0,1989,10,282
era5,7/10/1989,0,1989,10,283
era5,7/11/1989,0,1989,10,284
era5,7/12/1989,0,1989,10,285
era5,7/13/1989,0,1989,10,286
era5,7/14/1989,0,1989,10,287
era5,7/15/1989,0,1989,10,288
era5,7/16/1989,0,1989,10,289
era5,7/17/1989,0,1989,10,290
era5,7/18/1989,0,1989,10,291
era5,7/19/1989,0,1989,10,292
era5,7/20/1989,0,1989,10,293
era5,7/21/1989,0,1989,10,294
era5,7/22/1989,0,1989,10,295
era5,7/23/1989,0,1989,10,296
era5,7/24/1989,0,1989,10,297
era5,7/25/1989,0,1989,10,298
era5,7/26/1989,0,1989,10,299
era5,7/27/1989,0,1989,10,300
era5,7/28/1989,0,1989,10,301
era5,7/29/1989,0,1989,10,302
era5,7/30/1989,0,1989,10,303
era5,7/31/1989,0,1989,10,304
era5,8/1/1989,0,1989,11,305
era5,8/2/1989,0,1989,11,306
era5,8/3/1989,0,1989,11,307
era5,8/4/1989,0,1989,11,308
era5,8/5/1989,0,1989,11,309
era5,8/6/1989,0,1989,11,310
era5,8/7/1989,0,1989,11,311
era5,8/8/1989,0,1989,11,312
era5,8/9/1989,0,1989,11,313
era5,8/10/1989,0,1989,11,314
era5,8/11/1989,0,1989,11,315
era5,8/12/1989,0,1989,11,316
era5,8/13/1989,0,1989,11,317
era5,8/14/1989,0,1989,11,318
era5,8/15/1989,0,1989,11,319
era5,8/16/1989,0,1989,11,320
era5,8/17/1989,0,1989,11,321
era5,8/18/1989,0,1989,11,322
era5,8/19/1989,0,1989,11,323
era5,8/20/1989,0,1989,11,324
era5,8/21/1989,0,1989,11,325
era5,8/22/1989,0,1989,11,326
era5,8/23/1989,0,1989,11,327
era5,8/24/1989,0,1989,11,328
era5,8/25/1989,0,1989,11,329
era5,8/26/1989,0,1989,11,330
era5,8/27/1989,0,1989,11,331
era5,8/28/1989,0,1989,11,332
era5,8/29/1989,0,1989,11,333
era5,8/30/1989,0,1989,11,334
era5,8/31/1989,0,1989,11,335
era5,9/1/1989,0,1989,12,336
era5,9/2/1989,0,1989,12,337
era5,9/3/1989,0,1989,12,338
era5,9/4/1989,0,1989,12,339
era5,9/5/1989,0,1989,12,340
era5,9/6/1989,0,1989,12,341
era5,9/7/1989,0,1989,12,342
era5,9/8/1989,0,1989,12,343
era5,9/9/1989,0,1989,12,344
era5,9/10/1989,0,1989,12,345
era5,9/11/1989,0,1989,12,346
era5,9/12/1989,0,1989,12,347
era5,9/13/1989,0,1989,12,348
era5,9/14/1989,0,1989,12,349
era5,9/15/1989,0,1989,12,350
era5,9/16/1989,0,1989,12,351
era5,9/17/1989,0.511516243,1989,12,352
era5,9/18/1989,2.021969187,1989,12,353
era5,9/19/1989,7.888374864,1989,12,354
era5,9/20/1989,6.775322029,1989,12,355
era5,9/21/1989,3.957188071,1989,12,356
era5,9/22/1989,1.496329666,1989,12,357
era5,9/23/1989,0.661813647,1989,12,358
era5,9/24/1989,0.353410932,1989,12,359
era5,9/25/1989,0,1989,12,360
era5,9/26/1989,0,1989,12,361
era5,9/27/1989,0,1989,12,362
era5,9/28/1989,0,1989,12,363
era5,9/29/1989,0.012496173,1989,12,364
era5,9/30/1989,0.007244097,1989,12,365
era5,10/1/1989,0,1990,1,1
era5,10/2/1989,0,1990,1,2
era5,10/3/1989,0.086130743,1990,1,3
era5,10/4/1989,0.104234203,1990,1,4
era5,10/5/1989,0.008268344,1990,1,5
era5,10/6/1989,0,1990,1,6
era5,10/7/1989,0,1990,1,7
era5,10/8/1989,0,1990,1,8
era5,10/9/1989,0,1990,1,9
era5,10/10/1989,0,1990,1,10
era5,10/11/1989,0,1990,1,11
era5,10/12/1989,0,1990,1,12
era5,10/13/1989,0,1990,1,13
era5,10/14/1989,0,1990,1,14
era5,10/15/1989,0,1990,1,15
era5,10/16/1989,0,1990,1,16
era5,10/17/1989,0,1990,1,17
era5,10/18/1989,0,1990,1,18
era5,10/19/1989,0,1990,1,19
era5,10/20/1989,0,1990,1,20
era5,10/21/1989,1.353902471,1990,1,21
era5,10/22/1989,10.90456153,1990,1,22
era5,10/23/1989,13.70674763,1990,1,23
era5,10/24/1989,26.51612305,1990,1,24
era5,10/25/1989,38.37104666,1990,1,25
era5,10/26/1989,46.12426937,1990,1,26
era5,10/27/1989,45.6725369,1990,1,27
era5,10/28/1989,44.48128071,1990,1,28
era5,10/29/1989,42.67380003,1990,1,29
era5,10/30/1989,41.43035801,1990,1,30
era5,10/31/1989,39.71628639,1990,1,31
era5,11/1/1989,37.94008375,1990,2,32
era5,11/2/1989,36.57637957,1990,2,33
era5,11/3/1989,34.84223365,1990,2,34
era5,11/4/1989,32.33969747,1990,2,35
era5,11/5/1989,30.34499637,1990,2,36
era5,11/6/1989,28.88956835,1990,2,37
era5,11/7/1989,28.00874097,1990,2,38
era5,11/8/1989,27.10990499,1990,2,39
era5,11/9/1989,26.33179647,1990,2,40
era5,11/10/1989,24.88418921,1990,2,41
era5,11/11/1989,22.99295671,1990,2,42
era5,11/12/1989,21.65737983,1990,2,43
era5,11/13/1989,20.71404138,1990,2,44
era5,11/14/1989,20.10746429,1990,2,45
era5,11/15/1989,19.57947592,1990,2,46
era5,11/16/1989,19.1471265,1990,2,47
era5,11/17/1989,18.64405626,1990,2,48
era5,11/18/1989,18.05224762,1990,2,49
era5,11/19/1989,17.414467,1990,2,50
era5,11/20/1989,16.57541797,1990,2,51
era5,11/21/1989,15.77490347,1990,2,52
era5,11/22/1989,15.08165831,1990,2,53
era5,11/23/1989,14.47406709,1990,2,54
era5,11/24/1989,14.60258075,1990,2,55
era5,11/25/1989,16.8689919,1990,2,56
era5,11/26/1989,60.60850127,1990,2,57
era5,11/27/1989,75.84698988,1990,2,58
era5,11/28/1989,75.85898093,1990,2,59
era5,11/29/1989,75.18039546,1990,2,60
era5,11/30/1989,74.42675129,1990,2,61
era5,12/1/1989,73.88282382,1990,3,62
era5,12/2/1989,72.86610106,1990,3,63
era5,12/3/1989,71.34489041,1990,3,64
era5,12/4/1989,69.49672601,1990,3,65
era5,12/5/1989,66.83210706,1990,3,66
era5,12/6/1989,63.23081578,1990,3,67
era5,12/7/1989,61.77843113,1990,3,68
era5,12/8/1989,59.52982253,1990,3,69
era5,12/9/1989,57.00553976,1990,3,70
era5,12/10/1989,55.77452306,1990,3,71
era5,12/11/1989,55.15655829,1990,3,72
era5,12/12/1989,54.23923168,1990,3,73
era5,12/13/1989,52.97363757,1990,3,74
era5,12/14/1989,51.89736212,1990,3,75
era5,12/15/1989,50.6299975,1990,3,76
era5,12/16/1989,49.07552527,1990,3,77
era5,12/17/1989,48.49078662,1990,3,78
era5,12/18/1989,48.23757906,1990,3,79
era5,12/19/1989,47.81552213,1990,3,80
era5,12/20/1989,47.2607139,1990,3,81
era5,12/21/1989,46.73221415,1990,3,82
era5,12/22/1989,45.59445659,1990,3,83
era5,12/23/1989,44.22072251,1990,3,84
era5,12/24/1989,42.69559906,1990,3,85
era5,12/25/1989,41.27369074,1990,3,86
era5,12/26/1989,39.80179285,1990,3,87
era5,12/27/1989,38.92831334,1990,3,88
era5,12/28/1989,38.35060193,1990,3,89
era5,12/29/1989,38.91135367,1990,3,90
era5,12/30/1989,38.85837841,1990,3,91
era5,12/31/1989,38.49919204,1990,3,92
era5,1/1/1990,38.39329939,1990,4,93
era5,1/2/1990,50.66275906,1990,4,94
era5,1/3/1990,55.5980021,1990,4,95
era5,1/4/1990,55.81629897,1990,4,96
era5,1/5/1990,55.71573726,1990,4,97
era5,1/6/1990,54.93277783,1990,4,98
era5,1/7/1990,54.57679999,1990,4,99
era5,1/8/1990,56.48771232,1990,4,100
era5,1/9/1990,53.65804028,1990,4,101
era5,1/10/1990,50.18563874,1990,4,102
era5,1/11/1990,46.90359702,1990,4,103
era5,1/12/1990,45.90044348,1990,4,104
era5,1/13/1990,80.77178406,1990,4,105
era5,1/14/1990,159.2584802,1990,4,106
era5,1/15/1990,176.9804407,1990,4,107
era5,1/16/1990,179.8738105,1990,4,108
era5,1/17/1990,187.5033374,1990,4,109
era5,1/18/1990,190.2921887,1990,4,110
era5,1/19/1990,190.4430649,1990,4,111
era5,1/20/1990,190.3609685,1990,4,112
era5,1/21/1990,190.2762606,1990,4,113
era5,1/22/1990,190.0334611,1990,4,114
era5,1/23/1990,189.6164059,1990,4,115
era5,1/24/1990,188.7634482,1990,4,116
era5,1/25/1990,187.9316946,1990,4,117
era5,1/26/1990,187.2849197,1990,4,118
era5,1/27/1990,187.0414187,1990,4,119
era5,1/28/1990,186.8846871,1990,4,120
era5,1/29/1990,186.7454385,1990,4,121
era5,1/30/1990,191.0478455,1990,4,122
era5,1/31/1990,207.1612963,1990,4,123
era5,2/1/1990,210.3153371,1990,5,124
era5,2/2/1990,214.3355313,1990,5,125
era5,2/3/1990,214.5119695,1990,5,126
era5,2/4/1990,228.1387688,1990,5,127
era5,2/5/1990,240.7867608,1990,5,128
era5,2/6/1990,242.6502281,1990,5,129
era5,2/7/1990,252.8724751,1990,5,130
era5,2/8/1990,254.5771407,1990,5,131
era5,2/9/1990,255.3007121,1990,5,132
era5,2/10/1990,255.3542746,1990,5,133
era5,2/11/1990,254.6140999,1990,5,134
era5,2/12/1990,253.0733963,1990,5,135
era5,2/13/1990,252.7397037,1990,5,136
era5,2/14/1990,254.0544191,1990,5,137
era5,2/15/1990,254.3438286,1990,5,138
era5,2/16/1990,262.8689324,1990,5,139
era5,2/17/1990,348.8252785,1990,5,140
era5,2/18/1990,393.9638826,1990,5,141
era5,2/19/1990,405.1925147,1990,5,142
era5,2/20/1990,405.5150588,1990,5,143
era5,2/21/1990,405.4321424,1990,5,144
era5,2/22/1990,405.3397441,1990,5,145
era5,2/23/1990,405.1375588,1990,5,146
era5,2/24/1990,404.3668991,1990,5,147
era5,2/25/1990,401.6740356,1990,5,148
era5,2/26/1990,398.0552953,1990,5,149
era5,2/27/1990,393.9608056,1990,5,150
era5,2/28/1990,389.6679224,1990,5,151
era5,3/1/1990,384.8050918,1990,6,152
era5,3/2/1990,379.5922615,1990,6,153
era5,3/3/1990,376.8068744,1990,6,154
era5,3/4/1990,373.3532697,1990,6,155
era5,3/5/1990,383.042615,1990,6,156
era5,3/6/1990,387.7619724,1990,6,157
era5,3/7/1990,385.9748262,1990,6,158
era5,3/8/1990,382.2536144,1990,6,159
era5,3/9/1990,379.9684085,1990,6,160
era5,3/10/1990,378.0536894,1990,6,161
era5,3/11/1990,395.0254426,1990,6,162
era5,3/12/1990,408.9506944,1990,6,163
era5,3/13/1990,415.5879656,1990,6,164
era5,3/14/1990,416.1016079,1990,6,165
era5,3/15/1990,416.0917388,1990,6,166
era5,3/16/1990,413.2190262,1990,6,167
era5,3/17/1990,408.1117003,1990,6,168
era5,3/18/1990,401.6346929,1990,6,169
era5,3/19/1990,394.1122181,1990,6,170
era5,3/20/1990,384.2493409,1990,6,171
era5,3/21/1990,373.3463044,1990,6,172
era5,3/22/1990,362.7642314,1990,6,173
era5,3/23/1990,351.2397153,1990,6,174
era5,3/24/1990,340.635896,1990,6,175
era5,3/25/1990,328.8271636,1990,6,176
era5,3/26/1990,319.6099576,1990,6,177
era5,3/27/1990,311.2228248,1990,6,178
era5,3/28/1990,303.8828851,1990,6,179
era5,3/29/1990,297.7422202,1990,6,180
era5,3/30/1990,292.6574794,1990,6,181
era5,3/31/1990,286.7873839,1990,6,182
era5,4/1/1990,278.790641,1990,7,183
era5,4/2/1990,268.4153204,1990,7,184
era5,4/3/1990,257.4073125,1990,7,185
era5,4/4/1990,246.8009365,1990,7,186
era5,4/5/1990,237.8234793,1990,7,187
era5,4/6/1990,229.4258978,1990,7,188
era5,4/7/1990,220.9814802,1990,7,189
era5,4/8/1990,215.1322493,1990,7,190
era5,4/9/1990,210.9624249,1990,7,191
era5,4/10/1990,204.4009858,1990,7,192
era5,4/11/1990,196.6275897,1990,7,193
era5,4/12/1990,189.0670242,1990,7,194
era5,4/13/1990,179.8123054,1990,7,195
era5,4/14/1990,169.020565,1990,7,196
era5,4/15/1990,158.8882261,1990,7,197
era5,4/16/1990,151.3203452,1990,7,198
era5,4/17/1990,155.7381621,1990,7,199
era5,4/18/1990,160.2635675,1990,7,200
era5,4/19/1990,154.9147703,1990,7,201
era5,4/20/1990,148.5247616,1990,7,202
era5,4/21/1990,143.2541834,1990,7,203
era5,4/22/1990,139.3092086,1990,7,204
era5,4/23/1990,136.57791,1990,7,205
era5,4/24/1990,137.8402398,1990,7,206
era5,4/25/1990,135.1690418,1990,7,207
era5,4/26/1990,129.4716153,1990,7,208
era5,4/27/1990,123.692389,1990,7,209
era5,4/28/1990,118.0015132,1990,7,210
era5,4/29/1990,112.7859046,1990,7,211
era5,4/30/1990,113.7145541,1990,7,212
era5,5/1/1990,114.0418649,1990,8,213
era5,5/2/1990,110.1723805,1990,8,214
era5,5/3/1990,105.7697722,1990,8,215
era5,5/4/1990,101.2213073,1990,8,216
era5,5/5/1990,96.65836756,1990,8,217
era5,5/6/1990,91.79596912,1990,8,218
era5,5/7/1990,86.65661647,1990,8,219
era5,5/8/1990,82.42728612,1990,8,220
era5,5/9/1990,78.82538844,1990,8,221
era5,5/10/1990,75.31587026,1990,8,222
era5,5/11/1990,72.69980446,1990,8,223
era5,5/12/1990,69.53268447,1990,8,224
era5,5/13/1990,66.36690926,1990,8,225
era5,5/14/1990,63.90107897,1990,8,226
era5,5/15/1990,62.29487021,1990,8,227
era5,5/16/1990,61.05203932,1990,8,228
era5,5/17/1990,58.83867685,1990,8,229
era5,5/18/1990,57.09393529,1990,8,230
era5,5/19/1990,56.147455,1990,8,231
era5,5/20/1990,55.69426043,1990,8,232
era5,5/21/1990,54.72725881,1990,8,233
era5,5/22/1990,52.27981198,1990,8,234
era5,5/23/1990,50.14211693,1990,8,235
era5,5/24/1990,53.33182043,1990,8,236
era5,5/25/1990,51.70333705,1990,8,237
era5,5/26/1990,49.76518022,1990,8,238
era5,5/27/1990,48.49886023,1990,8,239
era5,5/28/1990,55.2234698,1990,8,240
era5,5/29/1990,60.62988194,1990,8,241
era5,5/30/1990,56.24556081,1990,8,242
era5,5/31/1990,54.22411064,1990,8,243
era5,6/1/1990,51.85523131,1990,9,244
era5,6/2/1990,48.84266665,1990,9,245
era5,6/3/1990,44.96618941,1990,9,246
era5,6/4/1990,40.92771206,1990,9,247
era5,6/5/1990,36.9563575,1990,9,248
era5,6/6/1990,33.60115097,1990,9,249
era5,6/7/1990,30.14318362,1990,9,250
era5,6/8/1990,25.85603776,1990,9,251
era5,6/9/1990,21.89280221,1990,9,252
era5,6/10/1990,18.83600625,1990,9,253
era5,6/11/1990,16.42562735,1990,9,254
era5,6/12/1990,14.57819088,1990,9,255
era5,6/13/1990,12.30349391,1990,9,256
era5,6/14/1990,10.34053315,1990,9,257
era5,6/15/1990,8.761615941,1990,9,258
era5,6/16/1990,7.23948962,1990,9,259
era5,6/17/1990,5.228340412,1990,9,260
era5,6/18/1990,3.585914882,1990,9,261
era5,6/19/1990,2.357948441,1990,9,262
era5,6/20/1990,1.037164235,1990,9,263
era5,6/21/1990,0.210466285,1990,9,264
era5,6/22/1990,0,1990,9,265
era5,6/23/1990,0,1990,9,266
era5,6/24/1990,0,1990,9,267
era5,6/25/1990,0,1990,9,268
era5,6/26/1990,0,1990,9,269
era5,6/27/1990,0,1990,9,270
era5,6/28/1990,0,1990,9,271
era5,6/29/1990,0,1990,9,272
era5,6/30/1990,0,1990,9,273
era5,7/1/1990,0,1990,10,274
era5,7/2/1990,0,1990,10,275
era5,7/3/1990,0,1990,10,276
era5,7/4/1990,0,1990,10,277
era5,7/5/1990,0,1990,10,278
era5,7/6/1990,0,1990,10,279
era5,7/7/1990,0,1990,10,280
era5,7/8/1990,0,1990,10,281
era5,7/9/1990,0,1990,10,282
era5,7/10/1990,0,1990,10,283
era5,7/11/1990,0,1990,10,284
era5,7/12/1990,0,1990,10,285
era5,7/13/1990,0,1990,10,286
era5,7/14/1990,0,1990,10,287
era5,7/15/1990,0,1990,10,288
era5,7/16/1990,0,1990,10,289
era5,7/17/1990,0,1990,10,290
era5,7/18/1990,0,1990,10,291
era5,7/19/1990,0,1990,10,292
era5,7/20/1990,0,1990,10,293
era5,7/21/1990,0,1990,10,294
era5,7/22/1990,0,1990,10,295
era5,7/23/1990,0,1990,10,296
era5,7/24/1990,0,1990,10,297
era5,7/25/1990,0,1990,10,298
era5,7/26/1990,0,1990,10,299
era5,7/27/1990,0,1990,10,300
era5,7/28/1990,0,1990,10,301
era5,7/29/1990,0,1990,10,302
era5,7/30/1990,0,1990,10,303
era5,7/31/1990,0,1990,10,304
era5,8/1/1990,0,1990,11,305
era5,8/2/1990,0,1990,11,306
era5,8/3/1990,0,1990,11,307
era5,8/4/1990,0,1990,11,308
era5,8/5/1990,0,1990,11,309
era5,8/6/1990,0,1990,11,310
era5,8/7/1990,0,1990,11,311
era5,8/8/1990,0,1990,11,312
era5,8/9/1990,0,1990,11,313
era5,8/10/1990,0,1990,11,314
era5,8/11/1990,0,1990,11,315
era5,8/12/1990,0,1990,11,316
era5,8/13/1990,0,1990,11,317
era5,8/14/1990,0,1990,11,318
era5,8/15/1990,0,1990,11,319
era5,8/16/1990,0,1990,11,320
era5,8/17/1990,0,1990,11,321
era5,8/18/1990,0,1990,11,322
era5,8/19/1990,0,1990,11,323
era5,8/20/1990,0,1990,11,324
era5,8/21/1990,0,1990,11,325
era5,8/22/1990,0,1990,11,326
era5,8/23/1990,0,1990,11,327
era5,8/24/1990,0,1990,11,328
era5,8/25/1990,0,1990,11,329
era5,8/26/1990,1.82E-05,1990,11,330
era5,8/27/1990,0,1990,11,331
era5,8/28/1990,0,1990,11,332
era5,8/29/1990,0,1990,11,333
era5,8/30/1990,0,1990,11,334
era5,8/31/1990,0,1990,11,335
era5,9/1/1990,0,1990,12,336
era5,9/2/1990,0,1990,12,337
era5,9/3/1990,0,1990,12,338
era5,9/4/1990,0,1990,12,339
era5,9/5/1990,0,1990,12,340
era5,9/6/1990,0,1990,12,341
era5,9/7/1990,0,1990,12,342
era5,9/8/1990,0,1990,12,343
era5,9/9/1990,0,1990,12,344
era5,9/10/1990,0,1990,12,345
era5,9/11/1990,0,1990,12,346
era5,9/12/1990,0,1990,12,347
era5,9/13/1990,0,1990,12,348
era5,9/14/1990,0,1990,12,349
era5,9/15/1990,0,1990,12,350
era5,9/16/1990,0,1990,12,351
era5,9/17/1990,0,1990,12,352
era5,9/18/1990,0,1990,12,353
era5,9/19/1990,0,1990,12,354
era5,9/20/1990,0,1990,12,355
era5,9/21/1990,0.014636876,1990,12,356
era5,9/22/1990,0.026944746,1990,12,357
era5,9/23/1990,0,1990,12,358
era5,9/24/1990,0.001922457,1990,12,359
era5,9/25/1990,0,1990,12,360
era5,9/26/1990,0,1990,12,361
era5,9/27/1990,0.000686655,1990,12,362
era5,9/28/1990,0.041829995,1990,12,363
era5,9/29/1990,0.050186588,1990,12,364
era5,9/30/1990,0,1990,12,365
era5,10/1/1990,0,1991,1,1
era5,10/2/1990,0,1991,1,2
era5,10/3/1990,0,1991,1,3
era5,10/4/1990,0,1991,1,4
era5,10/5/1990,0,1991,1,5
era5,10/6/1990,0,1991,1,6
era5,10/7/1990,0,1991,1,7
era5,10/8/1990,0,1991,1,8
era5,10/9/1990,0,1991,1,9
era5,10/10/1990,0,1991,1,10
era5,10/11/1990,0,1991,1,11
era5,10/12/1990,0,1991,1,12
era5,10/13/1990,0,1991,1,13
era5,10/14/1990,0,1991,1,14
era5,10/15/1990,0,1991,1,15
era5,10/16/1990,0,1991,1,16
era5,10/17/1990,0,1991,1,17
era5,10/18/1990,0,1991,1,18
era5,10/19/1990,0.937740619,1991,1,19
era5,10/20/1990,1.042951815,1991,1,20
era5,10/21/1990,0.638955312,1991,1,21
era5,10/22/1990,0.398659726,1991,1,22
era5,10/23/1990,0.248152774,1991,1,23
era5,10/24/1990,0.050814494,1991,1,24
era5,10/25/1990,0,1991,1,25
era5,10/26/1990,0,1991,1,26
era5,10/27/1990,0,1991,1,27
era5,10/28/1990,0,1991,1,28
era5,10/29/1990,0,1991,1,29
era5,10/30/1990,0,1991,1,30
era5,10/31/1990,0.782938343,1991,1,31
era5,11/1/1990,4.570840296,1991,2,32
era5,11/2/1990,5.15813498,1991,2,33
era5,11/3/1990,5.134370172,1991,2,34
era5,11/4/1990,4.082440529,1991,2,35
era5,11/5/1990,3.411123009,1991,2,36
era5,11/6/1990,3.143366745,1991,2,37
era5,11/7/1990,3.134833781,1991,2,38
era5,11/8/1990,2.702498162,1991,2,39
era5,11/9/1990,2.116710409,1991,2,40
era5,11/10/1990,1.512589844,1991,2,41
era5,11/11/1990,1.019490432,1991,2,42
era5,11/12/1990,0.794606997,1991,2,43
era5,11/13/1990,0.670379086,1991,2,44
era5,11/14/1990,0.588048847,1991,2,45
era5,11/15/1990,0.607958733,1991,2,46
era5,11/16/1990,0.579932156,1991,2,47
era5,11/17/1990,0.59339737,1991,2,48
era5,11/18/1990,0.572414232,1991,2,49
era5,11/19/1990,0.732857827,1991,2,50
era5,11/20/1990,3.273278721,1991,2,51
era5,11/21/1990,4.008592352,1991,2,52
era5,11/22/1990,3.917853508,1991,2,53
era5,11/23/1990,3.422658831,1991,2,54
era5,11/24/1990,2.486513761,1991,2,55
era5,11/25/1990,1.714112595,1991,2,56
era5,11/26/1990,5.423204183,1991,2,57
era5,11/27/1990,6.923633459,1991,2,58
era5,11/28/1990,6.66593505,1991,2,59
era5,11/29/1990,5.884400091,1991,2,60
era5,11/30/1990,4.727824455,1991,2,61
era5,12/1/1990,3.972762055,1991,3,62
era5,12/2/1990,3.881033518,1991,3,63
era5,12/3/1990,3.572202298,1991,3,64
era5,12/4/1990,3.201331147,1991,3,65
era5,12/5/1990,2.949666929,1991,3,66
era5,12/6/1990,2.743992494,1991,3,67
era5,12/7/1990,2.529768856,1991,3,68
era5,12/8/1990,2.356575334,1991,3,69
era5,12/9/1990,2.220911671,1991,3,70
era5,12/10/1990,2.146682876,1991,3,71
era5,12/11/1990,2.937258497,1991,3,72
era5,12/12/1990,3.783927285,1991,3,73
era5,12/13/1990,4.587951252,1991,3,74
era5,12/14/1990,5.832893976,1991,3,75
era5,12/15/1990,6.446901756,1991,3,76
era5,12/16/1990,16.79631508,1991,3,77
era5,12/17/1990,19.82149282,1991,3,78
era5,12/18/1990,19.72472843,1991,3,79
era5,12/19/1990,24.82529606,1991,3,80
era5,12/20/1990,46.05710329,1991,3,81
era5,12/21/1990,49.47733782,1991,3,82
era5,12/22/1990,49.60454756,1991,3,83
era5,12/23/1990,49.60433406,1991,3,84
era5,12/24/1990,49.59540268,1991,3,85
era5,12/25/1990,49.58161268,1991,3,86
era5,12/26/1990,49.56748638,1991,3,87
era5,12/27/1990,49.54863997,1991,3,88
era5,12/28/1990,49.45820247,1991,3,89
era5,12/29/1990,49.38343412,1991,3,90
era5,12/30/1990,49.35287659,1991,3,91
era5,12/31/1990,49.13631368,1991,3,92
era5,1/1/1991,48.65525607,1991,4,93
era5,1/2/1991,47.48033116,1991,4,94
era5,1/3/1991,46.31729768,1991,4,95
era5,1/4/1991,45.77952371,1991,4,96
era5,1/5/1991,44.96440785,1991,4,97
era5,1/6/1991,44.19295206,1991,4,98
era5,1/7/1991,43.77007237,1991,4,99
era5,1/8/1991,44.82158152,1991,4,100
era5,1/9/1991,45.08516936,1991,4,101
era5,1/10/1991,46.49158303,1991,4,102
era5,1/11/1991,46.13271004,1991,4,103
era5,1/12/1991,45.07682011,1991,4,104
era5,1/13/1991,43.54065863,1991,4,105
era5,1/14/1991,41.34863776,1991,4,106
era5,1/15/1991,39.04834718,1991,4,107
era5,1/16/1991,37.65859084,1991,4,108
era5,1/17/1991,37.01683045,1991,4,109
era5,1/18/1991,35.67224579,1991,4,110
era5,1/19/1991,34.76258928,1991,4,111
era5,1/20/1991,34.20126003,1991,4,112
era5,1/21/1991,33.99666792,1991,4,113
era5,1/22/1991,33.93467198,1991,4,114
era5,1/23/1991,33.74212751,1991,4,115
era5,1/24/1991,33.56473491,1991,4,116
era5,1/25/1991,33.28755941,1991,4,117
era5,1/26/1991,32.83708671,1991,4,118
era5,1/27/1991,32.20876618,1991,4,119
era5,1/28/1991,31.5247205,1991,4,120
era5,1/29/1991,30.76781021,1991,4,121
era5,1/30/1991,29.78249766,1991,4,122
era5,1/31/1991,28.59955376,1991,4,123
era5,2/1/1991,27.86561597,1991,5,124
era5,2/2/1991,27.30880266,1991,5,125
era5,2/3/1991,35.77271754,1991,5,126
era5,2/4/1991,35.12963794,1991,5,127
era5,2/5/1991,33.48911529,1991,5,128
era5,2/6/1991,32.10215216,1991,5,129
era5,2/7/1991,30.63732798,1991,5,130
era5,2/8/1991,28.76590709,1991,5,131
era5,2/9/1991,26.96208337,1991,5,132
era5,2/10/1991,25.37347125,1991,5,133
era5,2/11/1991,24.0278274,1991,5,134
era5,2/12/1991,22.82617318,1991,5,135
era5,2/13/1991,21.54583086,1991,5,136
era5,2/14/1991,20.25412426,1991,5,137
era5,2/15/1991,18.79021129,1991,5,138
era5,2/16/1991,17.70717459,1991,5,139
era5,2/17/1991,17.52824737,1991,5,140
era5,2/18/1991,17.64457632,1991,5,141
era5,2/19/1991,17.34558889,1991,5,142
era5,2/20/1991,16.73611615,1991,5,143
era5,2/21/1991,16.39168439,1991,5,144
era5,2/22/1991,16.04488762,1991,5,145
era5,2/23/1991,15.86457554,1991,5,146
era5,2/24/1991,15.72104754,1991,5,147
era5,2/25/1991,15.55561608,1991,5,148
era5,2/26/1991,15.37648403,1991,5,149
era5,2/27/1991,15.28438916,1991,5,150
era5,2/28/1991,27.93222332,1991,5,151
era5,3/1/1991,79.25778621,1991,6,152
era5,3/2/1991,148.3389476,1991,6,153
era5,3/3/1991,179.1099222,1991,6,154
era5,3/4/1991,250.3793185,1991,6,155
era5,3/5/1991,304.5960337,1991,6,156
era5,3/6/1991,314.2909393,1991,6,157
era5,3/7/1991,313.6537048,1991,6,158
era5,3/8/1991,312.5402568,1991,6,159
era5,3/9/1991,310.1544644,1991,6,160
era5,3/10/1991,308.7715846,1991,6,161
era5,3/11/1991,330.2506278,1991,6,162
era5,3/12/1991,337.6968401,1991,6,163
era5,3/13/1991,352.8550185,1991,6,164
era5,3/14/1991,370.2007479,1991,6,165
era5,3/15/1991,380.0131397,1991,6,166
era5,3/16/1991,385.6780315,1991,6,167
era5,3/17/1991,386.9541962,1991,6,168
era5,3/18/1991,427.2367468,1991,6,169
era5,3/19/1991,480.6775944,1991,6,170
era5,3/20/1991,501.6918168,1991,6,171
era5,3/21/1991,518.1547562,1991,6,172
era5,3/22/1991,520.4845488,1991,6,173
era5,3/23/1991,521.4527691,1991,6,174
era5,3/24/1991,535.7307335,1991,6,175
era5,3/25/1991,588.7197035,1991,6,176
era5,3/26/1991,622.0327056,1991,6,177
era5,3/27/1991,633.2964935,1991,6,178
era5,3/28/1991,638.1194326,1991,6,179
era5,3/29/1991,638.0783591,1991,6,180
era5,3/30/1991,636.5071285,1991,6,181
era5,3/31/1991,632.8378256,1991,6,182
era5,4/1/1991,628.3150356,1991,7,183
era5,4/2/1991,626.7966609,1991,7,184
era5,4/3/1991,623.0445791,1991,7,185
era5,4/4/1991,616.5201026,1991,7,186
era5,4/5/1991,605.8718671,1991,7,187
era5,4/6/1991,593.6530841,1991,7,188
era5,4/7/1991,584.4330588,1991,7,189
era5,4/8/1991,579.6777094,1991,7,190
era5,4/9/1991,573.4784229,1991,7,191
era5,4/10/1991,564.7461756,1991,7,192
era5,4/11/1991,563.0748556,1991,7,193
era5,4/12/1991,562.8100697,1991,7,194
era5,4/13/1991,561.0923232,1991,7,195
era5,4/14/1991,555.8534791,1991,7,196
era5,4/15/1991,549.0954179,1991,7,197
era5,4/16/1991,545.3833494,1991,7,198
era5,4/17/1991,542.9204826,1991,7,199
era5,4/18/1991,540.1939021,1991,7,200
era5,4/19/1991,535.5893756,1991,7,201
era5,4/20/1991,531.0846359,1991,7,202
era5,4/21/1991,538.5047303,1991,7,203
era5,4/22/1991,536.8805841,1991,7,204
era5,4/23/1991,533.8784688,1991,7,205
era5,4/24/1991,528.4423668,1991,7,206
era5,4/25/1991,526.002485,1991,7,207
era5,4/26/1991,524.2168433,1991,7,208
era5,4/27/1991,518.4060669,1991,7,209
era5,4/28/1991,511.7310269,1991,7,210
era5,4/29/1991,502.4342911,1991,7,211
era5,4/30/1991,490.3606548,1991,7,212
era5,5/1/1991,478.9513088,1991,8,213
era5,5/2/1991,482.6570032,1991,8,214
era5,5/3/1991,481.1203357,1991,8,215
era5,5/4/1991,476.1868659,1991,8,216
era5,5/5/1991,467.8703291,1991,8,217
era5,5/6/1991,455.7885778,1991,8,218
era5,5/7/1991,442.891545,1991,8,219
era5,5/8/1991,428.8270971,1991,8,220
era5,5/9/1991,421.5429835,1991,8,221
era5,5/10/1991,423.0862642,1991,8,222
era5,5/11/1991,423.8275856,1991,8,223
era5,5/12/1991,424.8878404,1991,8,224
era5,5/13/1991,418.1725432,1991,8,225
era5,5/14/1991,412.5938665,1991,8,226
era5,5/15/1991,406.6972576,1991,8,227
era5,5/16/1991,396.4234716,1991,8,228
era5,5/17/1991,385.3611923,1991,8,229
era5,5/18/1991,386.0109417,1991,8,230
era5,5/19/1991,386.1556541,1991,8,231
era5,5/20/1991,389.5189119,1991,8,232
era5,5/21/1991,392.0710832,1991,8,233
era5,5/22/1991,389.3918708,1991,8,234
era5,5/23/1991,378.0495254,1991,8,235
era5,5/24/1991,364.8113356,1991,8,236
era5,5/25/1991,350.7667718,1991,8,237
era5,5/26/1991,338.6479459,1991,8,238
era5,5/27/1991,330.7765458,1991,8,239
era5,5/28/1991,323.4865812,1991,8,240
era5,5/29/1991,313.842874,1991,8,241
era5,5/30/1991,304.4357045,1991,8,242
era5,5/31/1991,300.8261483,1991,8,243
era5,6/1/1991,291.9974266,1991,9,244
era5,6/2/1991,277.2741128,1991,9,245
era5,6/3/1991,261.990533,1991,9,246
era5,6/4/1991,245.8127586,1991,9,247
era5,6/5/1991,228.4927813,1991,9,248
era5,6/6/1991,210.6360879,1991,9,249
era5,6/7/1991,196.1938909,1991,9,250
era5,6/8/1991,183.4424981,1991,9,251
era5,6/9/1991,173.0983007,1991,9,252
era5,6/10/1991,162.6534991,1991,9,253
era5,6/11/1991,151.6729515,1991,9,254
era5,6/12/1991,140.1655909,1991,9,255
era5,6/13/1991,129.2547407,1991,9,256
era5,6/14/1991,120.1234329,1991,9,257
era5,6/15/1991,111.9456738,1991,9,258
era5,6/16/1991,102.617297,1991,9,259
era5,6/17/1991,92.48408824,1991,9,260
era5,6/18/1991,83.35431553,1991,9,261
era5,6/19/1991,75.72213571,1991,9,262
era5,6/20/1991,71.34116065,1991,9,263
era5,6/21/1991,67.29883853,1991,9,264
era5,6/22/1991,63.18681685,1991,9,265
era5,6/23/1991,58.97871282,1991,9,266
era5,6/24/1991,55.64997179,1991,9,267
era5,6/25/1991,53.45659059,1991,9,268
era5,6/26/1991,51.5769395,1991,9,269
era5,6/27/1991,49.76207964,1991,9,270
era5,6/28/1991,48.17092352,1991,9,271
era5,6/29/1991,46.39986231,1991,9,272
era5,6/30/1991,44.46554794,1991,9,273
era5,7/1/1991,40.78674912,1991,10,274
era5,7/2/1991,36.09891147,1991,10,275
era5,7/3/1991,30.60950412,1991,10,276
era5,7/4/1991,24.79086012,1991,10,277
era5,7/5/1991,20.03175488,1991,10,278
era5,7/6/1991,15.72108471,1991,10,279
era5,7/7/1991,12.40068,1991,10,280
era5,7/8/1991,9.841833295,1991,10,281
era5,7/9/1991,7.827176765,1991,10,282
era5,7/10/1991,5.624259825,1991,10,283
era5,7/11/1991,4.526179412,1991,10,284
era5,7/12/1991,3.599433824,1991,10,285
era5,7/13/1991,2.651844235,1991,10,286
era5,7/14/1991,1.763853059,1991,10,287
era5,7/15/1991,0.972276,1991,10,288
era5,7/16/1991,0.192571971,1991,10,289
era5,7/17/1991,0,1991,10,290
era5,7/18/1991,0,1991,10,291
era5,7/19/1991,0,1991,10,292
era5,7/20/1991,0,1991,10,293
era5,7/21/1991,0,1991,10,294
era5,7/22/1991,0,1991,10,295
era5,7/23/1991,0,1991,10,296
era5,7/24/1991,0,1991,10,297
era5,7/25/1991,0,1991,10,298
era5,7/26/1991,0,1991,10,299
era5,7/27/1991,0,1991,10,300
era5,7/28/1991,0,1991,10,301
era5,7/29/1991,0,1991,10,302
era5,7/30/1991,0,1991,10,303
era5,7/31/1991,0,1991,10,304
era5,8/1/1991,0,1991,11,305
era5,8/2/1991,0,1991,11,306
era5,8/3/1991,0,1991,11,307
era5,8/4/1991,0,1991,11,308
era5,8/5/1991,0,1991,11,309
era5,8/6/1991,0,1991,11,310
era5,8/7/1991,0,1991,11,311
era5,8/8/1991,0,1991,11,312
era5,8/9/1991,0,1991,11,313
era5,8/10/1991,0,1991,11,314
era5,8/11/1991,0,1991,11,315
era5,8/12/1991,0,1991,11,316
era5,8/13/1991,0,1991,11,317
era5,8/14/1991,0,1991,11,318
era5,8/15/1991,0,1991,11,319
era5,8/16/1991,0,1991,11,320
era5,8/17/1991,0,1991,11,321
era5,8/18/1991,0,1991,11,322
era5,8/19/1991,0,1991,11,323
era5,8/20/1991,0,1991,11,324
era5,8/21/1991,0,1991,11,325
era5,8/22/1991,0,1991,11,326
era5,8/23/1991,0,1991,11,327
era5,8/24/1991,0,1991,11,328
era5,8/25/1991,0,1991,11,329
era5,8/26/1991,0,1991,11,330
era5,8/27/1991,0,1991,11,331
era5,8/28/1991,0,1991,11,332
era5,8/29/1991,0,1991,11,333
era5,8/30/1991,0,1991,11,334
era5,8/31/1991,0,1991,11,335
era5,9/1/1991,0,1991,12,336
era5,9/2/1991,0,1991,12,337
era5,9/3/1991,0,1991,12,338
era5,9/4/1991,0,1991,12,339
era5,9/5/1991,0,1991,12,340
era5,9/6/1991,0,1991,12,341
era5,9/7/1991,0,1991,12,342
era5,9/8/1991,0,1991,12,343
era5,9/9/1991,0,1991,12,344
era5,9/10/1991,0,1991,12,345
era5,9/11/1991,0,1991,12,346
era5,9/12/1991,0,1991,12,347
era5,9/13/1991,0,1991,12,348
era5,9/14/1991,0,1991,12,349
era5,9/15/1991,0,1991,12,350
era5,9/16/1991,0,1991,12,351
era5,9/17/1991,0,1991,12,352
era5,9/18/1991,0,1991,12,353
era5,9/19/1991,0,1991,12,354
era5,9/20/1991,0,1991,12,355
era5,9/21/1991,0,1991,12,356
era5,9/22/1991,0,1991,12,357
era5,9/23/1991,0,1991,12,358
era5,9/24/1991,0,1991,12,359
era5,9/25/1991,0,1991,12,360
era5,9/26/1991,0,1991,12,361
era5,9/27/1991,0,1991,12,362
era5,9/28/1991,0,1991,12,363
era5,9/29/1991,0,1991,12,364
era5,9/30/1991,0,1991,12,365
era5,10/1/1991,0,1992,1,1
era5,10/2/1991,0,1992,1,2
era5,10/3/1991,0,1992,1,3
era5,10/4/1991,0,1992,1,4
era5,10/5/1991,0,1992,1,5
era5,10/6/1991,0,1992,1,6
era5,10/7/1991,0,1992,1,7
era5,10/8/1991,0,1992,1,8
era5,10/9/1991,0,1992,1,9
era5,10/10/1991,0,1992,1,10
era5,10/11/1991,0,1992,1,11
era5,10/12/1991,6.23E-06,1992,1,12
era5,10/13/1991,0,1992,1,13
era5,10/14/1991,0,1992,1,14
era5,10/15/1991,0,1992,1,15
era5,10/16/1991,0,1992,1,16
era5,10/17/1991,0,1992,1,17
era5,10/18/1991,0,1992,1,18
era5,10/19/1991,0,1992,1,19
era5,10/20/1991,0,1992,1,20
era5,10/21/1991,0,1992,1,21
era5,10/22/1991,0,1992,1,22
era5,10/23/1991,0.703674294,1992,1,23
era5,10/24/1991,0.800081779,1992,1,24
era5,10/25/1991,0.753903335,1992,1,25
era5,10/26/1991,20.04789806,1992,1,26
era5,10/27/1991,59.64229658,1992,1,27
era5,10/28/1991,60.4712454,1992,1,28
era5,10/29/1991,60.85475489,1992,1,29
era5,10/30/1991,61.34141231,1992,1,30
era5,10/31/1991,60.40574893,1992,1,31
era5,11/1/1991,58.31716712,1992,2,32
era5,11/2/1991,55.17552171,1992,2,33
era5,11/3/1991,51.23316439,1992,2,34
era5,11/4/1991,46.63181919,1992,2,35
era5,11/5/1991,41.00028526,1992,2,36
era5,11/6/1991,33.79434608,1992,2,37
era5,11/7/1991,28.23524396,1992,2,38
era5,11/8/1991,24.45047666,1992,2,39
era5,11/9/1991,21.74300217,1992,2,40
era5,11/10/1991,20.56853371,1992,2,41
era5,11/11/1991,19.16026781,1992,2,42
era5,11/12/1991,17.58009709,1992,2,43
era5,11/13/1991,16.16009036,1992,2,44
era5,11/14/1991,15.47243588,1992,2,45
era5,11/15/1991,16.78867487,1992,2,46
era5,11/16/1991,16.93228161,1992,2,47
era5,11/17/1991,19.52956674,1992,2,48
era5,11/18/1991,53.41354806,1992,2,49
era5,11/19/1991,59.92719019,1992,2,50
era5,11/20/1991,59.00124206,1992,2,51
era5,11/21/1991,55.86175556,1992,2,52
era5,11/22/1991,53.88696576,1992,2,53
era5,11/23/1991,51.97315298,1992,2,54
era5,11/24/1991,48.32863478,1992,2,55
era5,11/25/1991,44.29627187,1992,2,56
era5,11/26/1991,41.40745594,1992,2,57
era5,11/27/1991,39.28623423,1992,2,58
era5,11/28/1991,40.51014244,1992,2,59
era5,11/29/1991,40.77952622,1992,2,60
era5,11/30/1991,41.39930935,1992,2,61
era5,12/1/1991,41.47502167,1992,3,62
era5,12/2/1991,41.26646794,1992,3,63
era5,12/3/1991,40.57852466,1992,3,64
era5,12/4/1991,39.7813497,1992,3,65
era5,12/5/1991,39.07111413,1992,3,66
era5,12/6/1991,38.46507326,1992,3,67
era5,12/7/1991,38.13784789,1992,3,68
era5,12/8/1991,42.44144227,1992,3,69
era5,12/9/1991,42.7799523,1992,3,70
era5,12/10/1991,42.44759831,1992,3,71
era5,12/11/1991,42.35725406,1992,3,72
era5,12/12/1991,42.26911954,1992,3,73
era5,12/13/1991,42.00572537,1992,3,74
era5,12/14/1991,41.62734717,1992,3,75
era5,12/15/1991,41.14727123,1992,3,76
era5,12/16/1991,40.59636219,1992,3,77
era5,12/17/1991,39.97125531,1992,3,78
era5,12/18/1991,43.71608123,1992,3,79
era5,12/19/1991,54.63639138,1992,3,80
era5,12/20/1991,56.44522218,1992,3,81
era5,12/21/1991,55.54738788,1992,3,82
era5,12/22/1991,55.13008537,1992,3,83
era5,12/23/1991,54.79115625,1992,3,84
era5,12/24/1991,54.42945841,1992,3,85
era5,12/25/1991,53.92007587,1992,3,86
era5,12/26/1991,53.49966426,1992,3,87
era5,12/27/1991,53.21433807,1992,3,88
era5,12/28/1991,74.49284962,1992,3,89
era5,12/29/1991,106.3718545,1992,3,90
era5,12/30/1991,150.4754225,1992,3,91
era5,12/31/1991,156.8678524,1992,3,92
era5,1/1/1992,157.1545407,1992,4,93
era5,1/2/1992,157.0658749,1992,4,94
era5,1/3/1992,157.574954,1992,4,95
era5,1/4/1992,162.9946643,1992,4,96
era5,1/5/1992,182.99916,1992,4,97
era5,1/6/1992,226.7081779,1992,4,98
era5,1/7/1992,235.5448688,1992,4,99
era5,1/8/1992,236.4625019,1992,4,100
era5,1/9/1992,236.4764168,1992,4,101
era5,1/10/1992,236.3003441,1992,4,102
era5,1/11/1992,235.598976,1992,4,103
era5,1/12/1992,235.4165553,1992,4,104
era5,1/13/1992,235.2628901,1992,4,105
era5,1/14/1992,235.1737603,1992,4,106
era5,1/15/1992,234.9587222,1992,4,107
era5,1/16/1992,234.3546326,1992,4,108
era5,1/17/1992,233.5184384,1992,4,109
era5,1/18/1992,232.8460728,1992,4,110
era5,1/19/1992,231.8012665,1992,4,111
era5,1/20/1992,231.1068907,1992,4,112
era5,1/21/1992,230.7533055,1992,4,113
era5,1/22/1992,230.3685121,1992,4,114
era5,1/23/1992,229.924985,1992,4,115
era5,1/24/1992,229.0245189,1992,4,116
era5,1/25/1992,227.4069903,1992,4,117
era5,1/26/1992,225.590976,1992,4,118
era5,1/27/1992,224.2856497,1992,4,119
era5,1/28/1992,222.6202647,1992,4,120
era5,1/29/1992,221.4708758,1992,4,121
era5,1/30/1992,219.5740134,1992,4,122
era5,1/31/1992,217.6337096,1992,4,123
era5,2/1/1992,216.4605475,1992,5,124
era5,2/2/1992,219.7334237,1992,5,125
era5,2/3/1992,219.2963903,1992,5,126
era5,2/4/1992,218.488588,1992,5,127
era5,2/5/1992,218.9674454,1992,5,128
era5,2/6/1992,222.6978921,1992,5,129
era5,2/7/1992,233.6956057,1992,5,130
era5,2/8/1992,240.1458544,1992,5,131
era5,2/9/1992,240.0650232,1992,5,132
era5,2/10/1992,262.4002076,1992,5,133
era5,2/11/1992,326.0648226,1992,5,134
era5,2/12/1992,381.8747406,1992,5,135
era5,2/13/1992,449.5817041,1992,5,136
era5,2/14/1992,474.1315865,1992,5,137
era5,2/15/1992,520.3231485,1992,5,138
era5,2/16/1992,574.972255,1992,5,139
era5,2/17/1992,602.7062809,1992,5,140
era5,2/18/1992,604.7762844,1992,5,141
era5,2/19/1992,608.4746071,1992,5,142
era5,2/20/1992,619.3194691,1992,5,143
era5,2/21/1992,621.9065568,1992,5,144
era5,2/22/1992,622.6015297,1992,5,145
era5,2/23/1992,619.6652559,1992,5,146
era5,2/24/1992,616.1010182,1992,5,147
era5,2/25/1992,611.2938821,1992,5,148
era5,2/26/1992,605.5210662,1992,5,149
era5,2/27/1992,600.5508594,1992,5,150
era5,2/28/1992,595.914015,1992,5,151
era5,2/29/1992,591.6738621,1992,5,152
era5,3/1/1992,589.1363441,1992,6,153
era5,3/2/1992,593.6469294,1992,6,154
era5,3/3/1992,600.2567691,1992,6,155
era5,3/4/1992,604.2834679,1992,6,156
era5,3/5/1992,603.4198174,1992,6,157
era5,3/6/1992,623.4541335,1992,6,158
era5,3/7/1992,634.5490124,1992,6,159
era5,3/8/1992,638.6930515,1992,6,160
era5,3/9/1992,639.8758206,1992,6,161
era5,3/10/1992,638.7341006,1992,6,162
era5,3/11/1992,635.6503541,1992,6,163
era5,3/12/1992,632.0475644,1992,6,164
era5,3/13/1992,627.7911262,1992,6,165
era5,3/14/1992,623.2406968,1992,6,166
era5,3/15/1992,625.9329685,1992,6,167
era5,3/16/1992,630.8835656,1992,6,168
era5,3/17/1992,637.6564156,1992,6,169
era5,3/18/1992,637.5908788,1992,6,170
era5,3/19/1992,635.6114062,1992,6,171
era5,3/20/1992,633.3221015,1992,6,172
era5,3/21/1992,643.1161271,1992,6,173
era5,3/22/1992,645.8025529,1992,6,174
era5,3/23/1992,654.1982587,1992,6,175
era5,3/24/1992,656.2688556,1992,6,176
era5,3/25/1992,652.9670988,1992,6,177
era5,3/26/1992,648.1080894,1992,6,178
era5,3/27/1992,644.9454925,1992,6,179
era5,3/28/1992,640.8076487,1992,6,180
era5,3/29/1992,635.6693792,1992,6,181
era5,3/30/1992,630.8568062,1992,6,182
era5,3/31/1992,632.0914276,1992,6,183
era5,4/1/1992,631.0366574,1992,7,184
era5,4/2/1992,622.3115868,1992,7,185
era5,4/3/1992,613.1436403,1992,7,186
era5,4/4/1992,603.7109529,1992,7,187
era5,4/5/1992,596.2844929,1992,7,188
era5,4/6/1992,590.7307947,1992,7,189
era5,4/7/1992,583.4822793,1992,7,190
era5,4/8/1992,574.1584485,1992,7,191
era5,4/9/1992,564.7336906,1992,7,192
era5,4/10/1992,554.4769119,1992,7,193
era5,4/11/1992,543.0058633,1992,7,194
era5,4/12/1992,531.8930144,1992,7,195
era5,4/13/1992,520.9161459,1992,7,196
era5,4/14/1992,510.7602335,1992,7,197
era5,4/15/1992,501.9683951,1992,7,198
era5,4/16/1992,493.7141068,1992,7,199
era5,4/17/1992,479.9934999,1992,7,200
era5,4/18/1992,463.5895386,1992,7,201
era5,4/19/1992,452.1418981,1992,7,202
era5,4/20/1992,438.4211163,1992,7,203
era5,4/21/1992,423.8113191,1992,7,204
era5,4/22/1992,413.1153978,1992,7,205
era5,4/23/1992,404.5670759,1992,7,206
era5,4/24/1992,391.639116,1992,7,207
era5,4/25/1992,375.4618776,1992,7,208
era5,4/26/1992,359.1419012,1992,7,209
era5,4/27/1992,343.1633415,1992,7,210
era5,4/28/1992,328.203178,1992,7,211
era5,4/29/1992,312.6975691,1992,7,212
era5,4/30/1992,297.4669685,1992,7,213
era5,5/1/1992,287.9376792,1992,8,214
era5,5/2/1992,279.8162645,1992,8,215
era5,5/3/1992,266.8660799,1992,8,216
era5,5/4/1992,252.3239252,1992,8,217
era5,5/5/1992,236.5965143,1992,8,218
era5,5/6/1992,223.3469799,1992,8,219
era5,5/7/1992,211.4656874,1992,8,220
era5,5/8/1992,200.4775906,1992,8,221
era5,5/9/1992,189.4745432,1992,8,222
era5,5/10/1992,178.9635024,1992,8,223
era5,5/11/1992,168.5906212,1992,8,224
era5,5/12/1992,158.9057026,1992,8,225
era5,5/13/1992,148.9283141,1992,8,226
era5,5/14/1992,138.5336918,1992,8,227
era5,5/15/1992,128.9447529,1992,8,228
era5,5/16/1992,121.0082838,1992,8,229
era5,5/17/1992,113.7323496,1992,8,230
era5,5/18/1992,108.0421993,1992,8,231
era5,5/19/1992,102.7438824,1992,8,232
era5,5/20/1992,98.52835427,1992,8,233
era5,5/21/1992,95.59502353,1992,8,234
era5,5/22/1992,90.86651324,1992,8,235
era5,5/23/1992,84.65624588,1992,8,236
era5,5/24/1992,77.09179556,1992,8,237
era5,5/25/1992,69.95267385,1992,8,238
era5,5/26/1992,64.87929668,1992,8,239
era5,5/27/1992,60.14896412,1992,8,240
era5,5/28/1992,56.22671765,1992,8,241
era5,5/29/1992,52.20409912,1992,8,242
era5,5/30/1992,48.05762306,1992,8,243
era5,5/31/1992,44.41296176,1992,8,244
era5,6/1/1992,40.46901794,1992,9,245
era5,6/2/1992,36.27266412,1992,9,246
era5,6/3/1992,32.17580015,1992,9,247
era5,6/4/1992,27.81563531,1992,9,248
era5,6/5/1992,24.38312265,1992,9,249
era5,6/6/1992,21.66304609,1992,9,250
era5,6/7/1992,19.578278,1992,9,251
era5,6/8/1992,17.3391961,1992,9,252
era5,6/9/1992,14.97591,1992,9,253
era5,6/10/1992,12.69101235,1992,9,254
era5,6/11/1992,10.6926,1992,9,255
era5,6/12/1992,9.002018382,1992,9,256
era5,6/13/1992,7.852525294,1992,9,257
era5,6/14/1992,6.713399412,1992,9,258
era5,6/15/1992,6.127725856,1992,9,259
era5,6/16/1992,7.583558355,1992,9,260
era5,6/17/1992,4.440686122,1992,9,261
era5,6/18/1992,1.85966195,1992,9,262
era5,6/19/1992,0.519328197,1992,9,263
era5,6/20/1992,0,1992,9,264
era5,6/21/1992,0,1992,9,265
era5,6/22/1992,0,1992,9,266
era5,6/23/1992,0,1992,9,267
era5,6/24/1992,0,1992,9,268
era5,6/25/1992,0,1992,9,269
era5,6/26/1992,0,1992,9,270
era5,6/27/1992,0,1992,9,271
era5,6/28/1992,0,1992,9,272
era5,6/29/1992,6.90E-05,1992,9,273
era5,6/30/1992,0.000309284,1992,9,274
era5,7/1/1992,5.04E-05,1992,10,275
era5,7/2/1992,0,1992,10,276
era5,7/3/1992,0,1992,10,277
era5,7/4/1992,0,1992,10,278
era5,7/5/1992,0,1992,10,279
era5,7/6/1992,0,1992,10,280
era5,7/7/1992,0,1992,10,281
era5,7/8/1992,0,1992,10,282
era5,7/9/1992,0,1992,10,283
era5,7/10/1992,0,1992,10,284
era5,7/11/1992,0,1992,10,285
era5,7/12/1992,0,1992,10,286
era5,7/13/1992,0,1992,10,287
era5,7/14/1992,0,1992,10,288
era5,7/15/1992,0,1992,10,289
era5,7/16/1992,0,1992,10,290
era5,7/17/1992,0,1992,10,291
era5,7/18/1992,0,1992,10,292
era5,7/19/1992,0,1992,10,293
era5,7/20/1992,0,1992,10,294
era5,7/21/1992,0,1992,10,295
era5,7/22/1992,0,1992,10,296
era5,7/23/1992,0,1992,10,297
era5,7/24/1992,0,1992,10,298
era5,7/25/1992,0,1992,10,299
era5,7/26/1992,0,1992,10,300
era5,7/27/1992,0,1992,10,301
era5,7/28/1992,0,1992,10,302
era5,7/29/1992,0,1992,10,303
era5,7/30/1992,0,1992,10,304
era5,7/31/1992,0,1992,10,305
era5,8/1/1992,0,1992,11,306
era5,8/2/1992,0,1992,11,307
era5,8/3/1992,0,1992,11,308
era5,8/4/1992,0,1992,11,309
era5,8/5/1992,0,1992,11,310
era5,8/6/1992,0,1992,11,311
era5,8/7/1992,0,1992,11,312
era5,8/8/1992,0,1992,11,313
era5,8/9/1992,0,1992,11,314
era5,8/10/1992,0,1992,11,315
era5,8/11/1992,0,1992,11,316
era5,8/12/1992,0,1992,11,317
era5,8/13/1992,0,1992,11,318
era5,8/14/1992,0,1992,11,319
era5,8/15/1992,0,1992,11,320
era5,8/16/1992,0,1992,11,321
era5,8/17/1992,0,1992,11,322
era5,8/18/1992,0,1992,11,323
era5,8/19/1992,0,1992,11,324
era5,8/20/1992,0,1992,11,325
era5,8/21/1992,0,1992,11,326
era5,8/22/1992,0,1992,11,327
era5,8/23/1992,0,1992,11,328
era5,8/24/1992,0,1992,11,329
era5,8/25/1992,0,1992,11,330
era5,8/26/1992,0,1992,11,331
era5,8/27/1992,0,1992,11,332
era5,8/28/1992,0,1992,11,333
era5,8/29/1992,0,1992,11,334
era5,8/30/1992,9.04E-05,1992,11,335
era5,8/31/1992,0,1992,11,336
era5,9/1/1992,0,1992,12,337
era5,9/2/1992,0,1992,12,338
era5,9/3/1992,0,1992,12,339
era5,9/4/1992,0,1992,12,340
era5,9/5/1992,0,1992,12,341
era5,9/6/1992,0,1992,12,342
era5,9/7/1992,0,1992,12,343
era5,9/8/1992,0,1992,12,344
era5,9/9/1992,0,1992,12,345
era5,9/10/1992,0,1992,12,346
era5,9/11/1992,0,1992,12,347
era5,9/12/1992,0,1992,12,348
era5,9/13/1992,0,1992,12,349
era5,9/14/1992,0,1992,12,350
era5,9/15/1992,0,1992,12,351
era5,9/16/1992,0,1992,12,352
era5,9/17/1992,0,1992,12,353
era5,9/18/1992,3.67E-06,1992,12,354
era5,9/19/1992,0,1992,12,355
era5,9/20/1992,0,1992,12,356
era5,9/21/1992,0,1992,12,357
era5,9/22/1992,0,1992,12,358
era5,9/23/1992,0,1992,12,359
era5,9/24/1992,0,1992,12,360
era5,9/25/1992,0,1992,12,361
era5,9/26/1992,0,1992,12,362
era5,9/27/1992,0,1992,12,363
era5,9/28/1992,0,1992,12,364
era5,9/29/1992,0,1992,12,365
era5,9/30/1992,0,1992,12,366
era5,10/1/1992,0,1993,1,1
era5,10/2/1992,0.000152505,1993,1,2
era5,10/3/1992,0,1993,1,3
era5,10/4/1992,0,1993,1,4
era5,10/5/1992,0,1993,1,5
era5,10/6/1992,0,1993,1,6
era5,10/7/1992,0,1993,1,7
era5,10/8/1992,0,1993,1,8
era5,10/9/1992,0,1993,1,9
era5,10/10/1992,0,1993,1,10
era5,10/11/1992,0,1993,1,11
era5,10/12/1992,0,1993,1,12
era5,10/13/1992,0,1993,1,13
era5,10/14/1992,0,1993,1,14
era5,10/15/1992,0,1993,1,15
era5,10/16/1992,0,1993,1,16
era5,10/17/1992,0,1993,1,17
era5,10/18/1992,0,1993,1,18
era5,10/19/1992,0,1993,1,19
era5,10/20/1992,0,1993,1,20
era5,10/21/1992,0.004846795,1993,1,21
era5,10/22/1992,0.020818438,1993,1,22
era5,10/23/1992,0,1993,1,23
era5,10/24/1992,0.186784143,1993,1,24
era5,10/25/1992,0.502839878,1993,1,25
era5,10/26/1992,0.310653588,1993,1,26
era5,10/27/1992,0.256880988,1993,1,27
era5,10/28/1992,0.99992684,1993,1,28
era5,10/29/1992,5.845862875,1993,1,29
era5,10/30/1992,36.43567822,1993,1,30
era5,10/31/1992,58.99319878,1993,1,31
era5,11/1/1992,59.91443193,1993,2,32
era5,11/2/1992,56.87582618,1993,2,33
era5,11/3/1992,52.0455771,1993,2,34
era5,11/4/1992,49.46037522,1993,2,35
era5,11/5/1992,45.89983723,1993,2,36
era5,11/6/1992,43.42288029,1993,2,37
era5,11/7/1992,40.24463744,1993,2,38
era5,11/8/1992,37.69037354,1993,2,39
era5,11/9/1992,36.71831953,1993,2,40
era5,11/10/1992,36.44328794,1993,2,41
era5,11/11/1992,36.0811035,1993,2,42
era5,11/12/1992,34.94946256,1993,2,43
era5,11/13/1992,33.09531493,1993,2,44
era5,11/14/1992,30.9025285,1993,2,45
era5,11/15/1992,29.18905841,1993,2,46
era5,11/16/1992,28.26179352,1993,2,47
era5,11/17/1992,27.30654206,1993,2,48
era5,11/18/1992,26.68543715,1993,2,49
era5,11/19/1992,26.40315576,1993,2,50
era5,11/20/1992,27.62028602,1993,2,51
era5,11/21/1992,27.44919051,1993,2,52
era5,11/22/1992,28.76582833,1993,2,53
era5,11/23/1992,30.393366,1993,2,54
era5,11/24/1992,30.21926589,1993,2,55
era5,11/25/1992,31.10347964,1993,2,56
era5,11/26/1992,30.83285424,1993,2,57
era5,11/27/1992,29.92340833,1993,2,58
era5,11/28/1992,29.46016255,1993,2,59
era5,11/29/1992,29.3840683,1993,2,60
era5,11/30/1992,29.27321125,1993,2,61
era5,12/1/1992,29.07700296,1993,3,62
era5,12/2/1992,28.63203298,1993,3,63
era5,12/3/1992,33.96444987,1993,3,64
era5,12/4/1992,37.06506301,1993,3,65
era5,12/5/1992,38.77000296,1993,3,66
era5,12/6/1992,43.61930847,1993,3,67
era5,12/7/1992,114.976122,1993,3,68
era5,12/8/1992,157.3783397,1993,3,69
era5,12/9/1992,184.750228,1993,3,70
era5,12/10/1992,206.1573918,1993,3,71
era5,12/11/1992,224.1597323,1993,3,72
era5,12/12/1992,255.1779878,1993,3,73
era5,12/13/1992,257.4427106,1993,3,74
era5,12/14/1992,257.1939017,1993,3,75
era5,12/15/1992,256.8593594,1993,3,76
era5,12/16/1992,256.56284,1993,3,77
era5,12/17/1992,260.7551097,1993,3,78
era5,12/18/1992,287.3138335,1993,3,79
era5,12/19/1992,290.1956231,1993,3,80
era5,12/20/1992,290.2638349,1993,3,81
era5,12/21/1992,290.2959434,1993,3,82
era5,12/22/1992,290.2920084,1993,3,83
era5,12/23/1992,290.2054204,1993,3,84
era5,12/24/1992,289.7358294,1993,3,85
era5,12/25/1992,289.2600603,1993,3,86
era5,12/26/1992,288.7110326,1993,3,87
era5,12/27/1992,288.4799065,1993,3,88
era5,12/28/1992,289.3977976,1993,3,89
era5,12/29/1992,352.51307,1993,3,90
era5,12/30/1992,442.2968035,1993,3,91
era5,12/31/1992,458.4918959,1993,3,92
era5,1/1/1993,462.5256215,1993,4,93
era5,1/2/1993,497.9378941,1993,4,94
era5,1/3/1993,503.1051738,1993,4,95
era5,1/4/1993,503.2864962,1993,4,96
era5,1/5/1993,503.2415229,1993,4,97
era5,1/6/1993,513.8999515,1993,4,98
era5,1/7/1993,575.0197697,1993,4,99
era5,1/8/1993,638.1652168,1993,4,100
era5,1/9/1993,656.0980594,1993,4,101
era5,1/10/1993,676.3054126,1993,4,102
era5,1/11/1993,690.6484521,1993,4,103
era5,1/12/1993,693.319335,1993,4,104
era5,1/13/1993,736.5028482,1993,4,105
era5,1/14/1993,788.83748,1993,4,106
era5,1/15/1993,803.6197829,1993,4,107
era5,1/16/1993,820.1450856,1993,4,108
era5,1/17/1993,830.8426509,1993,4,109
era5,1/18/1993,875.2026491,1993,4,110
era5,1/19/1993,888.8473232,1993,4,111
era5,1/20/1993,892.5570438,1993,4,112
era5,1/21/1993,914.2022694,1993,4,113
era5,1/22/1993,925.701685,1993,4,114
era5,1/23/1993,929.1224571,1993,4,115
era5,1/24/1993,928.1779835,1993,4,116
era5,1/25/1993,926.2075453,1993,4,117
era5,1/26/1993,924.2758659,1993,4,118
era5,1/27/1993,922.6001232,1993,4,119
era5,1/28/1993,921.7156624,1993,4,120
era5,1/29/1993,920.82112,1993,4,121
era5,1/30/1993,921.25886,1993,4,122
era5,1/31/1993,922.7094976,1993,4,123
era5,2/1/1993,923.3741644,1993,5,124
era5,2/2/1993,923.0936724,1993,5,125
era5,2/3/1993,922.2302356,1993,5,126
era5,2/4/1993,920.7975597,1993,5,127
era5,2/5/1993,918.3424221,1993,5,128
era5,2/6/1993,917.2426929,1993,5,129
era5,2/7/1993,914.753685,1993,5,130
era5,2/8/1993,931.3629341,1993,5,131
era5,2/9/1993,961.7040882,1993,5,132
era5,2/10/1993,975.6732465,1993,5,133
era5,2/11/1993,979.9265497,1993,5,134
era5,2/12/1993,985.3932226,1993,5,135
era5,2/13/1993,985.5487797,1993,5,136
era5,2/14/1993,985.335295,1993,5,137
era5,2/15/1993,985.7979459,1993,5,138
era5,2/16/1993,987.3870782,1993,5,139
era5,2/17/1993,999.6937465,1993,5,140
era5,2/18/1993,1043.718473,1993,5,141
era5,2/19/1993,1117.133807,1993,5,142
era5,2/20/1993,1193.585247,1993,5,143
era5,2/21/1993,1250.345772,1993,5,144
era5,2/22/1993,1262.241935,1993,5,145
era5,2/23/1993,1295.705666,1993,5,146
era5,2/24/1993,1340.05756,1993,5,147
era5,2/25/1993,1347.05317,1993,5,148
era5,2/26/1993,1352.402978,1993,5,149
era5,2/27/1993,1365.516749,1993,5,150
era5,2/28/1993,1367.770479,1993,5,151
era5,3/1/1993,1368.200943,1993,6,152
era5,3/2/1993,1367.760781,1993,6,153
era5,3/3/1993,1366.425039,1993,6,154
era5,3/4/1993,1364.977189,1993,6,155
era5,3/5/1993,1362.502416,1993,6,156
era5,3/6/1993,1358.147262,1993,6,157
era5,3/7/1993,1353.131429,1993,6,158
era5,3/8/1993,1348.688282,1993,6,159
era5,3/9/1993,1344.321939,1993,6,160
era5,3/10/1993,1340.783538,1993,6,161
era5,3/11/1993,1337.431416,1993,6,162
era5,3/12/1993,1333.584031,1993,6,163
era5,3/13/1993,1328.840345,1993,6,164
era5,3/14/1993,1324.647496,1993,6,165
era5,3/15/1993,1321.524909,1993,6,166
era5,3/16/1993,1317.418745,1993,6,167
era5,3/17/1993,1314.508556,1993,6,168
era5,3/18/1993,1317.57581,1993,6,169
era5,3/19/1993,1314.52842,1993,6,170
era5,3/20/1993,1309.003579,1993,6,171
era5,3/21/1993,1302.723605,1993,6,172
era5,3/22/1993,1295.814587,1993,6,173
era5,3/23/1993,1287.526174,1993,6,174
era5,3/24/1993,1283.263409,1993,6,175
era5,3/25/1993,1291.291318,1993,6,176
era5,3/26/1993,1324.213479,1993,6,177
era5,3/27/1993,1336.10971,1993,6,178
era5,3/28/1993,1343.673279,1993,6,179
era5,3/29/1993,1348.469487,1993,6,180
era5,3/30/1993,1346.909018,1993,6,181
era5,3/31/1993,1343.096131,1993,6,182
era5,4/1/1993,1338.743464,1993,7,183
era5,4/2/1993,1335.631151,1993,7,184
era5,4/3/1993,1328.943987,1993,7,185
era5,4/4/1993,1320.713404,1993,7,186
era5,4/5/1993,1315.604205,1993,7,187
era5,4/6/1993,1314.309813,1993,7,188
era5,4/7/1993,1311.842208,1993,7,189
era5,4/8/1993,1306.17489,1993,7,190
era5,4/9/1993,1297.671506,1993,7,191
era5,4/10/1993,1290.664959,1993,7,192
era5,4/11/1993,1286.107692,1993,7,193
era5,4/12/1993,1282.225983,1993,7,194
era5,4/13/1993,1279.0355,1993,7,195
era5,4/14/1993,1273.269901,1993,7,196
era5,4/15/1993,1264.517457,1993,7,197
era5,4/16/1993,1255.274543,1993,7,198
era5,4/17/1993,1247.991608,1993,7,199
era5,4/18/1993,1254.460586,1993,7,200
era5,4/19/1993,1252.062466,1993,7,201
era5,4/20/1993,1245.382266,1993,7,202
era5,4/21/1993,1233.668887,1993,7,203
era5,4/22/1993,1223.471975,1993,7,204
era5,4/23/1993,1217.255687,1993,7,205
era5,4/24/1993,1213.83823,1993,7,206
era5,4/25/1993,1206.859953,1993,7,207
era5,4/26/1993,1194.52795,1993,7,208
era5,4/27/1993,1184.324856,1993,7,209
era5,4/28/1993,1173.373984,1993,7,210
era5,4/29/1993,1158.040532,1993,7,211
era5,4/30/1993,1140.056459,1993,7,212
era5,5/1/1993,1120.652624,1993,8,213
era5,5/2/1993,1101.950753,1993,8,214
era5,5/3/1993,1083.367913,1993,8,215
era5,5/4/1993,1069.75493,1993,8,216
era5,5/5/1993,1063.231578,1993,8,217
era5,5/6/1993,1050.578122,1993,8,218
era5,5/7/1993,1034.504096,1993,8,219
era5,5/8/1993,1019.647688,1993,8,220
era5,5/9/1993,1002.01533,1993,8,221
era5,5/10/1993,981.1217982,1993,8,222
era5,5/11/1993,956.6373812,1993,8,223
era5,5/12/1993,937.6645221,1993,8,224
era5,5/13/1993,927.5867175,1993,8,225
era5,5/14/1993,912.843311,1993,8,226
era5,5/15/1993,894.4120765,1993,8,227
era5,5/16/1993,875.8259975,1993,8,228
era5,5/17/1993,857.1201968,1993,8,229
era5,5/18/1993,835.3776411,1993,8,230
era5,5/19/1993,814.6938526,1993,8,231
era5,5/20/1993,793.3764907,1993,8,232
era5,5/21/1993,773.2286017,1993,8,233
era5,5/22/1993,755.8941046,1993,8,234
era5,5/23/1993,737.4687715,1993,8,235
era5,5/24/1993,718.7698171,1993,8,236
era5,5/25/1993,701.6662123,1993,8,237
era5,5/26/1993,687.4073067,1993,8,238
era5,5/27/1993,675.9594531,1993,8,239
era5,5/28/1993,666.0217488,1993,8,240
era5,5/29/1993,654.9049038,1993,8,241
era5,5/30/1993,642.1158885,1993,8,242
era5,5/31/1993,625.3132478,1993,8,243
era5,6/1/1993,615.0245662,1993,9,244
era5,6/2/1993,604.9719213,1993,9,245
era5,6/3/1993,597.0519601,1993,9,246
era5,6/4/1993,588.4349962,1993,9,247
era5,6/5/1993,591.8719049,1993,9,248
era5,6/6/1993,597.5842426,1993,9,249
era5,6/7/1993,600.1848668,1993,9,250
era5,6/8/1993,593.9788611,1993,9,251
era5,6/9/1993,583.1167027,1993,9,252
era5,6/10/1993,569.7024585,1993,9,253
era5,6/11/1993,556.8701924,1993,9,254
era5,6/12/1993,546.7585147,1993,9,255
era5,6/13/1993,535.3155053,1993,9,256
era5,6/14/1993,520.187174,1993,9,257
era5,6/15/1993,504.4049002,1993,9,258
era5,6/16/1993,490.1375929,1993,9,259
era5,6/17/1993,477.0466914,1993,9,260
era5,6/18/1993,461.9977528,1993,9,261
era5,6/19/1993,445.0468534,1993,9,262
era5,6/20/1993,428.5405029,1993,9,263
era5,6/21/1993,416.0405962,1993,9,264
era5,6/22/1993,403.9206879,1993,9,265
era5,6/23/1993,393.5078771,1993,9,266
era5,6/24/1993,378.6044281,1993,9,267
era5,6/25/1993,361.2359947,1993,9,268
era5,6/26/1993,343.4502793,1993,9,269
era5,6/27/1993,327.3188212,1993,9,270
era5,6/28/1993,314.8502194,1993,9,271
era5,6/29/1993,304.6828221,1993,9,272
era5,6/30/1993,294.0213191,1993,9,273
era5,7/1/1993,281.3708165,1993,10,274
era5,7/2/1993,267.5867259,1993,10,275
era5,7/3/1993,254.4272495,1993,10,276
era5,7/4/1993,242.9651997,1993,10,277
era5,7/5/1993,232.2458141,1993,10,278
era5,7/6/1993,220.8906715,1993,10,279
era5,7/7/1993,209.2923715,1993,10,280
era5,7/8/1993,197.8411617,1993,10,281
era5,7/9/1993,186.3850576,1993,10,282
era5,7/10/1993,175.5260116,1993,10,283
era5,7/11/1993,165.4523826,1993,10,284
era5,7/12/1993,156.4559884,1993,10,285
era5,7/13/1993,148.5075562,1993,10,286
era5,7/14/1993,141.3080055,1993,10,287
era5,7/15/1993,134.5123603,1993,10,288
era5,7/16/1993,129.178869,1993,10,289
era5,7/17/1993,124.3680038,1993,10,290
era5,7/18/1993,119.0789185,1993,10,291
era5,7/19/1993,113.7395459,1993,10,292
era5,7/20/1993,108.9213841,1993,10,293
era5,7/21/1993,104.3409869,1993,10,294
era5,7/22/1993,99.60720147,1993,10,295
era5,7/23/1993,93.38646897,1993,10,296
era5,7/24/1993,86.29999412,1993,10,297
era5,7/25/1993,79.41781201,1993,10,298
era5,7/26/1993,73.23408912,1993,10,299
era5,7/27/1993,66.64380382,1993,10,300
era5,7/28/1993,59.69788694,1993,10,301
era5,7/29/1993,53.06611885,1993,10,302
era5,7/30/1993,47.290685,1993,10,303
era5,7/31/1993,41.9465065,1993,10,304
era5,8/1/1993,37.05008319,1993,11,305
era5,8/2/1993,33.03857971,1993,11,306
era5,8/3/1993,30.02152471,1993,11,307
era5,8/4/1993,27.78252088,1993,11,308
era5,8/5/1993,24.76884694,1993,11,309
era5,8/6/1993,21.69909224,1993,11,310
era5,8/7/1993,19.35469962,1993,11,311
era5,8/8/1993,17.99318794,1993,11,312
era5,8/9/1993,16.639505,1993,11,313
era5,8/10/1993,15.13126971,1993,11,314
era5,8/11/1993,13.78640382,1993,11,315
era5,8/12/1993,12.82690794,1993,11,316
era5,8/13/1993,11.99808235,1993,11,317
era5,8/14/1993,10.98058515,1993,11,318
era5,8/15/1993,9.821382559,1993,11,319
era5,8/16/1993,8.926856882,1993,11,320
era5,8/17/1993,7.974469088,1993,11,321
era5,8/18/1993,6.877308235,1993,11,322
era5,8/19/1993,6.23199,1993,11,323
era5,8/20/1993,5.663567941,1993,11,324
era5,8/21/1993,5.238441176,1993,11,325
era5,8/22/1993,4.615255882,1993,11,326
era5,8/23/1993,3.776807353,1993,11,327
era5,8/24/1993,2.986333824,1993,11,328
era5,8/25/1993,2.280000588,1993,11,329
era5,8/26/1993,1.697085294,1993,11,330
era5,8/27/1993,1.105778824,1993,11,331
era5,8/28/1993,0.458654588,1993,11,332
era5,8/29/1993,0.014801135,1993,11,333
era5,8/30/1993,0,1993,11,334
era5,8/31/1993,0,1993,11,335
era5,9/1/1993,0,1993,12,336
era5,9/2/1993,0,1993,12,337
era5,9/3/1993,0,1993,12,338
era5,9/4/1993,0,1993,12,339
era5,9/5/1993,0,1993,12,340
era5,9/6/1993,0,1993,12,341
era5,9/7/1993,0,1993,12,342
era5,9/8/1993,0,1993,12,343
era5,9/9/1993,0,1993,12,344
era5,9/10/1993,0,1993,12,345
era5,9/11/1993,0,1993,12,346
era5,9/12/1993,0,1993,12,347
era5,9/13/1993,0,1993,12,348
era5,9/14/1993,0,1993,12,349
era5,9/15/1993,0,1993,12,350
era5,9/16/1993,0,1993,12,351
era5,9/17/1993,0,1993,12,352
era5,9/18/1993,0,1993,12,353
era5,9/19/1993,0,1993,12,354
era5,9/20/1993,0,1993,12,355
era5,9/21/1993,0,1993,12,356
era5,9/22/1993,0,1993,12,357
era5,9/23/1993,0,1993,12,358
era5,9/24/1993,0,1993,12,359
era5,9/25/1993,0,1993,12,360
era5,9/26/1993,0,1993,12,361
era5,9/27/1993,0,1993,12,362
era5,9/28/1993,0,1993,12,363
era5,9/29/1993,0,1993,12,364
era5,9/30/1993,0,1993,12,365
era5,10/1/1993,0,1994,1,1
era5,10/2/1993,0,1994,1,2
era5,10/3/1993,0,1994,1,3
era5,10/4/1993,0,1994,1,4
era5,10/5/1993,2.38E-05,1994,1,5
era5,10/6/1993,0,1994,1,6
era5,10/7/1993,0,1994,1,7
era5,10/8/1993,0,1994,1,8
era5,10/9/1993,0.058977518,1994,1,9
era5,10/10/1993,0.02397282,1994,1,10
era5,10/11/1993,0,1994,1,11
era5,10/12/1993,0,1994,1,12
era5,10/13/1993,0,1994,1,13
era5,10/14/1993,0.001063108,1994,1,14
era5,10/15/1993,0.825198265,1994,1,15
era5,10/16/1993,2.948675736,1994,1,16
era5,10/17/1993,2.917042815,1994,1,17
era5,10/18/1993,2.665726296,1994,1,18
era5,10/19/1993,2.39253375,1994,1,19
era5,10/20/1993,1.727114285,1994,1,20
era5,10/21/1993,0.889976335,1994,1,21
era5,10/22/1993,0.413950871,1994,1,22
era5,10/23/1993,0.161414288,1994,1,23
era5,10/24/1993,4.38E-05,1994,1,24
era5,10/25/1993,0,1994,1,25
era5,10/26/1993,0,1994,1,26
era5,10/27/1993,0,1994,1,27
era5,10/28/1993,0,1994,1,28
era5,10/29/1993,0,1994,1,29
era5,10/30/1993,0,1994,1,30
era5,10/31/1993,0,1994,1,31
era5,11/1/1993,0.002764955,1994,2,32
era5,11/2/1993,0,1994,2,33
era5,11/3/1993,0,1994,2,34
era5,11/4/1993,0,1994,2,35
era5,11/5/1993,0,1994,2,36
era5,11/6/1993,0,1994,2,37
era5,11/7/1993,0,1994,2,38
era5,11/8/1993,0,1994,2,39
era5,11/9/1993,0,1994,2,40
era5,11/10/1993,0.12722349,1994,2,41
era5,11/11/1993,10.93789048,1994,2,42
era5,11/12/1993,24.70080579,1994,2,43
era5,11/13/1993,33.05793829,1994,2,44
era5,11/14/1993,33.14697574,1994,2,45
era5,11/15/1993,33.06762088,1994,2,46
era5,11/16/1993,32.34772671,1994,2,47
era5,11/17/1993,31.29210371,1994,2,48
era5,11/18/1993,30.23444457,1994,2,49
era5,11/19/1993,29.12092694,1994,2,50
era5,11/20/1993,27.87330476,1994,2,51
era5,11/21/1993,25.8163237,1994,2,52
era5,11/22/1993,25.74256663,1994,2,53
era5,11/23/1993,30.08967749,1994,2,54
era5,11/24/1993,30.00546079,1994,2,55
era5,11/25/1993,29.64758172,1994,2,56
era5,11/26/1993,29.40620913,1994,2,57
era5,11/27/1993,28.57359512,1994,2,58
era5,11/28/1993,26.83372011,1994,2,59
era5,11/29/1993,31.56276285,1994,2,60
era5,11/30/1993,53.23960939,1994,2,61
era5,12/1/1993,57.95972091,1994,3,62
era5,12/2/1993,57.75001924,1994,3,63
era5,12/3/1993,56.797453,1994,3,64
era5,12/4/1993,55.55704935,1994,3,65
era5,12/5/1993,55.05462894,1994,3,66
era5,12/6/1993,54.83314868,1994,3,67
era5,12/7/1993,54.79366612,1994,3,68
era5,12/8/1993,55.43963052,1994,3,69
era5,12/9/1993,64.559014,1994,3,70
era5,12/10/1993,68.33811858,1994,3,71
era5,12/11/1993,69.19250309,1994,3,72
era5,12/12/1993,109.4163131,1994,3,73
era5,12/13/1993,113.5223483,1994,3,74
era5,12/14/1993,117.6131095,1994,3,75
era5,12/15/1993,135.3955473,1994,3,76
era5,12/16/1993,136.7235967,1994,3,77
era5,12/17/1993,136.7730996,1994,3,78
era5,12/18/1993,136.6820744,1994,3,79
era5,12/19/1993,136.6084409,1994,3,80
era5,12/20/1993,136.5314488,1994,3,81
era5,12/21/1993,136.3854038,1994,3,82
era5,12/22/1993,136.1884444,1994,3,83
era5,12/23/1993,135.7186251,1994,3,84
era5,12/24/1993,134.7040343,1994,3,85
era5,12/25/1993,133.5583482,1994,3,86
era5,12/26/1993,131.8363422,1994,3,87
era5,12/27/1993,131.7135868,1994,3,88
era5,12/28/1993,131.4151548,1994,3,89
era5,12/29/1993,130.762686,1994,3,90
era5,12/30/1993,129.8133815,1994,3,91
era5,12/31/1993,129.0406238,1994,3,92
era5,1/1/1994,128.1389404,1994,4,93
era5,1/2/1994,125.7637475,1994,4,94
era5,1/3/1994,121.4212948,1994,4,95
era5,1/4/1994,117.5698877,1994,4,96
era5,1/5/1994,122.5265935,1994,4,97
era5,1/6/1994,123.1006343,1994,4,98
era5,1/7/1994,122.8520218,1994,4,99
era5,1/8/1994,122.4474869,1994,4,100
era5,1/9/1994,122.0183873,1994,4,101
era5,1/10/1994,121.7150131,1994,4,102
era5,1/11/1994,121.23023,1994,4,103
era5,1/12/1994,120.6981392,1994,4,104
era5,1/13/1994,119.8266608,1994,4,105
era5,1/14/1994,118.6228394,1994,4,106
era5,1/15/1994,117.5738953,1994,4,107
era5,1/16/1994,116.4799413,1994,4,108
era5,1/17/1994,115.2576334,1994,4,109
era5,1/18/1994,113.9716024,1994,4,110
era5,1/19/1994,112.4778106,1994,4,111
era5,1/20/1994,111.7577351,1994,4,112
era5,1/21/1994,110.925612,1994,4,113
era5,1/22/1994,109.3034084,1994,4,114
era5,1/23/1994,111.0552737,1994,4,115
era5,1/24/1994,121.4977095,1994,4,116
era5,1/25/1994,145.7092993,1994,4,117
era5,1/26/1994,153.9698915,1994,4,118
era5,1/27/1994,154.6345036,1994,4,119
era5,1/28/1994,154.8250583,1994,4,120
era5,1/29/1994,154.945179,1994,4,121
era5,1/30/1994,154.8142455,1994,4,122
era5,1/31/1994,154.5718968,1994,4,123
era5,2/1/1994,154.4129648,1994,5,124
era5,2/2/1994,154.2892371,1994,5,125
era5,2/3/1994,154.1258789,1994,5,126
era5,2/4/1994,157.2752388,1994,5,127
era5,2/5/1994,160.6097775,1994,5,128
era5,2/6/1994,160.8088601,1994,5,129
era5,2/7/1994,194.7363838,1994,5,130
era5,2/8/1994,272.4398837,1994,5,131
era5,2/9/1994,284.0008299,1994,5,132
era5,2/10/1994,284.9510943,1994,5,133
era5,2/11/1994,292.8197461,1994,5,134
era5,2/12/1994,295.004665,1994,5,135
era5,2/13/1994,294.6972946,1994,5,136
era5,2/14/1994,294.0482116,1994,5,137
era5,2/15/1994,293.2044271,1994,5,138
era5,2/16/1994,292.0456687,1994,5,139
era5,2/17/1994,313.1972585,1994,5,140
era5,2/18/1994,383.3018235,1994,5,141
era5,2/19/1994,402.63782,1994,5,142
era5,2/20/1994,436.3447341,1994,5,143
era5,2/21/1994,455.7149094,1994,5,144
era5,2/22/1994,462.8014709,1994,5,145
era5,2/23/1994,463.4356562,1994,5,146
era5,2/24/1994,463.3808632,1994,5,147
era5,2/25/1994,462.9575415,1994,5,148
era5,2/26/1994,461.8114938,1994,5,149
era5,2/27/1994,462.4117929,1994,5,150
era5,2/28/1994,460.9831309,1994,5,151
era5,3/1/1994,458.2084688,1994,6,152
era5,3/2/1994,454.4625944,1994,6,153
era5,3/3/1994,450.0380006,1994,6,154
era5,3/4/1994,445.8893982,1994,6,155
era5,3/5/1994,442.1309238,1994,6,156
era5,3/6/1994,442.1099165,1994,6,157
era5,3/7/1994,444.1287515,1994,6,158
era5,3/8/1994,440.6402338,1994,6,159
era5,3/9/1994,437.1481456,1994,6,160
era5,3/10/1994,433.3295676,1994,6,161
era5,3/11/1994,430.1475341,1994,6,162
era5,3/12/1994,428.5683065,1994,6,163
era5,3/13/1994,424.9522526,1994,6,164
era5,3/14/1994,418.9997924,1994,6,165
era5,3/15/1994,412.2359215,1994,6,166
era5,3/16/1994,404.5982978,1994,6,167
era5,3/17/1994,400.3206825,1994,6,168
era5,3/18/1994,394.914182,1994,6,169
era5,3/19/1994,391.6687781,1994,6,170
era5,3/20/1994,389.6944054,1994,6,171
era5,3/21/1994,385.5809004,1994,6,172
era5,3/22/1994,382.2694366,1994,6,173
era5,3/23/1994,384.0759812,1994,6,174
era5,3/24/1994,385.2348493,1994,6,175
era5,3/25/1994,399.5056174,1994,6,176
era5,3/26/1994,413.3824947,1994,6,177
era5,3/27/1994,414.2042419,1994,6,178
era5,3/28/1994,411.0568531,1994,6,179
era5,3/29/1994,407.411473,1994,6,180
era5,3/30/1994,402.7657305,1994,6,181
era5,3/31/1994,395.83395,1994,6,182
era5,4/1/1994,388.3432537,1994,7,183
era5,4/2/1994,378.8670107,1994,7,184
era5,4/3/1994,369.614035,1994,7,185
era5,4/4/1994,364.5637116,1994,7,186
era5,4/5/1994,360.5178157,1994,7,187
era5,4/6/1994,356.3225645,1994,7,188
era5,4/7/1994,353.6926919,1994,7,189
era5,4/8/1994,351.6761671,1994,7,190
era5,4/9/1994,364.0780522,1994,7,191
era5,4/10/1994,374.2859172,1994,7,192
era5,4/11/1994,373.3259726,1994,7,193
era5,4/12/1994,367.8688408,1994,7,194
era5,4/13/1994,359.0079426,1994,7,195
era5,4/14/1994,349.5536006,1994,7,196
era5,4/15/1994,339.9402599,1994,7,197
era5,4/16/1994,327.8296059,1994,7,198
era5,4/17/1994,314.4786797,1994,7,199
era5,4/18/1994,301.1376241,1994,7,200
era5,4/19/1994,288.4360422,1994,7,201
era5,4/20/1994,276.1127323,1994,7,202
era5,4/21/1994,262.4250505,1994,7,203
era5,4/22/1994,253.1048408,1994,7,204
era5,4/23/1994,247.5532748,1994,7,205
era5,4/24/1994,260.8793119,1994,7,206
era5,4/25/1994,277.0116083,1994,7,207
era5,4/26/1994,303.3969385,1994,7,208
era5,4/27/1994,311.2987981,1994,7,209
era5,4/28/1994,313.9657213,1994,7,210
era5,4/29/1994,310.0390737,1994,7,211
era5,4/30/1994,302.9006629,1994,7,212
era5,5/1/1994,295.0542026,1994,8,213
era5,5/2/1994,287.2469146,1994,8,214
era5,5/3/1994,278.2340424,1994,8,215
era5,5/4/1994,267.9473141,1994,8,216
era5,5/5/1994,258.0345663,1994,8,217
era5,5/6/1994,251.7360684,1994,8,218
era5,5/7/1994,262.9774212,1994,8,219
era5,5/8/1994,271.0160947,1994,8,220
era5,5/9/1994,264.1709992,1994,8,221
era5,5/10/1994,249.6467152,1994,8,222
era5,5/11/1994,233.837055,1994,8,223
era5,5/12/1994,219.1246741,1994,8,224
era5,5/13/1994,207.8740866,1994,8,225
era5,5/14/1994,198.2948486,1994,8,226
era5,5/15/1994,189.1569879,1994,8,227
era5,5/16/1994,184.8600967,1994,8,228
era5,5/17/1994,189.0272804,1994,8,229
era5,5/18/1994,198.5737167,1994,8,230
era5,5/19/1994,203.4984487,1994,8,231
era5,5/20/1994,202.7364354,1994,8,232
era5,5/21/1994,197.7028715,1994,8,233
era5,5/22/1994,192.0358489,1994,8,234
era5,5/23/1994,186.2643546,1994,8,235
era5,5/24/1994,178.5383854,1994,8,236
era5,5/25/1994,169.6479824,1994,8,237
era5,5/26/1994,159.8566345,1994,8,238
era5,5/27/1994,150.3119185,1994,8,239
era5,5/28/1994,142.7270489,1994,8,240
era5,5/29/1994,135.408736,1994,8,241
era5,5/30/1994,126.5285379,1994,8,242
era5,5/31/1994,117.0572075,1994,8,243
era5,6/1/1994,109.3341969,1994,9,244
era5,6/2/1994,101.6049432,1994,9,245
era5,6/3/1994,92.62849288,1994,9,246
era5,6/4/1994,84.78155847,1994,9,247
era5,6/5/1994,77.566378,1994,9,248
era5,6/6/1994,70.69058385,1994,9,249
era5,6/7/1994,65.44591729,1994,9,250
era5,6/8/1994,58.76639062,1994,9,251
era5,6/9/1994,51.33201165,1994,9,252
era5,6/10/1994,44.87571135,1994,9,253
era5,6/11/1994,38.74727291,1994,9,254
era5,6/12/1994,33.74990888,1994,9,255
era5,6/13/1994,29.45721065,1994,9,256
era5,6/14/1994,25.61752088,1994,9,257
era5,6/15/1994,22.36374366,1994,9,258
era5,6/16/1994,20.34000479,1994,9,259
era5,6/17/1994,18.49072253,1994,9,260
era5,6/18/1994,16.62339235,1994,9,261
era5,6/19/1994,14.74068279,1994,9,262
era5,6/20/1994,12.54162912,1994,9,263
era5,6/21/1994,10.24423009,1994,9,264
era5,6/22/1994,8.061871975,1994,9,265
era5,6/23/1994,6.519334118,1994,9,266
era5,6/24/1994,4.895618147,1994,9,267
era5,6/25/1994,3.128766029,1994,9,268
era5,6/26/1994,1.459330709,1994,9,269
era5,6/27/1994,0.465264971,1994,9,270
era5,6/28/1994,0,1994,9,271
era5,6/29/1994,0,1994,9,272
era5,6/30/1994,0,1994,9,273
era5,7/1/1994,0,1994,10,274
era5,7/2/1994,0,1994,10,275
era5,7/3/1994,0,1994,10,276
era5,7/4/1994,0,1994,10,277
era5,7/5/1994,0,1994,10,278
era5,7/6/1994,0,1994,10,279
era5,7/7/1994,0,1994,10,280
era5,7/8/1994,0,1994,10,281
era5,7/9/1994,0,1994,10,282
era5,7/10/1994,0,1994,10,283
era5,7/11/1994,0,1994,10,284
era5,7/12/1994,0,1994,10,285
era5,7/13/1994,0,1994,10,286
era5,7/14/1994,0,1994,10,287
era5,7/15/1994,0,1994,10,288
era5,7/16/1994,0,1994,10,289
era5,7/17/1994,0,1994,10,290
era5,7/18/1994,0,1994,10,291
era5,7/19/1994,0,1994,10,292
era5,7/20/1994,0,1994,10,293
era5,7/21/1994,0,1994,10,294
era5,7/22/1994,0,1994,10,295
era5,7/23/1994,0,1994,10,296
era5,7/24/1994,0,1994,10,297
era5,7/25/1994,0,1994,10,298
era5,7/26/1994,0,1994,10,299
era5,7/27/1994,0,1994,10,300
era5,7/28/1994,0,1994,10,301
era5,7/29/1994,0,1994,10,302
era5,7/30/1994,0,1994,10,303
era5,7/31/1994,0,1994,10,304
era5,8/1/1994,0,1994,11,305
era5,8/2/1994,0,1994,11,306
era5,8/3/1994,0,1994,11,307
era5,8/4/1994,0,1994,11,308
era5,8/5/1994,0,1994,11,309
era5,8/6/1994,0,1994,11,310
era5,8/7/1994,0,1994,11,311
era5,8/8/1994,0,1994,11,312
era5,8/9/1994,0,1994,11,313
era5,8/10/1994,0,1994,11,314
era5,8/11/1994,0,1994,11,315
era5,8/12/1994,0,1994,11,316
era5,8/13/1994,0,1994,11,317
era5,8/14/1994,0,1994,11,318
era5,8/15/1994,0,1994,11,319
era5,8/16/1994,0,1994,11,320
era5,8/17/1994,0,1994,11,321
era5,8/18/1994,0,1994,11,322
era5,8/19/1994,0,1994,11,323
era5,8/20/1994,0,1994,11,324
era5,8/21/1994,0,1994,11,325
era5,8/22/1994,0,1994,11,326
era5,8/23/1994,0,1994,11,327
era5,8/24/1994,0,1994,11,328
era5,8/25/1994,0,1994,11,329
era5,8/26/1994,0,1994,11,330
era5,8/27/1994,0,1994,11,331
era5,8/28/1994,0,1994,11,332
era5,8/29/1994,0,1994,11,333
era5,8/30/1994,0,1994,11,334
era5,8/31/1994,0,1994,11,335
era5,9/1/1994,0,1994,12,336
era5,9/2/1994,0,1994,12,337
era5,9/3/1994,0,1994,12,338
era5,9/4/1994,0,1994,12,339
era5,9/5/1994,0,1994,12,340
era5,9/6/1994,0,1994,12,341
era5,9/7/1994,0,1994,12,342
era5,9/8/1994,0,1994,12,343
era5,9/9/1994,0,1994,12,344
era5,9/10/1994,0,1994,12,345
era5,9/11/1994,0,1994,12,346
era5,9/12/1994,0.003634513,1994,12,347
era5,9/13/1994,0.364182422,1994,12,348
era5,9/14/1994,0.378850926,1994,12,349
era5,9/15/1994,0.028489556,1994,12,350
era5,9/16/1994,0,1994,12,351
era5,9/17/1994,0,1994,12,352
era5,9/18/1994,0,1994,12,353
era5,9/19/1994,0,1994,12,354
era5,9/20/1994,0,1994,12,355
era5,9/21/1994,0,1994,12,356
era5,9/22/1994,0,1994,12,357
era5,9/23/1994,0,1994,12,358
era5,9/24/1994,0,1994,12,359
era5,9/25/1994,0,1994,12,360
era5,9/26/1994,0,1994,12,361
era5,9/27/1994,0,1994,12,362
era5,9/28/1994,0,1994,12,363
era5,9/29/1994,0.001887838,1994,12,364
era5,9/30/1994,0,1994,12,365
era5,10/1/1994,0,1995,1,1
era5,10/2/1994,0,1995,1,2
era5,10/3/1994,4.75E-06,1995,1,3
era5,10/4/1994,3.051365751,1995,1,4
era5,10/5/1994,31.82390354,1995,1,5
era5,10/6/1994,41.63306246,1995,1,6
era5,10/7/1994,37.97550234,1995,1,7
era5,10/8/1994,32.29734492,1995,1,8
era5,10/9/1994,25.69830135,1995,1,9
era5,10/10/1994,19.64076474,1995,1,10
era5,10/11/1994,14.73229752,1995,1,11
era5,10/12/1994,12.11707179,1995,1,12
era5,10/13/1994,10.89502647,1995,1,13
era5,10/14/1994,9.717867135,1995,1,14
era5,10/15/1994,8.370058362,1995,1,15
era5,10/16/1994,9.372192546,1995,1,16
era5,10/17/1994,8.992409106,1995,1,17
era5,10/18/1994,8.094632552,1995,1,18
era5,10/19/1994,7.365252465,1995,1,19
era5,10/20/1994,7.062676588,1995,1,20
era5,10/21/1994,6.879974824,1995,1,21
era5,10/22/1994,6.441892279,1995,1,22
era5,10/23/1994,5.880272979,1995,1,23
era5,10/24/1994,5.56518339,1995,1,24
era5,10/25/1994,5.266302803,1995,1,25
era5,10/26/1994,4.971749353,1995,1,26
era5,10/27/1994,4.632139921,1995,1,27
era5,10/28/1994,4.007774879,1995,1,28
era5,10/29/1994,3.676562819,1995,1,29
era5,10/30/1994,3.569657264,1995,1,30
era5,10/31/1994,3.272652412,1995,1,31
era5,11/1/1994,2.855063029,1995,2,32
era5,11/2/1994,5.905321335,1995,2,33
era5,11/3/1994,7.644090163,1995,2,34
era5,11/4/1994,7.690424806,1995,2,35
era5,11/5/1994,11.7877083,1995,2,36
era5,11/6/1994,26.89433894,1995,2,37
era5,11/7/1994,29.26252488,1995,2,38
era5,11/8/1994,30.74623765,1995,2,39
era5,11/9/1994,30.87508721,1995,2,40
era5,11/10/1994,46.35553057,1995,2,41
era5,11/11/1994,57.09059306,1995,2,42
era5,11/12/1994,59.04162047,1995,2,43
era5,11/13/1994,60.53551624,1995,2,44
era5,11/14/1994,60.45174797,1995,2,45
era5,11/15/1994,60.10477274,1995,2,46
era5,11/16/1994,67.54856185,1995,2,47
era5,11/17/1994,79.14239291,1995,2,48
era5,11/18/1994,101.7261446,1995,2,49
era5,11/19/1994,104.7824359,1995,2,50
era5,11/20/1994,104.7555179,1995,2,51
era5,11/21/1994,104.6821684,1995,2,52
era5,11/22/1994,104.5665542,1995,2,53
era5,11/23/1994,104.192751,1995,2,54
era5,11/24/1994,103.5296327,1995,2,55
era5,11/25/1994,110.5308159,1995,2,56
era5,11/26/1994,157.5440151,1995,2,57
era5,11/27/1994,171.4468534,1995,2,58
era5,11/28/1994,173.55362,1995,2,59
era5,11/29/1994,173.6768781,1995,2,60
era5,11/30/1994,173.4465819,1995,2,61
era5,12/1/1994,172.3713197,1995,3,62
era5,12/2/1994,171.1170267,1995,3,63
era5,12/3/1994,171.9205756,1995,3,64
era5,12/4/1994,178.8218004,1995,3,65
era5,12/5/1994,194.4000783,1995,3,66
era5,12/6/1994,198.2051365,1995,3,67
era5,12/7/1994,198.3671709,1995,3,68
era5,12/8/1994,198.1434228,1995,3,69
era5,12/9/1994,197.8287452,1995,3,70
era5,12/10/1994,197.5109729,1995,3,71
era5,12/11/1994,197.2484876,1995,3,72
era5,12/12/1994,199.6441493,1995,3,73
era5,12/13/1994,221.0118437,1995,3,74
era5,12/14/1994,231.6765358,1995,3,75
era5,12/15/1994,237.6085298,1995,3,76
era5,12/16/1994,238.2582455,1995,3,77
era5,12/17/1994,238.1151782,1995,3,78
era5,12/18/1994,237.4071157,1995,3,79
era5,12/19/1994,236.5489985,1995,3,80
era5,12/20/1994,235.3615331,1995,3,81
era5,12/21/1994,233.6598866,1995,3,82
era5,12/22/1994,232.1126756,1995,3,83
era5,12/23/1994,230.6856791,1995,3,84
era5,12/24/1994,230.7408392,1995,3,85
era5,12/25/1994,239.7427397,1995,3,86
era5,12/26/1994,240.5954666,1995,3,87
era5,12/27/1994,239.1905462,1995,3,88
era5,12/28/1994,239.0157987,1995,3,89
era5,12/29/1994,246.2674473,1995,3,90
era5,12/30/1994,247.8703672,1995,3,91
era5,12/31/1994,247.7346836,1995,3,92
era5,1/1/1995,247.4815171,1995,4,93
era5,1/2/1995,247.3177585,1995,4,94
era5,1/3/1995,258.0826321,1995,4,95
era5,1/4/1995,284.9667436,1995,4,96
era5,1/5/1995,357.8105038,1995,4,97
era5,1/6/1995,391.5124338,1995,4,98
era5,1/7/1995,439.5583265,1995,4,99
era5,1/8/1995,477.6789788,1995,4,100
era5,1/9/1995,514.4070588,1995,4,101
era5,1/10/1995,580.5956362,1995,4,102
era5,1/11/1995,645.2248797,1995,4,103
era5,1/12/1995,676.3577891,1995,4,104
era5,1/13/1995,700.7990329,1995,4,105
era5,1/14/1995,713.0389106,1995,4,106
era5,1/15/1995,749.6948288,1995,4,107
era5,1/16/1995,769.4546203,1995,4,108
era5,1/17/1995,773.6508038,1995,4,109
era5,1/18/1995,773.1996071,1995,4,110
era5,1/19/1995,772.3417203,1995,4,111
era5,1/20/1995,771.8602718,1995,4,112
era5,1/21/1995,781.5420897,1995,4,113
era5,1/22/1995,785.9491268,1995,4,114
era5,1/23/1995,794.3706706,1995,4,115
era5,1/24/1995,826.8669438,1995,4,116
era5,1/25/1995,858.1853703,1995,4,117
era5,1/26/1995,879.6984868,1995,4,118
era5,1/27/1995,893.0336594,1995,4,119
era5,1/28/1995,898.2197365,1995,4,120
era5,1/29/1995,897.5297006,1995,4,121
era5,1/30/1995,895.8942341,1995,4,122
era5,1/31/1995,893.1555794,1995,4,123
era5,2/1/1995,887.6905144,1995,5,124
era5,2/2/1995,882.1232185,1995,5,125
era5,2/3/1995,876.3416891,1995,5,126
era5,2/4/1995,871.3637886,1995,5,127
era5,2/5/1995,867.5723319,1995,5,128
era5,2/6/1995,864.0005391,1995,5,129
era5,2/7/1995,860.6824093,1995,5,130
era5,2/8/1995,860.797833,1995,5,131
era5,2/9/1995,863.3092479,1995,5,132
era5,2/10/1995,862.6493994,1995,5,133
era5,2/11/1995,861.318799,1995,5,134
era5,2/12/1995,860.5229865,1995,5,135
era5,2/13/1995,861.5812428,1995,5,136
era5,2/14/1995,877.4886836,1995,5,137
era5,2/15/1995,883.286241,1995,5,138
era5,2/16/1995,883.1230537,1995,5,139
era5,2/17/1995,882.5569406,1995,5,140
era5,2/18/1995,881.3639929,1995,5,141
era5,2/19/1995,878.1642866,1995,5,142
era5,2/20/1995,872.5777101,1995,5,143
era5,2/21/1995,866.8669615,1995,5,144
era5,2/22/1995,862.0260847,1995,5,145
era5,2/23/1995,856.8245556,1995,5,146
era5,2/24/1995,852.2426021,1995,5,147
era5,2/25/1995,848.3546471,1995,5,148
era5,2/26/1995,845.0751735,1995,5,149
era5,2/27/1995,841.4844974,1995,5,150
era5,2/28/1995,838.6130779,1995,5,151
era5,3/1/1995,841.5530247,1995,6,152
era5,3/2/1995,848.8764912,1995,6,153
era5,3/3/1995,882.135913,1995,6,154
era5,3/4/1995,908.041249,1995,6,155
era5,3/5/1995,914.1186677,1995,6,156
era5,3/6/1995,919.7252035,1995,6,157
era5,3/7/1995,919.2849215,1995,6,158
era5,3/8/1995,918.1113206,1995,6,159
era5,3/9/1995,930.8128644,1995,6,160
era5,3/10/1995,1022.466076,1995,6,161
era5,3/11/1995,1144.897905,1995,6,162
era5,3/12/1995,1177.155365,1995,6,163
era5,3/13/1995,1179.471479,1995,6,164
era5,3/14/1995,1176.454685,1995,6,165
era5,3/15/1995,1172.980911,1995,6,166
era5,3/16/1995,1168.17404,1995,6,167
era5,3/17/1995,1163.275845,1995,6,168
era5,3/18/1995,1158.428256,1995,6,169
era5,3/19/1995,1153.438006,1995,6,170
era5,3/20/1995,1150.336561,1995,6,171
era5,3/21/1995,1194.128505,1995,6,172
era5,3/22/1995,1236.152611,1995,6,173
era5,3/23/1995,1321.726106,1995,6,174
era5,3/24/1995,1360.446022,1995,6,175
era5,3/25/1995,1364.919358,1995,6,176
era5,3/26/1995,1365.012588,1995,6,177
era5,3/27/1995,1364.804785,1995,6,178
era5,3/28/1995,1364.515645,1995,6,179
era5,3/29/1995,1363.821846,1995,6,180
era5,3/30/1995,1362.310607,1995,6,181
era5,3/31/1995,1359.795142,1995,6,182
era5,4/1/1995,1356.048073,1995,7,183
era5,4/2/1995,1351.364402,1995,7,184
era5,4/3/1995,1345.961513,1995,7,185
era5,4/4/1995,1337.814673,1995,7,186
era5,4/5/1995,1328.218543,1995,7,187
era5,4/6/1995,1318.800295,1995,7,188
era5,4/7/1995,1313.330374,1995,7,189
era5,4/8/1995,1312.391656,1995,7,190
era5,4/9/1995,1311.034561,1995,7,191
era5,4/10/1995,1310.052193,1995,7,192
era5,4/11/1995,1306.534808,1995,7,193
era5,4/12/1995,1298.366059,1995,7,194
era5,4/13/1995,1293.129098,1995,7,195
era5,4/14/1995,1310.108596,1995,7,196
era5,4/15/1995,1310.503205,1995,7,197
era5,4/16/1995,1312.451411,1995,7,198
era5,4/17/1995,1320.084936,1995,7,199
era5,4/18/1995,1324.460325,1995,7,200
era5,4/19/1995,1331.180423,1995,7,201
era5,4/20/1995,1332.743896,1995,7,202
era5,4/21/1995,1339.163902,1995,7,203
era5,4/22/1995,1338.108782,1995,7,204
era5,4/23/1995,1334.309088,1995,7,205
era5,4/24/1995,1327.996919,1995,7,206
era5,4/25/1995,1319.246444,1995,7,207
era5,4/26/1995,1309.602405,1995,7,208
era5,4/27/1995,1300.985002,1995,7,209
era5,4/28/1995,1298.095561,1995,7,210
era5,4/29/1995,1294.759704,1995,7,211
era5,4/30/1995,1299.080772,1995,7,212
era5,5/1/1995,1298.533799,1995,8,213
era5,5/2/1995,1304.669842,1995,8,214
era5,5/3/1995,1300.988468,1995,8,215
era5,5/4/1995,1294.449395,1995,8,216
era5,5/5/1995,1294.638843,1995,8,217
era5,5/6/1995,1305.827024,1995,8,218
era5,5/7/1995,1311.12106,1995,8,219
era5,5/8/1995,1309.416349,1995,8,220
era5,5/9/1995,1302.163174,1995,8,221
era5,5/10/1995,1293.373935,1995,8,222
era5,5/11/1995,1284.258955,1995,8,223
era5,5/12/1995,1275.904343,1995,8,224
era5,5/13/1995,1285.98448,1995,8,225
era5,5/14/1995,1301.344685,1995,8,226
era5,5/15/1995,1308.335706,1995,8,227
era5,5/16/1995,1310.191557,1995,8,228
era5,5/17/1995,1304.924652,1995,8,229
era5,5/18/1995,1292.920808,1995,8,230
era5,5/19/1995,1280.35236,1995,8,231
era5,5/20/1995,1265.98007,1995,8,232
era5,5/21/1995,1252.481153,1995,8,233
era5,5/22/1995,1238.646155,1995,8,234
era5,5/23/1995,1226.89561,1995,8,235
era5,5/24/1995,1216.034114,1995,8,236
era5,5/25/1995,1208.925065,1995,8,237
era5,5/26/1995,1199.09066,1995,8,238
era5,5/27/1995,1185.509266,1995,8,239
era5,5/28/1995,1172.54309,1995,8,240
era5,5/29/1995,1157.381654,1995,8,241
era5,5/30/1995,1141.419361,1995,8,242
era5,5/31/1995,1122.676226,1995,8,243
era5,6/1/1995,1102.260008,1995,9,244
era5,6/2/1995,1085.953837,1995,9,245
era5,6/3/1995,1068.143595,1995,9,246
era5,6/4/1995,1048.586179,1995,9,247
era5,6/5/1995,1027.58099,1995,9,248
era5,6/6/1995,1015.877581,1995,9,249
era5,6/7/1995,1009.402183,1995,9,250
era5,6/8/1995,1009.898154,1995,9,251
era5,6/9/1995,1004.891756,1995,9,252
era5,6/10/1995,996.3005418,1995,9,253
era5,6/11/1995,980.5906444,1995,9,254
era5,6/12/1995,961.7534671,1995,9,255
era5,6/13/1995,943.8953729,1995,9,256
era5,6/14/1995,926.3023359,1995,9,257
era5,6/15/1995,916.208067,1995,9,258
era5,6/16/1995,919.5364297,1995,9,259
era5,6/17/1995,921.8602699,1995,9,260
era5,6/18/1995,914.7132638,1995,9,261
era5,6/19/1995,905.7694124,1995,9,262
era5,6/20/1995,898.4842113,1995,9,263
era5,6/21/1995,891.2098342,1995,9,264
era5,6/22/1995,879.4857106,1995,9,265
era5,6/23/1995,862.6290018,1995,9,266
era5,6/24/1995,841.1006715,1995,9,267
era5,6/25/1995,816.1841994,1995,9,268
era5,6/26/1995,791.1726512,1995,9,269
era5,6/27/1995,768.836505,1995,9,270
era5,6/28/1995,748.1408029,1995,9,271
era5,6/29/1995,725.3023471,1995,9,272
era5,6/30/1995,703.5931109,1995,9,273
era5,7/1/1995,683.9453908,1995,10,274
era5,7/2/1995,664.386109,1995,10,275
era5,7/3/1995,644.8197345,1995,10,276
era5,7/4/1995,624.1247793,1995,10,277
era5,7/5/1995,602.3092441,1995,10,278
era5,7/6/1995,579.0478385,1995,10,279
era5,7/7/1995,557.8600421,1995,10,280
era5,7/8/1995,535.8750724,1995,10,281
era5,7/9/1995,513.8709282,1995,10,282
era5,7/10/1995,494.0169406,1995,10,283
era5,7/11/1995,478.7234903,1995,10,284
era5,7/12/1995,466.0379532,1995,10,285
era5,7/13/1995,456.3402282,1995,10,286
era5,7/14/1995,442.780855,1995,10,287
era5,7/15/1995,426.4069521,1995,10,288
era5,7/16/1995,407.9027376,1995,10,289
era5,7/17/1995,390.5378636,1995,10,290
era5,7/18/1995,374.9061297,1995,10,291
era5,7/19/1995,361.8114256,1995,10,292
era5,7/20/1995,349.7239768,1995,10,293
era5,7/21/1995,337.4373143,1995,10,294
era5,7/22/1995,325.6242251,1995,10,295
era5,7/23/1995,313.8306578,1995,10,296
era5,7/24/1995,301.9398005,1995,10,297
era5,7/25/1995,290.9234851,1995,10,298
era5,7/26/1995,279.7663312,1995,10,299
era5,7/27/1995,265.2637597,1995,10,300
era5,7/28/1995,249.8788709,1995,10,301
era5,7/29/1995,235.1385821,1995,10,302
era5,7/30/1995,222.9481509,1995,10,303
era5,7/31/1995,212.3475803,1995,10,304
era5,8/1/1995,201.4501818,1995,11,305
era5,8/2/1995,189.165887,1995,11,306
era5,8/3/1995,177.7939166,1995,11,307
era5,8/4/1995,168.1669062,1995,11,308
era5,8/5/1995,158.7849856,1995,11,309
era5,8/6/1995,149.5877929,1995,11,310
era5,8/7/1995,139.8997934,1995,11,311
era5,8/8/1995,130.6587706,1995,11,312
era5,8/9/1995,121.2769892,1995,11,313
era5,8/10/1995,111.585942,1995,11,314
era5,8/11/1995,104.9910759,1995,11,315
era5,8/12/1995,98.93525447,1995,11,316
era5,8/13/1995,92.59585183,1995,11,317
era5,8/14/1995,86.71451794,1995,11,318
era5,8/15/1995,80.28709324,1995,11,319
era5,8/16/1995,74.27515824,1995,11,320
era5,8/17/1995,68.63059082,1995,11,321
era5,8/18/1995,63.80216276,1995,11,322
era5,8/19/1995,58.79441341,1995,11,323
era5,8/20/1995,52.81996024,1995,11,324
era5,8/21/1995,45.91588394,1995,11,325
era5,8/22/1995,38.58958658,1995,11,326
era5,8/23/1995,32.0985259,1995,11,327
era5,8/24/1995,27.14183441,1995,11,328
era5,8/25/1995,23.93252606,1995,11,329
era5,8/26/1995,22.56679265,1995,11,330
era5,8/27/1995,21.66152765,1995,11,331
era5,8/28/1995,20.75291588,1995,11,332
era5,8/29/1995,19.64112147,1995,11,333
era5,8/30/1995,18.71250676,1995,11,334
era5,8/31/1995,17.73661706,1995,11,335
era5,9/1/1995,0,1995,12,336
era5,9/2/1995,0,1995,12,337
era5,9/3/1995,0,1995,12,338
era5,9/4/1995,0,1995,12,339
era5,9/5/1995,0,1995,12,340
era5,9/6/1995,0,1995,12,341
era5,9/7/1995,0,1995,12,342
era5,9/8/1995,0,1995,12,343
era5,9/9/1995,0,1995,12,344
era5,9/10/1995,0,1995,12,345
era5,9/11/1995,0,1995,12,346
era5,9/12/1995,0,1995,12,347
era5,9/13/1995,0,1995,12,348
era5,9/14/1995,0,1995,12,349
era5,9/15/1995,0,1995,12,350
era5,9/16/1995,0,1995,12,351
era5,9/17/1995,0,1995,12,352
era5,9/18/1995,0,1995,12,353
era5,9/19/1995,0,1995,12,354
era5,9/20/1995,0,1995,12,355
era5,9/21/1995,0,1995,12,356
era5,9/22/1995,0,1995,12,357
era5,9/23/1995,0,1995,12,358
era5,9/24/1995,0,1995,12,359
era5,9/25/1995,0,1995,12,360
era5,9/26/1995,0,1995,12,361
era5,9/27/1995,0,1995,12,362
era5,9/28/1995,0,1995,12,363
era5,9/29/1995,0,1995,12,364
era5,9/30/1995,0,1995,12,365
era5,10/1/1995,0,1996,1,1
era5,10/2/1995,0,1996,1,2
era5,10/3/1995,0,1996,1,3
era5,10/4/1995,0,1996,1,4
era5,10/5/1995,0,1996,1,5
era5,10/6/1995,0,1996,1,6
era5,10/7/1995,0,1996,1,7
era5,10/8/1995,0,1996,1,8
era5,10/9/1995,0,1996,1,9
era5,10/10/1995,0,1996,1,10
era5,10/11/1995,0,1996,1,11
era5,10/12/1995,0,1996,1,12
era5,10/13/1995,0,1996,1,13
era5,10/14/1995,0,1996,1,14
era5,10/15/1995,0,1996,1,15
era5,10/16/1995,0,1996,1,16
era5,10/17/1995,0,1996,1,17
era5,10/18/1995,0,1996,1,18
era5,10/19/1995,0,1996,1,19
era5,10/20/1995,0,1996,1,20
era5,10/21/1995,0,1996,1,21
era5,10/22/1995,0,1996,1,22
era5,10/23/1995,0,1996,1,23
era5,10/24/1995,0,1996,1,24
era5,10/25/1995,0,1996,1,25
era5,10/26/1995,0,1996,1,26
era5,10/27/1995,0,1996,1,27
era5,10/28/1995,0,1996,1,28
era5,10/29/1995,0,1996,1,29
era5,10/30/1995,0,1996,1,30
era5,10/31/1995,0,1996,1,31
era5,11/1/1995,0,1996,2,32
era5,11/2/1995,0,1996,2,33
era5,11/3/1995,0,1996,2,34
era5,11/4/1995,0,1996,2,35
era5,11/5/1995,0,1996,2,36
era5,11/6/1995,0,1996,2,37
era5,11/7/1995,0,1996,2,38
era5,11/8/1995,0,1996,2,39
era5,11/9/1995,0.00297263,1996,2,40
era5,11/10/1995,0.006013101,1996,2,41
era5,11/11/1995,0.005206613,1996,2,42
era5,11/12/1995,0,1996,2,43
era5,11/13/1995,0,1996,2,44
era5,11/14/1995,0,1996,2,45
era5,11/15/1995,0,1996,2,46
era5,11/16/1995,0,1996,2,47
era5,11/17/1995,0,1996,2,48
era5,11/18/1995,0,1996,2,49
era5,11/19/1995,0,1996,2,50
era5,11/20/1995,0,1996,2,51
era5,11/21/1995,0,1996,2,52
era5,11/22/1995,0,1996,2,53
era5,11/23/1995,0,1996,2,54
era5,11/24/1995,0,1996,2,55
era5,11/25/1995,0,1996,2,56
era5,11/26/1995,0.460330646,1996,2,57
era5,11/27/1995,0.636217541,1996,2,58
era5,11/28/1995,0.459932334,1996,2,59
era5,11/29/1995,0.393222441,1996,2,60
era5,11/30/1995,0.351691485,1996,2,61
era5,12/1/1995,0.307728721,1996,3,62
era5,12/2/1995,0.296841097,1996,3,63
era5,12/3/1995,0.299299468,1996,3,64
era5,12/4/1995,2.076495945,1996,3,65
era5,12/5/1995,3.416708251,1996,3,66
era5,12/6/1995,3.119342138,1996,3,67
era5,12/7/1995,3.231371697,1996,3,68
era5,12/8/1995,3.135372109,1996,3,69
era5,12/9/1995,2.765052202,1996,3,70
era5,12/10/1995,2.384467085,1996,3,71
era5,12/11/1995,7.097126509,1996,3,72
era5,12/12/1995,62.66917803,1996,3,73
era5,12/13/1995,153.5254756,1996,3,74
era5,12/14/1995,182.8877755,1996,3,75
era5,12/15/1995,185.3310626,1996,3,76
era5,12/16/1995,198.515789,1996,3,77
era5,12/17/1995,198.9879567,1996,3,78
era5,12/18/1995,198.6772054,1996,3,79
era5,12/19/1995,200.1572642,1996,3,80
era5,12/20/1995,200.940419,1996,3,81
era5,12/21/1995,200.8338901,1996,3,82
era5,12/22/1995,200.7956266,1996,3,83
era5,12/23/1995,202.8382488,1996,3,84
era5,12/24/1995,203.2163998,1996,3,85
era5,12/25/1995,203.0097126,1996,3,86
era5,12/26/1995,202.5023059,1996,3,87
era5,12/27/1995,201.9592767,1996,3,88
era5,12/28/1995,201.6589141,1996,3,89
era5,12/29/1995,201.7471236,1996,3,90
era5,12/30/1995,206.9321541,1996,3,91
era5,12/31/1995,205.1001056,1996,3,92
era5,1/1/1996,202.7365626,1996,4,93
era5,1/2/1996,200.4595567,1996,4,94
era5,1/3/1996,198.1671354,1996,4,95
era5,1/4/1996,197.1385248,1996,4,96
era5,1/5/1996,196.563247,1996,4,97
era5,1/6/1996,195.8727415,1996,4,98
era5,1/7/1996,194.3855052,1996,4,99
era5,1/8/1996,193.0622308,1996,4,100
era5,1/9/1996,191.8499443,1996,4,101
era5,1/10/1996,190.9017979,1996,4,102
era5,1/11/1996,190.0202929,1996,4,103
era5,1/12/1996,188.3916382,1996,4,104
era5,1/13/1996,187.2891802,1996,4,105
era5,1/14/1996,186.4683474,1996,4,106
era5,1/15/1996,186.4397506,1996,4,107
era5,1/16/1996,201.4555277,1996,4,108
era5,1/17/1996,249.7625678,1996,4,109
era5,1/18/1996,253.9069923,1996,4,110
era5,1/19/1996,286.6309105,1996,4,111
era5,1/20/1996,297.8395203,1996,4,112
era5,1/21/1996,312.9404021,1996,4,113
era5,1/22/1996,339.6042174,1996,4,114
era5,1/23/1996,347.3645554,1996,4,115
era5,1/24/1996,358.9305561,1996,4,116
era5,1/25/1996,397.8798088,1996,4,117
era5,1/26/1996,413.221041,1996,4,118
era5,1/27/1996,427.088246,1996,4,119
era5,1/28/1996,480.7398909,1996,4,120
era5,1/29/1996,485.2813412,1996,4,121
era5,1/30/1996,488.2456206,1996,4,122
era5,1/31/1996,500.7926371,1996,4,123
era5,2/1/1996,513.1463094,1996,5,124
era5,2/2/1996,513.6033876,1996,5,125
era5,2/3/1996,512.9597697,1996,5,126
era5,2/4/1996,515.8335474,1996,5,127
era5,2/5/1996,535.0196753,1996,5,128
era5,2/6/1996,539.8230332,1996,5,129
era5,2/7/1996,536.5278131,1996,5,130
era5,2/8/1996,530.3498809,1996,5,131
era5,2/9/1996,524.206666,1996,5,132
era5,2/10/1996,518.7002932,1996,5,133
era5,2/11/1996,513.6513594,1996,5,134
era5,2/12/1996,507.617038,1996,5,135
era5,2/13/1996,501.6903376,1996,5,136
era5,2/14/1996,495.8699375,1996,5,137
era5,2/15/1996,490.6798342,1996,5,138
era5,2/16/1996,484.9241855,1996,5,139
era5,2/17/1996,479.5668527,1996,5,140
era5,2/18/1996,477.1905022,1996,5,141
era5,2/19/1996,505.8167766,1996,5,142
era5,2/20/1996,610.9391505,1996,5,143
era5,2/21/1996,676.7530149,1996,5,144
era5,2/22/1996,734.1230591,1996,5,145
era5,2/23/1996,749.4123932,1996,5,146
era5,2/24/1996,752.323235,1996,5,147
era5,2/25/1996,773.6857624,1996,5,148
era5,2/26/1996,783.5152571,1996,5,149
era5,2/27/1996,787.294115,1996,5,150
era5,2/28/1996,792.7125959,1996,5,151
era5,2/29/1996,802.4218762,1996,5,152
era5,3/1/1996,813.0361506,1996,6,153
era5,3/2/1996,813.3480118,1996,6,154
era5,3/3/1996,811.7536159,1996,6,155
era5,3/4/1996,816.8863591,1996,6,156
era5,3/5/1996,879.3475324,1996,6,157
era5,3/6/1996,905.5868347,1996,6,158
era5,3/7/1996,905.5637526,1996,6,159
era5,3/8/1996,903.2159312,1996,6,160
era5,3/9/1996,898.1523065,1996,6,161
era5,3/10/1996,892.4182809,1996,6,162
era5,3/11/1996,890.4955453,1996,6,163
era5,3/12/1996,899.1796068,1996,6,164
era5,3/13/1996,918.6346362,1996,6,165
era5,3/14/1996,923.4075547,1996,6,166
era5,3/15/1996,921.2403826,1996,6,167
era5,3/16/1996,917.0102347,1996,6,168
era5,3/17/1996,911.2265097,1996,6,169
era5,3/18/1996,902.6317216,1996,6,170
era5,3/19/1996,894.2348929,1996,6,171
era5,3/20/1996,885.8843032,1996,6,172
era5,3/21/1996,876.2892563,1996,6,173
era5,3/22/1996,867.7333731,1996,6,174
era5,3/23/1996,867.4038869,1996,6,175
era5,3/24/1996,867.3549612,1996,6,176
era5,3/25/1996,866.0794668,1996,6,177
era5,3/26/1996,865.5288135,1996,6,178
era5,3/27/1996,864.0134538,1996,6,179
era5,3/28/1996,872.4180448,1996,6,180
era5,3/29/1996,885.4333986,1996,6,181
era5,3/30/1996,884.5601203,1996,6,182
era5,3/31/1996,881.7878171,1996,6,183
era5,4/1/1996,879.0191356,1996,7,184
era5,4/2/1996,899.9152365,1996,7,185
era5,4/3/1996,900.3833506,1996,7,186
era5,4/4/1996,897.6719029,1996,7,187
era5,4/5/1996,892.5285815,1996,7,188
era5,4/6/1996,885.2592781,1996,7,189
era5,4/7/1996,875.5334419,1996,7,190
era5,4/8/1996,863.7921708,1996,7,191
era5,4/9/1996,852.1290828,1996,7,192
era5,4/10/1996,845.2232545,1996,7,193
era5,4/11/1996,840.9356568,1996,7,194
era5,4/12/1996,836.1085432,1996,7,195
era5,4/13/1996,833.8287968,1996,7,196
era5,4/14/1996,830.0864688,1996,7,197
era5,4/15/1996,822.1238703,1996,7,198
era5,4/16/1996,822.0446426,1996,7,199
era5,4/17/1996,843.1415129,1996,7,200
era5,4/18/1996,865.1840199,1996,7,201
era5,4/19/1996,870.6111142,1996,7,202
era5,4/20/1996,870.314828,1996,7,203
era5,4/21/1996,868.9401124,1996,7,204
era5,4/22/1996,866.6680976,1996,7,205
era5,4/23/1996,861.1629219,1996,7,206
era5,4/24/1996,850.2029718,1996,7,207
era5,4/25/1996,836.7880165,1996,7,208
era5,4/26/1996,822.0681331,1996,7,209
era5,4/27/1996,806.8355887,1996,7,210
era5,4/28/1996,794.6532441,1996,7,211
era5,4/29/1996,783.8902079,1996,7,212
era5,4/30/1996,769.1416058,1996,7,213
era5,5/1/1996,752.0815018,1996,8,214
era5,5/2/1996,736.9492135,1996,8,215
era5,5/3/1996,724.8681955,1996,8,216
era5,5/4/1996,715.3436481,1996,8,217
era5,5/5/1996,704.4506946,1996,8,218
era5,5/6/1996,691.6454484,1996,8,219
era5,5/7/1996,678.4151354,1996,8,220
era5,5/8/1996,666.2146563,1996,8,221
era5,5/9/1996,656.5653532,1996,8,222
era5,5/10/1996,646.7956612,1996,8,223
era5,5/11/1996,631.7386182,1996,8,224
era5,5/12/1996,612.4762853,1996,8,225
era5,5/13/1996,593.2695571,1996,8,226
era5,5/14/1996,573.8911454,1996,8,227
era5,5/15/1996,554.244614,1996,8,228
era5,5/16/1996,546.1552178,1996,8,229
era5,5/17/1996,543.7828864,1996,8,230
era5,5/18/1996,536.0638485,1996,8,231
era5,5/19/1996,529.4913387,1996,8,232
era5,5/20/1996,524.3482131,1996,8,233
era5,5/21/1996,517.4403972,1996,8,234
era5,5/22/1996,511.8456811,1996,8,235
era5,5/23/1996,505.8058059,1996,8,236
era5,5/24/1996,504.0797111,1996,8,237
era5,5/25/1996,501.8617019,1996,8,238
era5,5/26/1996,494.5046703,1996,8,239
era5,5/27/1996,483.9567918,1996,8,240
era5,5/28/1996,475.9520817,1996,8,241
era5,5/29/1996,467.9015064,1996,8,242
era5,5/30/1996,461.2629029,1996,8,243
era5,5/31/1996,456.1817403,1996,8,244
era5,6/1/1996,447.2680762,1996,9,245
era5,6/2/1996,434.2575001,1996,9,246
era5,6/3/1996,420.0232226,1996,9,247
era5,6/4/1996,405.4933735,1996,9,248
era5,6/5/1996,390.8454891,1996,9,249
era5,6/6/1996,375.4551735,1996,9,250
era5,6/7/1996,357.9657871,1996,9,251
era5,6/8/1996,341.07386,1996,9,252
era5,6/9/1996,325.4481859,1996,9,253
era5,6/10/1996,310.0864026,1996,9,254
era5,6/11/1996,296.4308293,1996,9,255
era5,6/12/1996,283.8234078,1996,9,256
era5,6/13/1996,269.8813716,1996,9,257
era5,6/14/1996,256.9779086,1996,9,258
era5,6/15/1996,245.5415355,1996,9,259
era5,6/16/1996,235.1008584,1996,9,260
era5,6/17/1996,224.7588041,1996,9,261
era5,6/18/1996,215.0882926,1996,9,262
era5,6/19/1996,204.6940821,1996,9,263
era5,6/20/1996,192.6599616,1996,9,264
era5,6/21/1996,181.888728,1996,9,265
era5,6/22/1996,173.2691922,1996,9,266
era5,6/23/1996,163.9572609,1996,9,267
era5,6/24/1996,153.7898393,1996,9,268
era5,6/25/1996,146.9053712,1996,9,269
era5,6/26/1996,146.2324421,1996,9,270
era5,6/27/1996,146.2450887,1996,9,271
era5,6/28/1996,144.1255034,1996,9,272
era5,6/29/1996,139.4114816,1996,9,273
era5,6/30/1996,132.2960924,1996,9,274
era5,7/1/1996,124.4159216,1996,10,275
era5,7/2/1996,116.1985259,1996,10,276
era5,7/3/1996,107.0586008,1996,10,277
era5,7/4/1996,99.45371972,1996,10,278
era5,7/5/1996,92.89547176,1996,10,279
era5,7/6/1996,85.95822588,1996,10,280
era5,7/7/1996,78.13129132,1996,10,281
era5,7/8/1996,69.77597941,1996,10,282
era5,7/9/1996,61.63836047,1996,10,283
era5,7/10/1996,54.37766031,1996,10,284
era5,7/11/1996,48.21890941,1996,10,285
era5,7/12/1996,42.36094059,1996,10,286
era5,7/13/1996,36.08381612,1996,10,287
era5,7/14/1996,30.31312071,1996,10,288
era5,7/15/1996,25.21086895,1996,10,289
era5,7/16/1996,20.72020894,1996,10,290
era5,7/17/1996,16.99029521,1996,10,291
era5,7/18/1996,13.40388615,1996,10,292
era5,7/19/1996,10.32307986,1996,10,293
era5,7/20/1996,8.084348074,1996,10,294
era5,7/21/1996,6.474065706,1996,10,295
era5,7/22/1996,5.355566471,1996,10,296
era5,7/23/1996,4.448284412,1996,10,297
era5,7/24/1996,3.520782059,1996,10,298
era5,7/25/1996,2.509430147,1996,10,299
era5,7/26/1996,1.437463529,1996,10,300
era5,7/27/1996,0.488705588,1996,10,301
era5,7/28/1996,0.059829594,1996,10,302
era5,7/29/1996,0,1996,10,303
era5,7/30/1996,0,1996,10,304
era5,7/31/1996,0,1996,10,305
era5,8/1/1996,0,1996,11,306
era5,8/2/1996,0,1996,11,307
era5,8/3/1996,0,1996,11,308
era5,8/4/1996,0,1996,11,309
era5,8/5/1996,0,1996,11,310
era5,8/6/1996,0,1996,11,311
era5,8/7/1996,0,1996,11,312
era5,8/8/1996,0,1996,11,313
era5,8/9/1996,0,1996,11,314
era5,8/10/1996,0,1996,11,315
era5,8/11/1996,0,1996,11,316
era5,8/12/1996,0,1996,11,317
era5,8/13/1996,0,1996,11,318
era5,8/14/1996,0,1996,11,319
era5,8/15/1996,0,1996,11,320
era5,8/16/1996,0,1996,11,321
era5,8/17/1996,0,1996,11,322
era5,8/18/1996,0,1996,11,323
era5,8/19/1996,0,1996,11,324
era5,8/20/1996,0,1996,11,325
era5,8/21/1996,0,1996,11,326
era5,8/22/1996,0,1996,11,327
era5,8/23/1996,0,1996,11,328
era5,8/24/1996,0,1996,11,329
era5,8/25/1996,0,1996,11,330
era5,8/26/1996,0,1996,11,331
era5,8/27/1996,0,1996,11,332
era5,8/28/1996,0,1996,11,333
era5,8/29/1996,0,1996,11,334
era5,8/30/1996,0,1996,11,335
era5,8/31/1996,0,1996,11,336
era5,9/1/1996,0,1996,12,337
era5,9/2/1996,0,1996,12,338
era5,9/3/1996,0,1996,12,339
era5,9/4/1996,0,1996,12,340
era5,9/5/1996,0,1996,12,341
era5,9/6/1996,0,1996,12,342
era5,9/7/1996,0,1996,12,343
era5,9/8/1996,0,1996,12,344
era5,9/9/1996,0,1996,12,345
era5,9/10/1996,0,1996,12,346
era5,9/11/1996,0,1996,12,347
era5,9/12/1996,0,1996,12,348
era5,9/13/1996,2.98E-05,1996,12,349
era5,9/14/1996,0,1996,12,350
era5,9/15/1996,0,1996,12,351
era5,9/16/1996,2.90E-05,1996,12,352
era5,9/17/1996,0,1996,12,353
era5,9/18/1996,0,1996,12,354
era5,9/19/1996,0,1996,12,355
era5,9/20/1996,0,1996,12,356
era5,9/21/1996,0,1996,12,357
era5,9/22/1996,0,1996,12,358
era5,9/23/1996,0,1996,12,359
era5,9/24/1996,0,1996,12,360
era5,9/25/1996,0,1996,12,361
era5,9/26/1996,0,1996,12,362
era5,9/27/1996,0,1996,12,363
era5,9/28/1996,0,1996,12,364
era5,9/29/1996,0,1996,12,365
era5,9/30/1996,0,1996,12,366
era5,10/1/1996,1.23E-06,1997,1,1
era5,10/2/1996,1.28E-05,1997,1,2
era5,10/3/1996,0,1997,1,3
era5,10/4/1996,0,1997,1,4
era5,10/5/1996,0,1997,1,5
era5,10/6/1996,0,1997,1,6
era5,10/7/1996,0,1997,1,7
era5,10/8/1996,0,1997,1,8
era5,10/9/1996,0,1997,1,9
era5,10/10/1996,0,1997,1,10
era5,10/11/1996,0,1997,1,11
era5,10/12/1996,0,1997,1,12
era5,10/13/1996,0,1997,1,13
era5,10/14/1996,0,1997,1,14
era5,10/15/1996,0,1997,1,15
era5,10/16/1996,0,1997,1,16
era5,10/17/1996,0,1997,1,17
era5,10/18/1996,0,1997,1,18
era5,10/19/1996,0.346820365,1997,1,19
era5,10/20/1996,0.351494793,1997,1,20
era5,10/21/1996,0.274749933,1997,1,21
era5,10/22/1996,0.245433048,1997,1,22
era5,10/23/1996,0.187718384,1997,1,23
era5,10/24/1996,0.26665878,1997,1,24
era5,10/25/1996,2.193531504,1997,1,25
era5,10/26/1996,7.060475334,1997,1,26
era5,10/27/1996,9.062118919,1997,1,27
era5,10/28/1996,9.168407399,1997,1,28
era5,10/29/1996,9.476723166,1997,1,29
era5,10/30/1996,33.43169318,1997,1,30
era5,10/31/1996,48.73860568,1997,1,31
era5,11/1/1996,51.41997053,1997,2,32
era5,11/2/1996,50.31667238,1997,2,33
era5,11/3/1996,48.04399821,1997,2,34
era5,11/4/1996,45.87007182,1997,2,35
era5,11/5/1996,44.20218212,1997,2,36
era5,11/6/1996,43.70554003,1997,2,37
era5,11/7/1996,42.08720029,1997,2,38
era5,11/8/1996,36.67302017,1997,2,39
era5,11/9/1996,29.02903705,1997,2,40
era5,11/10/1996,22.28525488,1997,2,41
era5,11/11/1996,17.42350658,1997,2,42
era5,11/12/1996,13.56708154,1997,2,43
era5,11/13/1996,10.84626159,1997,2,44
era5,11/14/1996,9.111140533,1997,2,45
era5,11/15/1996,8.682364411,1997,2,46
era5,11/16/1996,8.997434107,1997,2,47
era5,11/17/1996,41.96595251,1997,2,48
era5,11/18/1996,82.84440686,1997,2,49
era5,11/19/1996,82.11365339,1997,2,50
era5,11/20/1996,87.26061535,1997,2,51
era5,11/21/1996,86.10831099,1997,2,52
era5,11/22/1996,100.9565921,1997,2,53
era5,11/23/1996,112.1136503,1997,2,54
era5,11/24/1996,111.6274954,1997,2,55
era5,11/25/1996,110.4425013,1997,2,56
era5,11/26/1996,109.77298,1997,2,57
era5,11/27/1996,109.298519,1997,2,58
era5,11/28/1996,108.5640912,1997,2,59
era5,11/29/1996,108.7977062,1997,2,60
era5,11/30/1996,108.9248221,1997,2,61
era5,12/1/1996,109.2226659,1997,3,62
era5,12/2/1996,110.2542052,1997,3,63
era5,12/3/1996,110.2441017,1997,3,64
era5,12/4/1996,110.2809445,1997,3,65
era5,12/5/1996,127.3409737,1997,3,66
era5,12/6/1996,159.3552774,1997,3,67
era5,12/7/1996,161.5758488,1997,3,68
era5,12/8/1996,160.80793,1997,3,69
era5,12/9/1996,161.1902457,1997,3,70
era5,12/10/1996,216.1979611,1997,3,71
era5,12/11/1996,300.147785,1997,3,72
era5,12/12/1996,319.1476667,1997,3,73
era5,12/13/1996,324.4864955,1997,3,74
era5,12/14/1996,326.2597773,1997,3,75
era5,12/15/1996,324.5226609,1997,3,76
era5,12/16/1996,322.626649,1997,3,77
era5,12/17/1996,319.7070284,1997,3,78
era5,12/18/1996,318.3281156,1997,3,79
era5,12/19/1996,317.7978329,1997,3,80
era5,12/20/1996,317.3358601,1997,3,81
era5,12/21/1996,326.1274694,1997,3,82
era5,12/22/1996,405.0621012,1997,3,83
era5,12/23/1996,458.3089082,1997,3,84
era5,12/24/1996,459.8693335,1997,3,85
era5,12/25/1996,459.7999018,1997,3,86
era5,12/26/1996,460.1981672,1997,3,87
era5,12/27/1996,480.4593141,1997,3,88
era5,12/28/1996,495.3804901,1997,3,89
era5,12/29/1996,496.5210075,1997,3,90
era5,12/30/1996,522.6406082,1997,3,91
era5,12/31/1996,545.9559718,1997,3,92
era5,1/1/1997,545.6805365,1997,4,93
era5,1/2/1997,540.6812737,1997,4,94
era5,1/3/1997,559.07561,1997,4,95
era5,1/4/1997,565.4789706,1997,4,96
era5,1/5/1997,567.6184469,1997,4,97
era5,1/6/1997,570.3215638,1997,4,98
era5,1/7/1997,569.7383641,1997,4,99
era5,1/8/1997,568.8937041,1997,4,100
era5,1/9/1997,568.2758229,1997,4,101
era5,1/10/1997,567.3738742,1997,4,102
era5,1/11/1997,566.4038062,1997,4,103
era5,1/12/1997,566.2901805,1997,4,104
era5,1/13/1997,585.0277447,1997,4,105
era5,1/14/1997,592.0964141,1997,4,106
era5,1/15/1997,599.917728,1997,4,107
era5,1/16/1997,611.6597394,1997,4,108
era5,1/17/1997,611.9988004,1997,4,109
era5,1/18/1997,611.6408636,1997,4,110
era5,1/19/1997,610.0444234,1997,4,111
era5,1/20/1997,614.7425161,1997,4,112
era5,1/21/1997,642.1129974,1997,4,113
era5,1/22/1997,688.1895035,1997,4,114
era5,1/23/1997,809.0668144,1997,4,115
era5,1/24/1997,823.2280365,1997,4,116
era5,1/25/1997,863.8258421,1997,4,117
era5,1/26/1997,942.3779547,1997,4,118
era5,1/27/1997,969.2798674,1997,4,119
era5,1/28/1997,969.1594718,1997,4,120
era5,1/29/1997,966.6027521,1997,4,121
era5,1/30/1997,963.5830232,1997,4,122
era5,1/31/1997,960.3911494,1997,4,123
era5,2/1/1997,957.7296421,1997,5,124
era5,2/2/1997,956.1902703,1997,5,125
era5,2/3/1997,955.4358529,1997,5,126
era5,2/4/1997,954.793225,1997,5,127
era5,2/5/1997,955.132445,1997,5,128
era5,2/6/1997,954.908815,1997,5,129
era5,2/7/1997,954.5896874,1997,5,130
era5,2/8/1997,954.3818268,1997,5,131
era5,2/9/1997,954.2826574,1997,5,132
era5,2/10/1997,954.6690662,1997,5,133
era5,2/11/1997,954.5053379,1997,5,134
era5,2/12/1997,953.7774832,1997,5,135
era5,2/13/1997,953.1473348,1997,5,136
era5,2/14/1997,951.9748688,1997,5,137
era5,2/15/1997,949.7287988,1997,5,138
era5,2/16/1997,946.3224021,1997,5,139
era5,2/17/1997,943.3795224,1997,5,140
era5,2/18/1997,945.1684682,1997,5,141
era5,2/19/1997,944.1908212,1997,5,142
era5,2/20/1997,942.1291876,1997,5,143
era5,2/21/1997,941.2590224,1997,5,144
era5,2/22/1997,940.7288124,1997,5,145
era5,2/23/1997,940.1369532,1997,5,146
era5,2/24/1997,939.9150618,1997,5,147
era5,2/25/1997,939.5303044,1997,5,148
era5,2/26/1997,938.7976668,1997,5,149
era5,2/27/1997,939.1842516,1997,5,150
era5,2/28/1997,945.0314533,1997,5,151
era5,3/1/1997,945.3487841,1997,6,152
era5,3/2/1997,945.4023836,1997,6,153
era5,3/3/1997,946.6021181,1997,6,154
era5,3/4/1997,946.473198,1997,6,155
era5,3/5/1997,946.2498771,1997,6,156
era5,3/6/1997,945.7479238,1997,6,157
era5,3/7/1997,944.9977406,1997,6,158
era5,3/8/1997,943.9353703,1997,6,159
era5,3/9/1997,942.1393741,1997,6,160
era5,3/10/1997,938.9760326,1997,6,161
era5,3/11/1997,933.9908087,1997,6,162
era5,3/12/1997,928.7633925,1997,6,163
era5,3/13/1997,926.1387106,1997,6,164
era5,3/14/1997,923.0431716,1997,6,165
era5,3/15/1997,917.4457194,1997,6,166
era5,3/16/1997,912.7296532,1997,6,167
era5,3/17/1997,916.0195745,1997,6,168
era5,3/18/1997,912.6828324,1997,6,169
era5,3/19/1997,905.9797329,1997,6,170
era5,3/20/1997,896.8972931,1997,6,171
era5,3/21/1997,887.8918581,1997,6,172
era5,3/22/1997,880.2612557,1997,6,173
era5,3/23/1997,873.7038167,1997,6,174
era5,3/24/1997,866.9997879,1997,6,175
era5,3/25/1997,859.7605013,1997,6,176
era5,3/26/1997,852.1735505,1997,6,177
era5,3/27/1997,845.0363654,1997,6,178
era5,3/28/1997,838.6935951,1997,6,179
era5,3/29/1997,833.3671714,1997,6,180
era5,3/30/1997,828.3177377,1997,6,181
era5,3/31/1997,824.0679812,1997,6,182
era5,4/1/1997,823.8876408,1997,7,183
era5,4/2/1997,825.8849034,1997,7,184
era5,4/3/1997,829.489449,1997,7,185
era5,4/4/1997,830.391923,1997,7,186
era5,4/5/1997,829.7536634,1997,7,187
era5,4/6/1997,829.2199375,1997,7,188
era5,4/7/1997,828.6626962,1997,7,189
era5,4/8/1997,827.8169897,1997,7,190
era5,4/9/1997,826.9823445,1997,7,191
era5,4/10/1997,827.5233654,1997,7,192
era5,4/11/1997,827.4010009,1997,7,193
era5,4/12/1997,826.4936547,1997,7,194
era5,4/13/1997,825.1832926,1997,7,195
era5,4/14/1997,822.8056129,1997,7,196
era5,4/15/1997,818.4028382,1997,7,197
era5,4/16/1997,810.8551626,1997,7,198
era5,4/17/1997,801.8992503,1997,7,199
era5,4/18/1997,792.1042844,1997,7,200
era5,4/19/1997,783.7846835,1997,7,201
era5,4/20/1997,773.1411459,1997,7,202
era5,4/21/1997,761.3436162,1997,7,203
era5,4/22/1997,749.0374671,1997,7,204
era5,4/23/1997,739.2969926,1997,7,205
era5,4/24/1997,734.2509476,1997,7,206
era5,4/25/1997,731.4874426,1997,7,207
era5,4/26/1997,720.1605182,1997,7,208
era5,4/27/1997,704.5426222,1997,7,209
era5,4/28/1997,690.6919919,1997,7,210
era5,4/29/1997,680.4485769,1997,7,211
era5,4/30/1997,670.3912001,1997,7,212
era5,5/1/1997,659.3533033,1997,8,213
era5,5/2/1997,651.4612161,1997,8,214
era5,5/3/1997,642.2126668,1997,8,215
era5,5/4/1997,630.8820853,1997,8,216
era5,5/5/1997,619.8320747,1997,8,217
era5,5/6/1997,607.7288329,1997,8,218
era5,5/7/1997,594.3756933,1997,8,219
era5,5/8/1997,580.8157061,1997,8,220
era5,5/9/1997,566.7632818,1997,8,221
era5,5/10/1997,552.3219579,1997,8,222
era5,5/11/1997,536.6614598,1997,8,223
era5,5/12/1997,521.2504711,1997,8,224
era5,5/13/1997,505.1651517,1997,8,225
era5,5/14/1997,489.4032769,1997,8,226
era5,5/15/1997,474.5215229,1997,8,227
era5,5/16/1997,460.043269,1997,8,228
era5,5/17/1997,445.8142601,1997,8,229
era5,5/18/1997,431.7951273,1997,8,230
era5,5/19/1997,418.3657907,1997,8,231
era5,5/20/1997,405.7602829,1997,8,232
era5,5/21/1997,395.422537,1997,8,233
era5,5/22/1997,387.1134674,1997,8,234
era5,5/23/1997,378.5804335,1997,8,235
era5,5/24/1997,376.7702812,1997,8,236
era5,5/25/1997,372.7994012,1997,8,237
era5,5/26/1997,368.2594976,1997,8,238
era5,5/27/1997,360.7442111,1997,8,239
era5,5/28/1997,349.5023681,1997,8,240
era5,5/29/1997,337.8165053,1997,8,241
era5,5/30/1997,324.7748341,1997,8,242
era5,5/31/1997,311.0600307,1997,8,243
era5,6/1/1997,299.3208321,1997,9,244
era5,6/2/1997,289.6672149,1997,9,245
era5,6/3/1997,279.3505807,1997,9,246
era5,6/4/1997,270.4710567,1997,9,247
era5,6/5/1997,263.8160429,1997,9,248
era5,6/6/1997,257.7616081,1997,9,249
era5,6/7/1997,249.5372605,1997,9,250
era5,6/8/1997,240.84819,1997,9,251
era5,6/9/1997,233.3977291,1997,9,252
era5,6/10/1997,226.5052097,1997,9,253
era5,6/11/1997,218.2402168,1997,9,254
era5,6/12/1997,209.7787912,1997,9,255
era5,6/13/1997,202.928199,1997,9,256
era5,6/14/1997,202.3388418,1997,9,257
era5,6/15/1997,197.0025043,1997,9,258
era5,6/16/1997,187.2057718,1997,9,259
era5,6/17/1997,176.729654,1997,9,260
era5,6/18/1997,166.0297964,1997,9,261
era5,6/19/1997,155.3154769,1997,9,262
era5,6/20/1997,146.6854498,1997,9,263
era5,6/21/1997,140.7681179,1997,9,264
era5,6/22/1997,135.9306336,1997,9,265
era5,6/23/1997,132.3137945,1997,9,266
era5,6/24/1997,129.4065129,1997,9,267
era5,6/25/1997,125.4187876,1997,9,268
era5,6/26/1997,120.9436068,1997,9,269
era5,6/27/1997,116.5378138,1997,9,270
era5,6/28/1997,112.4326574,1997,9,271
era5,6/29/1997,109.221775,1997,9,272
era5,6/30/1997,106.4856162,1997,9,273
era5,7/1/1997,104.9056309,1997,10,274
era5,7/2/1997,102.1686147,1997,10,275
era5,7/3/1997,98.07955559,1997,10,276
era5,7/4/1997,92.51383453,1997,10,277
era5,7/5/1997,86.85657059,1997,10,278
era5,7/6/1997,81.30846771,1997,10,279
era5,7/7/1997,76.46616366,1997,10,280
era5,7/8/1997,71.58475991,1997,10,281
era5,7/9/1997,67.08985706,1997,10,282
era5,7/10/1997,63.14684647,1997,10,283
era5,7/11/1997,59.755885,1997,10,284
era5,7/12/1997,56.58199176,1997,10,285
era5,7/13/1997,52.85296941,1997,10,286
era5,7/14/1997,48.57992629,1997,10,287
era5,7/15/1997,44.3473755,1997,10,288
era5,7/16/1997,40.29848132,1997,10,289
era5,7/17/1997,36.79813235,1997,10,290
era5,7/18/1997,34.19626206,1997,10,291
era5,7/19/1997,31.62165735,1997,10,292
era5,7/20/1997,28.18494794,1997,10,293
era5,7/21/1997,25.49715088,1997,10,294
era5,7/22/1997,22.65794259,1997,10,295
era5,7/23/1997,19.85702294,1997,10,296
era5,7/24/1997,17.57503294,1997,10,297
era5,7/25/1997,15.92723441,1997,10,298
era5,7/26/1997,13.91474029,1997,10,299
era5,7/27/1997,11.99049074,1997,10,300
era5,7/28/1997,9.967965,1997,10,301
era5,7/29/1997,8.2749135,1997,10,302
era5,7/30/1997,6.291699059,1997,10,303
era5,7/31/1997,4.745577588,1997,10,304
era5,8/1/1997,3.714456176,1997,11,305
era5,8/2/1997,2.975269706,1997,11,306
era5,8/3/1997,2.157773412,1997,11,307
era5,8/4/1997,1.23615,1997,11,308
era5,8/5/1997,0.406593441,1997,11,309
era5,8/6/1997,0,1997,11,310
era5,8/7/1997,0,1997,11,311
era5,8/8/1997,0,1997,11,312
era5,8/9/1997,0,1997,11,313
era5,8/10/1997,0,1997,11,314
era5,8/11/1997,0,1997,11,315
era5,8/12/1997,0,1997,11,316
era5,8/13/1997,0,1997,11,317
era5,8/14/1997,0,1997,11,318
era5,8/15/1997,0,1997,11,319
era5,8/16/1997,0,1997,11,320
era5,8/17/1997,0,1997,11,321
era5,8/18/1997,0,1997,11,322
era5,8/19/1997,0,1997,11,323
era5,8/20/1997,0,1997,11,324
era5,8/21/1997,0,1997,11,325
era5,8/22/1997,0,1997,11,326
era5,8/23/1997,0,1997,11,327
era5,8/24/1997,0,1997,11,328
era5,8/25/1997,0,1997,11,329
era5,8/26/1997,0,1997,11,330
era5,8/27/1997,0,1997,11,331
era5,8/28/1997,0,1997,11,332
era5,8/29/1997,0,1997,11,333
era5,8/30/1997,0,1997,11,334
era5,8/31/1997,0,1997,11,335
era5,9/1/1997,0,1997,12,336
era5,9/2/1997,0,1997,12,337
era5,9/3/1997,0,1997,12,338
era5,9/4/1997,0,1997,12,339
era5,9/5/1997,0,1997,12,340
era5,9/6/1997,0,1997,12,341
era5,9/7/1997,0,1997,12,342
era5,9/8/1997,0,1997,12,343
era5,9/9/1997,0,1997,12,344
era5,9/10/1997,0,1997,12,345
era5,9/11/1997,0,1997,12,346
era5,9/12/1997,0,1997,12,347
era5,9/13/1997,0,1997,12,348
era5,9/14/1997,0,1997,12,349
era5,9/15/1997,4.14E-05,1997,12,350
era5,9/16/1997,0,1997,12,351
era5,9/17/1997,0,1997,12,352
era5,9/18/1997,0.061745326,1997,12,353
era5,9/19/1997,0.179532174,1997,12,354
era5,9/20/1997,0.173516244,1997,12,355
era5,9/21/1997,0.015585996,1997,12,356
era5,9/22/1997,0,1997,12,357
era5,9/23/1997,0,1997,12,358
era5,9/24/1997,0,1997,12,359
era5,9/25/1997,0,1997,12,360
era5,9/26/1997,0,1997,12,361
era5,9/27/1997,0,1997,12,362
era5,9/28/1997,0,1997,12,363
era5,9/29/1997,0,1997,12,364
era5,9/30/1997,0,1997,12,365
era5,10/1/1997,0,1998,1,1
era5,10/2/1997,0,1998,1,2
era5,10/3/1997,0,1998,1,3
era5,10/4/1997,0,1998,1,4
era5,10/5/1997,0,1998,1,5
era5,10/6/1997,0,1998,1,6
era5,10/7/1997,0.00776209,1998,1,7
era5,10/8/1997,0.001398098,1998,1,8
era5,10/9/1997,1.093454846,1998,1,9
era5,10/10/1997,3.275083574,1998,1,10
era5,10/11/1997,12.86826529,1998,1,11
era5,10/12/1997,14.79854034,1998,1,12
era5,10/13/1997,11.40619743,1998,1,13
era5,10/14/1997,6.015368947,1998,1,14
era5,10/15/1997,2.688384162,1998,1,15
era5,10/16/1997,1.290959156,1998,1,16
era5,10/17/1997,0.455964751,1998,1,17
era5,10/18/1997,0.135570929,1998,1,18
era5,10/19/1997,0.014748857,1998,1,19
era5,10/20/1997,0,1998,1,20
era5,10/21/1997,0,1998,1,21
era5,10/22/1997,0,1998,1,22
era5,10/23/1997,0,1998,1,23
era5,10/24/1997,0,1998,1,24
era5,10/25/1997,0,1998,1,25
era5,10/26/1997,0,1998,1,26
era5,10/27/1997,0,1998,1,27
era5,10/28/1997,0,1998,1,28
era5,10/29/1997,0,1998,1,29
era5,10/30/1997,0,1998,1,30
era5,10/31/1997,0,1998,1,31
era5,11/1/1997,0,1998,2,32
era5,11/2/1997,0,1998,2,33
era5,11/3/1997,0,1998,2,34
era5,11/4/1997,0,1998,2,35
era5,11/5/1997,0,1998,2,36
era5,11/6/1997,0,1998,2,37
era5,11/7/1997,0.024730077,1998,2,38
era5,11/8/1997,0.00415491,1998,2,39
era5,11/9/1997,0.003964284,1998,2,40
era5,11/10/1997,0.389610721,1998,2,41
era5,11/11/1997,11.9940379,1998,2,42
era5,11/12/1997,17.66074815,1998,2,43
era5,11/13/1997,18.59578356,1998,2,44
era5,11/14/1997,23.69831037,1998,2,45
era5,11/15/1997,26.60387622,1998,2,46
era5,11/16/1997,47.05754212,1998,2,47
era5,11/17/1997,48.57829124,1998,2,48
era5,11/18/1997,48.17591456,1998,2,49
era5,11/19/1997,55.22136594,1998,2,50
era5,11/20/1997,60.13907441,1998,2,51
era5,11/21/1997,58.81384168,1998,2,52
era5,11/22/1997,56.04072503,1998,2,53
era5,11/23/1997,51.89086915,1998,2,54
era5,11/24/1997,49.62571435,1998,2,55
era5,11/25/1997,48.77368756,1998,2,56
era5,11/26/1997,73.17119911,1998,2,57
era5,11/27/1997,127.9250894,1998,2,58
era5,11/28/1997,131.3590779,1998,2,59
era5,11/29/1997,131.198562,1998,2,60
era5,11/30/1997,134.9069541,1998,2,61
era5,12/1/1997,146.1373367,1998,3,62
era5,12/2/1997,147.0338254,1998,3,63
era5,12/3/1997,146.3591376,1998,3,64
era5,12/4/1997,145.7750138,1998,3,65
era5,12/5/1997,151.3106251,1998,3,66
era5,12/6/1997,201.4725212,1998,3,67
era5,12/7/1997,224.6843263,1998,3,68
era5,12/8/1997,282.4604269,1998,3,69
era5,12/9/1997,301.6294385,1998,3,70
era5,12/10/1997,302.1373718,1998,3,71
era5,12/11/1997,301.77476,1998,3,72
era5,12/12/1997,301.3742109,1998,3,73
era5,12/13/1997,300.6173876,1998,3,74
era5,12/14/1997,299.4988868,1998,3,75
era5,12/15/1997,307.6803432,1998,3,76
era5,12/16/1997,307.9803042,1998,3,77
era5,12/17/1997,307.1756416,1998,3,78
era5,12/18/1997,307.0932104,1998,3,79
era5,12/19/1997,308.042766,1998,3,80
era5,12/20/1997,307.5682706,1998,3,81
era5,12/21/1997,308.6095867,1998,3,82
era5,12/22/1997,310.9212656,1998,3,83
era5,12/23/1997,311.2457209,1998,3,84
era5,12/24/1997,311.0565324,1998,3,85
era5,12/25/1997,311.7064106,1998,3,86
era5,12/26/1997,311.7930626,1998,3,87
era5,12/27/1997,311.6403296,1998,3,88
era5,12/28/1997,311.2707577,1998,3,89
era5,12/29/1997,309.6518982,1998,3,90
era5,12/30/1997,306.5222615,1998,3,91
era5,12/31/1997,302.6666854,1998,3,92
era5,1/1/1998,299.3264106,1998,4,93
era5,1/2/1998,299.1946202,1998,4,94
era5,1/3/1998,311.4171515,1998,4,95
era5,1/4/1998,333.3756681,1998,4,96
era5,1/5/1998,366.2973149,1998,4,97
era5,1/6/1998,367.0724412,1998,4,98
era5,1/7/1998,368.7627132,1998,4,99
era5,1/8/1998,369.4648906,1998,4,100
era5,1/9/1998,372.1477238,1998,4,101
era5,1/10/1998,401.8696935,1998,4,102
era5,1/11/1998,418.6886199,1998,4,103
era5,1/12/1998,433.4097465,1998,4,104
era5,1/13/1998,468.6901668,1998,4,105
era5,1/14/1998,473.1547262,1998,4,106
era5,1/15/1998,495.4624965,1998,4,107
era5,1/16/1998,506.5588674,1998,4,108
era5,1/17/1998,507.0180315,1998,4,109
era5,1/18/1998,505.3751922,1998,4,110
era5,1/19/1998,540.2014449,1998,4,111
era5,1/20/1998,559.4798438,1998,4,112
era5,1/21/1998,560.7608541,1998,4,113
era5,1/22/1998,560.8112879,1998,4,114
era5,1/23/1998,560.5844892,1998,4,115
era5,1/24/1998,559.6919657,1998,4,116
era5,1/25/1998,558.5260441,1998,4,117
era5,1/26/1998,557.0326724,1998,4,118
era5,1/27/1998,557.2634865,1998,4,119
era5,1/28/1998,558.114714,1998,4,120
era5,1/29/1998,566.82062,1998,4,121
era5,1/30/1998,589.378565,1998,4,122
era5,1/31/1998,589.8023576,1998,4,123
era5,2/1/1998,590.5163498,1998,5,124
era5,2/2/1998,631.3860988,1998,5,125
era5,2/3/1998,702.7255838,1998,5,126
era5,2/4/1998,748.0885135,1998,5,127
era5,2/5/1998,757.95658,1998,5,128
era5,2/6/1998,775.1445628,1998,5,129
era5,2/7/1998,842.0906726,1998,5,130
era5,2/8/1998,923.8841241,1998,5,131
era5,2/9/1998,951.4339359,1998,5,132
era5,2/10/1998,953.3555388,1998,5,133
era5,2/11/1998,962.8153474,1998,5,134
era5,2/12/1998,964.9690541,1998,5,135
era5,2/13/1998,974.1085803,1998,5,136
era5,2/14/1998,984.76833,1998,5,137
era5,2/15/1998,1035.457814,1998,5,138
era5,2/16/1998,1039.884766,1998,5,139
era5,2/17/1998,1062.126243,1998,5,140
era5,2/18/1998,1071.203443,1998,5,141
era5,2/19/1998,1073.283665,1998,5,142
era5,2/20/1998,1109.131653,1998,5,143
era5,2/21/1998,1118.716149,1998,5,144
era5,2/22/1998,1176.530204,1998,5,145
era5,2/23/1998,1213.421517,1998,5,146
era5,2/24/1998,1276.313861,1998,5,147
era5,2/25/1998,1285.878831,1998,5,148
era5,2/26/1998,1286.800443,1998,5,149
era5,2/27/1998,1287.256882,1998,5,150
era5,2/28/1998,1287.061506,1998,5,151
era5,3/1/1998,1285.884899,1998,6,152
era5,3/2/1998,1284.644961,1998,6,153
era5,3/3/1998,1283.566886,1998,6,154
era5,3/4/1998,1282.544215,1998,6,155
era5,3/5/1998,1282.171822,1998,6,156
era5,3/6/1998,1292.610617,1998,6,157
era5,3/7/1998,1298.261352,1998,6,158
era5,3/8/1998,1298.540421,1998,6,159
era5,3/9/1998,1298.409881,1998,6,160
era5,3/10/1998,1297.002356,1998,6,161
era5,3/11/1998,1294.794312,1998,6,162
era5,3/12/1998,1291.73866,1998,6,163
era5,3/13/1998,1288.859387,1998,6,164
era5,3/14/1998,1294.207484,1998,6,165
era5,3/15/1998,1293.041014,1998,6,166
era5,3/16/1998,1288.916541,1998,6,167
era5,3/17/1998,1286.455861,1998,6,168
era5,3/18/1998,1282.678128,1998,6,169
era5,3/19/1998,1279.005453,1998,6,170
era5,3/20/1998,1275.124231,1998,6,171
era5,3/21/1998,1270.927567,1998,6,172
era5,3/22/1998,1266.430805,1998,6,173
era5,3/23/1998,1257.802456,1998,6,174
era5,3/24/1998,1251.282771,1998,6,175
era5,3/25/1998,1288.607166,1998,6,176
era5,3/26/1998,1310.687209,1998,6,177
era5,3/27/1998,1314.917909,1998,6,178
era5,3/28/1998,1335.814314,1998,6,179
era5,3/29/1998,1351.800407,1998,6,180
era5,3/30/1998,1355.778738,1998,6,181
era5,3/31/1998,1356.787561,1998,6,182
era5,4/1/1998,1369.473189,1998,7,183
era5,4/2/1998,1379.299955,1998,7,184
era5,4/3/1998,1384.172291,1998,7,185
era5,4/4/1998,1403.883419,1998,7,186
era5,4/5/1998,1407.424986,1998,7,187
era5,4/6/1998,1412.00954,1998,7,188
era5,4/7/1998,1419.373505,1998,7,189
era5,4/8/1998,1421.86431,1998,7,190
era5,4/9/1998,1421.016115,1998,7,191
era5,4/10/1998,1418.779346,1998,7,192
era5,4/11/1998,1418.326645,1998,7,193
era5,4/12/1998,1432.050192,1998,7,194
era5,4/13/1998,1442.61074,1998,7,195
era5,4/14/1998,1466.460872,1998,7,196
era5,4/15/1998,1475.8408,1998,7,197
era5,4/16/1998,1479.003848,1998,7,198
era5,4/17/1998,1478.468879,1998,7,199
era5,4/18/1998,1475.806916,1998,7,200
era5,4/19/1998,1470.160169,1998,7,201
era5,4/20/1998,1460.982756,1998,7,202
era5,4/21/1998,1447.481257,1998,7,203
era5,4/22/1998,1430.04396,1998,7,204
era5,4/23/1998,1414.97334,1998,7,205
era5,4/24/1998,1416.099631,1998,7,206
era5,4/25/1998,1413.734856,1998,7,207
era5,4/26/1998,1408.589434,1998,7,208
era5,4/27/1998,1400.062898,1998,7,209
era5,4/28/1998,1389.658938,1998,7,210
era5,4/29/1998,1377.29763,1998,7,211
era5,4/30/1998,1363.072161,1998,7,212
era5,5/1/1998,1348.272803,1998,8,213
era5,5/2/1998,1335.971062,1998,8,214
era5,5/3/1998,1330.201786,1998,8,215
era5,5/4/1998,1326.027563,1998,8,216
era5,5/5/1998,1325.612497,1998,8,217
era5,5/6/1998,1329.982541,1998,8,218
era5,5/7/1998,1332.81443,1998,8,219
era5,5/8/1998,1328.86053,1998,8,220
era5,5/9/1998,1316.404584,1998,8,221
era5,5/10/1998,1311.607146,1998,8,222
era5,5/11/1998,1308.320151,1998,8,223
era5,5/12/1998,1311.973114,1998,8,224
era5,5/13/1998,1328.889589,1998,8,225
era5,5/14/1998,1337.837508,1998,8,226
era5,5/15/1998,1338.013317,1998,8,227
era5,5/16/1998,1333.835262,1998,8,228
era5,5/17/1998,1335.845097,1998,8,229
era5,5/18/1998,1332.470043,1998,8,230
era5,5/19/1998,1325.623218,1998,8,231
era5,5/20/1998,1318.312744,1998,8,232
era5,5/21/1998,1312.664455,1998,8,233
era5,5/22/1998,1308.416461,1998,8,234
era5,5/23/1998,1299.870004,1998,8,235
era5,5/24/1998,1287.109703,1998,8,236
era5,5/25/1998,1273.447436,1998,8,237
era5,5/26/1998,1269.492082,1998,8,238
era5,5/27/1998,1272.511375,1998,8,239
era5,5/28/1998,1267.967389,1998,8,240
era5,5/29/1998,1274.539927,1998,8,241
era5,5/30/1998,1273.519765,1998,8,242
era5,5/31/1998,1264.280024,1998,8,243
era5,6/1/1998,1248.894269,1998,9,244
era5,6/2/1998,1231.912874,1998,9,245
era5,6/3/1998,1217.934661,1998,9,246
era5,6/4/1998,1211.391174,1998,9,247
era5,6/5/1998,1197.047706,1998,9,248
era5,6/6/1998,1178.244417,1998,9,249
era5,6/7/1998,1164.353876,1998,9,250
era5,6/8/1998,1151.003838,1998,9,251
era5,6/9/1998,1136.864923,1998,9,252
era5,6/10/1998,1121.001697,1998,9,253
era5,6/11/1998,1106.305999,1998,9,254
era5,6/12/1998,1096.600603,1998,9,255
era5,6/13/1998,1085.653418,1998,9,256
era5,6/14/1998,1063.783435,1998,9,257
era5,6/15/1998,1039.291811,1998,9,258
era5,6/16/1998,1015.29518,1998,9,259
era5,6/17/1998,995.2585536,1998,9,260
era5,6/18/1998,979.1041638,1998,9,261
era5,6/19/1998,958.4007562,1998,9,262
era5,6/20/1998,937.6907888,1998,9,263
era5,6/21/1998,918.2345319,1998,9,264
era5,6/22/1998,898.8439186,1998,9,265
era5,6/23/1998,882.1049728,1998,9,266
era5,6/24/1998,865.4886413,1998,9,267
era5,6/25/1998,846.4195604,1998,9,268
era5,6/26/1998,827.4605782,1998,9,269
era5,6/27/1998,809.9538134,1998,9,270
era5,6/28/1998,790.9577963,1998,9,271
era5,6/29/1998,769.9640718,1998,9,272
era5,6/30/1998,749.6872672,1998,9,273
era5,7/1/1998,730.6323535,1998,10,274
era5,7/2/1998,711.505885,1998,10,275
era5,7/3/1998,693.4952721,1998,10,276
era5,7/4/1998,676.6680412,1998,10,277
era5,7/5/1998,659.0728076,1998,10,278
era5,7/6/1998,639.9100668,1998,10,279
era5,7/7/1998,618.6490129,1998,10,280
era5,7/8/1998,596.1377303,1998,10,281
era5,7/9/1998,571.8211341,1998,10,282
era5,7/10/1998,548.5289781,1998,10,283
era5,7/11/1998,527.9174731,1998,10,284
era5,7/12/1998,507.4381526,1998,10,285
era5,7/13/1998,484.8604734,1998,10,286
era5,7/14/1998,463.3856299,1998,10,287
era5,7/15/1998,441.7478697,1998,10,288
era5,7/16/1998,417.6571096,1998,10,289
era5,7/17/1998,391.6702784,1998,10,290
era5,7/18/1998,366.3922934,1998,10,291
era5,7/19/1998,344.0752718,1998,10,292
era5,7/20/1998,323.9202562,1998,10,293
era5,7/21/1998,303.8489394,1998,10,294
era5,7/22/1998,284.6084169,1998,10,295
era5,7/23/1998,268.3951186,1998,10,296
era5,7/24/1998,253.6378003,1998,10,297
era5,7/25/1998,239.0933065,1998,10,298
era5,7/26/1998,224.1583168,1998,10,299
era5,7/27/1998,209.106781,1998,10,300
era5,7/28/1998,194.3366682,1998,10,301
era5,7/29/1998,179.7457774,1998,10,302
era5,7/30/1998,166.3012739,1998,10,303
era5,7/31/1998,155.3665774,1998,10,304
era5,8/1/1998,146.4847245,1998,11,305
era5,8/2/1998,136.8246145,1998,11,306
era5,8/3/1998,127.3971684,1998,11,307
era5,8/4/1998,118.2713318,1998,11,308
era5,8/5/1998,109.0312241,1998,11,309
era5,8/6/1998,100.5373488,1998,11,310
era5,8/7/1998,91.76101041,1998,11,311
era5,8/8/1998,84.09006406,1998,11,312
era5,8/9/1998,77.75240147,1998,11,313
era5,8/10/1998,71.57717765,1998,11,314
era5,8/11/1998,64.85997029,1998,11,315
era5,8/12/1998,58.01084,1998,11,316
era5,8/13/1998,50.19030997,1998,11,317
era5,8/14/1998,43.693624,1998,11,318
era5,8/15/1998,39.53799211,1998,11,319
era5,8/16/1998,36.53056265,1998,11,320
era5,8/17/1998,33.41514059,1998,11,321
era5,8/18/1998,31.39680724,1998,11,322
era5,8/19/1998,29.9719141,1998,11,323
era5,8/20/1998,28.80961559,1998,11,324
era5,8/21/1998,27.76659676,1998,11,325
era5,8/22/1998,26.44476559,1998,11,326
era5,8/23/1998,24.75833618,1998,11,327
era5,8/24/1998,23.07528676,1998,11,328
era5,8/25/1998,21.19032765,1998,11,329
era5,8/26/1998,19.32756059,1998,11,330
era5,8/27/1998,17.85754147,1998,11,331
era5,8/28/1998,15.81169012,1998,11,332
era5,8/29/1998,13.05260776,1998,11,333
era5,8/30/1998,10.45727576,1998,11,334
era5,8/31/1998,8.634363206,1998,11,335
era5,9/1/1998,0,1998,12,336
era5,9/2/1998,0,1998,12,337
era5,9/3/1998,0,1998,12,338
era5,9/4/1998,0,1998,12,339
era5,9/5/1998,0,1998,12,340
era5,9/6/1998,0,1998,12,341
era5,9/7/1998,0,1998,12,342
era5,9/8/1998,0,1998,12,343
era5,9/9/1998,0,1998,12,344
era5,9/10/1998,0,1998,12,345
era5,9/11/1998,0,1998,12,346
era5,9/12/1998,0,1998,12,347
era5,9/13/1998,0,1998,12,348
era5,9/14/1998,0,1998,12,349
era5,9/15/1998,0,1998,12,350
era5,9/16/1998,0,1998,12,351
era5,9/17/1998,0,1998,12,352
era5,9/18/1998,0,1998,12,353
era5,9/19/1998,0,1998,12,354
era5,9/20/1998,0,1998,12,355
era5,9/21/1998,0,1998,12,356
era5,9/22/1998,0,1998,12,357
era5,9/23/1998,0,1998,12,358
era5,9/24/1998,0,1998,12,359
era5,9/25/1998,0,1998,12,360
era5,9/26/1998,0,1998,12,361
era5,9/27/1998,3.23E-06,1998,12,362
era5,9/28/1998,0,1998,12,363
era5,9/29/1998,0.000288214,1998,12,364
era5,9/30/1998,0.05306915,1998,12,365
era5,10/1/1998,0.122574101,1999,1,1
era5,10/2/1998,0,1999,1,2
era5,10/3/1998,1.56E-05,1999,1,3
era5,10/4/1998,0,1999,1,4
era5,10/5/1998,0,1999,1,5
era5,10/6/1998,0,1999,1,6
era5,10/7/1998,0,1999,1,7
era5,10/8/1998,0,1999,1,8
era5,10/9/1998,0,1999,1,9
era5,10/10/1998,0,1999,1,10
era5,10/11/1998,0,1999,1,11
era5,10/12/1998,0,1999,1,12
era5,10/13/1998,0,1999,1,13
era5,10/14/1998,0,1999,1,14
era5,10/15/1998,0,1999,1,15
era5,10/16/1998,0.00972065,1999,1,16
era5,10/17/1998,0,1999,1,17
era5,10/18/1998,0,1999,1,18
era5,10/19/1998,0,1999,1,19
era5,10/20/1998,0,1999,1,20
era5,10/21/1998,0.150065759,1999,1,21
era5,10/22/1998,1.190761266,1999,1,22
era5,10/23/1998,0.997025147,1999,1,23
era5,10/24/1998,0.912436242,1999,1,24
era5,10/25/1998,3.162760793,1999,1,25
era5,10/26/1998,5.390131999,1999,1,26
era5,10/27/1998,6.731330956,1999,1,27
era5,10/28/1998,5.983896542,1999,1,28
era5,10/29/1998,5.042925181,1999,1,29
era5,10/30/1998,5.232996082,1999,1,30
era5,10/31/1998,5.103902518,1999,1,31
era5,11/1/1998,4.343531722,1999,2,32
era5,11/2/1998,3.953063403,1999,2,33
era5,11/3/1998,3.050843641,1999,2,34
era5,11/4/1998,2.798952294,1999,2,35
era5,11/5/1998,2.423517649,1999,2,36
era5,11/6/1998,2.516285129,1999,2,37
era5,11/7/1998,9.529535511,1999,2,38
era5,11/8/1998,35.82434928,1999,2,39
era5,11/9/1998,41.04250845,1999,2,40
era5,11/10/1998,41.42864432,1999,2,41
era5,11/11/1998,52.82968446,1999,2,42
era5,11/12/1998,60.48122862,1999,2,43
era5,11/13/1998,59.5160345,1999,2,44
era5,11/14/1998,55.98758068,1999,2,45
era5,11/15/1998,50.95117278,1999,2,46
era5,11/16/1998,47.41461488,1999,2,47
era5,11/17/1998,47.39071273,1999,2,48
era5,11/18/1998,54.32148964,1999,2,49
era5,11/19/1998,54.36369183,1999,2,50
era5,11/20/1998,53.87284044,1999,2,51
era5,11/21/1998,52.93381715,1999,2,52
era5,11/22/1998,53.59978858,1999,2,53
era5,11/23/1998,55.05279893,1999,2,54
era5,11/24/1998,64.06601404,1999,2,55
era5,11/25/1998,66.22434516,1999,2,56
era5,11/26/1998,64.77719043,1999,2,57
era5,11/27/1998,63.67767732,1999,2,58
era5,11/28/1998,67.34396878,1999,2,59
era5,11/29/1998,73.7086222,1999,2,60
era5,11/30/1998,82.10179757,1999,2,61
era5,12/1/1998,114.3983095,1999,3,62
era5,12/2/1998,122.8013306,1999,3,63
era5,12/3/1998,122.959483,1999,3,64
era5,12/4/1998,132.8775406,1999,3,65
era5,12/5/1998,134.9203982,1999,3,66
era5,12/6/1998,141.3496046,1999,3,67
era5,12/7/1998,145.1683832,1999,3,68
era5,12/8/1998,145.4098713,1999,3,69
era5,12/9/1998,145.6743851,1999,3,70
era5,12/10/1998,145.2677264,1999,3,71
era5,12/11/1998,144.2913446,1999,3,72
era5,12/12/1998,142.9638794,1999,3,73
era5,12/13/1998,140.7636494,1999,3,74
era5,12/14/1998,138.8886189,1999,3,75
era5,12/15/1998,138.2450947,1999,3,76
era5,12/16/1998,134.5560055,1999,3,77
era5,12/17/1998,130.2404986,1999,3,78
era5,12/18/1998,127.7943726,1999,3,79
era5,12/19/1998,126.9427194,1999,3,80
era5,12/20/1998,129.4343038,1999,3,81
era5,12/21/1998,138.025155,1999,3,82
era5,12/22/1998,138.2744222,1999,3,83
era5,12/23/1998,138.2445768,1999,3,84
era5,12/24/1998,138.1850597,1999,3,85
era5,12/25/1998,137.8316034,1999,3,86
era5,12/26/1998,137.0995388,1999,3,87
era5,12/27/1998,136.3792837,1999,3,88
era5,12/28/1998,135.5646325,1999,3,89
era5,12/29/1998,134.3761583,1999,3,90
era5,12/30/1998,133.5728657,1999,3,91
era5,12/31/1998,132.5068136,1999,3,92
era5,1/1/1999,131.9672564,1999,4,93
era5,1/2/1999,130.875929,1999,4,94
era5,1/3/1999,130.0820642,1999,4,95
era5,1/4/1999,129.6808777,1999,4,96
era5,1/5/1999,129.4007239,1999,4,97
era5,1/6/1999,128.6470162,1999,4,98
era5,1/7/1999,128.2351184,1999,4,99
era5,1/8/1999,128.0445929,1999,4,100
era5,1/9/1999,127.6324368,1999,4,101
era5,1/10/1999,127.3531219,1999,4,102
era5,1/11/1999,126.9744632,1999,4,103
era5,1/12/1999,126.7021518,1999,4,104
era5,1/13/1999,126.4853695,1999,4,105
era5,1/14/1999,126.1188495,1999,4,106
era5,1/15/1999,126.2850477,1999,4,107
era5,1/16/1999,131.2250502,1999,4,108
era5,1/17/1999,134.7364548,1999,4,109
era5,1/18/1999,137.7064795,1999,4,110
era5,1/19/1999,161.1509845,1999,4,111
era5,1/20/1999,207.9473611,1999,4,112
era5,1/21/1999,263.2136044,1999,4,113
era5,1/22/1999,268.8976627,1999,4,114
era5,1/23/1999,273.5810216,1999,4,115
era5,1/24/1999,304.3698157,1999,4,116
era5,1/25/1999,315.244264,1999,4,117
era5,1/26/1999,323.1440696,1999,4,118
era5,1/27/1999,327.0594106,1999,4,119
era5,1/28/1999,327.2982166,1999,4,120
era5,1/29/1999,327.1276195,1999,4,121
era5,1/30/1999,326.8435069,1999,4,122
era5,1/31/1999,334.3470547,1999,4,123
era5,2/1/1999,352.4988109,1999,5,124
era5,2/2/1999,352.8538391,1999,5,125
era5,2/3/1999,352.6732468,1999,5,126
era5,2/4/1999,351.6891412,1999,5,127
era5,2/5/1999,352.5937391,1999,5,128
era5,2/6/1999,353.202351,1999,5,129
era5,2/7/1999,380.0534679,1999,5,130
era5,2/8/1999,423.3665697,1999,5,131
era5,2/9/1999,457.8726129,1999,5,132
era5,2/10/1999,513.5431603,1999,5,133
era5,2/11/1999,515.6325803,1999,5,134
era5,2/12/1999,515.2177379,1999,5,135
era5,2/13/1999,513.8078956,1999,5,136
era5,2/14/1999,512.1183234,1999,5,137
era5,2/15/1999,512.5748235,1999,5,138
era5,2/16/1999,512.7323741,1999,5,139
era5,2/17/1999,522.0800051,1999,5,140
era5,2/18/1999,522.986246,1999,5,141
era5,2/19/1999,527.0859631,1999,5,142
era5,2/20/1999,526.5712359,1999,5,143
era5,2/21/1999,543.1770799,1999,5,144
era5,2/22/1999,551.3128143,1999,5,145
era5,2/23/1999,551.2869289,1999,5,146
era5,2/24/1999,549.6376194,1999,5,147
era5,2/25/1999,551.7045752,1999,5,148
era5,2/26/1999,558.4592813,1999,5,149
era5,2/27/1999,558.0650917,1999,5,150
era5,2/28/1999,555.3526045,1999,5,151
era5,3/1/1999,553.5976573,1999,6,152
era5,3/2/1999,551.2776434,1999,6,153
era5,3/3/1999,548.647368,1999,6,154
era5,3/4/1999,548.6358091,1999,6,155
era5,3/5/1999,547.9153223,1999,6,156
era5,3/6/1999,547.3191685,1999,6,157
era5,3/7/1999,547.0336893,1999,6,158
era5,3/8/1999,547.6694272,1999,6,159
era5,3/9/1999,569.354813,1999,6,160
era5,3/10/1999,584.9132264,1999,6,161
era5,3/11/1999,585.5283414,1999,6,162
era5,3/12/1999,585.5204391,1999,6,163
era5,3/13/1999,585.1247518,1999,6,164
era5,3/14/1999,584.0205202,1999,6,165
era5,3/15/1999,583.9474025,1999,6,166
era5,3/16/1999,590.8644397,1999,6,167
era5,3/17/1999,590.9241423,1999,6,168
era5,3/18/1999,588.2202434,1999,6,169
era5,3/19/1999,584.5378112,1999,6,170
era5,3/20/1999,583.0819672,1999,6,171
era5,3/21/1999,589.2217549,1999,6,172
era5,3/22/1999,589.1287737,1999,6,173
era5,3/23/1999,590.5227367,1999,6,174
era5,3/24/1999,591.9414231,1999,6,175
era5,3/25/1999,590.3393418,1999,6,176
era5,3/26/1999,591.0976412,1999,6,177
era5,3/27/1999,588.2817179,1999,6,178
era5,3/28/1999,586.6050093,1999,6,179
era5,3/29/1999,585.0460319,1999,6,180
era5,3/30/1999,582.6305833,1999,6,181
era5,3/31/1999,590.2553007,1999,6,182
era5,4/1/1999,602.6807839,1999,7,183
era5,4/2/1999,604.1140739,1999,7,184
era5,4/3/1999,604.4305587,1999,7,185
era5,4/4/1999,609.8651663,1999,7,186
era5,4/5/1999,611.5231438,1999,7,187
era5,4/6/1999,628.1061736,1999,7,188
era5,4/7/1999,639.8600772,1999,7,189
era5,4/8/1999,653.224241,1999,7,190
era5,4/9/1999,685.4061063,1999,7,191
era5,4/10/1999,688.8404412,1999,7,192
era5,4/11/1999,690.8287071,1999,7,193
era5,4/12/1999,702.4047509,1999,7,194
era5,4/13/1999,704.8504374,1999,7,195
era5,4/14/1999,699.9026936,1999,7,196
era5,4/15/1999,691.1964952,1999,7,197
era5,4/16/1999,682.4143713,1999,7,198
era5,4/17/1999,672.7516674,1999,7,199
era5,4/18/1999,662.3892771,1999,7,200
era5,4/19/1999,650.206717,1999,7,201
era5,4/20/1999,637.5652006,1999,7,202
era5,4/21/1999,625.4073221,1999,7,203
era5,4/22/1999,615.558556,1999,7,204
era5,4/23/1999,613.719323,1999,7,205
era5,4/24/1999,612.9129091,1999,7,206
era5,4/25/1999,609.2589119,1999,7,207
era5,4/26/1999,599.7538922,1999,7,208
era5,4/27/1999,592.2473775,1999,7,209
era5,4/28/1999,589.2776974,1999,7,210
era5,4/29/1999,595.6900767,1999,7,211
era5,4/30/1999,599.0912932,1999,7,212
era5,5/1/1999,595.7455215,1999,8,213
era5,5/2/1999,588.997886,1999,8,214
era5,5/3/1999,593.0523654,1999,8,215
era5,5/4/1999,597.0933661,1999,8,216
era5,5/5/1999,593.7550544,1999,8,217
era5,5/6/1999,584.9355154,1999,8,218
era5,5/7/1999,573.4945183,1999,8,219
era5,5/8/1999,564.6521726,1999,8,220
era5,5/9/1999,557.7569124,1999,8,221
era5,5/10/1999,550.4975587,1999,8,222
era5,5/11/1999,539.0570166,1999,8,223
era5,5/12/1999,524.160793,1999,8,224
era5,5/13/1999,510.2250848,1999,8,225
era5,5/14/1999,503.4583859,1999,8,226
era5,5/15/1999,499.6888626,1999,8,227
era5,5/16/1999,495.0178221,1999,8,228
era5,5/17/1999,486.2540011,1999,8,229
era5,5/18/1999,473.7346783,1999,8,230
era5,5/19/1999,461.8197909,1999,8,231
era5,5/20/1999,451.4578847,1999,8,232
era5,5/21/1999,440.0005229,1999,8,233
era5,5/22/1999,423.6976163,1999,8,234
era5,5/23/1999,403.7248219,1999,8,235
era5,5/24/1999,385.3659535,1999,8,236
era5,5/25/1999,367.3687489,1999,8,237
era5,5/26/1999,349.7530636,1999,8,238
era5,5/27/1999,331.7240101,1999,8,239
era5,5/28/1999,315.2959277,1999,8,240
era5,5/29/1999,300.7339348,1999,8,241
era5,5/30/1999,288.7729812,1999,8,242
era5,5/31/1999,274.6902798,1999,8,243
era5,6/1/1999,261.1394075,1999,9,244
era5,6/2/1999,251.0230638,1999,9,245
era5,6/3/1999,251.6782754,1999,9,246
era5,6/4/1999,253.807692,1999,9,247
era5,6/5/1999,251.4495828,1999,9,248
era5,6/6/1999,241.9141842,1999,9,249
era5,6/7/1999,234.96211,1999,9,250
era5,6/8/1999,230.2257529,1999,9,251
era5,6/9/1999,225.5085498,1999,9,252
era5,6/10/1999,219.9593475,1999,9,253
era5,6/11/1999,212.9730436,1999,9,254
era5,6/12/1999,204.6959018,1999,9,255
era5,6/13/1999,196.0744012,1999,9,256
era5,6/14/1999,185.5907868,1999,9,257
era5,6/15/1999,173.1608959,1999,9,258
era5,6/16/1999,162.2073647,1999,9,259
era5,6/17/1999,152.3350652,1999,9,260
era5,6/18/1999,141.2373763,1999,9,261
era5,6/19/1999,130.2642058,1999,9,262
era5,6/20/1999,120.3222733,1999,9,263
era5,6/21/1999,111.4557354,1999,9,264
era5,6/22/1999,102.0962541,1999,9,265
era5,6/23/1999,90.91136735,1999,9,266
era5,6/24/1999,80.08045235,1999,9,267
era5,6/25/1999,70.10817747,1999,9,268
era5,6/26/1999,62.25935897,1999,9,269
era5,6/27/1999,55.10085894,1999,9,270
era5,6/28/1999,47.68333863,1999,9,271
era5,6/29/1999,40.79723926,1999,9,272
era5,6/30/1999,34.05291406,1999,9,273
era5,7/1/1999,27.97131847,1999,10,274
era5,7/2/1999,22.79454718,1999,10,275
era5,7/3/1999,18.00659126,1999,10,276
era5,7/4/1999,14.38373335,1999,10,277
era5,7/5/1999,11.58954059,1999,10,278
era5,7/6/1999,8.487205412,1999,10,279
era5,7/7/1999,5.697839118,1999,10,280
era5,7/8/1999,3.994002403,1999,10,281
era5,7/9/1999,2.990921765,1999,10,282
era5,7/10/1999,2.084268676,1999,10,283
era5,7/11/1999,0.910222735,1999,10,284
era5,7/12/1999,0.052696529,1999,10,285
era5,7/13/1999,0,1999,10,286
era5,7/14/1999,0,1999,10,287
era5,7/15/1999,0,1999,10,288
era5,7/16/1999,0,1999,10,289
era5,7/17/1999,0,1999,10,290
era5,7/18/1999,0,1999,10,291
era5,7/19/1999,0,1999,10,292
era5,7/20/1999,0,1999,10,293
era5,7/21/1999,0,1999,10,294
era5,7/22/1999,0,1999,10,295
era5,7/23/1999,0,1999,10,296
era5,7/24/1999,0,1999,10,297
era5,7/25/1999,0,1999,10,298
era5,7/26/1999,0,1999,10,299
era5,7/27/1999,0,1999,10,300
era5,7/28/1999,0,1999,10,301
era5,7/29/1999,0,1999,10,302
era5,7/30/1999,0,1999,10,303
era5,7/31/1999,0,1999,10,304
era5,8/1/1999,0,1999,11,305
era5,8/2/1999,0,1999,11,306
era5,8/3/1999,0,1999,11,307
era5,8/4/1999,0,1999,11,308
era5,8/5/1999,0,1999,11,309
era5,8/6/1999,0,1999,11,310
era5,8/7/1999,0,1999,11,311
era5,8/8/1999,0,1999,11,312
era5,8/9/1999,0,1999,11,313
era5,8/10/1999,0,1999,11,314
era5,8/11/1999,0,1999,11,315
era5,8/12/1999,0,1999,11,316
era5,8/13/1999,0,1999,11,317
era5,8/14/1999,0,1999,11,318
era5,8/15/1999,0,1999,11,319
era5,8/16/1999,0,1999,11,320
era5,8/17/1999,0,1999,11,321
era5,8/18/1999,0,1999,11,322
era5,8/19/1999,0,1999,11,323
era5,8/20/1999,0,1999,11,324
era5,8/21/1999,0,1999,11,325
era5,8/22/1999,0,1999,11,326
era5,8/23/1999,0,1999,11,327
era5,8/24/1999,0,1999,11,328
era5,8/25/1999,0,1999,11,329
era5,8/26/1999,0,1999,11,330
era5,8/27/1999,0,1999,11,331
era5,8/28/1999,0,1999,11,332
era5,8/29/1999,0,1999,11,333
era5,8/30/1999,0,1999,11,334
era5,8/31/1999,0,1999,11,335
era5,9/1/1999,0,1999,12,336
era5,9/2/1999,0,1999,12,337
era5,9/3/1999,0,1999,12,338
era5,9/4/1999,0,1999,12,339
era5,9/5/1999,0,1999,12,340
era5,9/6/1999,0,1999,12,341
era5,9/7/1999,0,1999,12,342
era5,9/8/1999,0,1999,12,343
era5,9/9/1999,0,1999,12,344
era5,9/10/1999,0,1999,12,345
era5,9/11/1999,0,1999,12,346
era5,9/12/1999,0,1999,12,347
era5,9/13/1999,0,1999,12,348
era5,9/14/1999,0,1999,12,349
era5,9/15/1999,0,1999,12,350
era5,9/16/1999,0,1999,12,351
era5,9/17/1999,0,1999,12,352
era5,9/18/1999,0.002347036,1999,12,353
era5,9/19/1999,0.388341912,1999,12,354
era5,9/20/1999,0.191897659,1999,12,355
era5,9/21/1999,0,1999,12,356
era5,9/22/1999,0.057954585,1999,12,357
era5,9/23/1999,0,1999,12,358
era5,9/24/1999,0,1999,12,359
era5,9/25/1999,0,1999,12,360
era5,9/26/1999,0,1999,12,361
era5,9/27/1999,0,1999,12,362
era5,9/28/1999,0,1999,12,363
era5,9/29/1999,0,1999,12,364
era5,9/30/1999,0,1999,12,365
era5,10/1/1999,0,2000,1,1
era5,10/2/1999,0,2000,1,2
era5,10/3/1999,0,2000,1,3
era5,10/4/1999,0,2000,1,4
era5,10/5/1999,0,2000,1,5
era5,10/6/1999,0.001434203,2000,1,6
era5,10/7/1999,0,2000,1,7
era5,10/8/1999,0,2000,1,8
era5,10/9/1999,0,2000,1,9
era5,10/10/1999,0,2000,1,10
era5,10/11/1999,0,2000,1,11
era5,10/12/1999,0,2000,1,12
era5,10/13/1999,0,2000,1,13
era5,10/14/1999,0,2000,1,14
era5,10/15/1999,0,2000,1,15
era5,10/16/1999,0,2000,1,16
era5,10/17/1999,0,2000,1,17
era5,10/18/1999,0,2000,1,18
era5,10/19/1999,0,2000,1,19
era5,10/20/1999,0,2000,1,20
era5,10/21/1999,0,2000,1,21
era5,10/22/1999,0,2000,1,22
era5,10/23/1999,0,2000,1,23
era5,10/24/1999,0,2000,1,24
era5,10/25/1999,0,2000,1,25
era5,10/26/1999,0,2000,1,26
era5,10/27/1999,0,2000,1,27
era5,10/28/1999,1.679637594,2000,1,28
era5,10/29/1999,2.76567695,2000,1,29
era5,10/30/1999,1.799875821,2000,1,30
era5,10/31/1999,0.999755076,2000,1,31
era5,11/1/1999,0.611711941,2000,2,32
era5,11/2/1999,0.566862029,2000,2,33
era5,11/3/1999,0.529118382,2000,2,34
era5,11/4/1999,0.482697382,2000,2,35
era5,11/5/1999,0.389872165,2000,2,36
era5,11/6/1999,0.283543324,2000,2,37
era5,11/7/1999,0.196906068,2000,2,38
era5,11/8/1999,9.20074659,2000,2,39
era5,11/9/1999,15.65048718,2000,2,40
era5,11/10/1999,13.41089089,2000,2,41
era5,11/11/1999,10.20009486,2000,2,42
era5,11/12/1999,6.420886184,2000,2,43
era5,11/13/1999,4.263931314,2000,2,44
era5,11/14/1999,2.815490882,2000,2,45
era5,11/15/1999,2.023617672,2000,2,46
era5,11/16/1999,1.833022576,2000,2,47
era5,11/17/1999,7.517890964,2000,2,48
era5,11/18/1999,10.4642165,2000,2,49
era5,11/19/1999,9.593680048,2000,2,50
era5,11/20/1999,24.53976443,2000,2,51
era5,11/21/1999,26.74098224,2000,2,52
era5,11/22/1999,26.93583611,2000,2,53
era5,11/23/1999,26.89015653,2000,2,54
era5,11/24/1999,26.79976563,2000,2,55
era5,11/25/1999,26.47087433,2000,2,56
era5,11/26/1999,25.35321379,2000,2,57
era5,11/27/1999,24.07767919,2000,2,58
era5,11/28/1999,23.15759207,2000,2,59
era5,11/29/1999,21.65438706,2000,2,60
era5,11/30/1999,19.69955329,2000,2,61
era5,12/1/1999,21.58729741,2000,3,62
era5,12/2/1999,22.41893963,2000,3,63
era5,12/3/1999,22.12616536,2000,3,64
era5,12/4/1999,21.7519696,2000,3,65
era5,12/5/1999,20.79091768,2000,3,66
era5,12/6/1999,20.20181424,2000,3,67
era5,12/7/1999,19.62440247,2000,3,68
era5,12/8/1999,19.58264777,2000,3,69
era5,12/9/1999,19.55870173,2000,3,70
era5,12/10/1999,26.58800981,2000,3,71
era5,12/11/1999,27.25500162,2000,3,72
era5,12/12/1999,26.67351386,2000,3,73
era5,12/13/1999,26.23933079,2000,3,74
era5,12/14/1999,26.27393913,2000,3,75
era5,12/15/1999,26.05102209,2000,3,76
era5,12/16/1999,25.15693128,2000,3,77
era5,12/17/1999,23.99069511,2000,3,78
era5,12/18/1999,22.92931622,2000,3,79
era5,12/19/1999,21.98031101,2000,3,80
era5,12/20/1999,19.79435044,2000,3,81
era5,12/21/1999,18.75848341,2000,3,82
era5,12/22/1999,18.41869909,2000,3,83
era5,12/23/1999,18.04005094,2000,3,84
era5,12/24/1999,17.41399059,2000,3,85
era5,12/25/1999,17.00921998,2000,3,86
era5,12/26/1999,16.63381279,2000,3,87
era5,12/27/1999,16.97010228,2000,3,88
era5,12/28/1999,16.88101372,2000,3,89
era5,12/29/1999,16.54810632,2000,3,90
era5,12/30/1999,16.22417655,2000,3,91
era5,12/31/1999,15.89903764,2000,3,92
era5,1/1/2000,16.68022623,2000,4,93
era5,1/2/2000,18.13657878,2000,4,94
era5,1/3/2000,18.47093134,2000,4,95
era5,1/4/2000,17.97979651,2000,4,96
era5,1/5/2000,17.8304647,2000,4,97
era5,1/6/2000,17.77071782,2000,4,98
era5,1/7/2000,17.39234567,2000,4,99
era5,1/8/2000,16.98295043,2000,4,100
era5,1/9/2000,16.35244783,2000,4,101
era5,1/10/2000,16.76620428,2000,4,102
era5,1/11/2000,16.77571545,2000,4,103
era5,1/12/2000,27.11617255,2000,4,104
era5,1/13/2000,29.51934119,2000,4,105
era5,1/14/2000,28.94927161,2000,4,106
era5,1/15/2000,30.44773036,2000,4,107
era5,1/16/2000,47.15198871,2000,4,108
era5,1/17/2000,64.63759486,2000,4,109
era5,1/18/2000,84.05933405,2000,4,110
era5,1/19/2000,103.5947524,2000,4,111
era5,1/20/2000,105.8464692,2000,4,112
era5,1/21/2000,106.7415578,2000,4,113
era5,1/22/2000,109.5341548,2000,4,114
era5,1/23/2000,111.7413586,2000,4,115
era5,1/24/2000,139.9772957,2000,4,116
era5,1/25/2000,190.4660637,2000,4,117
era5,1/26/2000,209.353219,2000,4,118
era5,1/27/2000,210.7867827,2000,4,119
era5,1/28/2000,210.5509005,2000,4,120
era5,1/29/2000,210.5998285,2000,4,121
era5,1/30/2000,214.5927291,2000,4,122
era5,1/31/2000,251.8203939,2000,4,123
era5,2/1/2000,254.9270161,2000,5,124
era5,2/2/2000,253.5880911,2000,5,125
era5,2/3/2000,249.9483188,2000,5,126
era5,2/4/2000,250.0356628,2000,5,127
era5,2/5/2000,250.4554274,2000,5,128
era5,2/6/2000,251.1337541,2000,5,129
era5,2/7/2000,248.7599394,2000,5,130
era5,2/8/2000,245.5814648,2000,5,131
era5,2/9/2000,242.8888671,2000,5,132
era5,2/10/2000,248.1515667,2000,5,133
era5,2/11/2000,277.7412344,2000,5,134
era5,2/12/2000,317.3734322,2000,5,135
era5,2/13/2000,354.0551475,2000,5,136
era5,2/14/2000,435.2982818,2000,5,137
era5,2/15/2000,472.0838865,2000,5,138
era5,2/16/2000,473.927435,2000,5,139
era5,2/17/2000,487.2474906,2000,5,140
era5,2/18/2000,489.9176424,2000,5,141
era5,2/19/2000,489.0367303,2000,5,142
era5,2/20/2000,488.3979232,2000,5,143
era5,2/21/2000,511.0647891,2000,5,144
era5,2/22/2000,522.6878965,2000,5,145
era5,2/23/2000,557.2819182,2000,5,146
era5,2/24/2000,588.5211226,2000,5,147
era5,2/25/2000,590.9613988,2000,5,148
era5,2/26/2000,592.6437124,2000,5,149
era5,2/27/2000,608.5766788,2000,5,150
era5,2/28/2000,656.1062894,2000,5,151
era5,2/29/2000,663.59911,2000,5,152
era5,3/1/2000,674.0568774,2000,6,153
era5,3/2/2000,674.0685597,2000,6,154
era5,3/3/2000,675.5239529,2000,6,155
era5,3/4/2000,672.8359779,2000,6,156
era5,3/5/2000,678.6443782,2000,6,157
era5,3/6/2000,699.2054606,2000,6,158
era5,3/7/2000,703.7904397,2000,6,159
era5,3/8/2000,718.6261276,2000,6,160
era5,3/9/2000,755.6780409,2000,6,161
era5,3/10/2000,765.0092485,2000,6,162
era5,3/11/2000,765.1627253,2000,6,163
era5,3/12/2000,762.9168982,2000,6,164
era5,3/13/2000,758.9797906,2000,6,165
era5,3/14/2000,754.1260991,2000,6,166
era5,3/15/2000,748.7160909,2000,6,167
era5,3/16/2000,742.8620782,2000,6,168
era5,3/17/2000,736.077975,2000,6,169
era5,3/18/2000,730.4721241,2000,6,170
era5,3/19/2000,723.3157329,2000,6,171
era5,3/20/2000,716.8520115,2000,6,172
era5,3/21/2000,716.0874556,2000,6,173
era5,3/22/2000,713.8728538,2000,6,174
era5,3/23/2000,709.3468556,2000,6,175
era5,3/24/2000,703.0993309,2000,6,176
era5,3/25/2000,696.7299462,2000,6,177
era5,3/26/2000,688.8233353,2000,6,178
era5,3/27/2000,680.3381409,2000,6,179
era5,3/28/2000,673.0205497,2000,6,180
era5,3/29/2000,668.7488321,2000,6,181
era5,3/30/2000,662.840654,2000,6,182
era5,3/31/2000,655.154609,2000,6,183
era5,4/1/2000,649.8842115,2000,7,184
era5,4/2/2000,641.4235027,2000,7,185
era5,4/3/2000,627.4767379,2000,7,186
era5,4/4/2000,611.6455919,2000,7,187
era5,4/5/2000,596.051302,2000,7,188
era5,4/6/2000,583.1841891,2000,7,189
era5,4/7/2000,571.6717076,2000,7,190
era5,4/8/2000,559.2870278,2000,7,191
era5,4/9/2000,546.6235665,2000,7,192
era5,4/10/2000,537.1398535,2000,7,193
era5,4/11/2000,524.0417649,2000,7,194
era5,4/12/2000,509.0469148,2000,7,195
era5,4/13/2000,497.0807191,2000,7,196
era5,4/14/2000,505.1353455,2000,7,197
era5,4/15/2000,509.6763142,2000,7,198
era5,4/16/2000,508.8646776,2000,7,199
era5,4/17/2000,526.3761347,2000,7,200
era5,4/18/2000,569.8792666,2000,7,201
era5,4/19/2000,577.8054419,2000,7,202
era5,4/20/2000,575.9454845,2000,7,203
era5,4/21/2000,568.2595402,2000,7,204
era5,4/22/2000,560.745559,2000,7,205
era5,4/23/2000,553.3732415,2000,7,206
era5,4/24/2000,546.5091175,2000,7,207
era5,4/25/2000,537.1438407,2000,7,208
era5,4/26/2000,524.0375721,2000,7,209
era5,4/27/2000,507.2891632,2000,7,210
era5,4/28/2000,492.2342805,2000,7,211
era5,4/29/2000,485.3137806,2000,7,212
era5,4/30/2000,475.0618865,2000,7,213
era5,5/1/2000,459.3482988,2000,8,214
era5,5/2/2000,443.1212503,2000,8,215
era5,5/3/2000,427.8725509,2000,8,216
era5,5/4/2000,412.1585058,2000,8,217
era5,5/5/2000,396.0725833,2000,8,218
era5,5/6/2000,383.6661925,2000,8,219
era5,5/7/2000,376.6501886,2000,8,220
era5,5/8/2000,377.5353588,2000,8,221
era5,5/9/2000,371.2532081,2000,8,222
era5,5/10/2000,362.7678063,2000,8,223
era5,5/11/2000,361.6328221,2000,8,224
era5,5/12/2000,360.6189067,2000,8,225
era5,5/13/2000,356.5873082,2000,8,226
era5,5/14/2000,349.2718916,2000,8,227
era5,5/15/2000,343.6169064,2000,8,228
era5,5/16/2000,350.9349435,2000,8,229
era5,5/17/2000,358.5403587,2000,8,230
era5,5/18/2000,350.5453318,2000,8,231
era5,5/19/2000,338.3746952,2000,8,232
era5,5/20/2000,323.3548379,2000,8,233
era5,5/21/2000,306.9285518,2000,8,234
era5,5/22/2000,290.822725,2000,8,235
era5,5/23/2000,275.1796147,2000,8,236
era5,5/24/2000,261.6670098,2000,8,237
era5,5/25/2000,249.9633574,2000,8,238
era5,5/26/2000,238.5634331,2000,8,239
era5,5/27/2000,226.7689059,2000,8,240
era5,5/28/2000,212.3934104,2000,8,241
era5,5/29/2000,198.9462268,2000,8,242
era5,5/30/2000,187.2536729,2000,8,243
era5,5/31/2000,178.3176211,2000,8,244
era5,6/1/2000,171.6187581,2000,9,245
era5,6/2/2000,163.1965116,2000,9,246
era5,6/3/2000,154.972882,2000,9,247
era5,6/4/2000,145.2286292,2000,9,248
era5,6/5/2000,135.79416,2000,9,249
era5,6/6/2000,127.843348,2000,9,250
era5,6/7/2000,119.9274265,2000,9,251
era5,6/8/2000,114.6751767,2000,9,252
era5,6/9/2000,116.0798314,2000,9,253
era5,6/10/2000,113.5332517,2000,9,254
era5,6/11/2000,109.9705195,2000,9,255
era5,6/12/2000,104.8678232,2000,9,256
era5,6/13/2000,96.6389985,2000,9,257
era5,6/14/2000,86.72649553,2000,9,258
era5,6/15/2000,77.20521735,2000,9,259
era5,6/16/2000,68.66004029,2000,9,260
era5,6/17/2000,61.183729,2000,9,261
era5,6/18/2000,54.00908328,2000,9,262
era5,6/19/2000,47.88213394,2000,9,263
era5,6/20/2000,42.11233184,2000,9,264
era5,6/21/2000,36.23150482,2000,9,265
era5,6/22/2000,30.90224156,2000,9,266
era5,6/23/2000,25.41395788,2000,9,267
era5,6/24/2000,21.06898314,2000,9,268
era5,6/25/2000,17.96801441,2000,9,269
era5,6/26/2000,14.47320241,2000,9,270
era5,6/27/2000,10.85532587,2000,9,271
era5,6/28/2000,7.915484706,2000,9,272
era5,6/29/2000,5.691302059,2000,9,273
era5,6/30/2000,3.635794588,2000,9,274
era5,7/1/2000,1.688275118,2000,10,275
era5,7/2/2000,0.417620488,2000,10,276
era5,7/3/2000,0,2000,10,277
era5,7/4/2000,0,2000,10,278
era5,7/5/2000,0,2000,10,279
era5,7/6/2000,0,2000,10,280
era5,7/7/2000,0,2000,10,281
era5,7/8/2000,0,2000,10,282
era5,7/9/2000,0,2000,10,283
era5,7/10/2000,0,2000,10,284
era5,7/11/2000,0,2000,10,285
era5,7/12/2000,0,2000,10,286
era5,7/13/2000,0,2000,10,287
era5,7/14/2000,0,2000,10,288
era5,7/15/2000,0,2000,10,289
era5,7/16/2000,0,2000,10,290
era5,7/17/2000,0,2000,10,291
era5,7/18/2000,0,2000,10,292
era5,7/19/2000,0,2000,10,293
era5,7/20/2000,0,2000,10,294
era5,7/21/2000,0,2000,10,295
era5,7/22/2000,0,2000,10,296
era5,7/23/2000,0,2000,10,297
era5,7/24/2000,0,2000,10,298
era5,7/25/2000,0,2000,10,299
era5,7/26/2000,0,2000,10,300
era5,7/27/2000,0,2000,10,301
era5,7/28/2000,0,2000,10,302
era5,7/29/2000,0,2000,10,303
era5,7/30/2000,0,2000,10,304
era5,7/31/2000,0,2000,10,305
era5,8/1/2000,0,2000,11,306
era5,8/2/2000,0,2000,11,307
era5,8/3/2000,0,2000,11,308
era5,8/4/2000,0,2000,11,309
era5,8/5/2000,0,2000,11,310
era5,8/6/2000,0,2000,11,311
era5,8/7/2000,0,2000,11,312
era5,8/8/2000,0,2000,11,313
era5,8/9/2000,0,2000,11,314
era5,8/10/2000,0,2000,11,315
era5,8/11/2000,0,2000,11,316
era5,8/12/2000,0,2000,11,317
era5,8/13/2000,0,2000,11,318
era5,8/14/2000,0,2000,11,319
era5,8/15/2000,0,2000,11,320
era5,8/16/2000,0,2000,11,321
era5,8/17/2000,0,2000,11,322
era5,8/18/2000,0,2000,11,323
era5,8/19/2000,0,2000,11,324
era5,8/20/2000,0,2000,11,325
era5,8/21/2000,0,2000,11,326
era5,8/22/2000,0,2000,11,327
era5,8/23/2000,0,2000,11,328
era5,8/24/2000,0,2000,11,329
era5,8/25/2000,0,2000,11,330
era5,8/26/2000,0,2000,11,331
era5,8/27/2000,0,2000,11,332
era5,8/28/2000,0,2000,11,333
era5,8/29/2000,0,2000,11,334
era5,8/30/2000,0,2000,11,335
era5,8/31/2000,0,2000,11,336
era5,9/1/2000,3.01E-05,2000,12,337
era5,9/2/2000,0.784233839,2000,12,338
era5,9/3/2000,0.957549521,2000,12,339
era5,9/4/2000,0.384193859,2000,12,340
era5,9/5/2000,0,2000,12,341
era5,9/6/2000,0,2000,12,342
era5,9/7/2000,0,2000,12,343
era5,9/8/2000,0,2000,12,344
era5,9/9/2000,0,2000,12,345
era5,9/10/2000,0,2000,12,346
era5,9/11/2000,0,2000,12,347
era5,9/12/2000,0,2000,12,348
era5,9/13/2000,0,2000,12,349
era5,9/14/2000,0,2000,12,350
era5,9/15/2000,0,2000,12,351
era5,9/16/2000,0,2000,12,352
era5,9/17/2000,0,2000,12,353
era5,9/18/2000,0,2000,12,354
era5,9/19/2000,0,2000,12,355
era5,9/20/2000,0,2000,12,356
era5,9/21/2000,0,2000,12,357
era5,9/22/2000,0,2000,12,358
era5,9/23/2000,0,2000,12,359
era5,9/24/2000,0,2000,12,360
era5,9/25/2000,0,2000,12,361
era5,9/26/2000,0,2000,12,362
era5,9/27/2000,0,2000,12,363
era5,9/28/2000,0,2000,12,364
era5,9/29/2000,0,2000,12,365
era5,9/30/2000,0,2000,12,366
era5,10/1/2000,0,2001,1,1
era5,10/2/2000,0,2001,1,2
era5,10/3/2000,0,2001,1,3
era5,10/4/2000,0,2001,1,4
era5,10/5/2000,0,2001,1,5
era5,10/6/2000,0,2001,1,6
era5,10/7/2000,0,2001,1,7
era5,10/8/2000,0,2001,1,8
era5,10/9/2000,3.11E-06,2001,1,9
era5,10/10/2000,6.377403051,2001,1,10
era5,10/11/2000,14.23272597,2001,1,11
era5,10/12/2000,21.4710409,2001,1,12
era5,10/13/2000,23.08285741,2001,1,13
era5,10/14/2000,20.26726122,2001,1,14
era5,10/15/2000,16.33127274,2001,1,15
era5,10/16/2000,12.63255881,2001,1,16
era5,10/17/2000,9.294766093,2001,1,17
era5,10/18/2000,6.849404462,2001,1,18
era5,10/19/2000,4.595474185,2001,1,19
era5,10/20/2000,3.402128606,2001,1,20
era5,10/21/2000,2.770281475,2001,1,21
era5,10/22/2000,3.06505297,2001,1,22
era5,10/23/2000,3.773043567,2001,1,23
era5,10/24/2000,3.626823893,2001,1,24
era5,10/25/2000,3.304748365,2001,1,25
era5,10/26/2000,6.64493919,2001,1,26
era5,10/27/2000,13.26801995,2001,1,27
era5,10/28/2000,15.78993358,2001,1,28
era5,10/29/2000,33.37590948,2001,1,29
era5,10/30/2000,53.42666112,2001,1,30
era5,10/31/2000,56.64204444,2001,1,31
era5,11/1/2000,56.31912812,2001,2,32
era5,11/2/2000,55.35303957,2001,2,33
era5,11/3/2000,53.70553611,2001,2,34
era5,11/4/2000,52.36816101,2001,2,35
era5,11/5/2000,50.87530146,2001,2,36
era5,11/6/2000,48.22616055,2001,2,37
era5,11/7/2000,47.4808515,2001,2,38
era5,11/8/2000,46.87229324,2001,2,39
era5,11/9/2000,46.62388095,2001,2,40
era5,11/10/2000,50.81949284,2001,2,41
era5,11/11/2000,55.88866774,2001,2,42
era5,11/12/2000,57.14976124,2001,2,43
era5,11/13/2000,57.09713803,2001,2,44
era5,11/14/2000,58.9952396,2001,2,45
era5,11/15/2000,61.86841737,2001,2,46
era5,11/16/2000,63.28968772,2001,2,47
era5,11/17/2000,63.29086277,2001,2,48
era5,11/18/2000,63.13253494,2001,2,49
era5,11/19/2000,62.65058341,2001,2,50
era5,11/20/2000,61.37651981,2001,2,51
era5,11/21/2000,60.07443855,2001,2,52
era5,11/22/2000,59.68863164,2001,2,53
era5,11/23/2000,59.77256822,2001,2,54
era5,11/24/2000,58.69552086,2001,2,55
era5,11/25/2000,57.34628023,2001,2,56
era5,11/26/2000,55.86089229,2001,2,57
era5,11/27/2000,53.85157528,2001,2,58
era5,11/28/2000,51.69580282,2001,2,59
era5,11/29/2000,49.44206588,2001,2,60
era5,11/30/2000,51.71341147,2001,2,61
era5,12/1/2000,50.8899541,2001,3,62
era5,12/2/2000,49.89393057,2001,3,63
era5,12/3/2000,48.5816648,2001,3,64
era5,12/4/2000,47.60515124,2001,3,65
era5,12/5/2000,46.65552132,2001,3,66
era5,12/6/2000,45.39999353,2001,3,67
era5,12/7/2000,44.33229006,2001,3,68
era5,12/8/2000,45.82938519,2001,3,69
era5,12/9/2000,47.18983852,2001,3,70
era5,12/10/2000,47.66057224,2001,3,71
era5,12/11/2000,47.84960716,2001,3,72
era5,12/12/2000,49.83932107,2001,3,73
era5,12/13/2000,52.19025079,2001,3,74
era5,12/14/2000,61.92279907,2001,3,75
era5,12/15/2000,71.27193214,2001,3,76
era5,12/16/2000,72.24525578,2001,3,77
era5,12/17/2000,71.34680812,2001,3,78
era5,12/18/2000,70.24498876,2001,3,79
era5,12/19/2000,69.14929118,2001,3,80
era5,12/20/2000,68.01393868,2001,3,81
era5,12/21/2000,66.78305412,2001,3,82
era5,12/22/2000,65.94400366,2001,3,83
era5,12/23/2000,65.60417841,2001,3,84
era5,12/24/2000,65.15488994,2001,3,85
era5,12/25/2000,64.75751453,2001,3,86
era5,12/26/2000,64.38184786,2001,3,87
era5,12/27/2000,63.48733514,2001,3,88
era5,12/28/2000,62.74206018,2001,3,89
era5,12/29/2000,61.81039151,2001,3,90
era5,12/30/2000,61.21088632,2001,3,91
era5,12/31/2000,60.87459185,2001,3,92
era5,1/1/2001,60.55989788,2001,4,93
era5,1/2/2001,59.89440909,2001,4,94
era5,1/3/2001,58.84572482,2001,4,95
era5,1/4/2001,57.74451559,2001,4,96
era5,1/5/2001,56.62912412,2001,4,97
era5,1/6/2001,55.85671382,2001,4,98
era5,1/7/2001,55.49065988,2001,4,99
era5,1/8/2001,57.89605839,2001,4,100
era5,1/9/2001,64.56770363,2001,4,101
era5,1/10/2001,65.95733221,2001,4,102
era5,1/11/2001,126.2492916,2001,4,103
era5,1/12/2001,153.2609275,2001,4,104
era5,1/13/2001,158.7687954,2001,4,105
era5,1/14/2001,159.6529758,2001,4,106
era5,1/15/2001,159.9024121,2001,4,107
era5,1/16/2001,160.7034978,2001,4,108
era5,1/17/2001,160.8810951,2001,4,109
era5,1/18/2001,160.7859864,2001,4,110
era5,1/19/2001,160.7091143,2001,4,111
era5,1/20/2001,160.7936268,2001,4,112
era5,1/21/2001,160.3373367,2001,4,113
era5,1/22/2001,159.8148319,2001,4,114
era5,1/23/2001,159.1362052,2001,4,115
era5,1/24/2001,173.3414135,2001,4,116
era5,1/25/2001,200.4115213,2001,4,117
era5,1/26/2001,216.8491426,2001,4,118
era5,1/27/2001,228.7154136,2001,4,119
era5,1/28/2001,230.4637942,2001,4,120
era5,1/29/2001,230.4898497,2001,4,121
era5,1/30/2001,230.5900066,2001,4,122
era5,1/31/2001,230.5252521,2001,4,123
era5,2/1/2001,230.440469,2001,5,124
era5,2/2/2001,230.2409941,2001,5,125
era5,2/3/2001,229.5209691,2001,5,126
era5,2/4/2001,225.9784712,2001,5,127
era5,2/5/2001,220.8762371,2001,5,128
era5,2/6/2001,216.5785466,2001,5,129
era5,2/7/2001,216.6993885,2001,5,130
era5,2/8/2001,216.9927392,2001,5,131
era5,2/9/2001,218.4978819,2001,5,132
era5,2/10/2001,249.7252614,2001,5,133
era5,2/11/2001,297.7506929,2001,5,134
era5,2/12/2001,346.9347338,2001,5,135
era5,2/13/2001,358.3951297,2001,5,136
era5,2/14/2001,365.7411165,2001,5,137
era5,2/15/2001,367.1619097,2001,5,138
era5,2/16/2001,367.2430265,2001,5,139
era5,2/17/2001,367.1556703,2001,5,140
era5,2/18/2001,372.2005197,2001,5,141
era5,2/19/2001,383.4044729,2001,5,142
era5,2/20/2001,427.6564503,2001,5,143
era5,2/21/2001,436.7873712,2001,5,144
era5,2/22/2001,440.8142509,2001,5,145
era5,2/23/2001,453.1653615,2001,5,146
era5,2/24/2001,458.3234626,2001,5,147
era5,2/25/2001,476.1710271,2001,5,148
era5,2/26/2001,478.798305,2001,5,149
era5,2/27/2001,481.9546991,2001,5,150
era5,2/28/2001,484.0192615,2001,5,151
era5,3/1/2001,486.0803268,2001,6,152
era5,3/2/2001,486.5277141,2001,6,153
era5,3/3/2001,488.4432244,2001,6,154
era5,3/4/2001,495.0845953,2001,6,155
era5,3/5/2001,558.1627153,2001,6,156
era5,3/6/2001,601.1652494,2001,6,157
era5,3/7/2001,609.4336806,2001,6,158
era5,3/8/2001,608.9347097,2001,6,159
era5,3/9/2001,609.1057788,2001,6,160
era5,3/10/2001,615.2189803,2001,6,161
era5,3/11/2001,616.0547924,2001,6,162
era5,3/12/2001,616.9641838,2001,6,163
era5,3/13/2001,615.8311468,2001,6,164
era5,3/14/2001,613.9693279,2001,6,165
era5,3/15/2001,611.7211685,2001,6,166
era5,3/16/2001,609.7537179,2001,6,167
era5,3/17/2001,607.7466538,2001,6,168
era5,3/18/2001,603.6021297,2001,6,169
era5,3/19/2001,597.1082788,2001,6,170
era5,3/20/2001,588.3327526,2001,6,171
era5,3/21/2001,577.9114012,2001,6,172
era5,3/22/2001,568.3598585,2001,6,173
era5,3/23/2001,560.7150509,2001,6,174
era5,3/24/2001,551.3946029,2001,6,175
era5,3/25/2001,542.1606174,2001,6,176
era5,3/26/2001,536.7840476,2001,6,177
era5,3/27/2001,529.3619816,2001,6,178
era5,3/28/2001,518.4066323,2001,6,179
era5,3/29/2001,504.6157679,2001,6,180
era5,3/30/2001,493.3642976,2001,6,181
era5,3/31/2001,481.1166868,2001,6,182
era5,4/1/2001,467.7517503,2001,7,183
era5,4/2/2001,458.1451421,2001,7,184
era5,4/3/2001,456.0055412,2001,7,185
era5,4/4/2001,455.9189766,2001,7,186
era5,4/5/2001,456.4309134,2001,7,187
era5,4/6/2001,463.4499596,2001,7,188
era5,4/7/2001,494.1640712,2001,7,189
era5,4/8/2001,523.6266046,2001,7,190
era5,4/9/2001,528.5976641,2001,7,191
era5,4/10/2001,534.1620437,2001,7,192
era5,4/11/2001,535.2296065,2001,7,193
era5,4/12/2001,541.663171,2001,7,194
era5,4/13/2001,542.1506303,2001,7,195
era5,4/14/2001,541.3745371,2001,7,196
era5,4/15/2001,539.2366141,2001,7,197
era5,4/16/2001,534.5158409,2001,7,198
era5,4/17/2001,526.5247509,2001,7,199
era5,4/18/2001,516.0529586,2001,7,200
era5,4/19/2001,512.1324588,2001,7,201
era5,4/20/2001,524.7976389,2001,7,202
era5,4/21/2001,544.9491246,2001,7,203
era5,4/22/2001,552.6169165,2001,7,204
era5,4/23/2001,548.172229,2001,7,205
era5,4/24/2001,536.6885456,2001,7,206
era5,4/25/2001,519.0913384,2001,7,207
era5,4/26/2001,499.9084294,2001,7,208
era5,4/27/2001,481.3108728,2001,7,209
era5,4/28/2001,466.4707405,2001,7,210
era5,4/29/2001,455.112015,2001,7,211
era5,4/30/2001,442.3815967,2001,7,212
era5,5/1/2001,423.369755,2001,8,213
era5,5/2/2001,406.553743,2001,8,214
era5,5/3/2001,399.4203367,2001,8,215
era5,5/4/2001,390.7599741,2001,8,216
era5,5/5/2001,377.625479,2001,8,217
era5,5/6/2001,361.0036226,2001,8,218
era5,5/7/2001,341.4084127,2001,8,219
era5,5/8/2001,318.3929336,2001,8,220
era5,5/9/2001,296.1108144,2001,8,221
era5,5/10/2001,280.2694208,2001,8,222
era5,5/11/2001,267.2823399,2001,8,223
era5,5/12/2001,254.1686983,2001,8,224
era5,5/13/2001,243.329747,2001,8,225
era5,5/14/2001,234.5490675,2001,8,226
era5,5/15/2001,224.6644821,2001,8,227
era5,5/16/2001,212.2337715,2001,8,228
era5,5/17/2001,199.7142926,2001,8,229
era5,5/18/2001,187.0179425,2001,8,230
era5,5/19/2001,176.1568277,2001,8,231
era5,5/20/2001,163.6838353,2001,8,232
era5,5/21/2001,150.6897624,2001,8,233
era5,5/22/2001,138.5336567,2001,8,234
era5,5/23/2001,125.7894022,2001,8,235
era5,5/24/2001,114.0432785,2001,8,236
era5,5/25/2001,103.5183297,2001,8,237
era5,5/26/2001,92.98174603,2001,8,238
era5,5/27/2001,83.60044656,2001,8,239
era5,5/28/2001,76.83223865,2001,8,240
era5,5/29/2001,71.48134259,2001,8,241
era5,5/30/2001,65.27418941,2001,8,242
era5,5/31/2001,57.70702556,2001,8,243
era5,6/1/2001,50.90877597,2001,9,244
era5,6/2/2001,45.99887735,2001,9,245
era5,6/3/2001,43.23306441,2001,9,246
era5,6/4/2001,40.81976147,2001,9,247
era5,6/5/2001,38.10726129,2001,9,248
era5,6/6/2001,34.44819765,2001,9,249
era5,6/7/2001,30.04813344,2001,9,250
era5,6/8/2001,25.47703462,2001,9,251
era5,6/9/2001,21.32185153,2001,9,252
era5,6/10/2001,18.36954744,2001,9,253
era5,6/11/2001,16.39666706,2001,9,254
era5,6/12/2001,14.67015012,2001,9,255
era5,6/13/2001,12.85259682,2001,9,256
era5,6/14/2001,11.26273626,2001,9,257
era5,6/15/2001,9.788593529,2001,9,258
era5,6/16/2001,8.333068824,2001,9,259
era5,6/17/2001,6.73218,2001,9,260
era5,6/18/2001,5.167016471,2001,9,261
era5,6/19/2001,3.686298735,2001,9,262
era5,6/20/2001,2.31000072,2001,9,263
era5,6/21/2001,1.348021676,2001,9,264
era5,6/22/2001,0.354649647,2001,9,265
era5,6/23/2001,0,2001,9,266
era5,6/24/2001,0,2001,9,267
era5,6/25/2001,0,2001,9,268
era5,6/26/2001,0,2001,9,269
era5,6/27/2001,0,2001,9,270
era5,6/28/2001,0,2001,9,271
era5,6/29/2001,0,2001,9,272
era5,6/30/2001,0,2001,9,273
era5,7/1/2001,0,2001,10,274
era5,7/2/2001,0,2001,10,275
era5,7/3/2001,0,2001,10,276
era5,7/4/2001,0,2001,10,277
era5,7/5/2001,0,2001,10,278
era5,7/6/2001,0,2001,10,279
era5,7/7/2001,0,2001,10,280
era5,7/8/2001,0,2001,10,281
era5,7/9/2001,0,2001,10,282
era5,7/10/2001,0,2001,10,283
era5,7/11/2001,0,2001,10,284
era5,7/12/2001,0,2001,10,285
era5,7/13/2001,0,2001,10,286
era5,7/14/2001,0,2001,10,287
era5,7/15/2001,0,2001,10,288
era5,7/16/2001,0,2001,10,289
era5,7/17/2001,0,2001,10,290
era5,7/18/2001,0,2001,10,291
era5,7/19/2001,0,2001,10,292
era5,7/20/2001,0,2001,10,293
era5,7/21/2001,0,2001,10,294
era5,7/22/2001,0,2001,10,295
era5,7/23/2001,0,2001,10,296
era5,7/24/2001,0,2001,10,297
era5,7/25/2001,0,2001,10,298
era5,7/26/2001,0,2001,10,299
era5,7/27/2001,0,2001,10,300
era5,7/28/2001,0,2001,10,301
era5,7/29/2001,0,2001,10,302
era5,7/30/2001,0,2001,10,303
era5,7/31/2001,0,2001,10,304
era5,8/1/2001,0,2001,11,305
era5,8/2/2001,0,2001,11,306
era5,8/3/2001,0,2001,11,307
era5,8/4/2001,0,2001,11,308
era5,8/5/2001,0,2001,11,309
era5,8/6/2001,0,2001,11,310
era5,8/7/2001,0,2001,11,311
era5,8/8/2001,0,2001,11,312
era5,8/9/2001,0,2001,11,313
era5,8/10/2001,0,2001,11,314
era5,8/11/2001,0,2001,11,315
era5,8/12/2001,0,2001,11,316
era5,8/13/2001,0,2001,11,317
era5,8/14/2001,0,2001,11,318
era5,8/15/2001,0,2001,11,319
era5,8/16/2001,0,2001,11,320
era5,8/17/2001,0,2001,11,321
era5,8/18/2001,0,2001,11,322
era5,8/19/2001,0,2001,11,323
era5,8/20/2001,0,2001,11,324
era5,8/21/2001,0,2001,11,325
era5,8/22/2001,0,2001,11,326
era5,8/23/2001,0,2001,11,327
era5,8/24/2001,0,2001,11,328
era5,8/25/2001,0,2001,11,329
era5,8/26/2001,0,2001,11,330
era5,8/27/2001,0,2001,11,331
era5,8/28/2001,0,2001,11,332
era5,8/29/2001,0,2001,11,333
era5,8/30/2001,0,2001,11,334
era5,8/31/2001,0,2001,11,335
era5,9/1/2001,0,2001,12,336
era5,9/2/2001,0,2001,12,337
era5,9/3/2001,0,2001,12,338
era5,9/4/2001,0,2001,12,339
era5,9/5/2001,0,2001,12,340
era5,9/6/2001,0,2001,12,341
era5,9/7/2001,0,2001,12,342
era5,9/8/2001,0,2001,12,343
era5,9/9/2001,0,2001,12,344
era5,9/10/2001,0,2001,12,345
era5,9/11/2001,0,2001,12,346
era5,9/12/2001,0,2001,12,347
era5,9/13/2001,0,2001,12,348
era5,9/14/2001,0,2001,12,349
era5,9/15/2001,0,2001,12,350
era5,9/16/2001,0,2001,12,351
era5,9/17/2001,0,2001,12,352
era5,9/18/2001,0,2001,12,353
era5,9/19/2001,0,2001,12,354
era5,9/20/2001,0,2001,12,355
era5,9/21/2001,0,2001,12,356
era5,9/22/2001,0,2001,12,357
era5,9/23/2001,0,2001,12,358
era5,9/24/2001,0,2001,12,359
era5,9/25/2001,0,2001,12,360
era5,9/26/2001,0,2001,12,361
era5,9/27/2001,0,2001,12,362
era5,9/28/2001,0,2001,12,363
era5,9/29/2001,0,2001,12,364
era5,9/30/2001,0,2001,12,365
era5,10/1/2001,0,2002,1,1
era5,10/2/2001,0,2002,1,2
era5,10/3/2001,0,2002,1,3
era5,10/4/2001,0,2002,1,4
era5,10/5/2001,0,2002,1,5
era5,10/6/2001,0,2002,1,6
era5,10/7/2001,0,2002,1,7
era5,10/8/2001,0,2002,1,8
era5,10/9/2001,0,2002,1,9
era5,10/10/2001,0,2002,1,10
era5,10/11/2001,0,2002,1,11
era5,10/12/2001,0,2002,1,12
era5,10/13/2001,0,2002,1,13
era5,10/14/2001,0,2002,1,14
era5,10/15/2001,0,2002,1,15
era5,10/16/2001,0,2002,1,16
era5,10/17/2001,0,2002,1,17
era5,10/18/2001,0,2002,1,18
era5,10/19/2001,0,2002,1,19
era5,10/20/2001,0,2002,1,20
era5,10/21/2001,0,2002,1,21
era5,10/22/2001,0,2002,1,22
era5,10/23/2001,0,2002,1,23
era5,10/24/2001,0,2002,1,24
era5,10/25/2001,0,2002,1,25
era5,10/26/2001,0,2002,1,26
era5,10/27/2001,0,2002,1,27
era5,10/28/2001,0,2002,1,28
era5,10/29/2001,0,2002,1,29
era5,10/30/2001,3.283840152,2002,1,30
era5,10/31/2001,17.92245857,2002,1,31
era5,11/1/2001,17.83183625,2002,2,32
era5,11/2/2001,16.29232038,2002,2,33
era5,11/3/2001,14.31414446,2002,2,34
era5,11/4/2001,11.57827177,2002,2,35
era5,11/5/2001,8.988979356,2002,2,36
era5,11/6/2001,7.2982816,2002,2,37
era5,11/7/2001,6.439967735,2002,2,38
era5,11/8/2001,5.816493941,2002,2,39
era5,11/9/2001,5.075230674,2002,2,40
era5,11/10/2001,4.658900044,2002,2,41
era5,11/11/2001,6.027280551,2002,2,42
era5,11/12/2001,8.392358437,2002,2,43
era5,11/13/2001,27.70084522,2002,2,44
era5,11/14/2001,29.00031322,2002,2,45
era5,11/15/2001,26.13824763,2002,2,46
era5,11/16/2001,22.11558322,2002,2,47
era5,11/17/2001,19.33199916,2002,2,48
era5,11/18/2001,17.77491538,2002,2,49
era5,11/19/2001,16.35434603,2002,2,50
era5,11/20/2001,14.73951935,2002,2,51
era5,11/21/2001,13.47220008,2002,2,52
era5,11/22/2001,28.43405176,2002,2,53
era5,11/23/2001,36.20833469,2002,2,54
era5,11/24/2001,52.44596465,2002,2,55
era5,11/25/2001,121.1445541,2002,2,56
era5,11/26/2001,130.4981374,2002,2,57
era5,11/27/2001,130.8413249,2002,2,58
era5,11/28/2001,130.9260228,2002,2,59
era5,11/29/2001,151.3564275,2002,2,60
era5,11/30/2001,172.1193684,2002,2,61
era5,12/1/2001,175.3049423,2002,3,62
era5,12/2/2001,217.3558166,2002,3,63
era5,12/3/2001,286.6769231,2002,3,64
era5,12/4/2001,300.7812681,2002,3,65
era5,12/5/2001,301.6046994,2002,3,66
era5,12/6/2001,302.9947215,2002,3,67
era5,12/7/2001,302.5073722,2002,3,68
era5,12/8/2001,301.2639507,2002,3,69
era5,12/9/2001,300.124989,2002,3,70
era5,12/10/2001,299.8923381,2002,3,71
era5,12/11/2001,299.6296419,2002,3,72
era5,12/12/2001,299.5340579,2002,3,73
era5,12/13/2001,299.5597938,2002,3,74
era5,12/14/2001,310.1998415,2002,3,75
era5,12/15/2001,322.9582529,2002,3,76
era5,12/16/2001,323.2404276,2002,3,77
era5,12/17/2001,323.6428562,2002,3,78
era5,12/18/2001,325.94917,2002,3,79
era5,12/19/2001,325.7254562,2002,3,80
era5,12/20/2001,328.9639897,2002,3,81
era5,12/21/2001,361.0247959,2002,3,82
era5,12/22/2001,368.3091879,2002,3,83
era5,12/23/2001,384.5569047,2002,3,84
era5,12/24/2001,387.6884994,2002,3,85
era5,12/25/2001,387.8081874,2002,3,86
era5,12/26/2001,387.7263232,2002,3,87
era5,12/27/2001,386.8099168,2002,3,88
era5,12/28/2001,385.9782526,2002,3,89
era5,12/29/2001,398.00993,2002,3,90
era5,12/30/2001,410.0483924,2002,3,91
era5,12/31/2001,415.1279526,2002,3,92
era5,1/1/2002,416.254775,2002,4,93
era5,1/2/2002,415.4930991,2002,4,94
era5,1/3/2002,427.1885785,2002,4,95
era5,1/4/2002,431.4429297,2002,4,96
era5,1/5/2002,430.9081918,2002,4,97
era5,1/6/2002,430.9630838,2002,4,98
era5,1/7/2002,429.1648768,2002,4,99
era5,1/8/2002,425.629931,2002,4,100
era5,1/9/2002,423.1998009,2002,4,101
era5,1/10/2002,421.9922447,2002,4,102
era5,1/11/2002,420.8083382,2002,4,103
era5,1/12/2002,419.1581994,2002,4,104
era5,1/13/2002,417.3741347,2002,4,105
era5,1/14/2002,416.3958325,2002,4,106
era5,1/15/2002,415.9431882,2002,4,107
era5,1/16/2002,415.791704,2002,4,108
era5,1/17/2002,415.6838709,2002,4,109
era5,1/18/2002,415.5855536,2002,4,110
era5,1/19/2002,415.4500022,2002,4,111
era5,1/20/2002,415.2532893,2002,4,112
era5,1/21/2002,415.0530368,2002,4,113
era5,1/22/2002,416.5823938,2002,4,114
era5,1/23/2002,417.3211684,2002,4,115
era5,1/24/2002,417.2660161,2002,4,116
era5,1/25/2002,417.0086068,2002,4,117
era5,1/26/2002,417.0594824,2002,4,118
era5,1/27/2002,429.9802452,2002,4,119
era5,1/28/2002,447.0457891,2002,4,120
era5,1/29/2002,465.076086,2002,4,121
era5,1/30/2002,468.8564032,2002,4,122
era5,1/31/2002,468.9930765,2002,4,123
era5,2/1/2002,468.9252362,2002,5,124
era5,2/2/2002,468.84995,2002,5,125
era5,2/3/2002,468.7552321,2002,5,126
era5,2/4/2002,468.5884406,2002,5,127
era5,2/5/2002,468.3303394,2002,5,128
era5,2/6/2002,468.0855235,2002,5,129
era5,2/7/2002,467.7898081,2002,5,130
era5,2/8/2002,474.6261591,2002,5,131
era5,2/9/2002,476.40123,2002,5,132
era5,2/10/2002,475.3802311,2002,5,133
era5,2/11/2002,474.1493385,2002,5,134
era5,2/12/2002,473.1011153,2002,5,135
era5,2/13/2002,471.6435879,2002,5,136
era5,2/14/2002,472.1391175,2002,5,137
era5,2/15/2002,472.2120415,2002,5,138
era5,2/16/2002,473.7450808,2002,5,139
era5,2/17/2002,487.6547775,2002,5,140
era5,2/18/2002,509.5496954,2002,5,141
era5,2/19/2002,511.3246741,2002,5,142
era5,2/20/2002,518.6880276,2002,5,143
era5,2/21/2002,517.8096121,2002,5,144
era5,2/22/2002,513.8639415,2002,5,145
era5,2/23/2002,509.267512,2002,5,146
era5,2/24/2002,507.5334281,2002,5,147
era5,2/25/2002,505.392678,2002,5,148
era5,2/26/2002,501.9658376,2002,5,149
era5,2/27/2002,498.7024093,2002,5,150
era5,2/28/2002,495.3206335,2002,5,151
era5,3/1/2002,492.8701012,2002,6,152
era5,3/2/2002,492.2702894,2002,6,153
era5,3/3/2002,491.8469165,2002,6,154
era5,3/4/2002,491.4048024,2002,6,155
era5,3/5/2002,490.5802542,2002,6,156
era5,3/6/2002,491.1736499,2002,6,157
era5,3/7/2002,528.4242542,2002,6,158
era5,3/8/2002,547.0780485,2002,6,159
era5,3/9/2002,548.0389562,2002,6,160
era5,3/10/2002,548.1298881,2002,6,161
era5,3/11/2002,548.4545755,2002,6,162
era5,3/12/2002,545.9458543,2002,6,163
era5,3/13/2002,541.9837375,2002,6,164
era5,3/14/2002,542.0387726,2002,6,165
era5,3/15/2002,542.6739333,2002,6,166
era5,3/16/2002,546.6257085,2002,6,167
era5,3/17/2002,554.9248002,2002,6,168
era5,3/18/2002,561.6765105,2002,6,169
era5,3/19/2002,561.8584849,2002,6,170
era5,3/20/2002,561.1309539,2002,6,171
era5,3/21/2002,557.7666533,2002,6,172
era5,3/22/2002,553.5148451,2002,6,173
era5,3/23/2002,565.5004714,2002,6,174
era5,3/24/2002,588.1324954,2002,6,175
era5,3/25/2002,593.8091293,2002,6,176
era5,3/26/2002,592.9464522,2002,6,177
era5,3/27/2002,589.4416873,2002,6,178
era5,3/28/2002,583.8079617,2002,6,179
era5,3/29/2002,576.0587533,2002,6,180
era5,3/30/2002,567.4923731,2002,6,181
era5,3/31/2002,558.3855509,2002,6,182
era5,4/1/2002,548.2375892,2002,7,183
era5,4/2/2002,536.3913587,2002,7,184
era5,4/3/2002,523.5376188,2002,7,185
era5,4/4/2002,510.7535478,2002,7,186
era5,4/5/2002,498.4776111,2002,7,187
era5,4/6/2002,489.4224974,2002,7,188
era5,4/7/2002,480.2110066,2002,7,189
era5,4/8/2002,470.10201,2002,7,190
era5,4/9/2002,458.959526,2002,7,191
era5,4/10/2002,448.9586399,2002,7,192
era5,4/11/2002,438.4314643,2002,7,193
era5,4/12/2002,426.8518194,2002,7,194
era5,4/13/2002,414.3038252,2002,7,195
era5,4/14/2002,399.6100132,2002,7,196
era5,4/15/2002,383.9581366,2002,7,197
era5,4/16/2002,381.6227356,2002,7,198
era5,4/17/2002,385.8030807,2002,7,199
era5,4/18/2002,394.2438319,2002,7,200
era5,4/19/2002,396.5465312,2002,7,201
era5,4/20/2002,396.1327029,2002,7,202
era5,4/21/2002,394.6735848,2002,7,203
era5,4/22/2002,391.844381,2002,7,204
era5,4/23/2002,386.944474,2002,7,205
era5,4/24/2002,379.9898232,2002,7,206
era5,4/25/2002,371.9321063,2002,7,207
era5,4/26/2002,365.3228024,2002,7,208
era5,4/27/2002,363.6684621,2002,7,209
era5,4/28/2002,363.0106429,2002,7,210
era5,4/29/2002,361.2605923,2002,7,211
era5,4/30/2002,364.2356403,2002,7,212
era5,5/1/2002,366.7799777,2002,8,213
era5,5/2/2002,366.5144407,2002,8,214
era5,5/3/2002,361.9695805,2002,8,215
era5,5/4/2002,356.3967539,2002,8,216
era5,5/5/2002,350.173484,2002,8,217
era5,5/6/2002,342.7370365,2002,8,218
era5,5/7/2002,335.0706984,2002,8,219
era5,5/8/2002,328.273183,2002,8,220
era5,5/9/2002,322.5020017,2002,8,221
era5,5/10/2002,316.6107067,2002,8,222
era5,5/11/2002,313.3679195,2002,8,223
era5,5/12/2002,307.2961582,2002,8,224
era5,5/13/2002,297.0502801,2002,8,225
era5,5/14/2002,285.6013094,2002,8,226
era5,5/15/2002,274.8644869,2002,8,227
era5,5/16/2002,263.1106924,2002,8,228
era5,5/17/2002,250.1644085,2002,8,229
era5,5/18/2002,236.0158829,2002,8,230
era5,5/19/2002,223.30784,2002,8,231
era5,5/20/2002,219.362685,2002,8,232
era5,5/21/2002,237.6165468,2002,8,233
era5,5/22/2002,239.7092662,2002,8,234
era5,5/23/2002,235.2749588,2002,8,235
era5,5/24/2002,229.3633444,2002,8,236
era5,5/25/2002,222.5878317,2002,8,237
era5,5/26/2002,215.0329526,2002,8,238
era5,5/27/2002,207.4509238,2002,8,239
era5,5/28/2002,199.2373159,2002,8,240
era5,5/29/2002,189.090545,2002,8,241
era5,5/30/2002,177.5016166,2002,8,242
era5,5/31/2002,166.5461565,2002,8,243
era5,6/1/2002,156.7015025,2002,9,244
era5,6/2/2002,149.1790658,2002,9,245
era5,6/3/2002,142.5928937,2002,9,246
era5,6/4/2002,134.1177695,2002,9,247
era5,6/5/2002,123.8023208,2002,9,248
era5,6/6/2002,112.2366036,2002,9,249
era5,6/7/2002,102.6233727,2002,9,250
era5,6/8/2002,95.30269401,2002,9,251
era5,6/9/2002,89.87878697,2002,9,252
era5,6/10/2002,86.98134503,2002,9,253
era5,6/11/2002,83.59743147,2002,9,254
era5,6/12/2002,78.78406159,2002,9,255
era5,6/13/2002,73.12195231,2002,9,256
era5,6/14/2002,68.21019559,2002,9,257
era5,6/15/2002,64.13106676,2002,9,258
era5,6/16/2002,59.71969618,2002,9,259
era5,6/17/2002,54.78679765,2002,9,260
era5,6/18/2002,49.02021294,2002,9,261
era5,6/19/2002,43.54392906,2002,9,262
era5,6/20/2002,39.23292244,2002,9,263
era5,6/21/2002,35.02135753,2002,9,264
era5,6/22/2002,31.11530215,2002,9,265
era5,6/23/2002,27.57667574,2002,9,266
era5,6/24/2002,24.65306706,2002,9,267
era5,6/25/2002,21.72438479,2002,9,268
era5,6/26/2002,18.40902,2002,9,269
era5,6/27/2002,15.51817118,2002,9,270
era5,6/28/2002,13.15140338,2002,9,271
era5,6/29/2002,10.62707168,2002,9,272
era5,6/30/2002,7.837723118,2002,9,273
era5,7/1/2002,5.205560412,2002,10,274
era5,7/2/2002,3.699316176,2002,10,275
era5,7/3/2002,2.912572059,2002,10,276
era5,7/4/2002,1.995231471,2002,10,277
era5,7/5/2002,1.014018676,2002,10,278
era5,7/6/2002,0.212794429,2002,10,279
era5,7/7/2002,0,2002,10,280
era5,7/8/2002,0,2002,10,281
era5,7/9/2002,0,2002,10,282
era5,7/10/2002,0,2002,10,283
era5,7/11/2002,0,2002,10,284
era5,7/12/2002,0,2002,10,285
era5,7/13/2002,0,2002,10,286
era5,7/14/2002,0,2002,10,287
era5,7/15/2002,0,2002,10,288
era5,7/16/2002,0,2002,10,289
era5,7/17/2002,0,2002,10,290
era5,7/18/2002,0,2002,10,291
era5,7/19/2002,0,2002,10,292
era5,7/20/2002,0,2002,10,293
era5,7/21/2002,0,2002,10,294
era5,7/22/2002,0,2002,10,295
era5,7/23/2002,0,2002,10,296
era5,7/24/2002,0,2002,10,297
era5,7/25/2002,0,2002,10,298
era5,7/26/2002,0,2002,10,299
era5,7/27/2002,0,2002,10,300
era5,7/28/2002,0,2002,10,301
era5,7/29/2002,0,2002,10,302
era5,7/30/2002,0,2002,10,303
era5,7/31/2002,0,2002,10,304
era5,8/1/2002,0,2002,11,305
era5,8/2/2002,0,2002,11,306
era5,8/3/2002,0,2002,11,307
era5,8/4/2002,0,2002,11,308
era5,8/5/2002,0,2002,11,309
era5,8/6/2002,0,2002,11,310
era5,8/7/2002,0,2002,11,311
era5,8/8/2002,0,2002,11,312
era5,8/9/2002,0,2002,11,313
era5,8/10/2002,0,2002,11,314
era5,8/11/2002,0,2002,11,315
era5,8/12/2002,0,2002,11,316
era5,8/13/2002,0,2002,11,317
era5,8/14/2002,0,2002,11,318
era5,8/15/2002,0,2002,11,319
era5,8/16/2002,0,2002,11,320
era5,8/17/2002,0,2002,11,321
era5,8/18/2002,0,2002,11,322
era5,8/19/2002,0,2002,11,323
era5,8/20/2002,0,2002,11,324
era5,8/21/2002,0,2002,11,325
era5,8/22/2002,0,2002,11,326
era5,8/23/2002,0,2002,11,327
era5,8/24/2002,0,2002,11,328
era5,8/25/2002,0,2002,11,329
era5,8/26/2002,0,2002,11,330
era5,8/27/2002,0,2002,11,331
era5,8/28/2002,0,2002,11,332
era5,8/29/2002,0,2002,11,333
era5,8/30/2002,0,2002,11,334
era5,8/31/2002,0,2002,11,335
era5,9/1/2002,0,2002,12,336
era5,9/2/2002,0,2002,12,337
era5,9/3/2002,0,2002,12,338
era5,9/4/2002,0,2002,12,339
era5,9/5/2002,0,2002,12,340
era5,9/6/2002,1.41E-05,2002,12,341
era5,9/7/2002,0,2002,12,342
era5,9/8/2002,0,2002,12,343
era5,9/9/2002,0,2002,12,344
era5,9/10/2002,0,2002,12,345
era5,9/11/2002,0,2002,12,346
era5,9/12/2002,0,2002,12,347
era5,9/13/2002,0,2002,12,348
era5,9/14/2002,0,2002,12,349
era5,9/15/2002,0,2002,12,350
era5,9/16/2002,0,2002,12,351
era5,9/17/2002,0,2002,12,352
era5,9/18/2002,0,2002,12,353
era5,9/19/2002,0,2002,12,354
era5,9/20/2002,0,2002,12,355
era5,9/21/2002,0,2002,12,356
era5,9/22/2002,0,2002,12,357
era5,9/23/2002,0,2002,12,358
era5,9/24/2002,0,2002,12,359
era5,9/25/2002,0,2002,12,360
era5,9/26/2002,2.01E-05,2002,12,361
era5,9/27/2002,0.116916145,2002,12,362
era5,9/28/2002,0.213556292,2002,12,363
era5,9/29/2002,0.105724082,2002,12,364
era5,9/30/2002,0,2002,12,365
era5,10/1/2002,0.015644114,2003,1,1
era5,10/2/2002,0.259684309,2003,1,2
era5,10/3/2002,0.216355921,2003,1,3
era5,10/4/2002,0.017273768,2003,1,4
era5,10/5/2002,0,2003,1,5
era5,10/6/2002,0,2003,1,6
era5,10/7/2002,0,2003,1,7
era5,10/8/2002,0,2003,1,8
era5,10/9/2002,0,2003,1,9
era5,10/10/2002,0,2003,1,10
era5,10/11/2002,0,2003,1,11
era5,10/12/2002,0,2003,1,12
era5,10/13/2002,0,2003,1,13
era5,10/14/2002,0,2003,1,14
era5,10/15/2002,0,2003,1,15
era5,10/16/2002,0,2003,1,16
era5,10/17/2002,0.000420097,2003,1,17
era5,10/18/2002,0,2003,1,18
era5,10/19/2002,0,2003,1,19
era5,10/20/2002,0,2003,1,20
era5,10/21/2002,0,2003,1,21
era5,10/22/2002,0,2003,1,22
era5,10/23/2002,0,2003,1,23
era5,10/24/2002,0,2003,1,24
era5,10/25/2002,0.000118112,2003,1,25
era5,10/26/2002,0.03296186,2003,1,26
era5,10/27/2002,0.010094059,2003,1,27
era5,10/28/2002,0.004036167,2003,1,28
era5,10/29/2002,0.003812136,2003,1,29
era5,10/30/2002,0.003673994,2003,1,30
era5,10/31/2002,0.003292932,2003,1,31
era5,11/1/2002,0.002869421,2003,2,32
era5,11/2/2002,0.002586768,2003,2,33
era5,11/3/2002,0.002442319,2003,2,34
era5,11/4/2002,0.003030785,2003,2,35
era5,11/5/2002,0.002892391,2003,2,36
era5,11/6/2002,0.002683061,2003,2,37
era5,11/7/2002,3.252774598,2003,2,38
era5,11/8/2002,50.98237728,2003,2,39
era5,11/9/2002,102.8562265,2003,2,40
era5,11/10/2002,118.9267165,2003,2,41
era5,11/11/2002,122.8558823,2003,2,42
era5,11/12/2002,121.5967892,2003,2,43
era5,11/13/2002,119.2251159,2003,2,44
era5,11/14/2002,117.9657547,2003,2,45
era5,11/15/2002,116.5631801,2003,2,46
era5,11/16/2002,115.5581398,2003,2,47
era5,11/17/2002,114.1899501,2003,2,48
era5,11/18/2002,113.6105615,2003,2,49
era5,11/19/2002,112.9282892,2003,2,50
era5,11/20/2002,110.449478,2003,2,51
era5,11/21/2002,107.4416191,2003,2,52
era5,11/22/2002,105.7046563,2003,2,53
era5,11/23/2002,104.8491467,2003,2,54
era5,11/24/2002,104.6712766,2003,2,55
era5,11/25/2002,104.7432534,2003,2,56
era5,11/26/2002,104.9173241,2003,2,57
era5,11/27/2002,104.7261796,2003,2,58
era5,11/28/2002,104.6096496,2003,2,59
era5,11/29/2002,104.7502812,2003,2,60
era5,11/30/2002,107.8674888,2003,2,61
era5,12/1/2002,109.9144862,2003,3,62
era5,12/2/2002,110.0859098,2003,3,63
era5,12/3/2002,110.5092548,2003,3,64
era5,12/4/2002,110.4770048,2003,3,65
era5,12/5/2002,110.3301568,2003,3,66
era5,12/6/2002,110.1450574,2003,3,67
era5,12/7/2002,110.6381948,2003,3,68
era5,12/8/2002,110.8752072,2003,3,69
era5,12/9/2002,110.768679,2003,3,70
era5,12/10/2002,111.6659268,2003,3,71
era5,12/11/2002,111.7831885,2003,3,72
era5,12/12/2002,111.7143681,2003,3,73
era5,12/13/2002,112.7108853,2003,3,74
era5,12/14/2002,120.2206153,2003,3,75
era5,12/15/2002,155.0728273,2003,3,76
era5,12/16/2002,199.2871315,2003,3,77
era5,12/17/2002,294.2349505,2003,3,78
era5,12/18/2002,321.4079153,2003,3,79
era5,12/19/2002,323.2388731,2003,3,80
era5,12/20/2002,362.7496629,2003,3,81
era5,12/21/2002,398.9456821,2003,3,82
era5,12/22/2002,411.5853774,2003,3,83
era5,12/23/2002,412.4394291,2003,3,84
era5,12/24/2002,412.4631956,2003,3,85
era5,12/25/2002,412.428975,2003,3,86
era5,12/26/2002,413.2370224,2003,3,87
era5,12/27/2002,421.3733056,2003,3,88
era5,12/28/2002,423.9509971,2003,3,89
era5,12/29/2002,465.0669309,2003,3,90
era5,12/30/2002,482.8948994,2003,3,91
era5,12/31/2002,500.1177962,2003,3,92
era5,1/1/2003,518.9022409,2003,4,93
era5,1/2/2003,519.0340524,2003,4,94
era5,1/3/2003,517.8135974,2003,4,95
era5,1/4/2003,515.0115512,2003,4,96
era5,1/5/2003,512.2130697,2003,4,97
era5,1/6/2003,507.1219406,2003,4,98
era5,1/7/2003,503.1461088,2003,4,99
era5,1/8/2003,498.6678768,2003,4,100
era5,1/9/2003,496.1493782,2003,4,101
era5,1/10/2003,496.4300424,2003,4,102
era5,1/11/2003,506.1551862,2003,4,103
era5,1/12/2003,506.4097676,2003,4,104
era5,1/13/2003,505.0710053,2003,4,105
era5,1/14/2003,503.6165388,2003,4,106
era5,1/15/2003,502.822181,2003,4,107
era5,1/16/2003,501.5864835,2003,4,108
era5,1/17/2003,497.8195547,2003,4,109
era5,1/18/2003,493.4086526,2003,4,110
era5,1/19/2003,490.7182312,2003,4,111
era5,1/20/2003,489.0449262,2003,4,112
era5,1/21/2003,488.1851322,2003,4,113
era5,1/22/2003,487.1901403,2003,4,114
era5,1/23/2003,487.0710322,2003,4,115
era5,1/24/2003,484.9419093,2003,4,116
era5,1/25/2003,482.7443985,2003,4,117
era5,1/26/2003,479.5840537,2003,4,118
era5,1/27/2003,476.2045326,2003,4,119
era5,1/28/2003,477.0083563,2003,4,120
era5,1/29/2003,475.3894456,2003,4,121
era5,1/30/2003,473.2029226,2003,4,122
era5,1/31/2003,467.2566666,2003,4,123
era5,2/1/2003,461.7032036,2003,5,124
era5,2/2/2003,458.8075006,2003,5,125
era5,2/3/2003,458.5963824,2003,5,126
era5,2/4/2003,458.3457587,2003,5,127
era5,2/5/2003,458.0483555,2003,5,128
era5,2/6/2003,457.8917926,2003,5,129
era5,2/7/2003,457.7943281,2003,5,130
era5,2/8/2003,457.6783445,2003,5,131
era5,2/9/2003,457.5712616,2003,5,132
era5,2/10/2003,457.3666067,2003,5,133
era5,2/11/2003,457.4403968,2003,5,134
era5,2/12/2003,464.1795981,2003,5,135
era5,2/13/2003,481.2372573,2003,5,136
era5,2/14/2003,487.6075559,2003,5,137
era5,2/15/2003,486.9733582,2003,5,138
era5,2/16/2003,495.4876718,2003,5,139
era5,2/17/2003,505.6527415,2003,5,140
era5,2/18/2003,505.6727125,2003,5,141
era5,2/19/2003,505.2896455,2003,5,142
era5,2/20/2003,507.098483,2003,5,143
era5,2/21/2003,506.6229788,2003,5,144
era5,2/22/2003,505.1831124,2003,5,145
era5,2/23/2003,504.0185521,2003,5,146
era5,2/24/2003,503.8891205,2003,5,147
era5,2/25/2003,512.4054896,2003,5,148
era5,2/26/2003,520.5826106,2003,5,149
era5,2/27/2003,524.1498204,2003,5,150
era5,2/28/2003,526.9322711,2003,5,151
era5,3/1/2003,527.4155351,2003,6,152
era5,3/2/2003,528.6156042,2003,6,153
era5,3/3/2003,528.2763534,2003,6,154
era5,3/4/2003,528.0852856,2003,6,155
era5,3/5/2003,528.5001596,2003,6,156
era5,3/6/2003,527.8729307,2003,6,157
era5,3/7/2003,526.4689263,2003,6,158
era5,3/8/2003,525.1013308,2003,6,159
era5,3/9/2003,523.282951,2003,6,160
era5,3/10/2003,521.4121762,2003,6,161
era5,3/11/2003,518.5281365,2003,6,162
era5,3/12/2003,514.1832928,2003,6,163
era5,3/13/2003,508.7087051,2003,6,164
era5,3/14/2003,505.8372194,2003,6,165
era5,3/15/2003,536.5223673,2003,6,166
era5,3/16/2003,575.7233494,2003,6,167
era5,3/17/2003,583.2403005,2003,6,168
era5,3/18/2003,590.5746452,2003,6,169
era5,3/19/2003,589.9152917,2003,6,170
era5,3/20/2003,588.8338171,2003,6,171
era5,3/21/2003,587.1058778,2003,6,172
era5,3/22/2003,583.1311413,2003,6,173
era5,3/23/2003,578.5941631,2003,6,174
era5,3/24/2003,579.2461786,2003,6,175
era5,3/25/2003,575.5289533,2003,6,176
era5,3/26/2003,570.6353985,2003,6,177
era5,3/27/2003,568.7054343,2003,6,178
era5,3/28/2003,566.9197014,2003,6,179
era5,3/29/2003,564.9306621,2003,6,180
era5,3/30/2003,560.5767584,2003,6,181
era5,3/31/2003,553.0705838,2003,6,182
era5,4/1/2003,545.4592388,2003,7,183
era5,4/2/2003,554.50012,2003,7,184
era5,4/3/2003,579.0577884,2003,7,185
era5,4/4/2003,587.099999,2003,7,186
era5,4/5/2003,601.129234,2003,7,187
era5,4/6/2003,602.0370579,2003,7,188
era5,4/7/2003,601.3925811,2003,7,189
era5,4/8/2003,598.8134998,2003,7,190
era5,4/9/2003,592.8289882,2003,7,191
era5,4/10/2003,584.5989622,2003,7,192
era5,4/11/2003,576.642281,2003,7,193
era5,4/12/2003,570.1007259,2003,7,194
era5,4/13/2003,598.620418,2003,7,195
era5,4/14/2003,643.3759805,2003,7,196
era5,4/15/2003,656.6004381,2003,7,197
era5,4/16/2003,659.3768713,2003,7,198
era5,4/17/2003,661.2024196,2003,7,199
era5,4/18/2003,665.1013735,2003,7,200
era5,4/19/2003,664.3093487,2003,7,201
era5,4/20/2003,660.3062268,2003,7,202
era5,4/21/2003,655.9757013,2003,7,203
era5,4/22/2003,660.8243015,2003,7,204
era5,4/23/2003,665.8356353,2003,7,205
era5,4/24/2003,663.3756857,2003,7,206
era5,4/25/2003,666.7981438,2003,7,207
era5,4/26/2003,668.7240847,2003,7,208
era5,4/27/2003,666.4413284,2003,7,209
era5,4/28/2003,668.6097666,2003,7,210
era5,4/29/2003,681.7123482,2003,7,211
era5,4/30/2003,684.5404966,2003,7,212
era5,5/1/2003,682.2650399,2003,8,213
era5,5/2/2003,678.8389537,2003,8,214
era5,5/3/2003,705.0061166,2003,8,215
era5,5/4/2003,729.3981653,2003,8,216
era5,5/5/2003,732.3405147,2003,8,217
era5,5/6/2003,727.9912526,2003,8,218
era5,5/7/2003,722.7165163,2003,8,219
era5,5/8/2003,724.2651085,2003,8,220
era5,5/9/2003,737.0693533,2003,8,221
era5,5/10/2003,738.0038275,2003,8,222
era5,5/11/2003,731.9357368,2003,8,223
era5,5/12/2003,722.1066948,2003,8,224
era5,5/13/2003,709.7233657,2003,8,225
era5,5/14/2003,696.552003,2003,8,226
era5,5/15/2003,684.1330091,2003,8,227
era5,5/16/2003,669.7663659,2003,8,228
era5,5/17/2003,654.6889044,2003,8,229
era5,5/18/2003,640.7913051,2003,8,230
era5,5/19/2003,628.1668097,2003,8,231
era5,5/20/2003,613.195793,2003,8,232
era5,5/21/2003,595.1961177,2003,8,233
era5,5/22/2003,573.8763174,2003,8,234
era5,5/23/2003,552.1096704,2003,8,235
era5,5/24/2003,529.8797923,2003,8,236
era5,5/25/2003,508.2249993,2003,8,237
era5,5/26/2003,488.8941898,2003,8,238
era5,5/27/2003,466.1551639,2003,8,239
era5,5/28/2003,439.8833182,2003,8,240
era5,5/29/2003,412.0521765,2003,8,241
era5,5/30/2003,385.8076879,2003,8,242
era5,5/31/2003,363.4361964,2003,8,243
era5,6/1/2003,344.2291016,2003,9,244
era5,6/2/2003,324.0838591,2003,9,245
era5,6/3/2003,302.8441765,2003,9,246
era5,6/4/2003,282.1985115,2003,9,247
era5,6/5/2003,262.927287,2003,9,248
era5,6/6/2003,244.981684,2003,9,249
era5,6/7/2003,228.5774704,2003,9,250
era5,6/8/2003,212.6157246,2003,9,251
era5,6/9/2003,198.1440892,2003,9,252
era5,6/10/2003,185.7780098,2003,9,253
era5,6/11/2003,176.0333826,2003,9,254
era5,6/12/2003,167.4723142,2003,9,255
era5,6/13/2003,158.9641361,2003,9,256
era5,6/14/2003,149.7551733,2003,9,257
era5,6/15/2003,139.8183136,2003,9,258
era5,6/16/2003,130.8045008,2003,9,259
era5,6/17/2003,121.5306047,2003,9,260
era5,6/18/2003,112.3358144,2003,9,261
era5,6/19/2003,104.1034298,2003,9,262
era5,6/20/2003,96.76130568,2003,9,263
era5,6/21/2003,90.43361316,2003,9,264
era5,6/22/2003,85.30414471,2003,9,265
era5,6/23/2003,80.70678765,2003,9,266
era5,6/24/2003,76.51708668,2003,9,267
era5,6/25/2003,72.16879097,2003,9,268
era5,6/26/2003,66.88296735,2003,9,269
era5,6/27/2003,60.73704532,2003,9,270
era5,6/28/2003,54.26118548,2003,9,271
era5,6/29/2003,48.20497471,2003,9,272
era5,6/30/2003,42.44758735,2003,9,273
era5,7/1/2003,37.14340247,2003,10,274
era5,7/2/2003,32.22876794,2003,10,275
era5,7/3/2003,27.01356435,2003,10,276
era5,7/4/2003,22.58929496,2003,10,277
era5,7/5/2003,18.11994588,2003,10,278
era5,7/6/2003,14.12301994,2003,10,279
era5,7/7/2003,11.09013722,2003,10,280
era5,7/8/2003,8.670609412,2003,10,281
era5,7/9/2003,7.100979118,2003,10,282
era5,7/10/2003,6.165286765,2003,10,283
era5,7/11/2003,5.196148529,2003,10,284
era5,7/12/2003,4.188558824,2003,10,285
era5,7/13/2003,3.051561176,2003,10,286
era5,7/14/2003,2.03342,2003,10,287
era5,7/15/2003,0.929268618,2003,10,288
era5,7/16/2003,0.129047421,2003,10,289
era5,7/17/2003,0,2003,10,290
era5,7/18/2003,0,2003,10,291
era5,7/19/2003,0,2003,10,292
era5,7/20/2003,0,2003,10,293
era5,7/21/2003,0,2003,10,294
era5,7/22/2003,0,2003,10,295
era5,7/23/2003,0,2003,10,296
era5,7/24/2003,0,2003,10,297
era5,7/25/2003,0,2003,10,298
era5,7/26/2003,0,2003,10,299
era5,7/27/2003,0,2003,10,300
era5,7/28/2003,0,2003,10,301
era5,7/29/2003,0,2003,10,302
era5,7/30/2003,0,2003,10,303
era5,7/31/2003,0,2003,10,304
era5,8/1/2003,0,2003,11,305
era5,8/2/2003,0,2003,11,306
era5,8/3/2003,0,2003,11,307
era5,8/4/2003,0,2003,11,308
era5,8/5/2003,0,2003,11,309
era5,8/6/2003,0,2003,11,310
era5,8/7/2003,0,2003,11,311
era5,8/8/2003,0,2003,11,312
era5,8/9/2003,0,2003,11,313
era5,8/10/2003,0,2003,11,314
era5,8/11/2003,0,2003,11,315
era5,8/12/2003,0,2003,11,316
era5,8/13/2003,0,2003,11,317
era5,8/14/2003,0,2003,11,318
era5,8/15/2003,0,2003,11,319
era5,8/16/2003,0,2003,11,320
era5,8/17/2003,0,2003,11,321
era5,8/18/2003,0,2003,11,322
era5,8/19/2003,0,2003,11,323
era5,8/20/2003,0,2003,11,324
era5,8/21/2003,0,2003,11,325
era5,8/22/2003,0,2003,11,326
era5,8/23/2003,0,2003,11,327
era5,8/24/2003,0,2003,11,328
era5,8/25/2003,0,2003,11,329
era5,8/26/2003,0,2003,11,330
era5,8/27/2003,0,2003,11,331
era5,8/28/2003,0,2003,11,332
era5,8/29/2003,0,2003,11,333
era5,8/30/2003,0,2003,11,334
era5,8/31/2003,0,2003,11,335
era5,9/1/2003,0,2003,12,336
era5,9/2/2003,0,2003,12,337
era5,9/3/2003,0,2003,12,338
era5,9/4/2003,0,2003,12,339
era5,9/5/2003,0,2003,12,340
era5,9/6/2003,0,2003,12,341
era5,9/7/2003,0,2003,12,342
era5,9/8/2003,0,2003,12,343
era5,9/9/2003,0,2003,12,344
era5,9/10/2003,0,2003,12,345
era5,9/11/2003,0,2003,12,346
era5,9/12/2003,0,2003,12,347
era5,9/13/2003,0,2003,12,348
era5,9/14/2003,0,2003,12,349
era5,9/15/2003,0,2003,12,350
era5,9/16/2003,0,2003,12,351
era5,9/17/2003,0,2003,12,352
era5,9/18/2003,0,2003,12,353
era5,9/19/2003,0,2003,12,354
era5,9/20/2003,0,2003,12,355
era5,9/21/2003,0,2003,12,356
era5,9/22/2003,0,2003,12,357
era5,9/23/2003,0,2003,12,358
era5,9/24/2003,0,2003,12,359
era5,9/25/2003,0,2003,12,360
era5,9/26/2003,0,2003,12,361
era5,9/27/2003,0,2003,12,362
era5,9/28/2003,0,2003,12,363
era5,9/29/2003,0,2003,12,364
era5,9/30/2003,0,2003,12,365
era5,10/1/2003,0,2004,1,1
era5,10/2/2003,0,2004,1,2
era5,10/3/2003,0,2004,1,3
era5,10/4/2003,0,2004,1,4
era5,10/5/2003,0,2004,1,5
era5,10/6/2003,0,2004,1,6
era5,10/7/2003,0,2004,1,7
era5,10/8/2003,0,2004,1,8
era5,10/9/2003,0,2004,1,9
era5,10/10/2003,0,2004,1,10
era5,10/11/2003,0,2004,1,11
era5,10/12/2003,0,2004,1,12
era5,10/13/2003,0,2004,1,13
era5,10/14/2003,0,2004,1,14
era5,10/15/2003,0,2004,1,15
era5,10/16/2003,0,2004,1,16
era5,10/17/2003,0,2004,1,17
era5,10/18/2003,0,2004,1,18
era5,10/19/2003,0,2004,1,19
era5,10/20/2003,0,2004,1,20
era5,10/21/2003,0,2004,1,21
era5,10/22/2003,0,2004,1,22
era5,10/23/2003,0,2004,1,23
era5,10/24/2003,0,2004,1,24
era5,10/25/2003,0,2004,1,25
era5,10/26/2003,0,2004,1,26
era5,10/27/2003,0,2004,1,27
era5,10/28/2003,0,2004,1,28
era5,10/29/2003,0,2004,1,29
era5,10/30/2003,0.00812608,2004,1,30
era5,10/31/2003,0.671090454,2004,1,31
era5,11/1/2003,5.337719091,2004,2,32
era5,11/2/2003,6.825943453,2004,2,33
era5,11/3/2003,8.9335615,2004,2,34
era5,11/4/2003,13.32976888,2004,2,35
era5,11/5/2003,13.33766674,2004,2,36
era5,11/6/2003,12.85945735,2004,2,37
era5,11/7/2003,12.11607413,2004,2,38
era5,11/8/2003,12.33829092,2004,2,39
era5,11/9/2003,35.32372746,2004,2,40
era5,11/10/2003,52.88084882,2004,2,41
era5,11/11/2003,53.3459535,2004,2,42
era5,11/12/2003,52.50531594,2004,2,43
era5,11/13/2003,52.17419864,2004,2,44
era5,11/14/2003,51.79503679,2004,2,45
era5,11/15/2003,52.22583757,2004,2,46
era5,11/16/2003,56.44101593,2004,2,47
era5,11/17/2003,56.62250683,2004,2,48
era5,11/18/2003,55.91052499,2004,2,49
era5,11/19/2003,53.66339441,2004,2,50
era5,11/20/2003,51.47163062,2004,2,51
era5,11/21/2003,50.2068285,2004,2,52
era5,11/22/2003,50.23885044,2004,2,53
era5,11/23/2003,50.14906126,2004,2,54
era5,11/24/2003,49.68005135,2004,2,55
era5,11/25/2003,49.29204782,2004,2,56
era5,11/26/2003,48.94720346,2004,2,57
era5,11/27/2003,48.57499347,2004,2,58
era5,11/28/2003,47.95277079,2004,2,59
era5,11/29/2003,46.45977772,2004,2,60
era5,11/30/2003,44.60827235,2004,2,61
era5,12/1/2003,43.4909846,2004,3,62
era5,12/2/2003,45.03094162,2004,3,63
era5,12/3/2003,44.52927229,2004,3,64
era5,12/4/2003,43.41015687,2004,3,65
era5,12/5/2003,42.61335741,2004,3,66
era5,12/6/2003,44.96682671,2004,3,67
era5,12/7/2003,61.80926873,2004,3,68
era5,12/8/2003,70.52898656,2004,3,69
era5,12/9/2003,70.68538851,2004,3,70
era5,12/10/2003,82.53796006,2004,3,71
era5,12/11/2003,106.6100881,2004,3,72
era5,12/12/2003,112.394163,2004,3,73
era5,12/13/2003,116.9929947,2004,3,74
era5,12/14/2003,130.1489889,2004,3,75
era5,12/15/2003,155.7088882,2004,3,76
era5,12/16/2003,156.1744205,2004,3,77
era5,12/17/2003,155.9015002,2004,3,78
era5,12/18/2003,154.8081189,2004,3,79
era5,12/19/2003,152.1543602,2004,3,80
era5,12/20/2003,150.8478557,2004,3,81
era5,12/21/2003,155.0264618,2004,3,82
era5,12/22/2003,155.6839906,2004,3,83
era5,12/23/2003,155.0877045,2004,3,84
era5,12/24/2003,169.5410687,2004,3,85
era5,12/25/2003,224.71943,2004,3,86
era5,12/26/2003,247.4342778,2004,3,87
era5,12/27/2003,249.8275306,2004,3,88
era5,12/28/2003,249.8846607,2004,3,89
era5,12/29/2003,257.1626266,2004,3,90
era5,12/30/2003,330.1351268,2004,3,91
era5,12/31/2003,350.6529063,2004,3,92
era5,1/1/2004,368.9742059,2004,4,93
era5,1/2/2004,448.6212653,2004,4,94
era5,1/3/2004,469.8871059,2004,4,95
era5,1/4/2004,473.0610262,2004,4,96
era5,1/5/2004,473.0318159,2004,4,97
era5,1/6/2004,472.8701594,2004,4,98
era5,1/7/2004,475.09204,2004,4,99
era5,1/8/2004,479.0857874,2004,4,100
era5,1/9/2004,479.0785871,2004,4,101
era5,1/10/2004,477.402635,2004,4,102
era5,1/11/2004,475.6392841,2004,4,103
era5,1/12/2004,473.6943332,2004,4,104
era5,1/13/2004,471.3889356,2004,4,105
era5,1/14/2004,468.8981479,2004,4,106
era5,1/15/2004,467.1764806,2004,4,107
era5,1/16/2004,465.9585982,2004,4,108
era5,1/17/2004,465.0127335,2004,4,109
era5,1/18/2004,463.8355106,2004,4,110
era5,1/19/2004,463.2896726,2004,4,111
era5,1/20/2004,462.8786465,2004,4,112
era5,1/21/2004,465.6159609,2004,4,113
era5,1/22/2004,465.8657768,2004,4,114
era5,1/23/2004,465.3013147,2004,4,115
era5,1/24/2004,464.7475097,2004,4,116
era5,1/25/2004,464.6219868,2004,4,117
era5,1/26/2004,464.5734185,2004,4,118
era5,1/27/2004,466.9061774,2004,4,119
era5,1/28/2004,477.8137406,2004,4,120
era5,1/29/2004,478.7896615,2004,4,121
era5,1/30/2004,478.5109994,2004,4,122
era5,1/31/2004,478.2172156,2004,4,123
era5,2/1/2004,478.1477294,2004,5,124
era5,2/2/2004,480.2828941,2004,5,125
era5,2/3/2004,512.5590776,2004,5,126
era5,2/4/2004,523.9168138,2004,5,127
era5,2/5/2004,525.0151824,2004,5,128
era5,2/6/2004,524.9474624,2004,5,129
era5,2/7/2004,526.8320753,2004,5,130
era5,2/8/2004,527.5773544,2004,5,131
era5,2/9/2004,527.4433026,2004,5,132
era5,2/10/2004,527.2293088,2004,5,133
era5,2/11/2004,526.9973003,2004,5,134
era5,2/12/2004,526.5628806,2004,5,135
era5,2/13/2004,526.0077732,2004,5,136
era5,2/14/2004,526.6023797,2004,5,137
era5,2/15/2004,526.8655771,2004,5,138
era5,2/16/2004,529.9680741,2004,5,139
era5,2/17/2004,538.3324838,2004,5,140
era5,2/18/2004,550.981775,2004,5,141
era5,2/19/2004,575.2901903,2004,5,142
era5,2/20/2004,576.2281479,2004,5,143
era5,2/21/2004,578.8822659,2004,5,144
era5,2/22/2004,589.0549353,2004,5,145
era5,2/23/2004,605.2748871,2004,5,146
era5,2/24/2004,607.9062209,2004,5,147
era5,2/25/2004,615.9354941,2004,5,148
era5,2/26/2004,711.9427121,2004,5,149
era5,2/27/2004,744.3303665,2004,5,150
era5,2/28/2004,750.5055841,2004,5,151
era5,2/29/2004,751.0154818,2004,5,152
era5,3/1/2004,752.1658735,2004,6,153
era5,3/2/2004,761.7384018,2004,6,154
era5,3/3/2004,765.6367441,2004,6,155
era5,3/4/2004,764.9636991,2004,6,156
era5,3/5/2004,763.91302,2004,6,157
era5,3/6/2004,762.2680479,2004,6,158
era5,3/7/2004,759.2681262,2004,6,159
era5,3/8/2004,753.7895897,2004,6,160
era5,3/9/2004,747.1682868,2004,6,161
era5,3/10/2004,739.8544115,2004,6,162
era5,3/11/2004,731.7623471,2004,6,163
era5,3/12/2004,725.4990974,2004,6,164
era5,3/13/2004,718.4704011,2004,6,165
era5,3/14/2004,709.6853862,2004,6,166
era5,3/15/2004,699.4260924,2004,6,167
era5,3/16/2004,688.4469701,2004,6,168
era5,3/17/2004,677.8137238,2004,6,169
era5,3/18/2004,666.3204877,2004,6,170
era5,3/19/2004,653.4998041,2004,6,171
era5,3/20/2004,640.2663497,2004,6,172
era5,3/21/2004,625.2343056,2004,6,173
era5,3/22/2004,609.9328762,2004,6,174
era5,3/23/2004,595.3385494,2004,6,175
era5,3/24/2004,584.3283826,2004,6,176
era5,3/25/2004,576.6654956,2004,6,177
era5,3/26/2004,588.5957717,2004,6,178
era5,3/27/2004,593.4246353,2004,6,179
era5,3/28/2004,589.6753984,2004,6,180
era5,3/29/2004,582.3146585,2004,6,181
era5,3/30/2004,573.0143241,2004,6,182
era5,3/31/2004,563.9293868,2004,6,183
era5,4/1/2004,556.7677498,2004,7,184
era5,4/2/2004,554.8510841,2004,7,185
era5,4/3/2004,551.6586598,2004,7,186
era5,4/4/2004,546.1504217,2004,7,187
era5,4/5/2004,538.7270642,2004,7,188
era5,4/6/2004,530.969836,2004,7,189
era5,4/7/2004,524.2424831,2004,7,190
era5,4/8/2004,514.8415831,2004,7,191
era5,4/9/2004,504.3121922,2004,7,192
era5,4/10/2004,492.2752337,2004,7,193
era5,4/11/2004,482.0024672,2004,7,194
era5,4/12/2004,473.4894844,2004,7,195
era5,4/13/2004,464.2219801,2004,7,196
era5,4/14/2004,458.6968076,2004,7,197
era5,4/15/2004,455.6500979,2004,7,198
era5,4/16/2004,453.2779915,2004,7,199
era5,4/17/2004,453.4709437,2004,7,200
era5,4/18/2004,461.6869071,2004,7,201
era5,4/19/2004,463.4584721,2004,7,202
era5,4/20/2004,463.6411483,2004,7,203
era5,4/21/2004,462.2914704,2004,7,204
era5,4/22/2004,460.2224828,2004,7,205
era5,4/23/2004,458.2042364,2004,7,206
era5,4/24/2004,454.3566397,2004,7,207
era5,4/25/2004,447.1360882,2004,7,208
era5,4/26/2004,437.6897262,2004,7,209
era5,4/27/2004,426.7725888,2004,7,210
era5,4/28/2004,415.6624332,2004,7,211
era5,4/29/2004,406.0515068,2004,7,212
era5,4/30/2004,400.2278559,2004,7,213
era5,5/1/2004,391.3699391,2004,8,214
era5,5/2/2004,378.554975,2004,8,215
era5,5/3/2004,363.145596,2004,8,216
era5,5/4/2004,346.1713887,2004,8,217
era5,5/5/2004,328.8398851,2004,8,218
era5,5/6/2004,314.219144,2004,8,219
era5,5/7/2004,303.1312232,2004,8,220
era5,5/8/2004,293.6868439,2004,8,221
era5,5/9/2004,283.9272199,2004,8,222
era5,5/10/2004,273.9597632,2004,8,223
era5,5/11/2004,269.1510171,2004,8,224
era5,5/12/2004,264.3975653,2004,8,225
era5,5/13/2004,258.192739,2004,8,226
era5,5/14/2004,249.6495985,2004,8,227
era5,5/15/2004,240.8769053,2004,8,228
era5,5/16/2004,232.2379521,2004,8,229
era5,5/17/2004,224.27104,2004,8,230
era5,5/18/2004,217.2520368,2004,8,231
era5,5/19/2004,212.3292598,2004,8,232
era5,5/20/2004,206.9602668,2004,8,233
era5,5/21/2004,202.4881593,2004,8,234
era5,5/22/2004,198.6197187,2004,8,235
era5,5/23/2004,193.2822835,2004,8,236
era5,5/24/2004,188.57345,2004,8,237
era5,5/25/2004,183.8058206,2004,8,238
era5,5/26/2004,178.0336749,2004,8,239
era5,5/27/2004,169.304871,2004,8,240
era5,5/28/2004,159.3353823,2004,8,241
era5,5/29/2004,153.0238666,2004,8,242
era5,5/30/2004,146.6135029,2004,8,243
era5,5/31/2004,140.8921758,2004,8,244
era5,6/1/2004,135.2788326,2004,9,245
era5,6/2/2004,129.3002307,2004,9,246
era5,6/3/2004,122.4440623,2004,9,247
era5,6/4/2004,115.8801459,2004,9,248
era5,6/5/2004,109.3302092,2004,9,249
era5,6/6/2004,102.5810976,2004,9,250
era5,6/7/2004,96.38596471,2004,9,251
era5,6/8/2004,91.813225,2004,9,252
era5,6/9/2004,90.17534111,2004,9,253
era5,6/10/2004,91.92574143,2004,9,254
era5,6/11/2004,89.4089391,2004,9,255
era5,6/12/2004,85.71590971,2004,9,256
era5,6/13/2004,81.23854024,2004,9,257
era5,6/14/2004,75.71013147,2004,9,258
era5,6/15/2004,70.59539794,2004,9,259
era5,6/16/2004,66.41150206,2004,9,260
era5,6/17/2004,61.16750806,2004,9,261
era5,6/18/2004,56.46838388,2004,9,262
era5,6/19/2004,52.32573824,2004,9,263
era5,6/20/2004,48.73547132,2004,9,264
era5,6/21/2004,44.56797441,2004,9,265
era5,6/22/2004,39.89920547,2004,9,266
era5,6/23/2004,35.29666829,2004,9,267
era5,6/24/2004,31.46728382,2004,9,268
era5,6/25/2004,27.91734765,2004,9,269
era5,6/26/2004,24.25663029,2004,9,270
era5,6/27/2004,21.24643806,2004,9,271
era5,6/28/2004,18.58310903,2004,9,272
era5,6/29/2004,15.46938124,2004,9,273
era5,6/30/2004,12.76327465,2004,9,274
era5,7/1/2004,10.26339359,2004,10,275
era5,7/2/2004,8.580120147,2004,10,276
era5,7/3/2004,6.730375,2004,10,277
era5,7/4/2004,4.779175794,2004,10,278
era5,7/5/2004,2.585197441,2004,10,279
era5,7/6/2004,1.008127059,2004,10,280
era5,7/7/2004,0.163380903,2004,10,281
era5,7/8/2004,0,2004,10,282
era5,7/9/2004,0,2004,10,283
era5,7/10/2004,0,2004,10,284
era5,7/11/2004,0,2004,10,285
era5,7/12/2004,0,2004,10,286
era5,7/13/2004,0,2004,10,287
era5,7/14/2004,0,2004,10,288
era5,7/15/2004,0,2004,10,289
era5,7/16/2004,0,2004,10,290
era5,7/17/2004,0,2004,10,291
era5,7/18/2004,0,2004,10,292
era5,7/19/2004,0,2004,10,293
era5,7/20/2004,0,2004,10,294
era5,7/21/2004,0,2004,10,295
era5,7/22/2004,0,2004,10,296
era5,7/23/2004,0,2004,10,297
era5,7/24/2004,0,2004,10,298
era5,7/25/2004,0,2004,10,299
era5,7/26/2004,0,2004,10,300
era5,7/27/2004,0,2004,10,301
era5,7/28/2004,0,2004,10,302
era5,7/29/2004,0,2004,10,303
era5,7/30/2004,0,2004,10,304
era5,7/31/2004,0,2004,10,305
era5,8/1/2004,0,2004,11,306
era5,8/2/2004,0,2004,11,307
era5,8/3/2004,0,2004,11,308
era5,8/4/2004,0,2004,11,309
era5,8/5/2004,0,2004,11,310
era5,8/6/2004,0,2004,11,311
era5,8/7/2004,0,2004,11,312
era5,8/8/2004,0,2004,11,313
era5,8/9/2004,0,2004,11,314
era5,8/10/2004,0,2004,11,315
era5,8/11/2004,0,2004,11,316
era5,8/12/2004,0,2004,11,317
era5,8/13/2004,0,2004,11,318
era5,8/14/2004,0,2004,11,319
era5,8/15/2004,0,2004,11,320
era5,8/16/2004,0,2004,11,321
era5,8/17/2004,0,2004,11,322
era5,8/18/2004,0,2004,11,323
era5,8/19/2004,0,2004,11,324
era5,8/20/2004,0,2004,11,325
era5,8/21/2004,0,2004,11,326
era5,8/22/2004,0,2004,11,327
era5,8/23/2004,0,2004,11,328
era5,8/24/2004,0,2004,11,329
era5,8/25/2004,0,2004,11,330
era5,8/26/2004,0,2004,11,331
era5,8/27/2004,0,2004,11,332
era5,8/28/2004,0,2004,11,333
era5,8/29/2004,0,2004,11,334
era5,8/30/2004,0,2004,11,335
era5,8/31/2004,0,2004,11,336
era5,9/1/2004,0,2004,12,337
era5,9/2/2004,0,2004,12,338
era5,9/3/2004,0,2004,12,339
era5,9/4/2004,0,2004,12,340
era5,9/5/2004,0,2004,12,341
era5,9/6/2004,0,2004,12,342
era5,9/7/2004,0,2004,12,343
era5,9/8/2004,0,2004,12,344
era5,9/9/2004,0,2004,12,345
era5,9/10/2004,0,2004,12,346
era5,9/11/2004,0,2004,12,347
era5,9/12/2004,0,2004,12,348
era5,9/13/2004,0,2004,12,349
era5,9/14/2004,0,2004,12,350
era5,9/15/2004,0,2004,12,351
era5,9/16/2004,0,2004,12,352
era5,9/17/2004,0,2004,12,353
era5,9/18/2004,0,2004,12,354
era5,9/19/2004,0.504975993,2004,12,355
era5,9/20/2004,3.816046286,2004,12,356
era5,9/21/2004,2.935849126,2004,12,357
era5,9/22/2004,1.771417544,2004,12,358
era5,9/23/2004,0.593140753,2004,12,359
era5,9/24/2004,0.266696853,2004,12,360
era5,9/25/2004,0,2004,12,361
era5,9/26/2004,0,2004,12,362
era5,9/27/2004,0,2004,12,363
era5,9/28/2004,0,2004,12,364
era5,9/29/2004,0,2004,12,365
era5,9/30/2004,0,2004,12,366
era5,10/1/2004,7.48E-06,2005,1,1
era5,10/2/2004,0.001762037,2005,1,2
era5,10/3/2004,0,2005,1,3
era5,10/4/2004,2.90E-06,2005,1,4
era5,10/5/2004,0,2005,1,5
era5,10/6/2004,0,2005,1,6
era5,10/7/2004,0,2005,1,7
era5,10/8/2004,0,2005,1,8
era5,10/9/2004,0,2005,1,9
era5,10/10/2004,0.000101559,2005,1,10
era5,10/11/2004,0,2005,1,11
era5,10/12/2004,0.047081888,2005,1,12
era5,10/13/2004,0.076579985,2005,1,13
era5,10/14/2004,0,2005,1,14
era5,10/15/2004,0,2005,1,15
era5,10/16/2004,0,2005,1,16
era5,10/17/2004,0.179217915,2005,1,17
era5,10/18/2004,8.956498731,2005,1,18
era5,10/19/2004,20.70557566,2005,1,19
era5,10/20/2004,95.48195163,2005,1,20
era5,10/21/2004,120.7864456,2005,1,21
era5,10/22/2004,121.6653913,2005,1,22
era5,10/23/2004,120.1573533,2005,1,23
era5,10/24/2004,118.5742203,2005,1,24
era5,10/25/2004,116.1251025,2005,1,25
era5,10/26/2004,122.9630735,2005,1,26
era5,10/27/2004,168.2475714,2005,1,27
era5,10/28/2004,177.2956974,2005,1,28
era5,10/29/2004,178.9665258,2005,1,29
era5,10/30/2004,178.5754612,2005,1,30
era5,10/31/2004,177.1678037,2005,1,31
era5,11/1/2004,175.6395818,2005,2,32
era5,11/2/2004,172.9269434,2005,2,33
era5,11/3/2004,169.8099505,2005,2,34
era5,11/4/2004,168.0012016,2005,2,35
era5,11/5/2004,166.7707951,2005,2,36
era5,11/6/2004,164.7881719,2005,2,37
era5,11/7/2004,161.00824,2005,2,38
era5,11/8/2004,162.0304339,2005,2,39
era5,11/9/2004,166.0347102,2005,2,40
era5,11/10/2004,164.8317943,2005,2,41
era5,11/11/2004,163.8300789,2005,2,42
era5,11/12/2004,164.4446742,2005,2,43
era5,11/13/2004,163.7371396,2005,2,44
era5,11/14/2004,162.6210342,2005,2,45
era5,11/15/2004,161.2130899,2005,2,46
era5,11/16/2004,160.201962,2005,2,47
era5,11/17/2004,159.205914,2005,2,48
era5,11/18/2004,158.0880837,2005,2,49
era5,11/19/2004,157.2468364,2005,2,50
era5,11/20/2004,156.8849281,2005,2,51
era5,11/21/2004,156.8428929,2005,2,52
era5,11/22/2004,158.3627468,2005,2,53
era5,11/23/2004,158.4964458,2005,2,54
era5,11/24/2004,158.2536949,2005,2,55
era5,11/25/2004,157.9543887,2005,2,56
era5,11/26/2004,157.9459269,2005,2,57
era5,11/27/2004,167.2864117,2005,2,58
era5,11/28/2004,184.3941266,2005,2,59
era5,11/29/2004,184.9769279,2005,2,60
era5,11/30/2004,184.8780932,2005,2,61
era5,12/1/2004,184.8007809,2005,3,62
era5,12/2/2004,184.7596768,2005,3,63
era5,12/3/2004,184.6351905,2005,3,64
era5,12/4/2004,184.3887435,2005,3,65
era5,12/5/2004,184.3105368,2005,3,66
era5,12/6/2004,185.1448727,2005,3,67
era5,12/7/2004,211.7980497,2005,3,68
era5,12/8/2004,260.2962362,2005,3,69
era5,12/9/2004,278.1116053,2005,3,70
era5,12/10/2004,276.8226867,2005,3,71
era5,12/11/2004,274.5198743,2005,3,72
era5,12/12/2004,271.3737208,2005,3,73
era5,12/13/2004,268.3346979,2005,3,74
era5,12/14/2004,266.234587,2005,3,75
era5,12/15/2004,264.0258901,2005,3,76
era5,12/16/2004,261.3165364,2005,3,77
era5,12/17/2004,259.2760508,2005,3,78
era5,12/18/2004,257.6169171,2005,3,79
era5,12/19/2004,254.6978746,2005,3,80
era5,12/20/2004,252.519372,2005,3,81
era5,12/21/2004,250.7432851,2005,3,82
era5,12/22/2004,249.9482014,2005,3,83
era5,12/23/2004,249.5742863,2005,3,84
era5,12/24/2004,249.2570851,2005,3,85
era5,12/25/2004,248.8611224,2005,3,86
era5,12/26/2004,248.5411653,2005,3,87
era5,12/27/2004,253.3599791,2005,3,88
era5,12/28/2004,282.4091889,2005,3,89
era5,12/29/2004,333.8133049,2005,3,90
era5,12/30/2004,385.2176265,2005,3,91
era5,12/31/2004,489.1689456,2005,3,92
era5,1/1/2005,547.4909985,2005,4,93
era5,1/2/2005,560.8741462,2005,4,94
era5,1/3/2005,578.5898182,2005,4,95
era5,1/4/2005,594.5777274,2005,4,96
era5,1/5/2005,596.44898,2005,4,97
era5,1/6/2005,597.1151118,2005,4,98
era5,1/7/2005,620.083835,2005,4,99
era5,1/8/2005,723.3091485,2005,4,100
era5,1/9/2005,794.6302415,2005,4,101
era5,1/10/2005,827.3443612,2005,4,102
era5,1/11/2005,883.1042224,2005,4,103
era5,1/12/2005,907.7869759,2005,4,104
era5,1/13/2005,907.9832647,2005,4,105
era5,1/14/2005,907.3582947,2005,4,106
era5,1/15/2005,906.4224856,2005,4,107
era5,1/16/2005,905.0831724,2005,4,108
era5,1/17/2005,903.3774591,2005,4,109
era5,1/18/2005,901.3097885,2005,4,110
era5,1/19/2005,898.5663368,2005,4,111
era5,1/20/2005,895.0169571,2005,4,112
era5,1/21/2005,892.3290332,2005,4,113
era5,1/22/2005,890.2965744,2005,4,114
era5,1/23/2005,887.9396465,2005,4,115
era5,1/24/2005,884.909205,2005,4,116
era5,1/25/2005,883.2717,2005,4,117
era5,1/26/2005,885.8280762,2005,4,118
era5,1/27/2005,894.1108559,2005,4,119
era5,1/28/2005,901.2167644,2005,4,120
era5,1/29/2005,919.5417982,2005,4,121
era5,1/30/2005,920.5281821,2005,4,122
era5,1/31/2005,920.4373582,2005,4,123
era5,2/1/2005,919.5886497,2005,5,124
era5,2/2/2005,918.2210979,2005,5,125
era5,2/3/2005,917.14664,2005,5,126
era5,2/4/2005,915.7528435,2005,5,127
era5,2/5/2005,914.7336282,2005,5,128
era5,2/6/2005,913.8409097,2005,5,129
era5,2/7/2005,913.8731874,2005,5,130
era5,2/8/2005,914.2226103,2005,5,131
era5,2/9/2005,914.0686885,2005,5,132
era5,2/10/2005,913.7738841,2005,5,133
era5,2/11/2005,914.0350644,2005,5,134
era5,2/12/2005,919.8503271,2005,5,135
era5,2/13/2005,919.5847526,2005,5,136
era5,2/14/2005,919.2596735,2005,5,137
era5,2/15/2005,919.5673074,2005,5,138
era5,2/16/2005,933.4712053,2005,5,139
era5,2/17/2005,940.2539185,2005,5,140
era5,2/18/2005,944.0973553,2005,5,141
era5,2/19/2005,953.0514009,2005,5,142
era5,2/20/2005,991.7090529,2005,5,143
era5,2/21/2005,1039.413762,2005,5,144
era5,2/22/2005,1067.848778,2005,5,145
era5,2/23/2005,1075.816182,2005,5,146
era5,2/24/2005,1079.527404,2005,5,147
era5,2/25/2005,1080.574401,2005,5,148
era5,2/26/2005,1083.568226,2005,5,149
era5,2/27/2005,1083.781395,2005,5,150
era5,2/28/2005,1097.664603,2005,5,151
era5,3/1/2005,1105.874294,2005,6,152
era5,3/2/2005,1106.593314,2005,6,153
era5,3/3/2005,1106.903901,2005,6,154
era5,3/4/2005,1106.248819,2005,6,155
era5,3/5/2005,1107.509836,2005,6,156
era5,3/6/2005,1104.388152,2005,6,157
era5,3/7/2005,1101.002755,2005,6,158
era5,3/8/2005,1095.936697,2005,6,159
era5,3/9/2005,1089.904339,2005,6,160
era5,3/10/2005,1083.358878,2005,6,161
era5,3/11/2005,1075.499447,2005,6,162
era5,3/12/2005,1067.749346,2005,6,163
era5,3/13/2005,1060.564931,2005,6,164
era5,3/14/2005,1054.726939,2005,6,165
era5,3/15/2005,1053.160545,2005,6,166
era5,3/16/2005,1051.824982,2005,6,167
era5,3/17/2005,1050.283585,2005,6,168
era5,3/18/2005,1049.369793,2005,6,169
era5,3/19/2005,1053.938073,2005,6,170
era5,3/20/2005,1092.032766,2005,6,171
era5,3/21/2005,1118.477303,2005,6,172
era5,3/22/2005,1153.788063,2005,6,173
era5,3/23/2005,1229.652189,2005,6,174
era5,3/24/2005,1243.214491,2005,6,175
era5,3/25/2005,1245.755914,2005,6,176
era5,3/26/2005,1245.233748,2005,6,177
era5,3/27/2005,1243.148915,2005,6,178
era5,3/28/2005,1259.362273,2005,6,179
era5,3/29/2005,1275.544314,2005,6,180
era5,3/30/2005,1279.385834,2005,6,181
era5,3/31/2005,1278.175155,2005,6,182
era5,4/1/2005,1274.860613,2005,7,183
era5,4/2/2005,1270.344589,2005,7,184
era5,4/3/2005,1266.015208,2005,7,185
era5,4/4/2005,1279.329378,2005,7,186
era5,4/5/2005,1286.246723,2005,7,187
era5,4/6/2005,1281.309851,2005,7,188
era5,4/7/2005,1272.948733,2005,7,189
era5,4/8/2005,1276.630276,2005,7,190
era5,4/9/2005,1293.829939,2005,7,191
era5,4/10/2005,1295.136079,2005,7,192
era5,4/11/2005,1292.297453,2005,7,193
era5,4/12/2005,1287.299494,2005,7,194
era5,4/13/2005,1282.670228,2005,7,195
era5,4/14/2005,1280.546818,2005,7,196
era5,4/15/2005,1277.132071,2005,7,197
era5,4/16/2005,1268.899409,2005,7,198
era5,4/17/2005,1257.862768,2005,7,199
era5,4/18/2005,1247.604208,2005,7,200
era5,4/19/2005,1243.538599,2005,7,201
era5,4/20/2005,1242.30942,2005,7,202
era5,4/21/2005,1239.178522,2005,7,203
era5,4/22/2005,1231.532134,2005,7,204
era5,4/23/2005,1223.58527,2005,7,205
era5,4/24/2005,1223.427864,2005,7,206
era5,4/25/2005,1223.611159,2005,7,207
era5,4/26/2005,1218.553334,2005,7,208
era5,4/27/2005,1210.726957,2005,7,209
era5,4/28/2005,1215.440258,2005,7,210
era5,4/29/2005,1219.281696,2005,7,211
era5,4/30/2005,1213.887264,2005,7,212
era5,5/1/2005,1206.66425,2005,8,213
era5,5/2/2005,1200.323164,2005,8,214
era5,5/3/2005,1191.919928,2005,8,215
era5,5/4/2005,1180.903626,2005,8,216
era5,5/5/2005,1173.596293,2005,8,217
era5,5/6/2005,1189.443191,2005,8,218
era5,5/7/2005,1196.486162,2005,8,219
era5,5/8/2005,1193.059793,2005,8,220
era5,5/9/2005,1199.608268,2005,8,221
era5,5/10/2005,1213.170569,2005,8,222
era5,5/11/2005,1213.278376,2005,8,223
era5,5/12/2005,1208.544573,2005,8,224
era5,5/13/2005,1198.781226,2005,8,225
era5,5/14/2005,1183.854952,2005,8,226
era5,5/15/2005,1166.238963,2005,8,227
era5,5/16/2005,1144.3034,2005,8,228
era5,5/17/2005,1135.85185,2005,8,229
era5,5/18/2005,1124.598681,2005,8,230
era5,5/19/2005,1103.811812,2005,8,231
era5,5/20/2005,1077.113354,2005,8,232
era5,5/21/2005,1055.283845,2005,8,233
era5,5/22/2005,1035.846835,2005,8,234
era5,5/23/2005,1012.863938,2005,8,235
era5,5/24/2005,991.0647636,2005,8,236
era5,5/25/2005,968.2284714,2005,8,237
era5,5/26/2005,943.2654603,2005,8,238
era5,5/27/2005,918.1466854,2005,8,239
era5,5/28/2005,893.8052681,2005,8,240
era5,5/29/2005,873.7280724,2005,8,241
era5,5/30/2005,859.438095,2005,8,242
era5,5/31/2005,840.7891621,2005,8,243
era5,6/1/2005,818.1981821,2005,9,244
era5,6/2/2005,796.5578041,2005,9,245
era5,6/3/2005,778.9594829,2005,9,246
era5,6/4/2005,761.6902285,2005,9,247
era5,6/5/2005,742.7368555,2005,9,248
era5,6/6/2005,729.2386294,2005,9,249
era5,6/7/2005,722.2781054,2005,9,250
era5,6/8/2005,713.242099,2005,9,251
era5,6/9/2005,701.9764026,2005,9,252
era5,6/10/2005,688.1701331,2005,9,253
era5,6/11/2005,672.1276481,2005,9,254
era5,6/12/2005,656.1517753,2005,9,255
era5,6/13/2005,637.8316414,2005,9,256
era5,6/14/2005,616.3746206,2005,9,257
era5,6/15/2005,596.3278582,2005,9,258
era5,6/16/2005,579.1416062,2005,9,259
era5,6/17/2005,566.8742731,2005,9,260
era5,6/18/2005,561.2430096,2005,9,261
era5,6/19/2005,554.3568535,2005,9,262
era5,6/20/2005,543.7783713,2005,9,263
era5,6/21/2005,526.1775221,2005,9,264
era5,6/22/2005,506.0294962,2005,9,265
era5,6/23/2005,488.5228961,2005,9,266
era5,6/24/2005,474.5148606,2005,9,267
era5,6/25/2005,462.2208668,2005,9,268
era5,6/26/2005,450.564739,2005,9,269
era5,6/27/2005,437.2610049,2005,9,270
era5,6/28/2005,423.728497,2005,9,271
era5,6/29/2005,409.1960785,2005,9,272
era5,6/30/2005,390.7082041,2005,9,273
era5,7/1/2005,371.7222055,2005,10,274
era5,7/2/2005,354.4523456,2005,10,275
era5,7/3/2005,339.2386818,2005,10,276
era5,7/4/2005,325.4292823,2005,10,277
era5,7/5/2005,311.5926373,2005,10,278
era5,7/6/2005,296.4358806,2005,10,279
era5,7/7/2005,280.0658422,2005,10,280
era5,7/8/2005,264.8227228,2005,10,281
era5,7/9/2005,250.1099242,2005,10,282
era5,7/10/2005,235.9566916,2005,10,283
era5,7/11/2005,221.0431034,2005,10,284
era5,7/12/2005,206.2807988,2005,10,285
era5,7/13/2005,190.9263941,2005,10,286
era5,7/14/2005,174.9761973,2005,10,287
era5,7/15/2005,160.3348603,2005,10,288
era5,7/16/2005,147.2887215,2005,10,289
era5,7/17/2005,132.8266887,2005,10,290
era5,7/18/2005,120.8791696,2005,10,291
era5,7/19/2005,110.6348715,2005,10,292
era5,7/20/2005,101.5737304,2005,10,293
era5,7/21/2005,92.27137441,2005,10,294
era5,7/22/2005,83.64663206,2005,10,295
era5,7/23/2005,75.28347391,2005,10,296
era5,7/24/2005,67.03934018,2005,10,297
era5,7/25/2005,59.77451395,2005,10,298
era5,7/26/2005,55.03550515,2005,10,299
era5,7/27/2005,51.14787988,2005,10,300
era5,7/28/2005,47.93617294,2005,10,301
era5,7/29/2005,44.94104824,2005,10,302
era5,7/30/2005,42.05143235,2005,10,303
era5,7/31/2005,39.25290324,2005,10,304
era5,8/1/2005,36.59294176,2005,11,305
era5,8/2/2005,34.11869882,2005,11,306
era5,8/3/2005,31.59020853,2005,11,307
era5,8/4/2005,28.64884794,2005,11,308
era5,8/5/2005,25.11847618,2005,11,309
era5,8/6/2005,21.91613441,2005,11,310
era5,8/7/2005,18.85137865,2005,11,311
era5,8/8/2005,15.60697282,2005,11,312
era5,8/9/2005,12.65950652,2005,11,313
era5,8/10/2005,10.68521424,2005,11,314
era5,8/11/2005,9.711742647,2005,11,315
era5,8/12/2005,8.923597059,2005,11,316
era5,8/13/2005,8.094162941,2005,11,317
era5,8/14/2005,7.208447059,2005,11,318
era5,8/15/2005,6.298599706,2005,11,319
era5,8/16/2005,5.574629412,2005,11,320
era5,8/17/2005,4.725467941,2005,11,321
era5,8/18/2005,3.990992941,2005,11,322
era5,8/19/2005,3.328654412,2005,11,323
era5,8/20/2005,2.623527353,2005,11,324
era5,8/21/2005,1.717392941,2005,11,325
era5,8/22/2005,0.783646412,2005,11,326
era5,8/23/2005,0.191582853,2005,11,327
era5,8/24/2005,0,2005,11,328
era5,8/25/2005,0,2005,11,329
era5,8/26/2005,0,2005,11,330
era5,8/27/2005,0,2005,11,331
era5,8/28/2005,0,2005,11,332
era5,8/29/2005,0,2005,11,333
era5,8/30/2005,0,2005,11,334
era5,8/31/2005,0,2005,11,335
era5,9/1/2005,0,2005,12,336
era5,9/2/2005,0,2005,12,337
era5,9/3/2005,0,2005,12,338
era5,9/4/2005,0,2005,12,339
era5,9/5/2005,0,2005,12,340
era5,9/6/2005,0,2005,12,341
era5,9/7/2005,0,2005,12,342
era5,9/8/2005,0,2005,12,343
era5,9/9/2005,0,2005,12,344
era5,9/10/2005,0,2005,12,345
era5,9/11/2005,0,2005,12,346
era5,9/12/2005,0,2005,12,347
era5,9/13/2005,0,2005,12,348
era5,9/14/2005,0,2005,12,349
era5,9/15/2005,0,2005,12,350
era5,9/16/2005,0,2005,12,351
era5,9/17/2005,0,2005,12,352
era5,9/18/2005,0,2005,12,353
era5,9/19/2005,0,2005,12,354
era5,9/20/2005,0.094334854,2005,12,355
era5,9/21/2005,0.571662806,2005,12,356
era5,9/22/2005,0.343614609,2005,12,357
era5,9/23/2005,0,2005,12,358
era5,9/24/2005,0,2005,12,359
era5,9/25/2005,0,2005,12,360
era5,9/26/2005,0.035405322,2005,12,361
era5,9/27/2005,0.942490131,2005,12,362
era5,9/28/2005,0.621457483,2005,12,363
era5,9/29/2005,0.460139741,2005,12,364
era5,9/30/2005,0.013984096,2005,12,365
era5,10/1/2005,0,2006,1,1
era5,10/2/2005,0,2006,1,2
era5,10/3/2005,0,2006,1,3
era5,10/4/2005,0,2006,1,4
era5,10/5/2005,0,2006,1,5
era5,10/6/2005,0,2006,1,6
era5,10/7/2005,0,2006,1,7
era5,10/8/2005,0,2006,1,8
era5,10/9/2005,0,2006,1,9
era5,10/10/2005,0,2006,1,10
era5,10/11/2005,0,2006,1,11
era5,10/12/2005,0,2006,1,12
era5,10/13/2005,0,2006,1,13
era5,10/14/2005,0,2006,1,14
era5,10/15/2005,0,2006,1,15
era5,10/16/2005,0.009247747,2006,1,16
era5,10/17/2005,0.000337715,2006,1,17
era5,10/18/2005,0.600056345,2006,1,18
era5,10/19/2005,1.571787166,2006,1,19
era5,10/20/2005,1.057520853,2006,1,20
era5,10/21/2005,0.601657121,2006,1,21
era5,10/22/2005,0.433560282,2006,1,22
era5,10/23/2005,0.245061059,2006,1,23
era5,10/24/2005,0.1894885,2006,1,24
era5,10/25/2005,0.14784194,2006,1,25
era5,10/26/2005,0.121153129,2006,1,26
era5,10/27/2005,0.319309692,2006,1,27
era5,10/28/2005,0.988645096,2006,1,28
era5,10/29/2005,0.78424544,2006,1,29
era5,10/30/2005,0.757359199,2006,1,30
era5,10/31/2005,0.608332676,2006,1,31
era5,11/1/2005,0.051297219,2006,2,32
era5,11/2/2005,3.44E-06,2006,2,33
era5,11/3/2005,0.172475198,2006,2,34
era5,11/4/2005,1.199336872,2006,2,35
era5,11/5/2005,1.78597452,2006,2,36
era5,11/6/2005,1.650592406,2006,2,37
era5,11/7/2005,2.225784136,2006,2,38
era5,11/8/2005,6.813355075,2006,2,39
era5,11/9/2005,8.086691074,2006,2,40
era5,11/10/2005,7.539429268,2006,2,41
era5,11/11/2005,7.919372613,2006,2,42
era5,11/12/2005,7.596449815,2006,2,43
era5,11/13/2005,6.744778989,2006,2,44
era5,11/14/2005,5.3467745,2006,2,45
era5,11/15/2005,3.906271812,2006,2,46
era5,11/16/2005,3.243376218,2006,2,47
era5,11/17/2005,2.628990991,2006,2,48
era5,11/18/2005,2.292902829,2006,2,49
era5,11/19/2005,2.072138382,2006,2,50
era5,11/20/2005,1.777082082,2006,2,51
era5,11/21/2005,1.719947015,2006,2,52
era5,11/22/2005,1.701808515,2006,2,53
era5,11/23/2005,1.676136803,2006,2,54
era5,11/24/2005,1.644792656,2006,2,55
era5,11/25/2005,1.908016247,2006,2,56
era5,11/26/2005,4.354992344,2006,2,57
era5,11/27/2005,4.538435693,2006,2,58
era5,11/28/2005,5.219640488,2006,2,59
era5,11/29/2005,24.74534324,2006,2,60
era5,11/30/2005,34.36082307,2006,2,61
era5,12/1/2005,38.11070375,2006,3,62
era5,12/2/2005,93.97539145,2006,3,63
era5,12/3/2005,115.5670769,2006,3,64
era5,12/4/2005,116.0422014,2006,3,65
era5,12/5/2005,115.8012721,2006,3,66
era5,12/6/2005,115.6257929,2006,3,67
era5,12/7/2005,115.399567,2006,3,68
era5,12/8/2005,118.9652949,2006,3,69
era5,12/9/2005,120.4361921,2006,3,70
era5,12/10/2005,120.1668608,2006,3,71
era5,12/11/2005,119.3924995,2006,3,72
era5,12/12/2005,118.8677223,2006,3,73
era5,12/13/2005,119.9671633,2006,3,74
era5,12/14/2005,120.0248162,2006,3,75
era5,12/15/2005,119.9984034,2006,3,76
era5,12/16/2005,119.9808712,2006,3,77
era5,12/17/2005,119.9646662,2006,3,78
era5,12/18/2005,135.4607691,2006,3,79
era5,12/19/2005,200.7714632,2006,3,80
era5,12/20/2005,205.1730782,2006,3,81
era5,12/21/2005,203.8988699,2006,3,82
era5,12/22/2005,206.5220535,2006,3,83
era5,12/23/2005,211.0672964,2006,3,84
era5,12/24/2005,208.9679949,2006,3,85
era5,12/25/2005,206.8841154,2006,3,86
era5,12/26/2005,219.9697752,2006,3,87
era5,12/27/2005,231.8228651,2006,3,88
era5,12/28/2005,240.3680264,2006,3,89
era5,12/29/2005,257.4494208,2006,3,90
era5,12/30/2005,259.2827778,2006,3,91
era5,12/31/2005,297.5320481,2006,3,92
era5,1/1/2006,351.0414276,2006,4,93
era5,1/2/2006,416.1329066,2006,4,94
era5,1/3/2006,470.4147887,2006,4,95
era5,1/4/2006,473.5932094,2006,4,96
era5,1/5/2006,472.0340689,2006,4,97
era5,1/6/2006,466.7538438,2006,4,98
era5,1/7/2006,462.9236188,2006,4,99
era5,1/8/2006,461.9027571,2006,4,100
era5,1/9/2006,461.1837594,2006,4,101
era5,1/10/2006,460.2739599,2006,4,102
era5,1/11/2006,459.9878491,2006,4,103
era5,1/12/2006,459.4943783,2006,4,104
era5,1/13/2006,458.2940068,2006,4,105
era5,1/14/2006,462.1774115,2006,4,106
era5,1/15/2006,495.490468,2006,4,107
era5,1/16/2006,499.8484851,2006,4,108
era5,1/17/2006,500.001776,2006,4,109
era5,1/18/2006,509.1916498,2006,4,110
era5,1/19/2006,529.4838052,2006,4,111
era5,1/20/2006,531.392759,2006,4,112
era5,1/21/2006,531.3814877,2006,4,113
era5,1/22/2006,531.3358189,2006,4,114
era5,1/23/2006,531.1305815,2006,4,115
era5,1/24/2006,530.220003,2006,4,116
era5,1/25/2006,528.8290234,2006,4,117
era5,1/26/2006,528.2051849,2006,4,118
era5,1/27/2006,528.2484257,2006,4,119
era5,1/28/2006,528.6148524,2006,4,120
era5,1/29/2006,530.8664535,2006,4,121
era5,1/30/2006,530.8648095,2006,4,122
era5,1/31/2006,533.4345524,2006,4,123
era5,2/1/2006,533.505437,2006,5,124
era5,2/2/2006,532.7151108,2006,5,125
era5,2/3/2006,531.7567855,2006,5,126
era5,2/4/2006,529.3636587,2006,5,127
era5,2/5/2006,527.4056649,2006,5,128
era5,2/6/2006,525.9853586,2006,5,129
era5,2/7/2006,524.8308843,2006,5,130
era5,2/8/2006,522.6072932,2006,5,131
era5,2/9/2006,519.7662639,2006,5,132
era5,2/10/2006,517.5197694,2006,5,133
era5,2/11/2006,515.4882817,2006,5,134
era5,2/12/2006,513.489807,2006,5,135
era5,2/13/2006,511.2534832,2006,5,136
era5,2/14/2006,509.288449,2006,5,137
era5,2/15/2006,508.600325,2006,5,138
era5,2/16/2006,510.4353615,2006,5,139
era5,2/17/2006,511.7333356,2006,5,140
era5,2/18/2006,521.5688404,2006,5,141
era5,2/19/2006,535.7995726,2006,5,142
era5,2/20/2006,545.5097423,2006,5,143
era5,2/21/2006,546.0733841,2006,5,144
era5,2/22/2006,546.0434688,2006,5,145
era5,2/23/2006,545.7276044,2006,5,146
era5,2/24/2006,544.2766906,2006,5,147
era5,2/25/2006,542.6788586,2006,5,148
era5,2/26/2006,540.5690021,2006,5,149
era5,2/27/2006,547.4611053,2006,5,150
era5,2/28/2006,601.8177807,2006,5,151
era5,3/1/2006,629.2359988,2006,6,152
era5,3/2/2006,630.2430815,2006,6,153
era5,3/3/2006,654.2548343,2006,6,154
era5,3/4/2006,693.2883362,2006,6,155
era5,3/5/2006,694.1216491,2006,6,156
era5,3/6/2006,711.4195611,2006,6,157
era5,3/7/2006,747.0327487,2006,6,158
era5,3/8/2006,755.9013959,2006,6,159
era5,3/9/2006,756.7975755,2006,6,160
era5,3/10/2006,768.6687082,2006,6,161
era5,3/11/2006,791.3409078,2006,6,162
era5,3/12/2006,801.4376397,2006,6,163
era5,3/13/2006,809.1510165,2006,6,164
era5,3/14/2006,815.1271141,2006,6,165
era5,3/15/2006,840.232165,2006,6,166
era5,3/16/2006,842.4852844,2006,6,167
era5,3/17/2006,851.0370581,2006,6,168
era5,3/18/2006,865.1845521,2006,6,169
era5,3/19/2006,869.0569685,2006,6,170
era5,3/20/2006,870.202625,2006,6,171
era5,3/21/2006,890.4351947,2006,6,172
era5,3/22/2006,896.3323962,2006,6,173
era5,3/23/2006,895.9282215,2006,6,174
era5,3/24/2006,893.8000674,2006,6,175
era5,3/25/2006,895.5813221,2006,6,176
era5,3/26/2006,913.5870494,2006,6,177
era5,3/27/2006,912.2282994,2006,6,178
era5,3/28/2006,915.5498221,2006,6,179
era5,3/29/2006,951.0017835,2006,6,180
era5,3/30/2006,965.7319291,2006,6,181
era5,3/31/2006,968.7111603,2006,6,182
era5,4/1/2006,989.2372929,2006,7,183
era5,4/2/2006,995.9848762,2006,7,184
era5,4/3/2006,1008.352443,2006,7,185
era5,4/4/2006,1044.026892,2006,7,186
era5,4/5/2006,1103.478328,2006,7,187
era5,4/6/2006,1129.209314,2006,7,188
era5,4/7/2006,1129.720702,2006,7,189
era5,4/8/2006,1128.353137,2006,7,190
era5,4/9/2006,1126.411351,2006,7,191
era5,4/10/2006,1129.879619,2006,7,192
era5,4/11/2006,1140.83166,2006,7,193
era5,4/12/2006,1145.137614,2006,7,194
era5,4/13/2006,1141.994856,2006,7,195
era5,4/14/2006,1134.089316,2006,7,196
era5,4/15/2006,1134.731034,2006,7,197
era5,4/16/2006,1135.662663,2006,7,198
era5,4/17/2006,1156.384363,2006,7,199
era5,4/18/2006,1159.857241,2006,7,200
era5,4/19/2006,1156.706195,2006,7,201
era5,4/20/2006,1150.245861,2006,7,202
era5,4/21/2006,1141.436548,2006,7,203
era5,4/22/2006,1133.632674,2006,7,204
era5,4/23/2006,1143.440971,2006,7,205
era5,4/24/2006,1148.669426,2006,7,206
era5,4/25/2006,1144.218997,2006,7,207
era5,4/26/2006,1136.032701,2006,7,208
era5,4/27/2006,1122.289866,2006,7,209
era5,4/28/2006,1102.528909,2006,7,210
era5,4/29/2006,1081.961284,2006,7,211
era5,4/30/2006,1062.487154,2006,7,212
era5,5/1/2006,1044.333981,2006,8,213
era5,5/2/2006,1027.791589,2006,8,214
era5,5/3/2006,1013.648905,2006,8,215
era5,5/4/2006,1000.681372,2006,8,216
era5,5/5/2006,989.1353897,2006,8,217
era5,5/6/2006,977.4169413,2006,8,218
era5,5/7/2006,962.7700456,2006,8,219
era5,5/8/2006,943.5406091,2006,8,220
era5,5/9/2006,924.2302438,2006,8,221
era5,5/10/2006,905.9512947,2006,8,222
era5,5/11/2006,885.0193162,2006,8,223
era5,5/12/2006,864.1117958,2006,8,224
era5,5/13/2006,842.9215212,2006,8,225
era5,5/14/2006,821.6413643,2006,8,226
era5,5/15/2006,797.7507588,2006,8,227
era5,5/16/2006,772.7072099,2006,8,228
era5,5/17/2006,745.9201128,2006,8,229
era5,5/18/2006,721.8992141,2006,8,230
era5,5/19/2006,696.8591336,2006,8,231
era5,5/20/2006,676.9752771,2006,8,232
era5,5/21/2006,665.8161817,2006,8,233
era5,5/22/2006,685.4208373,2006,8,234
era5,5/23/2006,689.3102285,2006,8,235
era5,5/24/2006,682.5661479,2006,8,236
era5,5/25/2006,672.1741474,2006,8,237
era5,5/26/2006,661.2654371,2006,8,238
era5,5/27/2006,652.0399071,2006,8,239
era5,5/28/2006,651.6635165,2006,8,240
era5,5/29/2006,649.1566665,2006,8,241
era5,5/30/2006,643.1530247,2006,8,242
era5,5/31/2006,631.6453625,2006,8,243
era5,6/1/2006,616.0029256,2006,9,244
era5,6/2/2006,597.9555997,2006,9,245
era5,6/3/2006,577.5523632,2006,9,246
era5,6/4/2006,556.6549081,2006,9,247
era5,6/5/2006,535.2868488,2006,9,248
era5,6/6/2006,514.3789983,2006,9,249
era5,6/7/2006,494.0060004,2006,9,250
era5,6/8/2006,475.4074198,2006,9,251
era5,6/9/2006,458.9679636,2006,9,252
era5,6/10/2006,443.7335121,2006,9,253
era5,6/11/2006,429.2289386,2006,9,254
era5,6/12/2006,414.8388654,2006,9,255
era5,6/13/2006,401.4589164,2006,9,256
era5,6/14/2006,391.9447696,2006,9,257
era5,6/15/2006,382.0580891,2006,9,258
era5,6/16/2006,368.8391165,2006,9,259
era5,6/17/2006,354.8059656,2006,9,260
era5,6/18/2006,340.5847547,2006,9,261
era5,6/19/2006,327.0574127,2006,9,262
era5,6/20/2006,316.42533,2006,9,263
era5,6/21/2006,303.9897526,2006,9,264
era5,6/22/2006,288.755268,2006,9,265
era5,6/23/2006,273.6761926,2006,9,266
era5,6/24/2006,259.6877224,2006,9,267
era5,6/25/2006,244.8818932,2006,9,268
era5,6/26/2006,230.3000071,2006,9,269
era5,6/27/2006,216.7532331,2006,9,270
era5,6/28/2006,203.7811706,2006,9,271
era5,6/29/2006,192.8777599,2006,9,272
era5,6/30/2006,181.3785975,2006,9,273
era5,7/1/2006,171.1964076,2006,10,274
era5,7/2/2006,161.5037297,2006,10,275
era5,7/3/2006,153.0433491,2006,10,276
era5,7/4/2006,144.4906842,2006,10,277
era5,7/5/2006,135.5749776,2006,10,278
era5,7/6/2006,127.3440016,2006,10,279
era5,7/7/2006,119.7812024,2006,10,280
era5,7/8/2006,111.2490418,2006,10,281
era5,7/9/2006,103.3492579,2006,10,282
era5,7/10/2006,94.76867971,2006,10,283
era5,7/11/2006,86.30365041,2006,10,284
era5,7/12/2006,78.23505559,2006,10,285
era5,7/13/2006,70.46469835,2006,10,286
era5,7/14/2006,62.60359659,2006,10,287
era5,7/15/2006,55.40675029,2006,10,288
era5,7/16/2006,47.80398185,2006,10,289
era5,7/17/2006,39.59238229,2006,10,290
era5,7/18/2006,32.05937406,2006,10,291
era5,7/19/2006,25.77038242,2006,10,292
era5,7/20/2006,19.99407029,2006,10,293
era5,7/21/2006,15.50029762,2006,10,294
era5,7/22/2006,11.85486982,2006,10,295
era5,7/23/2006,9.252267941,2006,10,296
era5,7/24/2006,7.040554235,2006,10,297
era5,7/25/2006,4.163750882,2006,10,298
era5,7/26/2006,1.578467824,2006,10,299
era5,7/27/2006,0.249095647,2006,10,300
era5,7/28/2006,0,2006,10,301
era5,7/29/2006,0,2006,10,302
era5,7/30/2006,0,2006,10,303
era5,7/31/2006,0,2006,10,304
era5,8/1/2006,0,2006,11,305
era5,8/2/2006,0,2006,11,306
era5,8/3/2006,0,2006,11,307
era5,8/4/2006,0,2006,11,308
era5,8/5/2006,0,2006,11,309
era5,8/6/2006,0,2006,11,310
era5,8/7/2006,0,2006,11,311
era5,8/8/2006,0,2006,11,312
era5,8/9/2006,0,2006,11,313
era5,8/10/2006,0,2006,11,314
era5,8/11/2006,0,2006,11,315
era5,8/12/2006,0,2006,11,316
era5,8/13/2006,0,2006,11,317
era5,8/14/2006,0,2006,11,318
era5,8/15/2006,0,2006,11,319
era5,8/16/2006,0,2006,11,320
era5,8/17/2006,0,2006,11,321
era5,8/18/2006,0,2006,11,322
era5,8/19/2006,0,2006,11,323
era5,8/20/2006,0,2006,11,324
era5,8/21/2006,0,2006,11,325
era5,8/22/2006,0,2006,11,326
era5,8/23/2006,0,2006,11,327
era5,8/24/2006,0,2006,11,328
era5,8/25/2006,0,2006,11,329
era5,8/26/2006,0,2006,11,330
era5,8/27/2006,0,2006,11,331
era5,8/28/2006,0,2006,11,332
era5,8/29/2006,0,2006,11,333
era5,8/30/2006,0,2006,11,334
era5,8/31/2006,0,2006,11,335
era5,9/1/2006,0,2006,12,336
era5,9/2/2006,0,2006,12,337
era5,9/3/2006,0,2006,12,338
era5,9/4/2006,0,2006,12,339
era5,9/5/2006,0,2006,12,340
era5,9/6/2006,0,2006,12,341
era5,9/7/2006,0,2006,12,342
era5,9/8/2006,0,2006,12,343
era5,9/9/2006,0,2006,12,344
era5,9/10/2006,0,2006,12,345
era5,9/11/2006,0,2006,12,346
era5,9/12/2006,0,2006,12,347
era5,9/13/2006,0,2006,12,348
era5,9/14/2006,0,2006,12,349
era5,9/15/2006,0,2006,12,350
era5,9/16/2006,0,2006,12,351
era5,9/17/2006,0,2006,12,352
era5,9/18/2006,0,2006,12,353
era5,9/19/2006,0,2006,12,354
era5,9/20/2006,0,2006,12,355
era5,9/21/2006,0,2006,12,356
era5,9/22/2006,0,2006,12,357
era5,9/23/2006,0,2006,12,358
era5,9/24/2006,0,2006,12,359
era5,9/25/2006,0,2006,12,360
era5,9/26/2006,0,2006,12,361
era5,9/27/2006,0,2006,12,362
era5,9/28/2006,0,2006,12,363
era5,9/29/2006,0,2006,12,364
era5,9/30/2006,0,2006,12,365
era5,10/1/2006,0.005568093,2007,1,1
era5,10/2/2006,0.184550345,2007,1,2
era5,10/3/2006,0.166176029,2007,1,3
era5,10/4/2006,0.160530059,2007,1,4
era5,10/5/2006,0.159250914,2007,1,5
era5,10/6/2006,0.482996406,2007,1,6
era5,10/7/2006,1.118795627,2007,1,7
era5,10/8/2006,0.889900865,2007,1,8
era5,10/9/2006,0.647441985,2007,1,9
era5,10/10/2006,0.586988729,2007,1,10
era5,10/11/2006,0.774248915,2007,1,11
era5,10/12/2006,0.683612482,2007,1,12
era5,10/13/2006,0.49447311,2007,1,13
era5,10/14/2006,0.865102142,2007,1,14
era5,10/15/2006,0.791055338,2007,1,15
era5,10/16/2006,0.535749701,2007,1,16
era5,10/17/2006,0.52616337,2007,1,17
era5,10/18/2006,0.517515276,2007,1,18
era5,10/19/2006,0.457306229,2007,1,19
era5,10/20/2006,0.234343458,2007,1,20
era5,10/21/2006,0.173690697,2007,1,21
era5,10/22/2006,0.124620676,2007,1,22
era5,10/23/2006,0.092864282,2007,1,23
era5,10/24/2006,0.049341185,2007,1,24
era5,10/25/2006,0.028467506,2007,1,25
era5,10/26/2006,0.028204821,2007,1,26
era5,10/27/2006,0.027954049,2007,1,27
era5,10/28/2006,0.0277526,2007,1,28
era5,10/29/2006,0.027561168,2007,1,29
era5,10/30/2006,0.027401532,2007,1,30
era5,10/31/2006,0.027229068,2007,1,31
era5,11/1/2006,0.027079504,2007,2,32
era5,11/2/2006,0.035183589,2007,2,33
era5,11/3/2006,0.036546848,2007,2,34
era5,11/4/2006,0.037791085,2007,2,35
era5,11/5/2006,0.038985619,2007,2,36
era5,11/6/2006,0.032458898,2007,2,37
era5,11/7/2006,0,2007,2,38
era5,11/8/2006,0.000193015,2007,2,39
era5,11/9/2006,0.029231213,2007,2,40
era5,11/10/2006,0.03187762,2007,2,41
era5,11/11/2006,0.842100755,2007,2,42
era5,11/12/2006,2.896018944,2007,2,43
era5,11/13/2006,2.933564076,2007,2,44
era5,11/14/2006,11.36548753,2007,2,45
era5,11/15/2006,13.21543141,2007,2,46
era5,11/16/2006,11.38373507,2007,2,47
era5,11/17/2006,9.248829288,2007,2,48
era5,11/18/2006,7.7297545,2007,2,49
era5,11/19/2006,6.677705426,2007,2,50
era5,11/20/2006,5.146980865,2007,2,51
era5,11/21/2006,4.411446474,2007,2,52
era5,11/22/2006,4.194734809,2007,2,53
era5,11/23/2006,4.183783284,2007,2,54
era5,11/24/2006,4.086310248,2007,2,55
era5,11/25/2006,3.853074425,2007,2,56
era5,11/26/2006,3.701769091,2007,2,57
era5,11/27/2006,10.8172121,2007,2,58
era5,11/28/2006,18.51604907,2007,2,59
era5,11/29/2006,18.9841857,2007,2,60
era5,11/30/2006,18.76693882,2007,2,61
era5,12/1/2006,17.99338322,2007,3,62
era5,12/2/2006,16.65114007,2007,3,63
era5,12/3/2006,15.51624133,2007,3,64
era5,12/4/2006,14.07594686,2007,3,65
era5,12/5/2006,12.22589272,2007,3,66
era5,12/6/2006,10.54973248,2007,3,67
era5,12/7/2006,9.419862091,2007,3,68
era5,12/8/2006,8.4139463,2007,3,69
era5,12/9/2006,8.919401196,2007,3,70
era5,12/10/2006,34.25677126,2007,3,71
era5,12/11/2006,48.53633022,2007,3,72
era5,12/12/2006,50.49911829,2007,3,73
era5,12/13/2006,54.110856,2007,3,74
era5,12/14/2006,51.30350009,2007,3,75
era5,12/15/2006,48.32054276,2007,3,76
era5,12/16/2006,47.48778142,2007,3,77
era5,12/17/2006,47.84745376,2007,3,78
era5,12/18/2006,47.88582599,2007,3,79
era5,12/19/2006,47.81315806,2007,3,80
era5,12/20/2006,47.75601688,2007,3,81
era5,12/21/2006,47.735558,2007,3,82
era5,12/22/2006,62.34923385,2007,3,83
era5,12/23/2006,65.88117227,2007,3,84
era5,12/24/2006,64.74114183,2007,3,85
era5,12/25/2006,63.19004143,2007,3,86
era5,12/26/2006,61.57780075,2007,3,87
era5,12/27/2006,82.78505434,2007,3,88
era5,12/28/2006,99.60248247,2007,3,89
era5,12/29/2006,99.77308835,2007,3,90
era5,12/30/2006,99.24998812,2007,3,91
era5,12/31/2006,98.53957382,2007,3,92
era5,1/1/2007,97.74096235,2007,4,93
era5,1/2/2007,96.20521124,2007,4,94
era5,1/3/2007,93.04203818,2007,4,95
era5,1/4/2007,95.42119576,2007,4,96
era5,1/5/2007,112.965146,2007,4,97
era5,1/6/2007,113.8661766,2007,4,98
era5,1/7/2007,113.5766247,2007,4,99
era5,1/8/2007,111.262273,2007,4,100
era5,1/9/2007,107.7117007,2007,4,101
era5,1/10/2007,105.6116511,2007,4,102
era5,1/11/2007,104.996741,2007,4,103
era5,1/12/2007,105.7952357,2007,4,104
era5,1/13/2007,106.0401605,2007,4,105
era5,1/14/2007,106.0005046,2007,4,106
era5,1/15/2007,105.9645227,2007,4,107
era5,1/16/2007,105.8936119,2007,4,108
era5,1/17/2007,105.8338291,2007,4,109
era5,1/18/2007,105.7757221,2007,4,110
era5,1/19/2007,105.5011291,2007,4,111
era5,1/20/2007,104.9794572,2007,4,112
era5,1/21/2007,104.6680586,2007,4,113
era5,1/22/2007,104.5160046,2007,4,114
era5,1/23/2007,104.0818106,2007,4,115
era5,1/24/2007,103.3350819,2007,4,116
era5,1/25/2007,101.7924713,2007,4,117
era5,1/26/2007,100.6631111,2007,4,118
era5,1/27/2007,99.84099976,2007,4,119
era5,1/28/2007,99.54583427,2007,4,120
era5,1/29/2007,99.14827229,2007,4,121
era5,1/30/2007,98.27626266,2007,4,122
era5,1/31/2007,97.83597294,2007,4,123
era5,2/1/2007,97.34794912,2007,5,124
era5,2/2/2007,96.6999905,2007,5,125
era5,2/3/2007,95.76147161,2007,5,126
era5,2/4/2007,93.70829466,2007,5,127
era5,2/5/2007,88.77961644,2007,5,128
era5,2/6/2007,83.08805624,2007,5,129
era5,2/7/2007,78.96576879,2007,5,130
era5,2/8/2007,81.39861858,2007,5,131
era5,2/9/2007,86.44943425,2007,5,132
era5,2/10/2007,95.42988748,2007,5,133
era5,2/11/2007,127.5719051,2007,5,134
era5,2/12/2007,139.7206717,2007,5,135
era5,2/13/2007,140.6918585,2007,5,136
era5,2/14/2007,141.8783148,2007,5,137
era5,2/15/2007,141.418177,2007,5,138
era5,2/16/2007,138.1891585,2007,5,139
era5,2/17/2007,133.592937,2007,5,140
era5,2/18/2007,130.7758186,2007,5,141
era5,2/19/2007,133.0787473,2007,5,142
era5,2/20/2007,133.5221082,2007,5,143
era5,2/21/2007,132.5470461,2007,5,144
era5,2/22/2007,135.5922886,2007,5,145
era5,2/23/2007,177.8649942,2007,5,146
era5,2/24/2007,187.5975709,2007,5,147
era5,2/25/2007,196.7665406,2007,5,148
era5,2/26/2007,217.3887941,2007,5,149
era5,2/27/2007,248.2045517,2007,5,150
era5,2/28/2007,275.1768032,2007,5,151
era5,3/1/2007,283.7825368,2007,6,152
era5,3/2/2007,284.5203001,2007,6,153
era5,3/3/2007,284.5414722,2007,6,154
era5,3/4/2007,284.349775,2007,6,155
era5,3/5/2007,283.2756403,2007,6,156
era5,3/6/2007,280.3429027,2007,6,157
era5,3/7/2007,274.6766935,2007,6,158
era5,3/8/2007,269.5766908,2007,6,159
era5,3/9/2007,264.898588,2007,6,160
era5,3/10/2007,258.7643598,2007,6,161
era5,3/11/2007,249.3522776,2007,6,162
era5,3/12/2007,236.6492982,2007,6,163
era5,3/13/2007,224.3184124,2007,6,164
era5,3/14/2007,212.918104,2007,6,165
era5,3/15/2007,201.498389,2007,6,166
era5,3/16/2007,190.5961087,2007,6,167
era5,3/17/2007,178.7305237,2007,6,168
era5,3/18/2007,169.0754057,2007,6,169
era5,3/19/2007,162.5226783,2007,6,170
era5,3/20/2007,158.0626496,2007,6,171
era5,3/21/2007,163.6551059,2007,6,172
era5,3/22/2007,164.4328382,2007,6,173
era5,3/23/2007,161.8937079,2007,6,174
era5,3/24/2007,157.335945,2007,6,175
era5,3/25/2007,151.7389189,2007,6,176
era5,3/26/2007,146.3542549,2007,6,177
era5,3/27/2007,154.3745417,2007,6,178
era5,3/28/2007,164.8296001,2007,6,179
era5,3/29/2007,164.408052,2007,6,180
era5,3/30/2007,160.6857727,2007,6,181
era5,3/31/2007,155.6023066,2007,6,182
era5,4/1/2007,149.3039812,2007,7,183
era5,4/2/2007,143.977705,2007,7,184
era5,4/3/2007,138.2726345,2007,7,185
era5,4/4/2007,130.9175476,2007,7,186
era5,4/5/2007,123.2645232,2007,7,187
era5,4/6/2007,114.0202969,2007,7,188
era5,4/7/2007,105.1750546,2007,7,189
era5,4/8/2007,98.67785678,2007,7,190
era5,4/9/2007,93.82018509,2007,7,191
era5,4/10/2007,90.321143,2007,7,192
era5,4/11/2007,88.0855137,2007,7,193
era5,4/12/2007,90.56482404,2007,7,194
era5,4/13/2007,90.70562765,2007,7,195
era5,4/14/2007,89.31997288,2007,7,196
era5,4/15/2007,93.37323416,2007,7,197
era5,4/16/2007,95.16313087,2007,7,198
era5,4/17/2007,91.75378932,2007,7,199
era5,4/18/2007,90.40463486,2007,7,200
era5,4/19/2007,90.9637189,2007,7,201
era5,4/20/2007,93.67187003,2007,7,202
era5,4/21/2007,98.00302365,2007,7,203
era5,4/22/2007,103.5454501,2007,7,204
era5,4/23/2007,115.432531,2007,7,205
era5,4/24/2007,111.7825821,2007,7,206
era5,4/25/2007,103.7499861,2007,7,207
era5,4/26/2007,96.57245801,2007,7,208
era5,4/27/2007,91.25208747,2007,7,209
era5,4/28/2007,85.82723976,2007,7,210
era5,4/29/2007,80.1654825,2007,7,211
era5,4/30/2007,73.96399176,2007,7,212
era5,5/1/2007,68.8580304,2007,8,213
era5,5/2/2007,65.67360385,2007,8,214
era5,5/3/2007,66.2084196,2007,8,215
era5,5/4/2007,66.66282013,2007,8,216
era5,5/5/2007,67.49288479,2007,8,217
era5,5/6/2007,66.81183453,2007,8,218
era5,5/7/2007,64.67876916,2007,8,219
era5,5/8/2007,60.30217667,2007,8,220
era5,5/9/2007,56.00079785,2007,8,221
era5,5/10/2007,52.35669412,2007,8,222
era5,5/11/2007,48.79093529,2007,8,223
era5,5/12/2007,45.05524621,2007,8,224
era5,5/13/2007,42.01640733,2007,8,225
era5,5/14/2007,39.34162894,2007,8,226
era5,5/15/2007,35.18822194,2007,8,227
era5,5/16/2007,31.296715,2007,8,228
era5,5/17/2007,28.40860991,2007,8,229
era5,5/18/2007,25.55640955,2007,8,230
era5,5/19/2007,23.20079482,2007,8,231
era5,5/20/2007,20.70688559,2007,8,232
era5,5/21/2007,18.32167496,2007,8,233
era5,5/22/2007,16.71652596,2007,8,234
era5,5/23/2007,15.93035324,2007,8,235
era5,5/24/2007,15.22366676,2007,8,236
era5,5/25/2007,13.95014676,2007,8,237
era5,5/26/2007,12.38595206,2007,8,238
era5,5/27/2007,10.51566571,2007,8,239
era5,5/28/2007,8.633992706,2007,8,240
era5,5/29/2007,6.709309206,2007,8,241
era5,5/30/2007,4.558078529,2007,8,242
era5,5/31/2007,2.673573882,2007,8,243
era5,6/1/2007,1.444431796,2007,9,244
era5,6/2/2007,0.892399412,2007,9,245
era5,6/3/2007,0.438891471,2007,9,246
era5,6/4/2007,0,2007,9,247
era5,6/5/2007,4.30E-05,2007,9,248
era5,6/6/2007,0.077482109,2007,9,249
era5,6/7/2007,0.012340177,2007,9,250
era5,6/8/2007,0,2007,9,251
era5,6/9/2007,0,2007,9,252
era5,6/10/2007,0,2007,9,253
era5,6/11/2007,0,2007,9,254
era5,6/12/2007,0,2007,9,255
era5,6/13/2007,0,2007,9,256
era5,6/14/2007,0,2007,9,257
era5,6/15/2007,0,2007,9,258
era5,6/16/2007,0,2007,9,259
era5,6/17/2007,0,2007,9,260
era5,6/18/2007,0,2007,9,261
era5,6/19/2007,0,2007,9,262
era5,6/20/2007,0,2007,9,263
era5,6/21/2007,0,2007,9,264
era5,6/22/2007,0,2007,9,265
era5,6/23/2007,0,2007,9,266
era5,6/24/2007,0,2007,9,267
era5,6/25/2007,0,2007,9,268
era5,6/26/2007,0,2007,9,269
era5,6/27/2007,0,2007,9,270
era5,6/28/2007,0,2007,9,271
era5,6/29/2007,0,2007,9,272
era5,6/30/2007,0,2007,9,273
era5,7/1/2007,0,2007,10,274
era5,7/2/2007,0,2007,10,275
era5,7/3/2007,0,2007,10,276
era5,7/4/2007,0,2007,10,277
era5,7/5/2007,0,2007,10,278
era5,7/6/2007,0,2007,10,279
era5,7/7/2007,0,2007,10,280
era5,7/8/2007,0,2007,10,281
era5,7/9/2007,0,2007,10,282
era5,7/10/2007,0,2007,10,283
era5,7/11/2007,0,2007,10,284
era5,7/12/2007,0,2007,10,285
era5,7/13/2007,0,2007,10,286
era5,7/14/2007,0,2007,10,287
era5,7/15/2007,0,2007,10,288
era5,7/16/2007,0,2007,10,289
era5,7/17/2007,0,2007,10,290
era5,7/18/2007,0,2007,10,291
era5,7/19/2007,0,2007,10,292
era5,7/20/2007,0,2007,10,293
era5,7/21/2007,0,2007,10,294
era5,7/22/2007,0,2007,10,295
era5,7/23/2007,0,2007,10,296
era5,7/24/2007,0,2007,10,297
era5,7/25/2007,0,2007,10,298
era5,7/26/2007,0,2007,10,299
era5,7/27/2007,0,2007,10,300
era5,7/28/2007,0,2007,10,301
era5,7/29/2007,0,2007,10,302
era5,7/30/2007,0,2007,10,303
era5,7/31/2007,0,2007,10,304
era5,8/1/2007,0,2007,11,305
era5,8/2/2007,0,2007,11,306
era5,8/3/2007,0,2007,11,307
era5,8/4/2007,0,2007,11,308
era5,8/5/2007,0,2007,11,309
era5,8/6/2007,0,2007,11,310
era5,8/7/2007,0,2007,11,311
era5,8/8/2007,0,2007,11,312
era5,8/9/2007,0,2007,11,313
era5,8/10/2007,0,2007,11,314
era5,8/11/2007,0,2007,11,315
era5,8/12/2007,0,2007,11,316
era5,8/13/2007,0,2007,11,317
era5,8/14/2007,0,2007,11,318
era5,8/15/2007,0,2007,11,319
era5,8/16/2007,0,2007,11,320
era5,8/17/2007,0,2007,11,321
era5,8/18/2007,0,2007,11,322
era5,8/19/2007,0,2007,11,323
era5,8/20/2007,0,2007,11,324
era5,8/21/2007,0,2007,11,325
era5,8/22/2007,0,2007,11,326
era5,8/23/2007,0,2007,11,327
era5,8/24/2007,0,2007,11,328
era5,8/25/2007,0,2007,11,329
era5,8/26/2007,0,2007,11,330
era5,8/27/2007,0,2007,11,331
era5,8/28/2007,0,2007,11,332
era5,8/29/2007,0,2007,11,333
era5,8/30/2007,0,2007,11,334
era5,8/31/2007,0,2007,11,335
era5,9/1/2007,0,2007,12,336
era5,9/2/2007,0,2007,12,337
era5,9/3/2007,0,2007,12,338
era5,9/4/2007,0,2007,12,339
era5,9/5/2007,0,2007,12,340
era5,9/6/2007,0,2007,12,341
era5,9/7/2007,0,2007,12,342
era5,9/8/2007,0,2007,12,343
era5,9/9/2007,0,2007,12,344
era5,9/10/2007,0,2007,12,345
era5,9/11/2007,0,2007,12,346
era5,9/12/2007,0,2007,12,347
era5,9/13/2007,0,2007,12,348
era5,9/14/2007,0,2007,12,349
era5,9/15/2007,0,2007,12,350
era5,9/16/2007,0,2007,12,351
era5,9/17/2007,0,2007,12,352
era5,9/18/2007,0,2007,12,353
era5,9/19/2007,0,2007,12,354
era5,9/20/2007,0.468213503,2007,12,355
era5,9/21/2007,0.898713222,2007,12,356
era5,9/22/2007,0.865255125,2007,12,357
era5,9/23/2007,1.83761067,2007,12,358
era5,9/24/2007,1.552828009,2007,12,359
era5,9/25/2007,0.958300715,2007,12,360
era5,9/26/2007,0.412002706,2007,12,361
era5,9/27/2007,0.251596174,2007,12,362
era5,9/28/2007,0.042573029,2007,12,363
era5,9/29/2007,0,2007,12,364
era5,9/30/2007,0,2007,12,365
era5,10/1/2007,0,2008,1,1
era5,10/2/2007,0,2008,1,2
era5,10/3/2007,0,2008,1,3
era5,10/4/2007,0,2008,1,4
era5,10/5/2007,0.655809693,2008,1,5
era5,10/6/2007,4.413484707,2008,1,6
era5,10/7/2007,3.670325024,2008,1,7
era5,10/8/2007,2.112279562,2008,1,8
era5,10/9/2007,0.748763493,2008,1,9
era5,10/10/2007,0.681635896,2008,1,10
era5,10/11/2007,0.666872697,2008,1,11
era5,10/12/2007,0.51267921,2008,1,12
era5,10/13/2007,0.906471992,2008,1,13
era5,10/14/2007,0.772560706,2008,1,14
era5,10/15/2007,0.755909721,2008,1,15
era5,10/16/2007,0.834386316,2008,1,16
era5,10/17/2007,5.215135685,2008,1,17
era5,10/18/2007,6.110288223,2008,1,18
era5,10/19/2007,3.853694231,2008,1,19
era5,10/20/2007,2.110213341,2008,1,20
era5,10/21/2007,2.051282453,2008,1,21
era5,10/22/2007,1.42324302,2008,1,22
era5,10/23/2007,0.700949941,2008,1,23
era5,10/24/2007,0.243417862,2008,1,24
era5,10/25/2007,0.04028755,2008,1,25
era5,10/26/2007,0,2008,1,26
era5,10/27/2007,1.57E-06,2008,1,27
era5,10/28/2007,0,2008,1,28
era5,10/29/2007,0.004223214,2008,1,29
era5,10/30/2007,0.073585947,2008,1,30
era5,10/31/2007,0.035081128,2008,1,31
era5,11/1/2007,0.035233618,2008,2,32
era5,11/2/2007,0.034735543,2008,2,33
era5,11/3/2007,0.032703328,2008,2,34
era5,11/4/2007,0.018812133,2008,2,35
era5,11/5/2007,0.018113825,2008,2,36
era5,11/6/2007,0.017559753,2008,2,37
era5,11/7/2007,0.016736102,2008,2,38
era5,11/8/2007,0.014997918,2008,2,39
era5,11/9/2007,0.050783682,2008,2,40
era5,11/10/2007,0.128549603,2008,2,41
era5,11/11/2007,1.437880952,2008,2,42
era5,11/12/2007,2.938885426,2008,2,43
era5,11/13/2007,2.361592126,2008,2,44
era5,11/14/2007,1.687157574,2008,2,45
era5,11/15/2007,0.990584216,2008,2,46
era5,11/16/2007,0.704715774,2008,2,47
era5,11/17/2007,0.603427588,2008,2,48
era5,11/18/2007,0.581968047,2008,2,49
era5,11/19/2007,0.567807379,2008,2,50
era5,11/20/2007,0.567090062,2008,2,51
era5,11/21/2007,0.566367347,2008,2,52
era5,11/22/2007,0.565695853,2008,2,53
era5,11/23/2007,0.565156521,2008,2,54
era5,11/24/2007,0.564432018,2008,2,55
era5,11/25/2007,0.563541365,2008,2,56
era5,11/26/2007,0.562670879,2008,2,57
era5,11/27/2007,0.562321779,2008,2,58
era5,11/28/2007,0.562300932,2008,2,59
era5,11/29/2007,0.561914579,2008,2,60
era5,11/30/2007,0.561888185,2008,2,61
era5,12/1/2007,0.584522034,2008,3,62
era5,12/2/2007,1.156031577,2008,3,63
era5,12/3/2007,1.166913941,2008,3,64
era5,12/4/2007,0.912443873,2008,3,65
era5,12/5/2007,0.772756794,2008,3,66
era5,12/6/2007,0.945750416,2008,3,67
era5,12/7/2007,32.52349856,2008,3,68
era5,12/8/2007,49.29152274,2008,3,69
era5,12/9/2007,50.75293326,2008,3,70
era5,12/10/2007,50.82174053,2008,3,71
era5,12/11/2007,50.83434747,2008,3,72
era5,12/12/2007,50.84833735,2008,3,73
era5,12/13/2007,50.79948185,2008,3,74
era5,12/14/2007,50.71980074,2008,3,75
era5,12/15/2007,50.54042097,2008,3,76
era5,12/16/2007,50.21066012,2008,3,77
era5,12/17/2007,50.08607676,2008,3,78
era5,12/18/2007,66.85123371,2008,3,79
era5,12/19/2007,123.1752118,2008,3,80
era5,12/20/2007,132.6016168,2008,3,81
era5,12/21/2007,145.1835189,2008,3,82
era5,12/22/2007,145.3049944,2008,3,83
era5,12/23/2007,145.0992281,2008,3,84
era5,12/24/2007,144.124297,2008,3,85
era5,12/25/2007,143.1320805,2008,3,86
era5,12/26/2007,142.9199818,2008,3,87
era5,12/27/2007,143.4991821,2008,3,88
era5,12/28/2007,145.5919244,2008,3,89
era5,12/29/2007,151.7695166,2008,3,90
era5,12/30/2007,154.3320256,2008,3,91
era5,12/31/2007,154.5015844,2008,3,92
era5,1/1/2008,154.2491666,2008,4,93
era5,1/2/2008,153.451581,2008,4,94
era5,1/3/2008,152.7670428,2008,4,95
era5,1/4/2008,176.6027703,2008,4,96
era5,1/5/2008,312.8404369,2008,4,97
era5,1/6/2008,385.9121791,2008,4,98
era5,1/7/2008,407.9021165,2008,4,99
era5,1/8/2008,411.8914759,2008,4,100
era5,1/9/2008,429.5989832,2008,4,101
era5,1/10/2008,431.7844926,2008,4,102
era5,1/11/2008,432.5908176,2008,4,103
era5,1/12/2008,431.5863238,2008,4,104
era5,1/13/2008,430.3169503,2008,4,105
era5,1/14/2008,429.0289453,2008,4,106
era5,1/15/2008,427.7247979,2008,4,107
era5,1/16/2008,426.8531862,2008,4,108
era5,1/17/2008,426.5428541,2008,4,109
era5,1/18/2008,426.3917796,2008,4,110
era5,1/19/2008,426.2924956,2008,4,111
era5,1/20/2008,426.2000349,2008,4,112
era5,1/21/2008,429.7924938,2008,4,113
era5,1/22/2008,437.4480462,2008,4,114
era5,1/23/2008,455.0380053,2008,4,115
era5,1/24/2008,482.2843206,2008,4,116
era5,1/25/2008,525.7910903,2008,4,117
era5,1/26/2008,584.1415829,2008,4,118
era5,1/27/2008,611.7506547,2008,4,119
era5,1/28/2008,698.9791976,2008,4,120
era5,1/29/2008,722.9216362,2008,4,121
era5,1/30/2008,728.8141382,2008,4,122
era5,1/31/2008,731.20783,2008,4,123
era5,2/1/2008,740.9841503,2008,5,124
era5,2/2/2008,745.3401674,2008,5,125
era5,2/3/2008,775.3227879,2008,5,126
era5,2/4/2008,811.1374938,2008,5,127
era5,2/5/2008,812.1435853,2008,5,128
era5,2/6/2008,812.1327785,2008,5,129
era5,2/7/2008,812.0653747,2008,5,130
era5,2/8/2008,811.4273991,2008,5,131
era5,2/9/2008,810.3227859,2008,5,132
era5,2/10/2008,808.90368,2008,5,133
era5,2/11/2008,807.1062535,2008,5,134
era5,2/12/2008,804.8418118,2008,5,135
era5,2/13/2008,802.2441456,2008,5,136
era5,2/14/2008,800.4515203,2008,5,137
era5,2/15/2008,800.0088079,2008,5,138
era5,2/16/2008,799.41169,2008,5,139
era5,2/17/2008,798.4749612,2008,5,140
era5,2/18/2008,796.6954491,2008,5,141
era5,2/19/2008,794.7570865,2008,5,142
era5,2/20/2008,795.9028074,2008,5,143
era5,2/21/2008,799.6586826,2008,5,144
era5,2/22/2008,823.4146932,2008,5,145
era5,2/23/2008,847.5733459,2008,5,146
era5,2/24/2008,896.9102529,2008,5,147
era5,2/25/2008,952.7449765,2008,5,148
era5,2/26/2008,955.2266279,2008,5,149
era5,2/27/2008,954.6719212,2008,5,150
era5,2/28/2008,953.4174803,2008,5,151
era5,2/29/2008,950.49038,2008,5,152
era5,3/1/2008,946.3745844,2008,6,153
era5,3/2/2008,943.4961021,2008,6,154
era5,3/3/2008,941.8966715,2008,6,155
era5,3/4/2008,940.4323594,2008,6,156
era5,3/5/2008,938.1002776,2008,6,157
era5,3/6/2008,936.8262897,2008,6,158
era5,3/7/2008,935.7290968,2008,6,159
era5,3/8/2008,933.5469474,2008,6,160
era5,3/9/2008,930.4734421,2008,6,161
era5,3/10/2008,927.1193088,2008,6,162
era5,3/11/2008,922.5064415,2008,6,163
era5,3/12/2008,916.293825,2008,6,164
era5,3/13/2008,911.3889844,2008,6,165
era5,3/14/2008,907.9888562,2008,6,166
era5,3/15/2008,910.1576303,2008,6,167
era5,3/16/2008,916.3598959,2008,6,168
era5,3/17/2008,917.4491112,2008,6,169
era5,3/18/2008,917.0553056,2008,6,170
era5,3/19/2008,914.2489309,2008,6,171
era5,3/20/2008,911.1334785,2008,6,172
era5,3/21/2008,909.1218841,2008,6,173
era5,3/22/2008,906.8760785,2008,6,174
era5,3/23/2008,903.0946703,2008,6,175
era5,3/24/2008,898.383635,2008,6,176
era5,3/25/2008,892.7766059,2008,6,177
era5,3/26/2008,885.9288706,2008,6,178
era5,3/27/2008,882.0927062,2008,6,179
era5,3/28/2008,879.8497391,2008,6,180
era5,3/29/2008,877.7554765,2008,6,181
era5,3/30/2008,875.3137812,2008,6,182
era5,3/31/2008,875.6146174,2008,6,183
era5,4/1/2008,874.3408871,2008,7,184
era5,4/2/2008,871.3212281,2008,7,185
era5,4/3/2008,869.1515829,2008,7,186
era5,4/4/2008,863.9081322,2008,7,187
era5,4/5/2008,859.9020247,2008,7,188
era5,4/6/2008,856.6159221,2008,7,189
era5,4/7/2008,853.1752038,2008,7,190
era5,4/8/2008,851.4686829,2008,7,191
era5,4/9/2008,851.3950303,2008,7,192
era5,4/10/2008,850.3487071,2008,7,193
era5,4/11/2008,846.3728065,2008,7,194
era5,4/12/2008,838.2280829,2008,7,195
era5,4/13/2008,827.79072,2008,7,196
era5,4/14/2008,815.0147582,2008,7,197
era5,4/15/2008,803.2385009,2008,7,198
era5,4/16/2008,800.3730009,2008,7,199
era5,4/17/2008,794.1370582,2008,7,200
era5,4/18/2008,784.2313279,2008,7,201
era5,4/19/2008,773.8229924,2008,7,202
era5,4/20/2008,769.3813353,2008,7,203
era5,4/21/2008,768.1122894,2008,7,204
era5,4/22/2008,765.2724826,2008,7,205
era5,4/23/2008,763.4523054,2008,7,206
era5,4/24/2008,760.8712687,2008,7,207
era5,4/25/2008,756.1907329,2008,7,208
era5,4/26/2008,746.5986562,2008,7,209
era5,4/27/2008,730.8579244,2008,7,210
era5,4/28/2008,712.6072754,2008,7,211
era5,4/29/2008,694.8599409,2008,7,212
era5,4/30/2008,683.4840756,2008,7,213
era5,5/1/2008,678.2557957,2008,8,214
era5,5/2/2008,669.1699071,2008,8,215
era5,5/3/2008,657.0333591,2008,8,216
era5,5/4/2008,646.0631402,2008,8,217
era5,5/5/2008,635.1813852,2008,8,218
era5,5/6/2008,622.5773787,2008,8,219
era5,5/7/2008,606.9968026,2008,8,220
era5,5/8/2008,595.9637274,2008,8,221
era5,5/9/2008,584.6729203,2008,8,222
era5,5/10/2008,572.31697,2008,8,223
era5,5/11/2008,557.1109552,2008,8,224
era5,5/12/2008,540.2529656,2008,8,225
era5,5/13/2008,526.9707046,2008,8,226
era5,5/14/2008,510.1637847,2008,8,227
era5,5/15/2008,481.5246499,2008,8,228
era5,5/16/2008,451.3273916,2008,8,229
era5,5/17/2008,426.6723617,2008,8,230
era5,5/18/2008,401.8939575,2008,8,231
era5,5/19/2008,377.0049796,2008,8,232
era5,5/20/2008,355.3534716,2008,8,233
era5,5/21/2008,335.6438043,2008,8,234
era5,5/22/2008,326.3375024,2008,8,235
era5,5/23/2008,322.3122119,2008,8,236
era5,5/24/2008,316.2241875,2008,8,237
era5,5/25/2008,311.4789034,2008,8,238
era5,5/26/2008,309.5067211,2008,8,239
era5,5/27/2008,304.2536659,2008,8,240
era5,5/28/2008,303.1914066,2008,8,241
era5,5/29/2008,300.2424052,2008,8,242
era5,5/30/2008,295.2698421,2008,8,243
era5,5/31/2008,288.8055407,2008,8,244
era5,6/1/2008,281.5984571,2008,9,245
era5,6/2/2008,274.6077576,2008,9,246
era5,6/3/2008,267.0448218,2008,9,247
era5,6/4/2008,257.2290665,2008,9,248
era5,6/5/2008,249.9139253,2008,9,249
era5,6/6/2008,240.3644906,2008,9,250
era5,6/7/2008,229.3460926,2008,9,251
era5,6/8/2008,219.9059662,2008,9,252
era5,6/9/2008,207.9614732,2008,9,253
era5,6/10/2008,194.3716805,2008,9,254
era5,6/11/2008,182.8069224,2008,9,255
era5,6/12/2008,174.0852698,2008,9,256
era5,6/13/2008,163.8792898,2008,9,257
era5,6/14/2008,151.2717737,2008,9,258
era5,6/15/2008,138.2774135,2008,9,259
era5,6/16/2008,128.7652506,2008,9,260
era5,6/17/2008,120.8199432,2008,9,261
era5,6/18/2008,113.4296172,2008,9,262
era5,6/19/2008,106.7762787,2008,9,263
era5,6/20/2008,99.94725106,2008,9,264
era5,6/21/2008,92.03153647,2008,9,265
era5,6/22/2008,83.80981865,2008,9,266
era5,6/23/2008,77.45560697,2008,9,267
era5,6/24/2008,72.03589253,2008,9,268
era5,6/25/2008,67.03928564,2008,9,269
era5,6/26/2008,63.41888176,2008,9,270
era5,6/27/2008,59.70176353,2008,9,271
era5,6/28/2008,55.62210971,2008,9,272
era5,6/29/2008,51.23767912,2008,9,273
era5,6/30/2008,46.62856324,2008,9,274
era5,7/1/2008,42.59534912,2008,10,275
era5,7/2/2008,38.68234529,2008,10,276
era5,7/3/2008,34.25645559,2008,10,277
era5,7/4/2008,29.659915,2008,10,278
era5,7/5/2008,25.23893882,2008,10,279
era5,7/6/2008,20.65694456,2008,10,280
era5,7/7/2008,15.98840408,2008,10,281
era5,7/8/2008,11.79944971,2008,10,282
era5,7/9/2008,7.612604853,2008,10,283
era5,7/10/2008,3.83726,2008,10,284
era5,7/11/2008,1.287978,2008,10,285
era5,7/12/2008,0.196782897,2008,10,286
era5,7/13/2008,0,2008,10,287
era5,7/14/2008,0,2008,10,288
era5,7/15/2008,0,2008,10,289
era5,7/16/2008,0,2008,10,290
era5,7/17/2008,0,2008,10,291
era5,7/18/2008,0,2008,10,292
era5,7/19/2008,0,2008,10,293
era5,7/20/2008,0,2008,10,294
era5,7/21/2008,0,2008,10,295
era5,7/22/2008,0,2008,10,296
era5,7/23/2008,0,2008,10,297
era5,7/24/2008,0,2008,10,298
era5,7/25/2008,0,2008,10,299
era5,7/26/2008,0,2008,10,300
era5,7/27/2008,0,2008,10,301
era5,7/28/2008,0,2008,10,302
era5,7/29/2008,0,2008,10,303
era5,7/30/2008,0,2008,10,304
era5,7/31/2008,0,2008,10,305
era5,8/1/2008,0,2008,11,306
era5,8/2/2008,0,2008,11,307
era5,8/3/2008,0,2008,11,308
era5,8/4/2008,0,2008,11,309
era5,8/5/2008,0,2008,11,310
era5,8/6/2008,0,2008,11,311
era5,8/7/2008,0,2008,11,312
era5,8/8/2008,0,2008,11,313
era5,8/9/2008,0,2008,11,314
era5,8/10/2008,0,2008,11,315
era5,8/11/2008,0,2008,11,316
era5,8/12/2008,0,2008,11,317
era5,8/13/2008,0,2008,11,318
era5,8/14/2008,0,2008,11,319
era5,8/15/2008,0,2008,11,320
era5,8/16/2008,0,2008,11,321
era5,8/17/2008,0,2008,11,322
era5,8/18/2008,0,2008,11,323
era5,8/19/2008,0,2008,11,324
era5,8/20/2008,0,2008,11,325
era5,8/21/2008,0,2008,11,326
era5,8/22/2008,0,2008,11,327
era5,8/23/2008,0,2008,11,328
era5,8/24/2008,0,2008,11,329
era5,8/25/2008,0,2008,11,330
era5,8/26/2008,0,2008,11,331
era5,8/27/2008,0,2008,11,332
era5,8/28/2008,0,2008,11,333
era5,8/29/2008,0,2008,11,334
era5,8/30/2008,0,2008,11,335
era5,8/31/2008,0,2008,11,336
era5,9/1/2008,0,2008,12,337
era5,9/2/2008,0,2008,12,338
era5,9/3/2008,0,2008,12,339
era5,9/4/2008,0,2008,12,340
era5,9/5/2008,0,2008,12,341
era5,9/6/2008,0,2008,12,342
era5,9/7/2008,0,2008,12,343
era5,9/8/2008,0,2008,12,344
era5,9/9/2008,0,2008,12,345
era5,9/10/2008,4.78E-06,2008,12,346
era5,9/11/2008,0,2008,12,347
era5,9/12/2008,0,2008,12,348
era5,9/13/2008,0,2008,12,349
era5,9/14/2008,0,2008,12,350
era5,9/15/2008,0,2008,12,351
era5,9/16/2008,0,2008,12,352
era5,9/17/2008,0,2008,12,353
era5,9/18/2008,0,2008,12,354
era5,9/19/2008,0,2008,12,355
era5,9/20/2008,0,2008,12,356
era5,9/21/2008,0,2008,12,357
era5,9/22/2008,0,2008,12,358
era5,9/23/2008,0,2008,12,359
era5,9/24/2008,0,2008,12,360
era5,9/25/2008,0,2008,12,361
era5,9/26/2008,0,2008,12,362
era5,9/27/2008,0,2008,12,363
era5,9/28/2008,0,2008,12,364
era5,9/29/2008,5.43E-05,2008,12,365
era5,9/30/2008,0,2008,12,366
era5,10/1/2008,0,2009,1,1
era5,10/2/2008,0,2009,1,2
era5,10/3/2008,0,2009,1,3
era5,10/4/2008,1.129846904,2009,1,4
era5,10/5/2008,2.261819414,2009,1,5
era5,10/6/2008,1.439447862,2009,1,6
era5,10/7/2008,0.535707826,2009,1,7
era5,10/8/2008,0.133027888,2009,1,8
era5,10/9/2008,0,2009,1,9
era5,10/10/2008,0.043913644,2009,1,10
era5,10/11/2008,1.162329027,2009,1,11
era5,10/12/2008,1.457618028,2009,1,12
era5,10/13/2008,1.403237159,2009,1,13
era5,10/14/2008,1.113017629,2009,1,14
era5,10/15/2008,0.69061115,2009,1,15
era5,10/16/2008,0.244479021,2009,1,16
era5,10/17/2008,0.143828088,2009,1,17
era5,10/18/2008,0.030405009,2009,1,18
era5,10/19/2008,0,2009,1,19
era5,10/20/2008,0,2009,1,20
era5,10/21/2008,0,2009,1,21
era5,10/22/2008,0,2009,1,22
era5,10/23/2008,0,2009,1,23
era5,10/24/2008,0,2009,1,24
era5,10/25/2008,0,2009,1,25
era5,10/26/2008,0,2009,1,26
era5,10/27/2008,0,2009,1,27
era5,10/28/2008,0,2009,1,28
era5,10/29/2008,0,2009,1,29
era5,10/30/2008,4.18E-05,2009,1,30
era5,10/31/2008,4.557447751,2009,1,31
era5,11/1/2008,9.654188194,2009,2,32
era5,11/2/2008,25.98180953,2009,2,33
era5,11/3/2008,30.28351718,2009,2,34
era5,11/4/2008,40.5806934,2009,2,35
era5,11/5/2008,44.75313827,2009,2,36
era5,11/6/2008,43.75229537,2009,2,37
era5,11/7/2008,39.97108718,2009,2,38
era5,11/8/2008,36.63627537,2009,2,39
era5,11/9/2008,36.77196883,2009,2,40
era5,11/10/2008,37.30147268,2009,2,41
era5,11/11/2008,36.97915134,2009,2,42
era5,11/12/2008,35.5886539,2009,2,43
era5,11/13/2008,31.81194717,2009,2,44
era5,11/14/2008,29.10721153,2009,2,45
era5,11/15/2008,26.74005412,2009,2,46
era5,11/16/2008,24.72334312,2009,2,47
era5,11/17/2008,22.81632206,2009,2,48
era5,11/18/2008,21.05431606,2009,2,49
era5,11/19/2008,19.92913462,2009,2,50
era5,11/20/2008,18.87565976,2009,2,51
era5,11/21/2008,17.75057203,2009,2,52
era5,11/22/2008,16.72156226,2009,2,53
era5,11/23/2008,15.96286092,2009,2,54
era5,11/24/2008,15.216271,2009,2,55
era5,11/25/2008,14.63002371,2009,2,56
era5,11/26/2008,17.45085679,2009,2,57
era5,11/27/2008,20.68367463,2009,2,58
era5,11/28/2008,20.96134942,2009,2,59
era5,11/29/2008,20.16709199,2009,2,60
era5,11/30/2008,18.05628221,2009,2,61
era5,12/1/2008,16.4304675,2009,3,62
era5,12/2/2008,15.17742199,2009,3,63
era5,12/3/2008,14.89019881,2009,3,64
era5,12/4/2008,14.82306491,2009,3,65
era5,12/5/2008,14.77303522,2009,3,66
era5,12/6/2008,14.58352024,2009,3,67
era5,12/7/2008,14.31000224,2009,3,68
era5,12/8/2008,14.05840083,2009,3,69
era5,12/9/2008,13.9301043,2009,3,70
era5,12/10/2008,13.52521084,2009,3,71
era5,12/11/2008,12.88506868,2009,3,72
era5,12/12/2008,12.39214457,2009,3,73
era5,12/13/2008,13.70616228,2009,3,74
era5,12/14/2008,23.15416752,2009,3,75
era5,12/15/2008,52.82065644,2009,3,76
era5,12/16/2008,100.6004064,2009,3,77
era5,12/17/2008,108.8608254,2009,3,78
era5,12/18/2008,109.4867021,2009,3,79
era5,12/19/2008,114.1671773,2009,3,80
era5,12/20/2008,119.6198529,2009,3,81
era5,12/21/2008,119.8004321,2009,3,82
era5,12/22/2008,137.6931111,2009,3,83
era5,12/23/2008,157.93501,2009,3,84
era5,12/24/2008,164.2560713,2009,3,85
era5,12/25/2008,220.7495716,2009,3,86
era5,12/26/2008,260.5735914,2009,3,87
era5,12/27/2008,262.3665843,2009,3,88
era5,12/28/2008,262.41394,2009,3,89
era5,12/29/2008,262.3732826,2009,3,90
era5,12/30/2008,262.1441762,2009,3,91
era5,12/31/2008,261.83726,2009,3,92
era5,1/1/2009,261.0710532,2009,4,93
era5,1/2/2009,260.2068935,2009,4,94
era5,1/3/2009,265.8531479,2009,4,95
era5,1/4/2009,266.0828794,2009,4,96
era5,1/5/2009,266.4803791,2009,4,97
era5,1/6/2009,267.6980912,2009,4,98
era5,1/7/2009,267.34281,2009,4,99
era5,1/8/2009,265.7304665,2009,4,100
era5,1/9/2009,263.7413968,2009,4,101
era5,1/10/2009,262.5587824,2009,4,102
era5,1/11/2009,259.4692897,2009,4,103
era5,1/12/2009,253.9522109,2009,4,104
era5,1/13/2009,248.1021186,2009,4,105
era5,1/14/2009,243.6967203,2009,4,106
era5,1/15/2009,239.1013159,2009,4,107
era5,1/16/2009,235.1310135,2009,4,108
era5,1/17/2009,231.9586853,2009,4,109
era5,1/18/2009,229.2134102,2009,4,110
era5,1/19/2009,226.5979641,2009,4,111
era5,1/20/2009,224.2630529,2009,4,112
era5,1/21/2009,221.1891369,2009,4,113
era5,1/22/2009,218.5209106,2009,4,114
era5,1/23/2009,223.4593001,2009,4,115
era5,1/24/2009,226.7329569,2009,4,116
era5,1/25/2009,231.5467371,2009,4,117
era5,1/26/2009,236.9356488,2009,4,118
era5,1/27/2009,238.4517044,2009,4,119
era5,1/28/2009,238.2434863,2009,4,120
era5,1/29/2009,237.6391268,2009,4,121
era5,1/30/2009,236.0458309,2009,4,122
era5,1/31/2009,234.2928223,2009,4,123
era5,2/1/2009,232.6000241,2009,5,124
era5,2/2/2009,230.8250775,2009,5,125
era5,2/3/2009,228.4256606,2009,5,126
era5,2/4/2009,225.0951374,2009,5,127
era5,2/5/2009,222.5313788,2009,5,128
era5,2/6/2009,251.7800601,2009,5,129
era5,2/7/2009,270.8806825,2009,5,130
era5,2/8/2009,277.5852518,2009,5,131
era5,2/9/2009,297.7893743,2009,5,132
era5,2/10/2009,310.5722443,2009,5,133
era5,2/11/2009,313.9355004,2009,5,134
era5,2/12/2009,326.8035188,2009,5,135
era5,2/13/2009,336.6518888,2009,5,136
era5,2/14/2009,366.2311343,2009,5,137
era5,2/15/2009,378.6369835,2009,5,138
era5,2/16/2009,402.4408085,2009,5,139
era5,2/17/2009,459.3700968,2009,5,140
era5,2/18/2009,496.4979315,2009,5,141
era5,2/19/2009,498.5738259,2009,5,142
era5,2/20/2009,498.4317124,2009,5,143
era5,2/21/2009,498.1132006,2009,5,144
era5,2/22/2009,499.9448594,2009,5,145
era5,2/23/2009,523.169925,2009,5,146
era5,2/24/2009,533.9377365,2009,5,147
era5,2/25/2009,532.7029735,2009,5,148
era5,2/26/2009,535.0706012,2009,5,149
era5,2/27/2009,535.3835565,2009,5,150
era5,2/28/2009,533.7415085,2009,5,151
era5,3/1/2009,528.6879441,2009,6,152
era5,3/2/2009,538.4386756,2009,6,153
era5,3/3/2009,559.9248803,2009,6,154
era5,3/4/2009,608.5122168,2009,6,155
era5,3/5/2009,645.0077988,2009,6,156
era5,3/6/2009,649.3653774,2009,6,157
era5,3/7/2009,650.6600062,2009,6,158
era5,3/8/2009,650.5635691,2009,6,159
era5,3/9/2009,650.2862435,2009,6,160
era5,3/10/2009,650.214695,2009,6,161
era5,3/11/2009,649.9629932,2009,6,162
era5,3/12/2009,649.4608906,2009,6,163
era5,3/13/2009,648.453245,2009,6,164
era5,3/14/2009,647.0060079,2009,6,165
era5,3/15/2009,645.7728512,2009,6,166
era5,3/16/2009,643.2748603,2009,6,167
era5,3/17/2009,637.3383885,2009,6,168
era5,3/18/2009,630.3888421,2009,6,169
era5,3/19/2009,621.8584888,2009,6,170
era5,3/20/2009,612.5780562,2009,6,171
era5,3/21/2009,605.3947979,2009,6,172
era5,3/22/2009,625.5457994,2009,6,173
era5,3/23/2009,650.7458115,2009,6,174
era5,3/24/2009,650.9290788,2009,6,175
era5,3/25/2009,650.4965597,2009,6,176
era5,3/26/2009,648.1822094,2009,6,177
era5,3/27/2009,644.1064129,2009,6,178
era5,3/28/2009,639.6009126,2009,6,179
era5,3/29/2009,632.7653087,2009,6,180
era5,3/30/2009,628.1665359,2009,6,181
era5,3/31/2009,625.3205353,2009,6,182
era5,4/1/2009,619.4973476,2009,7,183
era5,4/2/2009,610.7380509,2009,7,184
era5,4/3/2009,604.8032224,2009,7,185
era5,4/4/2009,604.1340106,2009,7,186
era5,4/5/2009,602.3164779,2009,7,187
era5,4/6/2009,597.3605946,2009,7,188
era5,4/7/2009,588.4989977,2009,7,189
era5,4/8/2009,601.3565714,2009,7,190
era5,4/9/2009,611.9720062,2009,7,191
era5,4/10/2009,619.4373478,2009,7,192
era5,4/11/2009,624.4172754,2009,7,193
era5,4/12/2009,622.5900867,2009,7,194
era5,4/13/2009,616.8056343,2009,7,195
era5,4/14/2009,608.9945294,2009,7,196
era5,4/15/2009,609.7919324,2009,7,197
era5,4/16/2009,611.1489983,2009,7,198
era5,4/17/2009,609.0007486,2009,7,199
era5,4/18/2009,601.1761983,2009,7,200
era5,4/19/2009,590.4347506,2009,7,201
era5,4/20/2009,577.4531286,2009,7,202
era5,4/21/2009,562.0477907,2009,7,203
era5,4/22/2009,546.7238435,2009,7,204
era5,4/23/2009,531.3422347,2009,7,205
era5,4/24/2009,521.6717662,2009,7,206
era5,4/25/2009,522.5311624,2009,7,207
era5,4/26/2009,520.3186188,2009,7,208
era5,4/27/2009,516.5486097,2009,7,209
era5,4/28/2009,512.2406352,2009,7,210
era5,4/29/2009,509.9280688,2009,7,211
era5,4/30/2009,505.7759966,2009,7,212
era5,5/1/2009,497.4403516,2009,8,213
era5,5/2/2009,506.7915696,2009,8,214
era5,5/3/2009,506.8576204,2009,8,215
era5,5/4/2009,499.1499811,2009,8,216
era5,5/5/2009,490.0242653,2009,8,217
era5,5/6/2009,480.0740308,2009,8,218
era5,5/7/2009,468.8174224,2009,8,219
era5,5/8/2009,458.2596621,2009,8,220
era5,5/9/2009,446.5960353,2009,8,221
era5,5/10/2009,434.0327212,2009,8,222
era5,5/11/2009,420.8085921,2009,8,223
era5,5/12/2009,407.5217563,2009,8,224
era5,5/13/2009,395.5775963,2009,8,225
era5,5/14/2009,383.2257486,2009,8,226
era5,5/15/2009,367.6527347,2009,8,227
era5,5/16/2009,348.3167195,2009,8,228
era5,5/17/2009,325.7974634,2009,8,229
era5,5/18/2009,304.2377714,2009,8,230
era5,5/19/2009,287.2398791,2009,8,231
era5,5/20/2009,269.9012888,2009,8,232
era5,5/21/2009,254.6032051,2009,8,233
era5,5/22/2009,239.9016159,2009,8,234
era5,5/23/2009,226.1596823,2009,8,235
era5,5/24/2009,214.2684645,2009,8,236
era5,5/25/2009,204.8328259,2009,8,237
era5,5/26/2009,196.1094118,2009,8,238
era5,5/27/2009,185.8606076,2009,8,239
era5,5/28/2009,175.9330522,2009,8,240
era5,5/29/2009,166.6092706,2009,8,241
era5,5/30/2009,157.7478045,2009,8,242
era5,5/31/2009,147.2174242,2009,8,243
era5,6/1/2009,136.9378274,2009,9,244
era5,6/2/2009,127.6273964,2009,9,245
era5,6/3/2009,118.5307381,2009,9,246
era5,6/4/2009,112.0912651,2009,9,247
era5,6/5/2009,106.1203628,2009,9,248
era5,6/6/2009,105.5608582,2009,9,249
era5,6/7/2009,103.0923333,2009,9,250
era5,6/8/2009,98.28710539,2009,9,251
era5,6/9/2009,94.73887779,2009,9,252
era5,6/10/2009,92.71508699,2009,9,253
era5,6/11/2009,89.10903755,2009,9,254
era5,6/12/2009,85.51364001,2009,9,255
era5,6/13/2009,83.22442756,2009,9,256
era5,6/14/2009,81.2249208,2009,9,257
era5,6/15/2009,78.9295022,2009,9,258
era5,6/16/2009,75.58606012,2009,9,259
era5,6/17/2009,71.53880976,2009,9,260
era5,6/18/2009,66.80212741,2009,9,261
era5,6/19/2009,61.77598853,2009,9,262
era5,6/20/2009,57.35921412,2009,9,263
era5,6/21/2009,55.11607765,2009,9,264
era5,6/22/2009,53.60233206,2009,9,265
era5,6/23/2009,51.55062382,2009,9,266
era5,6/24/2009,48.50640529,2009,9,267
era5,6/25/2009,44.95511088,2009,9,268
era5,6/26/2009,41.95007735,2009,9,269
era5,6/27/2009,38.47809853,2009,9,270
era5,6/28/2009,33.96129265,2009,9,271
era5,6/29/2009,29.24658618,2009,9,272
era5,6/30/2009,24.47062368,2009,9,273
era5,7/1/2009,19.66004218,2009,10,274
era5,7/2/2009,15.40419006,2009,10,275
era5,7/3/2009,11.94014824,2009,10,276
era5,7/4/2009,9.504362735,2009,10,277
era5,7/5/2009,7.221379971,2009,10,278
era5,7/6/2009,5.400131235,2009,10,279
era5,7/7/2009,3.880372176,2009,10,280
era5,7/8/2009,2.409192294,2009,10,281
era5,7/9/2009,1.310898176,2009,10,282
era5,7/10/2009,0.618959324,2009,10,283
era5,7/11/2009,0.005894468,2009,10,284
era5,7/12/2009,0,2009,10,285
era5,7/13/2009,0,2009,10,286
era5,7/14/2009,0,2009,10,287
era5,7/15/2009,0,2009,10,288
era5,7/16/2009,0,2009,10,289
era5,7/17/2009,0,2009,10,290
era5,7/18/2009,0,2009,10,291
era5,7/19/2009,0,2009,10,292
era5,7/20/2009,0,2009,10,293
era5,7/21/2009,0,2009,10,294
era5,7/22/2009,0,2009,10,295
era5,7/23/2009,0,2009,10,296
era5,7/24/2009,0,2009,10,297
era5,7/25/2009,0,2009,10,298
era5,7/26/2009,0,2009,10,299
era5,7/27/2009,0,2009,10,300
era5,7/28/2009,0,2009,10,301
era5,7/29/2009,0,2009,10,302
era5,7/30/2009,0,2009,10,303
era5,7/31/2009,0,2009,10,304
era5,8/1/2009,0,2009,11,305
era5,8/2/2009,0,2009,11,306
era5,8/3/2009,0,2009,11,307
era5,8/4/2009,0,2009,11,308
era5,8/5/2009,0,2009,11,309
era5,8/6/2009,0,2009,11,310
era5,8/7/2009,0,2009,11,311
era5,8/8/2009,0,2009,11,312
era5,8/9/2009,0,2009,11,313
era5,8/10/2009,0,2009,11,314
era5,8/11/2009,0,2009,11,315
era5,8/12/2009,0,2009,11,316
era5,8/13/2009,0,2009,11,317
era5,8/14/2009,0,2009,11,318
era5,8/15/2009,0,2009,11,319
era5,8/16/2009,0,2009,11,320
era5,8/17/2009,0,2009,11,321
era5,8/18/2009,0,2009,11,322
era5,8/19/2009,0,2009,11,323
era5,8/20/2009,0,2009,11,324
era5,8/21/2009,0,2009,11,325
era5,8/22/2009,0,2009,11,326
era5,8/23/2009,0,2009,11,327
era5,8/24/2009,0,2009,11,328
era5,8/25/2009,0,2009,11,329
era5,8/26/2009,0,2009,11,330
era5,8/27/2009,0,2009,11,331
era5,8/28/2009,0,2009,11,332
era5,8/29/2009,0,2009,11,333
era5,8/30/2009,0,2009,11,334
era5,8/31/2009,0,2009,11,335
era5,9/1/2009,0,2009,12,336
era5,9/2/2009,0,2009,12,337
era5,9/3/2009,0,2009,12,338
era5,9/4/2009,0,2009,12,339
era5,9/5/2009,0,2009,12,340
era5,9/6/2009,0,2009,12,341
era5,9/7/2009,0,2009,12,342
era5,9/8/2009,0,2009,12,343
era5,9/9/2009,0,2009,12,344
era5,9/10/2009,0,2009,12,345
era5,9/11/2009,0,2009,12,346
era5,9/12/2009,0,2009,12,347
era5,9/13/2009,0,2009,12,348
era5,9/14/2009,0,2009,12,349
era5,9/15/2009,0,2009,12,350
era5,9/16/2009,0,2009,12,351
era5,9/17/2009,0,2009,12,352
era5,9/18/2009,0,2009,12,353
era5,9/19/2009,0,2009,12,354
era5,9/20/2009,0,2009,12,355
era5,9/21/2009,0,2009,12,356
era5,9/22/2009,0,2009,12,357
era5,9/23/2009,0,2009,12,358
era5,9/24/2009,0,2009,12,359
era5,9/25/2009,0,2009,12,360
era5,9/26/2009,0,2009,12,361
era5,9/27/2009,0,2009,12,362
era5,9/28/2009,0,2009,12,363
era5,9/29/2009,0,2009,12,364
era5,9/30/2009,0.001840222,2009,12,365
era5,10/1/2009,0,2010,1,1
era5,10/2/2009,0,2010,1,2
era5,10/3/2009,0,2010,1,3
era5,10/4/2009,0.225234095,2010,1,4
era5,10/5/2009,0.720101233,2010,1,5
era5,10/6/2009,0.697563574,2010,1,6
era5,10/7/2009,0.637262144,2010,1,7
era5,10/8/2009,0.513857526,2010,1,8
era5,10/9/2009,0.106294747,2010,1,9
era5,10/10/2009,0.016133918,2010,1,10
era5,10/11/2009,0,2010,1,11
era5,10/12/2009,0,2010,1,12
era5,10/13/2009,5.538690455,2010,1,13
era5,10/14/2009,58.31240722,2010,1,14
era5,10/15/2009,61.12850158,2010,1,15
era5,10/16/2009,57.01064677,2010,1,16
era5,10/17/2009,51.87753742,2010,1,17
era5,10/18/2009,46.52508838,2010,1,18
era5,10/19/2009,40.95723325,2010,1,19
era5,10/20/2009,39.1710991,2010,1,20
era5,10/21/2009,37.06173828,2010,1,21
era5,10/22/2009,33.22169176,2010,1,22
era5,10/23/2009,29.18516399,2010,1,23
era5,10/24/2009,24.48132792,2010,1,24
era5,10/25/2009,21.17005877,2010,1,25
era5,10/26/2009,19.09654163,2010,1,26
era5,10/27/2009,17.54381556,2010,1,27
era5,10/28/2009,18.28294652,2010,1,28
era5,10/29/2009,18.77921493,2010,1,29
era5,10/30/2009,18.36522388,2010,1,30
era5,10/31/2009,17.21955539,2010,1,31
era5,11/1/2009,15.55213354,2010,2,32
era5,11/2/2009,13.91011065,2010,2,33
era5,11/3/2009,12.77080356,2010,2,34
era5,11/4/2009,12.00822153,2010,2,35
era5,11/5/2009,11.23361159,2010,2,36
era5,11/6/2009,10.83783271,2010,2,37
era5,11/7/2009,10.48747529,2010,2,38
era5,11/8/2009,10.36570188,2010,2,39
era5,11/9/2009,10.36366029,2010,2,40
era5,11/10/2009,10.36153794,2010,2,41
era5,11/11/2009,10.35949344,2010,2,42
era5,11/12/2009,11.30271565,2010,2,43
era5,11/13/2009,13.9267824,2010,2,44
era5,11/14/2009,14.04306238,2010,2,45
era5,11/15/2009,13.9736976,2010,2,46
era5,11/16/2009,13.74599037,2010,2,47
era5,11/17/2009,13.41790159,2010,2,48
era5,11/18/2009,13.00780888,2010,2,49
era5,11/19/2009,12.74996982,2010,2,50
era5,11/20/2009,12.06512836,2010,2,51
era5,11/21/2009,14.78367538,2010,2,52
era5,11/22/2009,15.28457124,2010,2,53
era5,11/23/2009,15.24321161,2010,2,54
era5,11/24/2009,14.36827971,2010,2,55
era5,11/25/2009,13.69612059,2010,2,56
era5,11/26/2009,13.31239,2010,2,57
era5,11/27/2009,13.04712134,2010,2,58
era5,11/28/2009,15.15381861,2010,2,59
era5,11/29/2009,24.79941111,2010,2,60
era5,11/30/2009,26.26551308,2010,2,61
era5,12/1/2009,25.90141799,2010,3,62
era5,12/2/2009,25.49471597,2010,3,63
era5,12/3/2009,25.20353927,2010,3,64
era5,12/4/2009,24.99466413,2010,3,65
era5,12/5/2009,24.80640573,2010,3,66
era5,12/6/2009,24.8696787,2010,3,67
era5,12/7/2009,33.67707167,2010,3,68
era5,12/8/2009,48.28683618,2010,3,69
era5,12/9/2009,48.76043359,2010,3,70
era5,12/10/2009,48.77771703,2010,3,71
era5,12/11/2009,51.78875974,2010,3,72
era5,12/12/2009,65.238205,2010,3,73
era5,12/13/2009,132.1002464,2010,3,74
era5,12/14/2009,154.212782,2010,3,75
era5,12/15/2009,154.5371929,2010,3,76
era5,12/16/2009,154.2752591,2010,3,77
era5,12/17/2009,153.5610878,2010,3,78
era5,12/18/2009,152.2200702,2010,3,79
era5,12/19/2009,150.1026699,2010,3,80
era5,12/20/2009,148.0408543,2010,3,81
era5,12/21/2009,146.197816,2010,3,82
era5,12/22/2009,151.6937883,2010,3,83
era5,12/23/2009,153.7272933,2010,3,84
era5,12/24/2009,153.6432978,2010,3,85
era5,12/25/2009,153.4124617,2010,3,86
era5,12/26/2009,153.2813535,2010,3,87
era5,12/27/2009,153.1943233,2010,3,88
era5,12/28/2009,153.2467601,2010,3,89
era5,12/29/2009,155.2419698,2010,3,90
era5,12/30/2009,164.3072484,2010,3,91
era5,12/31/2009,173.3116399,2010,3,92
era5,1/1/2010,173.8483469,2010,4,93
era5,1/2/2010,175.6929965,2010,4,94
era5,1/3/2010,175.2973491,2010,4,95
era5,1/4/2010,174.4683914,2010,4,96
era5,1/5/2010,173.4918459,2010,4,97
era5,1/6/2010,172.0191734,2010,4,98
era5,1/7/2010,170.1265927,2010,4,99
era5,1/8/2010,168.0513742,2010,4,100
era5,1/9/2010,165.4956573,2010,4,101
era5,1/10/2010,162.5722173,2010,4,102
era5,1/11/2010,159.7101442,2010,4,103
era5,1/12/2010,157.6607636,2010,4,104
era5,1/13/2010,176.7551071,2010,4,105
era5,1/14/2010,191.7085154,2010,4,106
era5,1/15/2010,191.7042864,2010,4,107
era5,1/16/2010,190.2089598,2010,4,108
era5,1/17/2010,189.433732,2010,4,109
era5,1/18/2010,212.5759717,2010,4,110
era5,1/19/2010,309.5495384,2010,4,111
era5,1/20/2010,374.6412806,2010,4,112
era5,1/21/2010,443.5605059,2010,4,113
era5,1/22/2010,504.8859338,2010,4,114
era5,1/23/2010,525.557845,2010,4,115
era5,1/24/2010,529.3707865,2010,4,116
era5,1/25/2010,535.0748824,2010,4,117
era5,1/26/2010,556.8819835,2010,4,118
era5,1/27/2010,572.5950921,2010,4,119
era5,1/28/2010,573.7448482,2010,4,120
era5,1/29/2010,573.6135606,2010,4,121
era5,1/30/2010,573.4632894,2010,4,122
era5,1/31/2010,573.7653706,2010,4,123
era5,2/1/2010,573.5362259,2010,5,124
era5,2/2/2010,573.2694947,2010,5,125
era5,2/3/2010,574.1154488,2010,5,126
era5,2/4/2010,574.0067315,2010,5,127
era5,2/5/2010,598.1423109,2010,5,128
era5,2/6/2010,639.4529847,2010,5,129
era5,2/7/2010,659.0556518,2010,5,130
era5,2/8/2010,662.5239732,2010,5,131
era5,2/9/2010,663.2200347,2010,5,132
era5,2/10/2010,665.7762256,2010,5,133
era5,2/11/2010,665.7662276,2010,5,134
era5,2/12/2010,665.4434318,2010,5,135
era5,2/13/2010,664.6521759,2010,5,136
era5,2/14/2010,663.4409597,2010,5,137
era5,2/15/2010,662.0664218,2010,5,138
era5,2/16/2010,660.2785941,2010,5,139
era5,2/17/2010,658.2089329,2010,5,140
era5,2/18/2010,655.7284835,2010,5,141
era5,2/19/2010,653.75466,2010,5,142
era5,2/20/2010,653.1165291,2010,5,143
era5,2/21/2010,658.3546224,2010,5,144
era5,2/22/2010,675.0710959,2010,5,145
era5,2/23/2010,677.9538912,2010,5,146
era5,2/24/2010,689.1586759,2010,5,147
era5,2/25/2010,710.3338412,2010,5,148
era5,2/26/2010,710.5257788,2010,5,149
era5,2/27/2010,751.1156341,2010,5,150
era5,2/28/2010,779.5266262,2010,5,151
era5,3/1/2010,780.6847271,2010,6,152
era5,3/2/2010,779.8591376,2010,6,153
era5,3/3/2010,786.9525312,2010,6,154
era5,3/4/2010,812.6062644,2010,6,155
era5,3/5/2010,820.1316482,2010,6,156
era5,3/6/2010,820.3534459,2010,6,157
era5,3/7/2010,821.1754074,2010,6,158
era5,3/8/2010,821.8469197,2010,6,159
era5,3/9/2010,828.8427006,2010,6,160
era5,3/10/2010,831.3459588,2010,6,161
era5,3/11/2010,831.9206309,2010,6,162
era5,3/12/2010,831.0299897,2010,6,163
era5,3/13/2010,844.3211691,2010,6,164
era5,3/14/2010,847.9960238,2010,6,165
era5,3/15/2010,845.4843053,2010,6,166
era5,3/16/2010,841.2900741,2010,6,167
era5,3/17/2010,836.318445,2010,6,168
era5,3/18/2010,830.967805,2010,6,169
era5,3/19/2010,825.4519253,2010,6,170
era5,3/20/2010,820.5199006,2010,6,171
era5,3/21/2010,815.7700344,2010,6,172
era5,3/22/2010,811.3132803,2010,6,173
era5,3/23/2010,806.53627,2010,6,174
era5,3/24/2010,801.5167262,2010,6,175
era5,3/25/2010,796.4302365,2010,6,176
era5,3/26/2010,795.3480935,2010,6,177
era5,3/27/2010,793.5452432,2010,6,178
era5,3/28/2010,788.4851935,2010,6,179
era5,3/29/2010,780.8493682,2010,6,180
era5,3/30/2010,775.3617038,2010,6,181
era5,3/31/2010,791.9090015,2010,6,182
era5,4/1/2010,798.1616153,2010,7,183
era5,4/2/2010,798.9304374,2010,7,184
era5,4/3/2010,799.6470321,2010,7,185
era5,4/4/2010,799.0048903,2010,7,186
era5,4/5/2010,838.3311282,2010,7,187
era5,4/6/2010,867.4439847,2010,7,188
era5,4/7/2010,868.0162065,2010,7,189
era5,4/8/2010,867.4404191,2010,7,190
era5,4/9/2010,864.6194044,2010,7,191
era5,4/10/2010,859.8356482,2010,7,192
era5,4/11/2010,856.4617476,2010,7,193
era5,4/12/2010,901.4552132,2010,7,194
era5,4/13/2010,925.7289879,2010,7,195
era5,4/14/2010,926.8770091,2010,7,196
era5,4/15/2010,924.7503888,2010,7,197
era5,4/16/2010,919.3636897,2010,7,198
era5,4/17/2010,912.1528306,2010,7,199
era5,4/18/2010,902.496594,2010,7,200
era5,4/19/2010,891.3367445,2010,7,201
era5,4/20/2010,884.0386615,2010,7,202
era5,4/21/2010,906.660065,2010,7,203
era5,4/22/2010,921.3449731,2010,7,204
era5,4/23/2010,923.8605485,2010,7,205
era5,4/24/2010,917.5377371,2010,7,206
era5,4/25/2010,907.8493424,2010,7,207
era5,4/26/2010,896.28478,2010,7,208
era5,4/27/2010,883.465406,2010,7,209
era5,4/28/2010,884.9134643,2010,7,210
era5,4/29/2010,897.8392131,2010,7,211
era5,4/30/2010,905.4622509,2010,7,212
era5,5/1/2010,904.0442009,2010,8,213
era5,5/2/2010,897.2216114,2010,8,214
era5,5/3/2010,887.254338,2010,8,215
era5,5/4/2010,873.5615256,2010,8,216
era5,5/5/2010,860.3217826,2010,8,217
era5,5/6/2010,849.8356144,2010,8,218
era5,5/7/2010,841.4584856,2010,8,219
era5,5/8/2010,830.4187142,2010,8,220
era5,5/9/2010,819.9625841,2010,8,221
era5,5/10/2010,817.8921709,2010,8,222
era5,5/11/2010,829.5887127,2010,8,223
era5,5/12/2010,830.1464662,2010,8,224
era5,5/13/2010,822.999835,2010,8,225
era5,5/14/2010,812.8543344,2010,8,226
era5,5/15/2010,798.4437919,2010,8,227
era5,5/16/2010,780.4166346,2010,8,228
era5,5/17/2010,760.866258,2010,8,229
era5,5/18/2010,755.6786134,2010,8,230
era5,5/19/2010,746.0405291,2010,8,231
era5,5/20/2010,731.7805465,2010,8,232
era5,5/21/2010,720.1116995,2010,8,233
era5,5/22/2010,715.6280812,2010,8,234
era5,5/23/2010,717.3831564,2010,8,235
era5,5/24/2010,718.5184854,2010,8,236
era5,5/25/2010,715.4890001,2010,8,237
era5,5/26/2010,710.2008447,2010,8,238
era5,5/27/2010,707.1636135,2010,8,239
era5,5/28/2010,711.9536723,2010,8,240
era5,5/29/2010,710.461545,2010,8,241
era5,5/30/2010,699.9584603,2010,8,242
era5,5/31/2010,684.0481962,2010,8,243
era5,6/1/2010,665.347945,2010,9,244
era5,6/2/2010,647.2700916,2010,9,245
era5,6/3/2010,626.5784303,2010,9,246
era5,6/4/2010,601.003806,2010,9,247
era5,6/5/2010,573.0282888,2010,9,248
era5,6/6/2010,546.4615993,2010,9,249
era5,6/7/2010,520.2219576,2010,9,250
era5,6/8/2010,496.7875814,2010,9,251
era5,6/9/2010,475.2150414,2010,9,252
era5,6/10/2010,457.0203043,2010,9,253
era5,6/11/2010,445.4323683,2010,9,254
era5,6/12/2010,433.0939747,2010,9,255
era5,6/13/2010,415.8799538,2010,9,256
era5,6/14/2010,396.9135374,2010,9,257
era5,6/15/2010,375.0997183,2010,9,258
era5,6/16/2010,355.7970831,2010,9,259
era5,6/17/2010,343.9009428,2010,9,260
era5,6/18/2010,331.3199321,2010,9,261
era5,6/19/2010,318.2393758,2010,9,262
era5,6/20/2010,307.0781126,2010,9,263
era5,6/21/2010,296.4034547,2010,9,264
era5,6/22/2010,283.5240653,2010,9,265
era5,6/23/2010,267.7765821,2010,9,266
era5,6/24/2010,250.7196988,2010,9,267
era5,6/25/2010,234.6785116,2010,9,268
era5,6/26/2010,218.5800581,2010,9,269
era5,6/27/2010,198.2558684,2010,9,270
era5,6/28/2010,176.2868108,2010,9,271
era5,6/29/2010,157.4505059,2010,9,272
era5,6/30/2010,141.6211361,2010,9,273
era5,7/1/2010,129.9235317,2010,10,274
era5,7/2/2010,120.0512974,2010,10,275
era5,7/3/2010,111.2672349,2010,10,276
era5,7/4/2010,103.2867826,2010,10,277
era5,7/5/2010,94.18474859,2010,10,278
era5,7/6/2010,84.40240315,2010,10,279
era5,7/7/2010,76.02157959,2010,10,280
era5,7/8/2010,68.56125953,2010,10,281
era5,7/9/2010,63.19594069,2010,10,282
era5,7/10/2010,58.88655912,2010,10,283
era5,7/11/2010,54.54250971,2010,10,284
era5,7/12/2010,49.76488235,2010,10,285
era5,7/13/2010,44.80211412,2010,10,286
era5,7/14/2010,40.12842529,2010,10,287
era5,7/15/2010,34.99160265,2010,10,288
era5,7/16/2010,29.44990765,2010,10,289
era5,7/17/2010,24.65739532,2010,10,290
era5,7/18/2010,19.15414211,2010,10,291
era5,7/19/2010,15.05230706,2010,10,292
era5,7/20/2010,11.88049853,2010,10,293
era5,7/21/2010,8.833612059,2010,10,294
era5,7/22/2010,5.926417765,2010,10,295
era5,7/23/2010,3.208881382,2010,10,296
era5,7/24/2010,1.220788941,2010,10,297
era5,7/25/2010,0.0632907,2010,10,298
era5,7/26/2010,0,2010,10,299
era5,7/27/2010,0,2010,10,300
era5,7/28/2010,0,2010,10,301
era5,7/29/2010,0,2010,10,302
era5,7/30/2010,0,2010,10,303
era5,7/31/2010,0,2010,10,304
era5,8/1/2010,0,2010,11,305
era5,8/2/2010,0,2010,11,306
era5,8/3/2010,0,2010,11,307
era5,8/4/2010,0,2010,11,308
era5,8/5/2010,0,2010,11,309
era5,8/6/2010,0,2010,11,310
era5,8/7/2010,0,2010,11,311
era5,8/8/2010,0,2010,11,312
era5,8/9/2010,0,2010,11,313
era5,8/10/2010,0,2010,11,314
era5,8/11/2010,0,2010,11,315
era5,8/12/2010,0,2010,11,316
era5,8/13/2010,0,2010,11,317
era5,8/14/2010,0,2010,11,318
era5,8/15/2010,0,2010,11,319
era5,8/16/2010,0,2010,11,320
era5,8/17/2010,0,2010,11,321
era5,8/18/2010,0,2010,11,322
era5,8/19/2010,0,2010,11,323
era5,8/20/2010,0,2010,11,324
era5,8/21/2010,0,2010,11,325
era5,8/22/2010,0,2010,11,326
era5,8/23/2010,0,2010,11,327
era5,8/24/2010,0,2010,11,328
era5,8/25/2010,0,2010,11,329
era5,8/26/2010,0,2010,11,330
era5,8/27/2010,0,2010,11,331
era5,8/28/2010,0,2010,11,332
era5,8/29/2010,0,2010,11,333
era5,8/30/2010,0,2010,11,334
era5,8/31/2010,0,2010,11,335
era5,9/1/2010,0,2010,12,336
era5,9/2/2010,0,2010,12,337
era5,9/3/2010,0,2010,12,338
era5,9/4/2010,0,2010,12,339
era5,9/5/2010,0,2010,12,340
era5,9/6/2010,0,2010,12,341
era5,9/7/2010,0,2010,12,342
era5,9/8/2010,0,2010,12,343
era5,9/9/2010,0,2010,12,344
era5,9/10/2010,0,2010,12,345
era5,9/11/2010,0,2010,12,346
era5,9/12/2010,0,2010,12,347
era5,9/13/2010,0,2010,12,348
era5,9/14/2010,0,2010,12,349
era5,9/15/2010,0,2010,12,350
era5,9/16/2010,0,2010,12,351
era5,9/17/2010,0,2010,12,352
era5,9/18/2010,0,2010,12,353
era5,9/19/2010,0,2010,12,354
era5,9/20/2010,0,2010,12,355
era5,9/21/2010,0,2010,12,356
era5,9/22/2010,0,2010,12,357
era5,9/23/2010,0,2010,12,358
era5,9/24/2010,0,2010,12,359
era5,9/25/2010,0,2010,12,360
era5,9/26/2010,0,2010,12,361
era5,9/27/2010,0,2010,12,362
era5,9/28/2010,0,2010,12,363
era5,9/29/2010,0,2010,12,364
era5,9/30/2010,0,2010,12,365
era5,10/1/2010,0,2011,1,1
era5,10/2/2010,0,2011,1,2
era5,10/3/2010,0,2011,1,3
era5,10/4/2010,0.000223008,2011,1,4
era5,10/5/2010,0.815583611,2011,1,5
era5,10/6/2010,0.916818699,2011,1,6
era5,10/7/2010,1.201720564,2011,1,7
era5,10/8/2010,0.962347112,2011,1,8
era5,10/9/2010,0.379397996,2011,1,9
era5,10/10/2010,0.140448411,2011,1,10
era5,10/11/2010,0.016857879,2011,1,11
era5,10/12/2010,0,2011,1,12
era5,10/13/2010,0,2011,1,13
era5,10/14/2010,0,2011,1,14
era5,10/15/2010,0,2011,1,15
era5,10/16/2010,0,2011,1,16
era5,10/17/2010,0.005976697,2011,1,17
era5,10/18/2010,0.403558678,2011,1,18
era5,10/19/2010,0.625885669,2011,1,19
era5,10/20/2010,0.622891822,2011,1,20
era5,10/21/2010,0.35321398,2011,1,21
era5,10/22/2010,0.299721189,2011,1,22
era5,10/23/2010,0.300853487,2011,1,23
era5,10/24/2010,3.52389252,2011,1,24
era5,10/25/2010,14.75290565,2011,1,25
era5,10/26/2010,15.67813046,2011,1,26
era5,10/27/2010,15.34504284,2011,1,27
era5,10/28/2010,14.56102138,2011,1,28
era5,10/29/2010,12.95352674,2011,1,29
era5,10/30/2010,13.10251281,2011,1,30
era5,10/31/2010,14.89276901,2011,1,31
era5,11/1/2010,13.40707176,2011,2,32
era5,11/2/2010,10.23411377,2011,2,33
era5,11/3/2010,7.875222182,2011,2,34
era5,11/4/2010,6.070962874,2011,2,35
era5,11/5/2010,5.033996471,2011,2,36
era5,11/6/2010,4.373349297,2011,2,37
era5,11/7/2010,5.028580502,2011,2,38
era5,11/8/2010,21.42922465,2011,2,39
era5,11/9/2010,24.13845155,2011,2,40
era5,11/10/2010,25.11104058,2011,2,41
era5,11/11/2010,26.62384758,2011,2,42
era5,11/12/2010,26.37700515,2011,2,43
era5,11/13/2010,25.22029179,2011,2,44
era5,11/14/2010,22.73128262,2011,2,45
era5,11/15/2010,19.29512922,2011,2,46
era5,11/16/2010,16.99762749,2011,2,47
era5,11/17/2010,15.63706753,2011,2,48
era5,11/18/2010,14.37885157,2011,2,49
era5,11/19/2010,13.55425525,2011,2,50
era5,11/20/2010,33.42928492,2011,2,51
era5,11/21/2010,86.99915091,2011,2,52
era5,11/22/2010,118.6743404,2011,2,53
era5,11/23/2010,131.9883611,2011,2,54
era5,11/24/2010,155.764669,2011,2,55
era5,11/25/2010,156.3776549,2011,2,56
era5,11/26/2010,156.3250165,2011,2,57
era5,11/27/2010,156.9307728,2011,2,58
era5,11/28/2010,174.9521693,2011,2,59
era5,11/29/2010,178.2620878,2011,2,60
era5,11/30/2010,178.271392,2011,2,61
era5,12/1/2010,178.1487306,2011,3,62
era5,12/2/2010,177.7791481,2011,3,63
era5,12/3/2010,181.9472938,2011,3,64
era5,12/4/2010,183.579286,2011,3,65
era5,12/5/2010,183.213724,2011,3,66
era5,12/6/2010,200.9560143,2011,3,67
era5,12/7/2010,207.5780569,2011,3,68
era5,12/8/2010,205.5499941,2011,3,69
era5,12/9/2010,207.2200933,2011,3,70
era5,12/10/2010,208.9568682,2011,3,71
era5,12/11/2010,207.3890397,2011,3,72
era5,12/12/2010,203.6280673,2011,3,73
era5,12/13/2010,199.9982079,2011,3,74
era5,12/14/2010,197.9367285,2011,3,75
era5,12/15/2010,216.6430481,2011,3,76
era5,12/16/2010,220.9295444,2011,3,77
era5,12/17/2010,223.7778012,2011,3,78
era5,12/18/2010,296.4913545,2011,3,79
era5,12/19/2010,401.1297064,2011,3,80
era5,12/20/2010,514.34319,2011,3,81
era5,12/21/2010,559.8061081,2011,3,82
era5,12/22/2010,585.3507124,2011,3,83
era5,12/23/2010,611.088325,2011,3,84
era5,12/24/2010,612.6462779,2011,3,85
era5,12/25/2010,611.8109821,2011,3,86
era5,12/26/2010,624.4694709,2011,3,87
era5,12/27/2010,630.7076644,2011,3,88
era5,12/28/2010,630.4935218,2011,3,89
era5,12/29/2010,672.0920121,2011,3,90
era5,12/30/2010,704.3473726,2011,3,91
era5,12/31/2010,705.0947915,2011,3,92
era5,1/1/2011,706.2274938,2011,4,93
era5,1/2/2011,733.9659118,2011,4,94
era5,1/3/2011,769.7396047,2011,4,95
era5,1/4/2011,774.7837321,2011,4,96
era5,1/5/2011,775.2519347,2011,4,97
era5,1/6/2011,775.1471674,2011,4,98
era5,1/7/2011,774.9132482,2011,4,99
era5,1/8/2011,774.5105921,2011,4,100
era5,1/9/2011,773.8580506,2011,4,101
era5,1/10/2011,773.5067888,2011,4,102
era5,1/11/2011,773.5962326,2011,4,103
era5,1/12/2011,776.8057176,2011,4,104
era5,1/13/2011,776.7574462,2011,4,105
era5,1/14/2011,776.3148588,2011,4,106
era5,1/15/2011,773.0722312,2011,4,107
era5,1/16/2011,767.9578718,2011,4,108
era5,1/17/2011,760.3242318,2011,4,109
era5,1/18/2011,754.4334071,2011,4,110
era5,1/19/2011,751.2511997,2011,4,111
era5,1/20/2011,749.8920797,2011,4,112
era5,1/21/2011,748.6057188,2011,4,113
era5,1/22/2011,746.2266591,2011,4,114
era5,1/23/2011,743.8796594,2011,4,115
era5,1/24/2011,742.5748353,2011,4,116
era5,1/25/2011,740.9888444,2011,4,117
era5,1/26/2011,738.8224829,2011,4,118
era5,1/27/2011,736.819595,2011,4,119
era5,1/28/2011,735.3417321,2011,4,120
era5,1/29/2011,734.0178347,2011,4,121
era5,1/30/2011,740.5705576,2011,4,122
era5,1/31/2011,759.6192162,2011,4,123
era5,2/1/2011,760.2667841,2011,5,124
era5,2/2/2011,760.1144891,2011,5,125
era5,2/3/2011,759.9168885,2011,5,126
era5,2/4/2011,759.6174394,2011,5,127
era5,2/5/2011,757.8978041,2011,5,128
era5,2/6/2011,755.2094994,2011,5,129
era5,2/7/2011,752.4501191,2011,5,130
era5,2/8/2011,750.3103324,2011,5,131
era5,2/9/2011,749.9403715,2011,5,132
era5,2/10/2011,749.7131191,2011,5,133
era5,2/11/2011,749.3882015,2011,5,134
era5,2/12/2011,748.7544332,2011,5,135
era5,2/13/2011,747.3813594,2011,5,136
era5,2/14/2011,746.1284424,2011,5,137
era5,2/15/2011,746.1122194,2011,5,138
era5,2/16/2011,767.6283979,2011,5,139
era5,2/17/2011,827.9912041,2011,5,140
era5,2/18/2011,890.6731032,2011,5,141
era5,2/19/2011,951.0853697,2011,5,142
era5,2/20/2011,967.8814838,2011,5,143
era5,2/21/2011,969.2326876,2011,5,144
era5,2/22/2011,969.3276903,2011,5,145
era5,2/23/2011,969.3182482,2011,5,146
era5,2/24/2011,969.4718159,2011,5,147
era5,2/25/2011,989.9826635,2011,5,148
era5,2/26/2011,1040.662206,2011,5,149
era5,2/27/2011,1045.131371,2011,5,150
era5,2/28/2011,1045.260689,2011,5,151
era5,3/1/2011,1045.096721,2011,6,152
era5,3/2/2011,1051.241305,2011,6,153
era5,3/3/2011,1078.502678,2011,6,154
era5,3/4/2011,1082.552415,2011,6,155
era5,3/5/2011,1081.761923,2011,6,156
era5,3/6/2011,1082.990539,2011,6,157
era5,3/7/2011,1094.54109,2011,6,158
era5,3/8/2011,1097.517356,2011,6,159
era5,3/9/2011,1096.114922,2011,6,160
era5,3/10/2011,1093.122834,2011,6,161
era5,3/11/2011,1089.980697,2011,6,162
era5,3/12/2011,1087.393828,2011,6,163
era5,3/13/2011,1085.280858,2011,6,164
era5,3/14/2011,1085.719384,2011,6,165
era5,3/15/2011,1083.0836,2011,6,166
era5,3/16/2011,1085.42109,2011,6,167
era5,3/17/2011,1094.346849,2011,6,168
era5,3/18/2011,1093.993881,2011,6,169
era5,3/19/2011,1126.620976,2011,6,170
era5,3/20/2011,1185.207342,2011,6,171
era5,3/21/2011,1263.966297,2011,6,172
era5,3/22/2011,1279.81494,2011,6,173
era5,3/23/2011,1289.985445,2011,6,174
era5,3/24/2011,1337.205359,2011,6,175
era5,3/25/2011,1411.048143,2011,6,176
era5,3/26/2011,1432.369867,2011,6,177
era5,3/27/2011,1442.598067,2011,6,178
era5,3/28/2011,1443.541137,2011,6,179
era5,3/29/2011,1443.440182,2011,6,180
era5,3/30/2011,1442.159911,2011,6,181
era5,3/31/2011,1434.628687,2011,6,182
era5,4/1/2011,1422.31434,2011,7,183
era5,4/2/2011,1409.763603,2011,7,184
era5,4/3/2011,1401.881479,2011,7,185
era5,4/4/2011,1396.287799,2011,7,186
era5,4/5/2011,1388.841336,2011,7,187
era5,4/6/2011,1381.104257,2011,7,188
era5,4/7/2011,1381.12069,2011,7,189
era5,4/8/2011,1395.967633,2011,7,190
era5,4/9/2011,1399.976329,2011,7,191
era5,4/10/2011,1400.630945,2011,7,192
era5,4/11/2011,1399.790245,2011,7,193
era5,4/12/2011,1396.887863,2011,7,194
era5,4/13/2011,1394.053101,2011,7,195
era5,4/14/2011,1394.759962,2011,7,196
era5,4/15/2011,1392.618221,2011,7,197
era5,4/16/2011,1384.540635,2011,7,198
era5,4/17/2011,1372.868006,2011,7,199
era5,4/18/2011,1361.205905,2011,7,200
era5,4/19/2011,1355.917293,2011,7,201
era5,4/20/2011,1347.975305,2011,7,202
era5,4/21/2011,1342.310411,2011,7,203
era5,4/22/2011,1339.193161,2011,7,204
era5,4/23/2011,1337.037906,2011,7,205
era5,4/24/2011,1336.304706,2011,7,206
era5,4/25/2011,1332.298788,2011,7,207
era5,4/26/2011,1326.742073,2011,7,208
era5,4/27/2011,1322.025095,2011,7,209
era5,4/28/2011,1313.718293,2011,7,210
era5,4/29/2011,1305.802363,2011,7,211
era5,4/30/2011,1302.782497,2011,7,212
era5,5/1/2011,1299.888213,2011,8,213
era5,5/2/2011,1293.825071,2011,8,214
era5,5/3/2011,1283.013699,2011,8,215
era5,5/4/2011,1267.79033,2011,8,216
era5,5/5/2011,1248.363544,2011,8,217
era5,5/6/2011,1226.729993,2011,8,218
era5,5/7/2011,1205.643222,2011,8,219
era5,5/8/2011,1186.913219,2011,8,220
era5,5/9/2011,1183.78997,2011,8,221
era5,5/10/2011,1186.541914,2011,8,222
era5,5/11/2011,1180.773711,2011,8,223
era5,5/12/2011,1169.285766,2011,8,224
era5,5/13/2011,1153.985541,2011,8,225
era5,5/14/2011,1137.535134,2011,8,226
era5,5/15/2011,1135.253338,2011,8,227
era5,5/16/2011,1152.951787,2011,8,228
era5,5/17/2011,1156.309271,2011,8,229
era5,5/18/2011,1179.22193,2011,8,230
era5,5/19/2011,1191.258852,2011,8,231
era5,5/20/2011,1187.470849,2011,8,232
era5,5/21/2011,1176.990213,2011,8,233
era5,5/22/2011,1162.277196,2011,8,234
era5,5/23/2011,1150.168176,2011,8,235
era5,5/24/2011,1142.25361,2011,8,236
era5,5/25/2011,1131.663747,2011,8,237
era5,5/26/2011,1119.317663,2011,8,238
era5,5/27/2011,1109.689395,2011,8,239
era5,5/28/2011,1096.739222,2011,8,240
era5,5/29/2011,1095.248898,2011,8,241
era5,5/30/2011,1097.065318,2011,8,242
era5,5/31/2011,1091.908996,2011,8,243
era5,6/1/2011,1084.83772,2011,9,244
era5,6/2/2011,1084.379346,2011,9,245
era5,6/3/2011,1081.112938,2011,9,246
era5,6/4/2011,1073.401998,2011,9,247
era5,6/5/2011,1066.209869,2011,9,248
era5,6/6/2011,1058.421226,2011,9,249
era5,6/7/2011,1053.441619,2011,9,250
era5,6/8/2011,1040.859352,2011,9,251
era5,6/9/2011,1024.578259,2011,9,252
era5,6/10/2011,1009.654656,2011,9,253
era5,6/11/2011,994.3687056,2011,9,254
era5,6/12/2011,978.6925741,2011,9,255
era5,6/13/2011,960.7861747,2011,9,256
era5,6/14/2011,938.06983,2011,9,257
era5,6/15/2011,911.886563,2011,9,258
era5,6/16/2011,886.5030109,2011,9,259
era5,6/17/2011,865.8239098,2011,9,260
era5,6/18/2011,846.8126791,2011,9,261
era5,6/19/2011,825.4628741,2011,9,262
era5,6/20/2011,804.8530682,2011,9,263
era5,6/21/2011,780.3428099,2011,9,264
era5,6/22/2011,753.7198146,2011,9,265
era5,6/23/2011,728.5658674,2011,9,266
era5,6/24/2011,706.1328153,2011,9,267
era5,6/25/2011,687.50888,2011,9,268
era5,6/26/2011,670.1366382,2011,9,269
era5,6/27/2011,651.9785882,2011,9,270
era5,6/28/2011,631.0074182,2011,9,271
era5,6/29/2011,610.0637096,2011,9,272
era5,6/30/2011,601.0882481,2011,9,273
era5,7/1/2011,585.1328724,2011,10,274
era5,7/2/2011,564.8982621,2011,10,275
era5,7/3/2011,543.6337924,2011,10,276
era5,7/4/2011,521.1513218,2011,10,277
era5,7/5/2011,495.9721514,2011,10,278
era5,7/6/2011,470.8599598,2011,10,279
era5,7/7/2011,444.9194706,2011,10,280
era5,7/8/2011,418.0981682,2011,10,281
era5,7/9/2011,391.8691189,2011,10,282
era5,7/10/2011,370.6040769,2011,10,283
era5,7/11/2011,354.4109517,2011,10,284
era5,7/12/2011,340.8257526,2011,10,285
era5,7/13/2011,329.0430592,2011,10,286
era5,7/14/2011,318.4221458,2011,10,287
era5,7/15/2011,309.9039806,2011,10,288
era5,7/16/2011,301.9170135,2011,10,289
era5,7/17/2011,293.9569921,2011,10,290
era5,7/18/2011,284.1312591,2011,10,291
era5,7/19/2011,272.3933529,2011,10,292
era5,7/20/2011,260.8309315,2011,10,293
era5,7/21/2011,249.2870932,2011,10,294
era5,7/22/2011,237.5493801,2011,10,295
era5,7/23/2011,224.9831566,2011,10,296
era5,7/24/2011,211.9471876,2011,10,297
era5,7/25/2011,199.4085912,2011,10,298
era5,7/26/2011,187.1033618,2011,10,299
era5,7/27/2011,178.1000644,2011,10,300
era5,7/28/2011,169.8988875,2011,10,301
era5,7/29/2011,159.4940216,2011,10,302
era5,7/30/2011,149.9235165,2011,10,303
era5,7/31/2011,140.2231174,2011,10,304
era5,8/1/2011,131.7735606,2011,11,305
era5,8/2/2011,123.4416268,2011,11,306
era5,8/3/2011,116.3977288,2011,11,307
era5,8/4/2011,110.0213341,2011,11,308
era5,8/5/2011,104.1325506,2011,11,309
era5,8/6/2011,98.20531656,2011,11,310
era5,8/7/2011,92.83856497,2011,11,311
era5,8/8/2011,87.67665324,2011,11,312
era5,8/9/2011,82.41783756,2011,11,313
era5,8/10/2011,77.50837614,2011,11,314
era5,8/11/2011,73.08763424,2011,11,315
era5,8/12/2011,68.53779676,2011,11,316
era5,8/13/2011,63.91328765,2011,11,317
era5,8/14/2011,59.39561971,2011,11,318
era5,8/15/2011,55.42461029,2011,11,319
era5,8/16/2011,51.58640912,2011,11,320
era5,8/17/2011,47.56913159,2011,11,321
era5,8/18/2011,42.32683618,2011,11,322
era5,8/19/2011,36.81915365,2011,11,323
era5,8/20/2011,32.39041068,2011,11,324
era5,8/21/2011,28.62276421,2011,11,325
era5,8/22/2011,25.40811647,2011,11,326
era5,8/23/2011,22.28510841,2011,11,327
era5,8/24/2011,19.25390971,2011,11,328
era5,8/25/2011,16.47785529,2011,11,329
era5,8/26/2011,14.01153609,2011,11,330
era5,8/27/2011,11.37897329,2011,11,331
era5,8/28/2011,8.903666206,2011,11,332
era5,8/29/2011,6.622318529,2011,11,333
era5,8/30/2011,4.990248235,2011,11,334
era5,8/31/2011,3.783905676,2011,11,335
era5,9/1/2011,0,2011,12,336
era5,9/2/2011,0,2011,12,337
era5,9/3/2011,0,2011,12,338
era5,9/4/2011,0,2011,12,339
era5,9/5/2011,0,2011,12,340
era5,9/6/2011,0,2011,12,341
era5,9/7/2011,0,2011,12,342
era5,9/8/2011,0,2011,12,343
era5,9/9/2011,0,2011,12,344
era5,9/10/2011,0,2011,12,345
era5,9/11/2011,4.71E-05,2011,12,346
era5,9/12/2011,0.005296311,2011,12,347
era5,9/13/2011,0,2011,12,348
era5,9/14/2011,0,2011,12,349
era5,9/15/2011,0,2011,12,350
era5,9/16/2011,0,2011,12,351
era5,9/17/2011,0,2011,12,352
era5,9/18/2011,0,2011,12,353
era5,9/19/2011,0,2011,12,354
era5,9/20/2011,0,2011,12,355
era5,9/21/2011,0,2011,12,356
era5,9/22/2011,0,2011,12,357
era5,9/23/2011,0,2011,12,358
era5,9/24/2011,0,2011,12,359
era5,9/25/2011,0,2011,12,360
era5,9/26/2011,0,2011,12,361
era5,9/27/2011,0,2011,12,362
era5,9/28/2011,0,2011,12,363
era5,9/29/2011,0,2011,12,364
era5,9/30/2011,0,2011,12,365
era5,10/1/2011,0,2012,1,1
era5,10/2/2011,0,2012,1,2
era5,10/3/2011,2.40E-06,2012,1,3
era5,10/4/2011,0.002032508,2012,1,4
era5,10/5/2011,10.42592657,2012,1,5
era5,10/6/2011,35.19485416,2012,1,6
era5,10/7/2011,39.29345679,2012,1,7
era5,10/8/2011,35.96264158,2012,1,8
era5,10/9/2011,29.93792481,2012,1,9
era5,10/10/2011,24.1734959,2012,1,10
era5,10/11/2011,16.61812183,2012,1,11
era5,10/12/2011,10.02036951,2012,1,12
era5,10/13/2011,5.843100006,2012,1,13
era5,10/14/2011,3.157072343,2012,1,14
era5,10/15/2011,1.985102324,2012,1,15
era5,10/16/2011,1.699097735,2012,1,16
era5,10/17/2011,1.3673539,2012,1,17
era5,10/18/2011,0.974646997,2012,1,18
era5,10/19/2011,0.726529794,2012,1,19
era5,10/20/2011,0.6361985,2012,1,20
era5,10/21/2011,0.536238529,2012,1,21
era5,10/22/2011,0.434355088,2012,1,22
era5,10/23/2011,0.307034235,2012,1,23
era5,10/24/2011,0.16501,2012,1,24
era5,10/25/2011,0.091518235,2012,1,25
era5,10/26/2011,0.054381656,2012,1,26
era5,10/27/2011,0.028593206,2012,1,27
era5,10/28/2011,0,2012,1,28
era5,10/29/2011,0,2012,1,29
era5,10/30/2011,0,2012,1,30
era5,10/31/2011,0,2012,1,31
era5,11/1/2011,0,2012,2,32
era5,11/2/2011,0,2012,2,33
era5,11/3/2011,0,2012,2,34
era5,11/4/2011,5.042889065,2012,2,35
era5,11/5/2011,11.93938995,2012,2,36
era5,11/6/2011,16.72393066,2012,2,37
era5,11/7/2011,24.29382674,2012,2,38
era5,11/8/2011,24.61333116,2012,2,39
era5,11/9/2011,23.8805225,2012,2,40
era5,11/10/2011,21.6271752,2012,2,41
era5,11/11/2011,18.30452957,2012,2,42
era5,11/12/2011,25.01148215,2012,2,43
era5,11/13/2011,27.5065924,2012,2,44
era5,11/14/2011,25.68927563,2012,2,45
era5,11/15/2011,23.84763279,2012,2,46
era5,11/16/2011,21.75449013,2012,2,47
era5,11/17/2011,19.45612269,2012,2,48
era5,11/18/2011,18.01375871,2012,2,49
era5,11/19/2011,18.64671787,2012,2,50
era5,11/20/2011,20.87079739,2012,2,51
era5,11/21/2011,29.80068416,2012,2,52
era5,11/22/2011,30.11785097,2012,2,53
era5,11/23/2011,29.03752649,2012,2,54
era5,11/24/2011,27.59633953,2012,2,55
era5,11/25/2011,27.25017964,2012,2,56
era5,11/26/2011,25.85917465,2012,2,57
era5,11/27/2011,22.52769208,2012,2,58
era5,11/28/2011,19.77528588,2012,2,59
era5,11/29/2011,18.05265921,2012,2,60
era5,11/30/2011,16.37192595,2012,2,61
era5,12/1/2011,17.019509,2012,3,62
era5,12/2/2011,17.96673003,2012,3,63
era5,12/3/2011,18.19552014,2012,3,64
era5,12/4/2011,18.17891756,2012,3,65
era5,12/5/2011,18.14105705,2012,3,66
era5,12/6/2011,18.10565719,2012,3,67
era5,12/7/2011,17.83121251,2012,3,68
era5,12/8/2011,17.5049342,2012,3,69
era5,12/9/2011,17.27679073,2012,3,70
era5,12/10/2011,17.05825655,2012,3,71
era5,12/11/2011,16.95567791,2012,3,72
era5,12/12/2011,16.95785629,2012,3,73
era5,12/13/2011,17.2559167,2012,3,74
era5,12/14/2011,17.86546901,2012,3,75
era5,12/15/2011,17.85947162,2012,3,76
era5,12/16/2011,17.8295864,2012,3,77
era5,12/17/2011,17.73451879,2012,3,78
era5,12/18/2011,17.35486287,2012,3,79
era5,12/19/2011,17.34698641,2012,3,80
era5,12/20/2011,17.31688653,2012,3,81
era5,12/21/2011,17.29451303,2012,3,82
era5,12/22/2011,17.27648873,2012,3,83
era5,12/23/2011,17.26977819,2012,3,84
era5,12/24/2011,17.24149631,2012,3,85
era5,12/25/2011,17.14710024,2012,3,86
era5,12/26/2011,16.85977901,2012,3,87
era5,12/27/2011,16.25256758,2012,3,88
era5,12/28/2011,15.28947395,2012,3,89
era5,12/29/2011,13.67140896,2012,3,90
era5,12/30/2011,12.49178238,2012,3,91
era5,12/31/2011,11.42009036,2012,3,92
era5,1/1/2012,10.48967787,2012,4,93
era5,1/2/2012,9.567761529,2012,4,94
era5,1/3/2012,9.161442029,2012,4,95
era5,1/4/2012,8.694187376,2012,4,96
era5,1/5/2012,8.423728353,2012,4,97
era5,1/6/2012,8.258306265,2012,4,98
era5,1/7/2012,8.202084647,2012,4,99
era5,1/8/2012,8.186857029,2012,4,100
era5,1/9/2012,8.180612147,2012,4,101
era5,1/10/2012,8.127797882,2012,4,102
era5,1/11/2012,8.1226365,2012,4,103
era5,1/12/2012,8.121970647,2012,4,104
era5,1/13/2012,8.120869735,2012,4,105
era5,1/14/2012,8.119566412,2012,4,106
era5,1/15/2012,8.118235265,2012,4,107
era5,1/16/2012,8.120124211,2012,4,108
era5,1/17/2012,8.122674017,2012,4,109
era5,1/18/2012,8.114741618,2012,4,110
era5,1/19/2012,8.097347825,2012,4,111
era5,1/20/2012,15.48036181,2012,4,112
era5,1/21/2012,67.84859005,2012,4,113
era5,1/22/2012,102.757276,2012,4,114
era5,1/23/2012,141.8137821,2012,4,115
era5,1/24/2012,181.0579727,2012,4,116
era5,1/25/2012,181.3350006,2012,4,117
era5,1/26/2012,177.513354,2012,4,118
era5,1/27/2012,173.5691422,2012,4,119
era5,1/28/2012,172.1470488,2012,4,120
era5,1/29/2012,170.3610413,2012,4,121
era5,1/30/2012,168.6121209,2012,4,122
era5,1/31/2012,167.5427847,2012,4,123
era5,2/1/2012,166.8391992,2012,5,124
era5,2/2/2012,165.9444023,2012,5,125
era5,2/3/2012,164.3099936,2012,5,126
era5,2/4/2012,163.8632787,2012,5,127
era5,2/5/2012,163.5766068,2012,5,128
era5,2/6/2012,163.2365131,2012,5,129
era5,2/7/2012,164.4704479,2012,5,130
era5,2/8/2012,173.0572279,2012,5,131
era5,2/9/2012,172.5913034,2012,5,132
era5,2/10/2012,170.564185,2012,5,133
era5,2/11/2012,168.6873615,2012,5,134
era5,2/12/2012,169.0443548,2012,5,135
era5,2/13/2012,171.807496,2012,5,136
era5,2/14/2012,182.9331407,2012,5,137
era5,2/15/2012,185.2191903,2012,5,138
era5,2/16/2012,192.3268166,2012,5,139
era5,2/17/2012,192.6604728,2012,5,140
era5,2/18/2012,191.8958516,2012,5,141
era5,2/19/2012,191.34768,2012,5,142
era5,2/20/2012,191.2971672,2012,5,143
era5,2/21/2012,191.2064119,2012,5,144
era5,2/22/2012,189.123314,2012,5,145
era5,2/23/2012,185.5690113,2012,5,146
era5,2/24/2012,182.4446406,2012,5,147
era5,2/25/2012,179.7063954,2012,5,148
era5,2/26/2012,178.7378007,2012,5,149
era5,2/27/2012,180.3978201,2012,5,150
era5,2/28/2012,187.8188223,2012,5,151
era5,2/29/2012,193.9544151,2012,5,152
era5,3/1/2012,213.6074976,2012,6,153
era5,3/2/2012,218.0920346,2012,6,154
era5,3/3/2012,218.1078026,2012,6,155
era5,3/4/2012,216.7581953,2012,6,156
era5,3/5/2012,213.4726905,2012,6,157
era5,3/6/2012,209.7742588,2012,6,158
era5,3/7/2012,211.5280944,2012,6,159
era5,3/8/2012,211.1852307,2012,6,160
era5,3/9/2012,208.8831198,2012,6,161
era5,3/10/2012,205.8182648,2012,6,162
era5,3/11/2012,203.1470464,2012,6,163
era5,3/12/2012,201.6399386,2012,6,164
era5,3/13/2012,201.6536224,2012,6,165
era5,3/14/2012,208.4191765,2012,6,166
era5,3/15/2012,215.185147,2012,6,167
era5,3/16/2012,215.6990117,2012,6,168
era5,3/17/2012,259.992748,2012,6,169
era5,3/18/2012,315.9443035,2012,6,170
era5,3/19/2012,334.4954406,2012,6,171
era5,3/20/2012,336.1665321,2012,6,172
era5,3/21/2012,336.0075346,2012,6,173
era5,3/22/2012,331.8863691,2012,6,174
era5,3/23/2012,325.7705077,2012,6,175
era5,3/24/2012,321.3544943,2012,6,176
era5,3/25/2012,322.599054,2012,6,177
era5,3/26/2012,355.3642272,2012,6,178
era5,3/27/2012,362.940166,2012,6,179
era5,3/28/2012,374.3011764,2012,6,180
era5,3/29/2012,380.8419488,2012,6,181
era5,3/30/2012,375.741174,2012,6,182
era5,3/31/2012,368.3207622,2012,6,183
era5,4/1/2012,387.1383624,2012,7,184
era5,4/2/2012,392.2846517,2012,7,185
era5,4/3/2012,388.5647768,2012,7,186
era5,4/4/2012,381.3894049,2012,7,187
era5,4/5/2012,377.999633,2012,7,188
era5,4/6/2012,378.1285722,2012,7,189
era5,4/7/2012,377.2779724,2012,7,190
era5,4/8/2012,372.2868432,2012,7,191
era5,4/9/2012,363.1249161,2012,7,192
era5,4/10/2012,353.1562301,2012,7,193
era5,4/11/2012,351.765188,2012,7,194
era5,4/12/2012,376.7848529,2012,7,195
era5,4/13/2012,424.8738929,2012,7,196
era5,4/14/2012,468.8557307,2012,7,197
era5,4/15/2012,471.5068576,2012,7,198
era5,4/16/2012,470.4339865,2012,7,199
era5,4/17/2012,463.8482004,2012,7,200
era5,4/18/2012,452.5963703,2012,7,201
era5,4/19/2012,439.2990928,2012,7,202
era5,4/20/2012,421.0036133,2012,7,203
era5,4/21/2012,399.0939741,2012,7,204
era5,4/22/2012,376.0492001,2012,7,205
era5,4/23/2012,351.8504525,2012,7,206
era5,4/24/2012,331.7686734,2012,7,207
era5,4/25/2012,318.0825897,2012,7,208
era5,4/26/2012,315.1288799,2012,7,209
era5,4/27/2012,317.0777823,2012,7,210
era5,4/28/2012,311.5799181,2012,7,211
era5,4/29/2012,302.6724351,2012,7,212
era5,4/30/2012,292.0831065,2012,7,213
era5,5/1/2012,279.9509142,2012,8,214
era5,5/2/2012,270.0007119,2012,8,215
era5,5/3/2012,261.4807379,2012,8,216
era5,5/4/2012,254.0610159,2012,8,217
era5,5/5/2012,248.109125,2012,8,218
era5,5/6/2012,241.7457714,2012,8,219
era5,5/7/2012,232.2927855,2012,8,220
era5,5/8/2012,219.7963979,2012,8,221
era5,5/9/2012,205.8493936,2012,8,222
era5,5/10/2012,192.4203176,2012,8,223
era5,5/11/2012,180.81117,2012,8,224
era5,5/12/2012,170.7004951,2012,8,225
era5,5/13/2012,157.6057801,2012,8,226
era5,5/14/2012,142.4716038,2012,8,227
era5,5/15/2012,130.0439116,2012,8,228
era5,5/16/2012,119.8042357,2012,8,229
era5,5/17/2012,108.8442921,2012,8,230
era5,5/18/2012,101.6382207,2012,8,231
era5,5/19/2012,96.63275385,2012,8,232
era5,5/20/2012,89.88179576,2012,8,233
era5,5/21/2012,81.74912097,2012,8,234
era5,5/22/2012,73.18773621,2012,8,235
era5,5/23/2012,65.3093995,2012,8,236
era5,5/24/2012,59.54736091,2012,8,237
era5,5/25/2012,55.41711034,2012,8,238
era5,5/26/2012,57.76446495,2012,8,239
era5,5/27/2012,59.15321122,2012,8,240
era5,5/28/2012,57.04378718,2012,8,241
era5,5/29/2012,53.98613029,2012,8,242
era5,5/30/2012,51.30104853,2012,8,243
era5,5/31/2012,47.15474118,2012,8,244
era5,6/1/2012,41.75256353,2012,9,245
era5,6/2/2012,36.43293,2012,9,246
era5,6/3/2012,31.01815465,2012,9,247
era5,6/4/2012,25.14188049,2012,9,248
era5,6/5/2012,22.46864784,2012,9,249
era5,6/6/2012,20.75046978,2012,9,250
era5,6/7/2012,17.19247336,2012,9,251
era5,6/8/2012,13.28264541,2012,9,252
era5,6/9/2012,10.11095229,2012,9,253
era5,6/10/2012,7.662973516,2012,9,254
era5,6/11/2012,6.243475471,2012,9,255
era5,6/12/2012,4.522904115,2012,9,256
era5,6/13/2012,3.711854118,2012,9,257
era5,6/14/2012,2.954569706,2012,9,258
era5,6/15/2012,2.121464706,2012,9,259
era5,6/16/2012,1.461391765,2012,9,260
era5,6/17/2012,0.480676941,2012,9,261
era5,6/18/2012,0,2012,9,262
era5,6/19/2012,0,2012,9,263
era5,6/20/2012,0,2012,9,264
era5,6/21/2012,0,2012,9,265
era5,6/22/2012,0,2012,9,266
era5,6/23/2012,0,2012,9,267
era5,6/24/2012,0,2012,9,268
era5,6/25/2012,0,2012,9,269
era5,6/26/2012,0,2012,9,270
era5,6/27/2012,0,2012,9,271
era5,6/28/2012,0,2012,9,272
era5,6/29/2012,0,2012,9,273
era5,6/30/2012,0,2012,9,274
era5,7/1/2012,0,2012,10,275
era5,7/2/2012,0,2012,10,276
era5,7/3/2012,0,2012,10,277
era5,7/4/2012,0,2012,10,278
era5,7/5/2012,0,2012,10,279
era5,7/6/2012,0,2012,10,280
era5,7/7/2012,0,2012,10,281
era5,7/8/2012,0,2012,10,282
era5,7/9/2012,0,2012,10,283
era5,7/10/2012,0,2012,10,284
era5,7/11/2012,0,2012,10,285
era5,7/12/2012,0,2012,10,286
era5,7/13/2012,0,2012,10,287
era5,7/14/2012,0,2012,10,288
era5,7/15/2012,0,2012,10,289
era5,7/16/2012,0,2012,10,290
era5,7/17/2012,0,2012,10,291
era5,7/18/2012,0,2012,10,292
era5,7/19/2012,4.23E-06,2012,10,293
era5,7/20/2012,0,2012,10,294
era5,7/21/2012,0,2012,10,295
era5,7/22/2012,0,2012,10,296
era5,7/23/2012,0,2012,10,297
era5,7/24/2012,0,2012,10,298
era5,7/25/2012,0,2012,10,299
era5,7/26/2012,0,2012,10,300
era5,7/27/2012,0,2012,10,301
era5,7/28/2012,0,2012,10,302
era5,7/29/2012,0,2012,10,303
era5,7/30/2012,0,2012,10,304
era5,7/31/2012,0,2012,10,305
era5,8/1/2012,0,2012,11,306
era5,8/2/2012,0,2012,11,307
era5,8/3/2012,0,2012,11,308
era5,8/4/2012,0,2012,11,309
era5,8/5/2012,0,2012,11,310
era5,8/6/2012,0,2012,11,311
era5,8/7/2012,0,2012,11,312
era5,8/8/2012,0,2012,11,313
era5,8/9/2012,0,2012,11,314
era5,8/10/2012,0,2012,11,315
era5,8/11/2012,0,2012,11,316
era5,8/12/2012,0,2012,11,317
era5,8/13/2012,0,2012,11,318
era5,8/14/2012,0,2012,11,319
era5,8/15/2012,0,2012,11,320
era5,8/16/2012,0,2012,11,321
era5,8/17/2012,0,2012,11,322
era5,8/18/2012,0,2012,11,323
era5,8/19/2012,0,2012,11,324
era5,8/20/2012,0,2012,11,325
era5,8/21/2012,0,2012,11,326
era5,8/22/2012,0,2012,11,327
era5,8/23/2012,0,2012,11,328
era5,8/24/2012,0,2012,11,329
era5,8/25/2012,0,2012,11,330
era5,8/26/2012,0,2012,11,331
era5,8/27/2012,0,2012,11,332
era5,8/28/2012,0,2012,11,333
era5,8/29/2012,0,2012,11,334
era5,8/30/2012,0,2012,11,335
era5,8/31/2012,0,2012,11,336
era5,9/1/2012,0,2012,12,337
era5,9/2/2012,0,2012,12,338
era5,9/3/2012,0,2012,12,339
era5,9/4/2012,0,2012,12,340
era5,9/5/2012,0,2012,12,341
era5,9/6/2012,0,2012,12,342
era5,9/7/2012,0,2012,12,343
era5,9/8/2012,0,2012,12,344
era5,9/9/2012,0,2012,12,345
era5,9/10/2012,0,2012,12,346
era5,9/11/2012,0,2012,12,347
era5,9/12/2012,0,2012,12,348
era5,9/13/2012,0,2012,12,349
era5,9/14/2012,0,2012,12,350
era5,9/15/2012,0,2012,12,351
era5,9/16/2012,0,2012,12,352
era5,9/17/2012,0,2012,12,353
era5,9/18/2012,0,2012,12,354
era5,9/19/2012,0,2012,12,355
era5,9/20/2012,0,2012,12,356
era5,9/21/2012,0,2012,12,357
era5,9/22/2012,0,2012,12,358
era5,9/23/2012,9.67E-06,2012,12,359
era5,9/24/2012,0,2012,12,360
era5,9/25/2012,0,2012,12,361
era5,9/26/2012,0,2012,12,362
era5,9/27/2012,0,2012,12,363
era5,9/28/2012,0,2012,12,364
era5,9/29/2012,0,2012,12,365
era5,9/30/2012,0,2012,12,366
era5,10/1/2012,0,2013,1,1
era5,10/2/2012,0,2013,1,2
era5,10/3/2012,0,2013,1,3
era5,10/4/2012,0,2013,1,4
era5,10/5/2012,0,2013,1,5
era5,10/6/2012,0,2013,1,6
era5,10/7/2012,0,2013,1,7
era5,10/8/2012,0,2013,1,8
era5,10/9/2012,0,2013,1,9
era5,10/10/2012,0,2013,1,10
era5,10/11/2012,0.210811085,2013,1,11
era5,10/12/2012,2.929526798,2013,1,12
era5,10/13/2012,4.954003502,2013,1,13
era5,10/14/2012,3.458688254,2013,1,14
era5,10/15/2012,1.775599794,2013,1,15
era5,10/16/2012,0.786508726,2013,1,16
era5,10/17/2012,0.492256921,2013,1,17
era5,10/18/2012,0.2386134,2013,1,18
era5,10/19/2012,0.049954159,2013,1,19
era5,10/20/2012,0,2013,1,20
era5,10/21/2012,0,2013,1,21
era5,10/22/2012,4.625962985,2013,1,22
era5,10/23/2012,19.98562218,2013,1,23
era5,10/24/2012,23.91050909,2013,1,24
era5,10/25/2012,27.18277433,2013,1,25
era5,10/26/2012,26.31219541,2013,1,26
era5,10/27/2012,22.7145877,2013,1,27
era5,10/28/2012,19.33291077,2013,1,28
era5,10/29/2012,16.40115203,2013,1,29
era5,10/30/2012,13.74086846,2013,1,30
era5,10/31/2012,11.2401059,2013,1,31
era5,11/1/2012,9.890397727,2013,2,32
era5,11/2/2012,10.52719819,2013,2,33
era5,11/3/2012,10.26307859,2013,2,34
era5,11/4/2012,9.400484921,2013,2,35
era5,11/5/2012,8.064414088,2013,2,36
era5,11/6/2012,6.7196218,2013,2,37
era5,11/7/2012,5.711164912,2013,2,38
era5,11/8/2012,5.221556354,2013,2,39
era5,11/9/2012,10.24550801,2013,2,40
era5,11/10/2012,17.39645954,2013,2,41
era5,11/11/2012,21.03638817,2013,2,42
era5,11/12/2012,20.93165492,2013,2,43
era5,11/13/2012,19.61151945,2013,2,44
era5,11/14/2012,17.6296038,2013,2,45
era5,11/15/2012,15.92441031,2013,2,46
era5,11/16/2012,15.84321474,2013,2,47
era5,11/17/2012,35.77950879,2013,2,48
era5,11/18/2012,55.33876067,2013,2,49
era5,11/19/2012,62.61073849,2013,2,50
era5,11/20/2012,62.67113449,2013,2,51
era5,11/21/2012,62.43515524,2013,2,52
era5,11/22/2012,62.67598713,2013,2,53
era5,11/23/2012,61.35607812,2013,2,54
era5,11/24/2012,59.86080653,2013,2,55
era5,11/25/2012,58.82332177,2013,2,56
era5,11/26/2012,58.04645421,2013,2,57
era5,11/27/2012,57.41822496,2013,2,58
era5,11/28/2012,58.4643032,2013,2,59
era5,11/29/2012,79.72541207,2013,2,60
era5,11/30/2012,101.7867842,2013,2,61
era5,12/1/2012,138.8217206,2013,3,62
era5,12/2/2012,152.053361,2013,3,63
era5,12/3/2012,184.5305654,2013,3,64
era5,12/4/2012,186.2350228,2013,3,65
era5,12/5/2012,186.1623869,2013,3,66
era5,12/6/2012,187.3960186,2013,3,67
era5,12/7/2012,186.9383833,2013,3,68
era5,12/8/2012,186.4912751,2013,3,69
era5,12/9/2012,186.1781006,2013,3,70
era5,12/10/2012,185.7940495,2013,3,71
era5,12/11/2012,185.3997821,2013,3,72
era5,12/12/2012,186.4535772,2013,3,73
era5,12/13/2012,197.2370517,2013,3,74
era5,12/14/2012,199.8402431,2013,3,75
era5,12/15/2012,200.753272,2013,3,76
era5,12/16/2012,201.5870787,2013,3,77
era5,12/17/2012,206.9082616,2013,3,78
era5,12/18/2012,222.5703447,2013,3,79
era5,12/19/2012,227.1281909,2013,3,80
era5,12/20/2012,227.2016619,2013,3,81
era5,12/21/2012,226.8981497,2013,3,82
era5,12/22/2012,243.8245878,2013,3,83
era5,12/23/2012,303.5696031,2013,3,84
era5,12/24/2012,366.0411678,2013,3,85
era5,12/25/2012,378.7237581,2013,3,86
era5,12/26/2012,400.9829349,2013,3,87
era5,12/27/2012,420.4532865,2013,3,88
era5,12/28/2012,421.7021249,2013,3,89
era5,12/29/2012,421.9839529,2013,3,90
era5,12/30/2012,422.8427779,2013,3,91
era5,12/31/2012,423.3836103,2013,3,92
era5,1/1/2013,423.2197791,2013,4,93
era5,1/2/2013,422.9863832,2013,4,94
era5,1/3/2013,422.8093503,2013,4,95
era5,1/4/2013,422.5682944,2013,4,96
era5,1/5/2013,422.2702432,2013,4,97
era5,1/6/2013,423.4483835,2013,4,98
era5,1/7/2013,427.3783653,2013,4,99
era5,1/8/2013,427.17032,2013,4,100
era5,1/9/2013,426.0591124,2013,4,101
era5,1/10/2013,430.4779506,2013,4,102
era5,1/11/2013,436.6698856,2013,4,103
era5,1/12/2013,437.6054591,2013,4,104
era5,1/13/2013,437.489385,2013,4,105
era5,1/14/2013,437.3204841,2013,4,106
era5,1/15/2013,437.1165874,2013,4,107
era5,1/16/2013,436.2915112,2013,4,108
era5,1/17/2013,434.6270929,2013,4,109
era5,1/18/2013,432.9317209,2013,4,110
era5,1/19/2013,431.8585176,2013,4,111
era5,1/20/2013,430.8524279,2013,4,112
era5,1/21/2013,429.868525,2013,4,113
era5,1/22/2013,428.2215985,2013,4,114
era5,1/23/2013,426.3136094,2013,4,115
era5,1/24/2013,427.9305774,2013,4,116
era5,1/25/2013,433.0529404,2013,4,117
era5,1/26/2013,431.4894762,2013,4,118
era5,1/27/2013,431.5340629,2013,4,119
era5,1/28/2013,435.3850325,2013,4,120
era5,1/29/2013,435.553895,2013,4,121
era5,1/30/2013,435.2586799,2013,4,122
era5,1/31/2013,434.4335663,2013,4,123
era5,2/1/2013,433.0864481,2013,5,124
era5,2/2/2013,431.8941947,2013,5,125
era5,2/3/2013,430.4405059,2013,5,126
era5,2/4/2013,428.8112632,2013,5,127
era5,2/5/2013,427.2876126,2013,5,128
era5,2/6/2013,426.2031587,2013,5,129
era5,2/7/2013,425.8257418,2013,5,130
era5,2/8/2013,431.2280693,2013,5,131
era5,2/9/2013,438.1245381,2013,5,132
era5,2/10/2013,438.7424041,2013,5,133
era5,2/11/2013,438.8312342,2013,5,134
era5,2/12/2013,438.7530793,2013,5,135
era5,2/13/2013,438.6359539,2013,5,136
era5,2/14/2013,438.4353251,2013,5,137
era5,2/15/2013,437.5715954,2013,5,138
era5,2/16/2013,435.9352169,2013,5,139
era5,2/17/2013,434.6179546,2013,5,140
era5,2/18/2013,433.9898252,2013,5,141
era5,2/19/2013,434.3633248,2013,5,142
era5,2/20/2013,447.0435783,2013,5,143
era5,2/21/2013,449.4076931,2013,5,144
era5,2/22/2013,449.4262825,2013,5,145
era5,2/23/2013,449.3324069,2013,5,146
era5,2/24/2013,449.1167324,2013,5,147
era5,2/25/2013,448.9090303,2013,5,148
era5,2/26/2013,448.6194428,2013,5,149
era5,2/27/2013,448.2805367,2013,5,150
era5,2/28/2013,447.4659038,2013,5,151
era5,3/1/2013,446.0264574,2013,6,152
era5,3/2/2013,443.5482901,2013,6,153
era5,3/3/2013,442.5529944,2013,6,154
era5,3/4/2013,447.5674841,2013,6,155
era5,3/5/2013,446.3835511,2013,6,156
era5,3/6/2013,448.3102561,2013,6,157
era5,3/7/2013,458.0965951,2013,6,158
era5,3/8/2013,462.6782257,2013,6,159
era5,3/9/2013,467.0136744,2013,6,160
era5,3/10/2013,467.008466,2013,6,161
era5,3/11/2013,465.7128412,2013,6,162
era5,3/12/2013,462.9140768,2013,6,163
era5,3/13/2013,458.5979884,2013,6,164
era5,3/14/2013,451.5468869,2013,6,165
era5,3/15/2013,442.4688291,2013,6,166
era5,3/16/2013,434.765824,2013,6,167
era5,3/17/2013,428.6491819,2013,6,168
era5,3/18/2013,424.6988456,2013,6,169
era5,3/19/2013,420.5016214,2013,6,170
era5,3/20/2013,419.8991329,2013,6,171
era5,3/21/2013,423.4603871,2013,6,172
era5,3/22/2013,421.185008,2013,6,173
era5,3/23/2013,419.0761344,2013,6,174
era5,3/24/2013,416.0039701,2013,6,175
era5,3/25/2013,411.6031058,2013,6,176
era5,3/26/2013,407.3357428,2013,6,177
era5,3/27/2013,403.9715471,2013,6,178
era5,3/28/2013,400.3894041,2013,6,179
era5,3/29/2013,396.1885384,2013,6,180
era5,3/30/2013,390.6590736,2013,6,181
era5,3/31/2013,385.4247569,2013,6,182
era5,4/1/2013,389.5621049,2013,7,183
era5,4/2/2013,389.8667429,2013,7,184
era5,4/3/2013,386.9080082,2013,7,185
era5,4/4/2013,382.1084914,2013,7,186
era5,4/5/2013,381.6617547,2013,7,187
era5,4/6/2013,379.0772203,2013,7,188
era5,4/7/2013,376.1834004,2013,7,189
era5,4/8/2013,374.8575007,2013,7,190
era5,4/9/2013,375.3652819,2013,7,191
era5,4/10/2013,373.4143335,2013,7,192
era5,4/11/2013,367.5901196,2013,7,193
era5,4/12/2013,362.3040223,2013,7,194
era5,4/13/2013,356.3605356,2013,7,195
era5,4/14/2013,350.4262298,2013,7,196
era5,4/15/2013,346.3878756,2013,7,197
era5,4/16/2013,346.338486,2013,7,198
era5,4/17/2013,347.095984,2013,7,199
era5,4/18/2013,346.4898632,2013,7,200
era5,4/19/2013,344.7811237,2013,7,201
era5,4/20/2013,340.7330996,2013,7,202
era5,4/21/2013,335.2696209,2013,7,203
era5,4/22/2013,328.0742929,2013,7,204
era5,4/23/2013,320.4585938,2013,7,205
era5,4/24/2013,313.6262991,2013,7,206
era5,4/25/2013,307.0370101,2013,7,207
era5,4/26/2013,299.95464,2013,7,208
era5,4/27/2013,291.7135843,2013,7,209
era5,4/28/2013,281.6046311,2013,7,210
era5,4/29/2013,271.4177915,2013,7,211
era5,4/30/2013,260.982254,2013,7,212
era5,5/1/2013,251.8637515,2013,8,213
era5,5/2/2013,245.2608865,2013,8,214
era5,5/3/2013,237.3687279,2013,8,215
era5,5/4/2013,228.7210409,2013,8,216
era5,5/5/2013,221.3147294,2013,8,217
era5,5/6/2013,215.6674759,2013,8,218
era5,5/7/2013,219.1536997,2013,8,219
era5,5/8/2013,221.9732377,2013,8,220
era5,5/9/2013,219.5572094,2013,8,221
era5,5/10/2013,213.017163,2013,8,222
era5,5/11/2013,205.231314,2013,8,223
era5,5/12/2013,197.6321129,2013,8,224
era5,5/13/2013,188.9310371,2013,8,225
era5,5/14/2013,179.3287063,2013,8,226
era5,5/15/2013,169.4250819,2013,8,227
era5,5/16/2013,161.9502134,2013,8,228
era5,5/17/2013,160.2085153,2013,8,229
era5,5/18/2013,156.6209184,2013,8,230
era5,5/19/2013,152.1678309,2013,8,231
era5,5/20/2013,147.4406142,2013,8,232
era5,5/21/2013,142.3432097,2013,8,233
era5,5/22/2013,136.4422881,2013,8,234
era5,5/23/2013,133.618113,2013,8,235
era5,5/24/2013,132.0337806,2013,8,236
era5,5/25/2013,129.0782153,2013,8,237
era5,5/26/2013,125.1212341,2013,8,238
era5,5/27/2013,121.2472948,2013,8,239
era5,5/28/2013,117.8204349,2013,8,240
era5,5/29/2013,114.5406318,2013,8,241
era5,5/30/2013,111.0849191,2013,8,242
era5,5/31/2013,107.2112306,2013,8,243
era5,6/1/2013,101.8900984,2013,9,244
era5,6/2/2013,95.34098229,2013,9,245
era5,6/3/2013,89.15615176,2013,9,246
era5,6/4/2013,82.92649118,2013,9,247
era5,6/5/2013,75.94995176,2013,9,248
era5,6/6/2013,68.51126824,2013,9,249
era5,6/7/2013,60.91267744,2013,9,250
era5,6/8/2013,51.87150885,2013,9,251
era5,6/9/2013,43.21145074,2013,9,252
era5,6/10/2013,36.25733491,2013,9,253
era5,6/11/2013,32.0043992,2013,9,254
era5,6/12/2013,27.80942441,2013,9,255
era5,6/13/2013,23.54407882,2013,9,256
era5,6/14/2013,20.35609894,2013,9,257
era5,6/15/2013,16.93314694,2013,9,258
era5,6/16/2013,13.57899588,2013,9,259
era5,6/17/2013,10.44833368,2013,9,260
era5,6/18/2013,7.526302824,2013,9,261
era5,6/19/2013,5.438727324,2013,9,262
era5,6/20/2013,4.190909676,2013,9,263
era5,6/21/2013,3.354742353,2013,9,264
era5,6/22/2013,2.678512353,2013,9,265
era5,6/23/2013,1.936754412,2013,9,266
era5,6/24/2013,1.186936492,2013,9,267
era5,6/25/2013,0.580560973,2013,9,268
era5,6/26/2013,0.066638353,2013,9,269
era5,6/27/2013,0,2013,9,270
era5,6/28/2013,0,2013,9,271
era5,6/29/2013,0,2013,9,272
era5,6/30/2013,0,2013,9,273
era5,7/1/2013,0,2013,10,274
era5,7/2/2013,0,2013,10,275
era5,7/3/2013,0,2013,10,276
era5,7/4/2013,0,2013,10,277
era5,7/5/2013,0,2013,10,278
era5,7/6/2013,0,2013,10,279
era5,7/7/2013,0,2013,10,280
era5,7/8/2013,0,2013,10,281
era5,7/9/2013,0,2013,10,282
era5,7/10/2013,0,2013,10,283
era5,7/11/2013,0,2013,10,284
era5,7/12/2013,0,2013,10,285
era5,7/13/2013,0,2013,10,286
era5,7/14/2013,0,2013,10,287
era5,7/15/2013,0,2013,10,288
era5,7/16/2013,0,2013,10,289
era5,7/17/2013,0,2013,10,290
era5,7/18/2013,0,2013,10,291
era5,7/19/2013,0,2013,10,292
era5,7/20/2013,0,2013,10,293
era5,7/21/2013,0,2013,10,294
era5,7/22/2013,0,2013,10,295
era5,7/23/2013,0,2013,10,296
era5,7/24/2013,0,2013,10,297
era5,7/25/2013,0,2013,10,298
era5,7/26/2013,0,2013,10,299
era5,7/27/2013,0,2013,10,300
era5,7/28/2013,0,2013,10,301
era5,7/29/2013,0,2013,10,302
era5,7/30/2013,0,2013,10,303
era5,7/31/2013,0,2013,10,304
era5,8/1/2013,0,2013,11,305
era5,8/2/2013,0,2013,11,306
era5,8/3/2013,0,2013,11,307
era5,8/4/2013,0,2013,11,308
era5,8/5/2013,0,2013,11,309
era5,8/6/2013,0,2013,11,310
era5,8/7/2013,0,2013,11,311
era5,8/8/2013,0,2013,11,312
era5,8/9/2013,0,2013,11,313
era5,8/10/2013,0,2013,11,314
era5,8/11/2013,0,2013,11,315
era5,8/12/2013,0,2013,11,316
era5,8/13/2013,0,2013,11,317
era5,8/14/2013,0,2013,11,318
era5,8/15/2013,0,2013,11,319
era5,8/16/2013,0,2013,11,320
era5,8/17/2013,0,2013,11,321
era5,8/18/2013,0,2013,11,322
era5,8/19/2013,0,2013,11,323
era5,8/20/2013,0,2013,11,324
era5,8/21/2013,0,2013,11,325
era5,8/22/2013,0,2013,11,326
era5,8/23/2013,0,2013,11,327
era5,8/24/2013,0,2013,11,328
era5,8/25/2013,0,2013,11,329
era5,8/26/2013,0,2013,11,330
era5,8/27/2013,0,2013,11,331
era5,8/28/2013,0,2013,11,332
era5,8/29/2013,0,2013,11,333
era5,8/30/2013,0,2013,11,334
era5,8/31/2013,0,2013,11,335
era5,9/1/2013,0,2013,12,336
era5,9/2/2013,0,2013,12,337
era5,9/3/2013,0,2013,12,338
era5,9/4/2013,0,2013,12,339
era5,9/5/2013,0,2013,12,340
era5,9/6/2013,0,2013,12,341
era5,9/7/2013,0,2013,12,342
era5,9/8/2013,0,2013,12,343
era5,9/9/2013,0,2013,12,344
era5,9/10/2013,0,2013,12,345
era5,9/11/2013,0,2013,12,346
era5,9/12/2013,0,2013,12,347
era5,9/13/2013,0,2013,12,348
era5,9/14/2013,0,2013,12,349
era5,9/15/2013,0,2013,12,350
era5,9/16/2013,0,2013,12,351
era5,9/17/2013,0,2013,12,352
era5,9/18/2013,0,2013,12,353
era5,9/19/2013,0,2013,12,354
era5,9/20/2013,0,2013,12,355
era5,9/21/2013,0.000165278,2013,12,356
era5,9/22/2013,0.473652922,2013,12,357
era5,9/23/2013,0.365242718,2013,12,358
era5,9/24/2013,0.042717921,2013,12,359
era5,9/25/2013,0,2013,12,360
era5,9/26/2013,0.071273999,2013,12,361
era5,9/27/2013,0.166806605,2013,12,362
era5,9/28/2013,0.099783657,2013,12,363
era5,9/29/2013,0,2013,12,364
era5,9/30/2013,0,2013,12,365
era5,10/1/2013,0,2014,1,1
era5,10/2/2013,0,2014,1,2
era5,10/3/2013,0,2014,1,3
era5,10/4/2013,0,2014,1,4
era5,10/5/2013,0,2014,1,5
era5,10/6/2013,0,2014,1,6
era5,10/7/2013,0,2014,1,7
era5,10/8/2013,0,2014,1,8
era5,10/9/2013,0.171254482,2014,1,9
era5,10/10/2013,4.762632513,2014,1,10
era5,10/11/2013,3.798348303,2014,1,11
era5,10/12/2013,2.832766938,2014,1,12
era5,10/13/2013,2.017832274,2014,1,13
era5,10/14/2013,1.713590388,2014,1,14
era5,10/15/2013,1.251153809,2014,1,15
era5,10/16/2013,0.908845411,2014,1,16
era5,10/17/2013,0.802730497,2014,1,17
era5,10/18/2013,0.781809191,2014,1,18
era5,10/19/2013,0.780641941,2014,1,19
era5,10/20/2013,0.777162,2014,1,20
era5,10/21/2013,0.745387176,2014,1,21
era5,10/22/2013,0.685351824,2014,1,22
era5,10/23/2013,0.623151953,2014,1,23
era5,10/24/2013,0.529689353,2014,1,24
era5,10/25/2013,0.389128338,2014,1,25
era5,10/26/2013,0.271971534,2014,1,26
era5,10/27/2013,0.196460118,2014,1,27
era5,10/28/2013,0.22018858,2014,1,28
era5,10/29/2013,6.323701682,2014,1,29
era5,10/30/2013,10.81384027,2014,1,30
era5,10/31/2013,9.451107825,2014,1,31
era5,11/1/2013,7.375450614,2014,2,32
era5,11/2/2013,5.070522165,2014,2,33
era5,11/3/2013,3.453058074,2014,2,34
era5,11/4/2013,2.988541034,2014,2,35
era5,11/5/2013,2.936669015,2014,2,36
era5,11/6/2013,2.543021362,2014,2,37
era5,11/7/2013,1.788995389,2014,2,38
era5,11/8/2013,1.421537958,2014,2,39
era5,11/9/2013,1.221351699,2014,2,40
era5,11/10/2013,1.067423774,2014,2,41
era5,11/11/2013,0.913475594,2014,2,42
era5,11/12/2013,0.824793368,2014,2,43
era5,11/13/2013,0.787310324,2014,2,44
era5,11/14/2013,0.779544809,2014,2,45
era5,11/15/2013,0.781579535,2014,2,46
era5,11/16/2013,0.786113332,2014,2,47
era5,11/17/2013,0.786215735,2014,2,48
era5,11/18/2013,0.785983697,2014,2,49
era5,11/19/2013,0.786200312,2014,2,50
era5,11/20/2013,2.395916392,2014,2,51
era5,11/21/2013,8.952597465,2014,2,52
era5,11/22/2013,11.63503856,2014,2,53
era5,11/23/2013,13.00521256,2014,2,54
era5,11/24/2013,13.59656449,2014,2,55
era5,11/25/2013,13.34069242,2014,2,56
era5,11/26/2013,12.07935191,2014,2,57
era5,11/27/2013,11.01832867,2014,2,58
era5,11/28/2013,10.21401686,2014,2,59
era5,11/29/2013,9.708826929,2014,2,60
era5,11/30/2013,9.159493799,2014,2,61
era5,12/1/2013,8.281654201,2014,3,62
era5,12/2/2013,6.914440039,2014,3,63
era5,12/3/2013,8.327425757,2014,3,64
era5,12/4/2013,12.96352609,2014,3,65
era5,12/5/2013,13.16568737,2014,3,66
era5,12/6/2013,13.15959581,2014,3,67
era5,12/7/2013,25.44170876,2014,3,68
era5,12/8/2013,40.48309115,2014,3,69
era5,12/9/2013,40.68352447,2014,3,70
era5,12/10/2013,40.66063909,2014,3,71
era5,12/11/2013,40.59965324,2014,3,72
era5,12/12/2013,40.26456194,2014,3,73
era5,12/13/2013,39.42851453,2014,3,74
era5,12/14/2013,38.6683075,2014,3,75
era5,12/15/2013,36.70327778,2014,3,76
era5,12/16/2013,32.41879772,2014,3,77
era5,12/17/2013,27.67185569,2014,3,78
era5,12/18/2013,23.33103342,2014,3,79
era5,12/19/2013,20.75994023,2014,3,80
era5,12/20/2013,20.92211527,2014,3,81
era5,12/21/2013,20.37547989,2014,3,82
era5,12/22/2013,19.57809664,2014,3,83
era5,12/23/2013,18.16858021,2014,3,84
era5,12/24/2013,16.21453429,2014,3,85
era5,12/25/2013,14.6600469,2014,3,86
era5,12/26/2013,13.76371707,2014,3,87
era5,12/27/2013,13.11875783,2014,3,88
era5,12/28/2013,12.67767306,2014,3,89
era5,12/29/2013,12.26285924,2014,3,90
era5,12/30/2013,11.70045324,2014,3,91
era5,12/31/2013,11.20501359,2014,3,92
era5,1/1/2014,10.70589449,2014,4,93
era5,1/2/2014,10.58105861,2014,4,94
era5,1/3/2014,10.47741201,2014,4,95
era5,1/4/2014,10.34257057,2014,4,96
era5,1/5/2014,10.28375683,2014,4,97
era5,1/6/2014,10.27060627,2014,4,98
era5,1/7/2014,10.2440482,2014,4,99
era5,1/8/2014,10.23153664,2014,4,100
era5,1/9/2014,10.22357066,2014,4,101
era5,1/10/2014,10.19106666,2014,4,102
era5,1/11/2014,10.00663245,2014,4,103
era5,1/12/2014,12.30427099,2014,4,104
era5,1/13/2014,12.42214496,2014,4,105
era5,1/14/2014,12.12747393,2014,4,106
era5,1/15/2014,11.82252033,2014,4,107
era5,1/16/2014,11.58490488,2014,4,108
era5,1/17/2014,11.21226694,2014,4,109
era5,1/18/2014,10.84614834,2014,4,110
era5,1/19/2014,10.70932885,2014,4,111
era5,1/20/2014,10.51305681,2014,4,112
era5,1/21/2014,10.42700582,2014,4,113
era5,1/22/2014,10.40117041,2014,4,114
era5,1/23/2014,10.38865841,2014,4,115
era5,1/24/2014,10.39088384,2014,4,116
era5,1/25/2014,10.37859129,2014,4,117
era5,1/26/2014,10.3706375,2014,4,118
era5,1/27/2014,10.36381374,2014,4,119
era5,1/28/2014,10.33340676,2014,4,120
era5,1/29/2014,10.20970017,2014,4,121
era5,1/30/2014,18.35792154,2014,4,122
era5,1/31/2014,37.86293698,2014,4,123
era5,2/1/2014,41.52710921,2014,5,124
era5,2/2/2014,41.76236489,2014,5,125
era5,2/3/2014,43.48570562,2014,5,126
era5,2/4/2014,44.15295301,2014,5,127
era5,2/5/2014,44.08871386,2014,5,128
era5,2/6/2014,46.12127544,2014,5,129
era5,2/7/2014,58.72694862,2014,5,130
era5,2/8/2014,76.37445279,2014,5,131
era5,2/9/2014,118.8355299,2014,5,132
era5,2/10/2014,133.3696292,2014,5,133
era5,2/11/2014,136.6261979,2014,5,134
era5,2/12/2014,134.8248467,2014,5,135
era5,2/13/2014,130.769588,2014,5,136
era5,2/14/2014,126.6180213,2014,5,137
era5,2/15/2014,122.8620895,2014,5,138
era5,2/16/2014,121.7928307,2014,5,139
era5,2/17/2014,121.7443872,2014,5,140
era5,2/18/2014,119.8993177,2014,5,141
era5,2/19/2014,117.8538365,2014,5,142
era5,2/20/2014,116.7414894,2014,5,143
era5,2/21/2014,114.9151889,2014,5,144
era5,2/22/2014,113.2703466,2014,5,145
era5,2/23/2014,111.5537926,2014,5,146
era5,2/24/2014,109.4989938,2014,5,147
era5,2/25/2014,106.6099343,2014,5,148
era5,2/26/2014,103.0054882,2014,5,149
era5,2/27/2014,124.4560882,2014,5,150
era5,2/28/2014,146.5098087,2014,5,151
era5,3/1/2014,206.9270721,2014,6,152
era5,3/2/2014,222.0334304,2014,6,153
era5,3/3/2014,225.2332451,2014,6,154
era5,3/4/2014,224.8257226,2014,6,155
era5,3/5/2014,222.0171137,2014,6,156
era5,3/6/2014,218.338566,2014,6,157
era5,3/7/2014,215.5896157,2014,6,158
era5,3/8/2014,213.0308684,2014,6,159
era5,3/9/2014,208.5712449,2014,6,160
era5,3/10/2014,202.9639719,2014,6,161
era5,3/11/2014,200.3809783,2014,6,162
era5,3/12/2014,198.1954339,2014,6,163
era5,3/13/2014,197.4580114,2014,6,164
era5,3/14/2014,196.2777239,2014,6,165
era5,3/15/2014,192.7447765,2014,6,166
era5,3/16/2014,187.7254013,2014,6,167
era5,3/17/2014,180.4582969,2014,6,168
era5,3/18/2014,176.330096,2014,6,169
era5,3/19/2014,173.4062735,2014,6,170
era5,3/20/2014,169.5578916,2014,6,171
era5,3/21/2014,164.9318213,2014,6,172
era5,3/22/2014,160.3950659,2014,6,173
era5,3/23/2014,156.6777879,2014,6,174
era5,3/24/2014,153.0218148,2014,6,175
era5,3/25/2014,148.0026671,2014,6,176
era5,3/26/2014,148.7436796,2014,6,177
era5,3/27/2014,163.2347599,2014,6,178
era5,3/28/2014,165.9157026,2014,6,179
era5,3/29/2014,164.6562121,2014,6,180
era5,3/30/2014,183.593559,2014,6,181
era5,3/31/2014,189.4440159,2014,6,182
era5,4/1/2014,216.5603677,2014,7,183
era5,4/2/2014,243.3224361,2014,7,184
era5,4/3/2014,252.7476895,2014,7,185
era5,4/4/2014,253.3695934,2014,7,186
era5,4/5/2014,254.3854482,2014,7,187
era5,4/6/2014,251.0886546,2014,7,188
era5,4/7/2014,243.8058239,2014,7,189
era5,4/8/2014,233.7993301,2014,7,190
era5,4/9/2014,221.284586,2014,7,191
era5,4/10/2014,209.8803364,2014,7,192
era5,4/11/2014,200.3910919,2014,7,193
era5,4/12/2014,192.1924952,2014,7,194
era5,4/13/2014,183.7294674,2014,7,195
era5,4/14/2014,175.7504985,2014,7,196
era5,4/15/2014,167.9505457,2014,7,197
era5,4/16/2014,159.5680662,2014,7,198
era5,4/17/2014,151.1633203,2014,7,199
era5,4/18/2014,141.3196031,2014,7,200
era5,4/19/2014,133.4833675,2014,7,201
era5,4/20/2014,126.865131,2014,7,202
era5,4/21/2014,119.8480266,2014,7,203
era5,4/22/2014,113.2709925,2014,7,204
era5,4/23/2014,111.331755,2014,7,205
era5,4/24/2014,108.7430449,2014,7,206
era5,4/25/2014,110.9511041,2014,7,207
era5,4/26/2014,142.4384742,2014,7,208
era5,4/27/2014,146.3272442,2014,7,209
era5,4/28/2014,141.9065377,2014,7,210
era5,4/29/2014,133.9653698,2014,7,211
era5,4/30/2014,123.2492703,2014,7,212
era5,5/1/2014,114.3421482,2014,8,213
era5,5/2/2014,107.4598181,2014,8,214
era5,5/3/2014,100.7602101,2014,8,215
era5,5/4/2014,94.22855603,2014,8,216
era5,5/5/2014,89.33466176,2014,8,217
era5,5/6/2014,87.70617994,2014,8,218
era5,5/7/2014,90.97581479,2014,8,219
era5,5/8/2014,88.93049778,2014,8,220
era5,5/9/2014,85.43401296,2014,8,221
era5,5/10/2014,82.20821435,2014,8,222
era5,5/11/2014,80.749048,2014,8,223
era5,5/12/2014,78.47520951,2014,8,224
era5,5/13/2014,74.67529388,2014,8,225
era5,5/14/2014,71.18546388,2014,8,226
era5,5/15/2014,67.92963235,2014,8,227
era5,5/16/2014,63.89471941,2014,8,228
era5,5/17/2014,59.35527853,2014,8,229
era5,5/18/2014,54.97617279,2014,8,230
era5,5/19/2014,52.41137838,2014,8,231
era5,5/20/2014,51.41073202,2014,8,232
era5,5/21/2014,53.39070327,2014,8,233
era5,5/22/2014,56.90638191,2014,8,234
era5,5/23/2014,54.14198058,2014,8,235
era5,5/24/2014,50.32964469,2014,8,236
era5,5/25/2014,46.67301588,2014,8,237
era5,5/26/2014,43.00305324,2014,8,238
era5,5/27/2014,39.38545676,2014,8,239
era5,5/28/2014,35.82872138,2014,8,240
era5,5/29/2014,33.06806862,2014,8,241
era5,5/30/2014,30.77471906,2014,8,242
era5,5/31/2014,28.16177788,2014,8,243
era5,6/1/2014,26.06707076,2014,9,244
era5,6/2/2014,24.11067647,2014,9,245
era5,6/3/2014,22.41937456,2014,9,246
era5,6/4/2014,20.63553235,2014,9,247
era5,6/5/2014,18.32655647,2014,9,248
era5,6/6/2014,15.54812847,2014,9,249
era5,6/7/2014,12.94593217,2014,9,250
era5,6/8/2014,10.77443644,2014,9,251
era5,6/9/2014,9.048372059,2014,9,252
era5,6/10/2014,7.344402353,2014,9,253
era5,6/11/2014,6.086075882,2014,9,254
era5,6/12/2014,4.482487941,2014,9,255
era5,6/13/2014,2.926334176,2014,9,256
era5,6/14/2014,1.774514988,2014,9,257
era5,6/15/2014,1.144007647,2014,9,258
era5,6/16/2014,0.449476691,2014,9,259
era5,6/17/2014,0.003699999,2014,9,260
era5,6/18/2014,0,2014,9,261
era5,6/19/2014,0,2014,9,262
era5,6/20/2014,0,2014,9,263
era5,6/21/2014,0,2014,9,264
era5,6/22/2014,0,2014,9,265
era5,6/23/2014,0,2014,9,266
era5,6/24/2014,0,2014,9,267
era5,6/25/2014,0,2014,9,268
era5,6/26/2014,0,2014,9,269
era5,6/27/2014,0,2014,9,270
era5,6/28/2014,0,2014,9,271
era5,6/29/2014,0,2014,9,272
era5,6/30/2014,0,2014,9,273
era5,7/1/2014,0,2014,10,274
era5,7/2/2014,0,2014,10,275
era5,7/3/2014,0,2014,10,276
era5,7/4/2014,0,2014,10,277
era5,7/5/2014,0,2014,10,278
era5,7/6/2014,0,2014,10,279
era5,7/7/2014,0,2014,10,280
era5,7/8/2014,0,2014,10,281
era5,7/9/2014,0,2014,10,282
era5,7/10/2014,0,2014,10,283
era5,7/11/2014,0,2014,10,284
era5,7/12/2014,0,2014,10,285
era5,7/13/2014,0,2014,10,286
era5,7/14/2014,0,2014,10,287
era5,7/15/2014,0,2014,10,288
era5,7/16/2014,0,2014,10,289
era5,7/17/2014,0,2014,10,290
era5,7/18/2014,0,2014,10,291
era5,7/19/2014,0,2014,10,292
era5,7/20/2014,0,2014,10,293
era5,7/21/2014,0,2014,10,294
era5,7/22/2014,0,2014,10,295
era5,7/23/2014,0,2014,10,296
era5,7/24/2014,0,2014,10,297
era5,7/25/2014,0,2014,10,298
era5,7/26/2014,0,2014,10,299
era5,7/27/2014,0,2014,10,300
era5,7/28/2014,0,2014,10,301
era5,7/29/2014,0,2014,10,302
era5,7/30/2014,0,2014,10,303
era5,7/31/2014,0,2014,10,304
era5,8/1/2014,0,2014,11,305
era5,8/2/2014,0,2014,11,306
era5,8/3/2014,0,2014,11,307
era5,8/4/2014,0,2014,11,308
era5,8/5/2014,0,2014,11,309
era5,8/6/2014,0,2014,11,310
era5,8/7/2014,0,2014,11,311
era5,8/8/2014,0,2014,11,312
era5,8/9/2014,0,2014,11,313
era5,8/10/2014,0,2014,11,314
era5,8/11/2014,0,2014,11,315
era5,8/12/2014,0,2014,11,316
era5,8/13/2014,0,2014,11,317
era5,8/14/2014,0,2014,11,318
era5,8/15/2014,0,2014,11,319
era5,8/16/2014,0,2014,11,320
era5,8/17/2014,0,2014,11,321
era5,8/18/2014,0,2014,11,322
era5,8/19/2014,0,2014,11,323
era5,8/20/2014,0,2014,11,324
era5,8/21/2014,0,2014,11,325
era5,8/22/2014,0,2014,11,326
era5,8/23/2014,0,2014,11,327
era5,8/24/2014,0,2014,11,328
era5,8/25/2014,0,2014,11,329
era5,8/26/2014,0,2014,11,330
era5,8/27/2014,0,2014,11,331
era5,8/28/2014,0,2014,11,332
era5,8/29/2014,0,2014,11,333
era5,8/30/2014,0,2014,11,334
era5,8/31/2014,0,2014,11,335
era5,9/1/2014,0,2014,12,336
era5,9/2/2014,0,2014,12,337
era5,9/3/2014,0,2014,12,338
era5,9/4/2014,0,2014,12,339
era5,9/5/2014,0,2014,12,340
era5,9/6/2014,0,2014,12,341
era5,9/7/2014,0,2014,12,342
era5,9/8/2014,0,2014,12,343
era5,9/9/2014,0,2014,12,344
era5,9/10/2014,0,2014,12,345
era5,9/11/2014,0,2014,12,346
era5,9/12/2014,0,2014,12,347
era5,9/13/2014,0,2014,12,348
era5,9/14/2014,0,2014,12,349
era5,9/15/2014,0,2014,12,350
era5,9/16/2014,0,2014,12,351
era5,9/17/2014,0,2014,12,352
era5,9/18/2014,0,2014,12,353
era5,9/19/2014,0,2014,12,354
era5,9/20/2014,0,2014,12,355
era5,9/21/2014,0,2014,12,356
era5,9/22/2014,0,2014,12,357
era5,9/23/2014,0,2014,12,358
era5,9/24/2014,0,2014,12,359
era5,9/25/2014,0,2014,12,360
era5,9/26/2014,7.17E-06,2014,12,361
era5,9/27/2014,0.275565953,2014,12,362
era5,9/28/2014,1.398070499,2014,12,363
era5,9/29/2014,1.326580771,2014,12,364
era5,9/30/2014,0.611289141,2014,12,365
era5,10/1/2014,0.416145059,2015,1,1
era5,10/2/2014,0.366521291,2015,1,2
era5,10/3/2014,0.090062079,2015,1,3
era5,10/4/2014,0,2015,1,4
era5,10/5/2014,0,2015,1,5
era5,10/6/2014,0,2015,1,6
era5,10/7/2014,0,2015,1,7
era5,10/8/2014,0,2015,1,8
era5,10/9/2014,0,2015,1,9
era5,10/10/2014,0,2015,1,10
era5,10/11/2014,0,2015,1,11
era5,10/12/2014,0,2015,1,12
era5,10/13/2014,0,2015,1,13
era5,10/14/2014,0,2015,1,14
era5,10/15/2014,4.73E-05,2015,1,15
era5,10/16/2014,0,2015,1,16
era5,10/17/2014,0,2015,1,17
era5,10/18/2014,0,2015,1,18
era5,10/19/2014,0,2015,1,19
era5,10/20/2014,0,2015,1,20
era5,10/21/2014,0,2015,1,21
era5,10/22/2014,0,2015,1,22
era5,10/23/2014,0,2015,1,23
era5,10/24/2014,0,2015,1,24
era5,10/25/2014,0.003904697,2015,1,25
era5,10/26/2014,0.231824566,2015,1,26
era5,10/27/2014,0.149792551,2015,1,27
era5,10/28/2014,0.040058083,2015,1,28
era5,10/29/2014,0.010503099,2015,1,29
era5,10/30/2014,0,2015,1,30
era5,10/31/2014,0,2015,1,31
era5,11/1/2014,8.236595471,2015,2,32
era5,11/2/2014,15.88686742,2015,2,33
era5,11/3/2014,15.68074748,2015,2,34
era5,11/4/2014,13.79255805,2015,2,35
era5,11/5/2014,9.249942741,2015,2,36
era5,11/6/2014,4.521912202,2015,2,37
era5,11/7/2014,2.191298146,2015,2,38
era5,11/8/2014,1.274633053,2015,2,39
era5,11/9/2014,0.861375571,2015,2,40
era5,11/10/2014,0.459459118,2015,2,41
era5,11/11/2014,0.215218909,2015,2,42
era5,11/12/2014,0.096654774,2015,2,43
era5,11/13/2014,1.118983191,2015,2,44
era5,11/14/2014,3.255658398,2015,2,45
era5,11/15/2014,3.147391418,2015,2,46
era5,11/16/2014,3.047123544,2015,2,47
era5,11/17/2014,2.999065747,2015,2,48
era5,11/18/2014,2.8662094,2015,2,49
era5,11/19/2014,2.471045428,2015,2,50
era5,11/20/2014,2.324266939,2015,2,51
era5,11/21/2014,10.77655659,2015,2,52
era5,11/22/2014,12.73338876,2015,2,53
era5,11/23/2014,12.97702639,2015,2,54
era5,11/24/2014,12.38532108,2015,2,55
era5,11/25/2014,11.78861757,2015,2,56
era5,11/26/2014,9.533052721,2015,2,57
era5,11/27/2014,7.10409814,2015,2,58
era5,11/28/2014,5.570321882,2015,2,59
era5,11/29/2014,4.914345573,2015,2,60
era5,11/30/2014,6.434490248,2015,2,61
era5,12/1/2014,12.41050992,2015,3,62
era5,12/2/2014,13.77231234,2015,3,63
era5,12/3/2014,34.79672584,2015,3,64
era5,12/4/2014,50.74817644,2015,3,65
era5,12/5/2014,55.49136278,2015,3,66
era5,12/6/2014,57.81928669,2015,3,67
era5,12/7/2014,58.50130863,2015,3,68
era5,12/8/2014,57.89804423,2015,3,69
era5,12/9/2014,56.88283225,2015,3,70
era5,12/10/2014,55.50741238,2015,3,71
era5,12/11/2014,54.0455501,2015,3,72
era5,12/12/2014,81.69030585,2015,3,73
era5,12/13/2014,116.4310977,2015,3,74
era5,12/14/2014,118.4702625,2015,3,75
era5,12/15/2014,118.5752104,2015,3,76
era5,12/16/2014,128.5241238,2015,3,77
era5,12/17/2014,137.9338266,2015,3,78
era5,12/18/2014,144.7608937,2015,3,79
era5,12/19/2014,145.1165197,2015,3,80
era5,12/20/2014,150.9919284,2015,3,81
era5,12/21/2014,152.8250294,2015,3,82
era5,12/22/2014,150.0773463,2015,3,83
era5,12/23/2014,144.633889,2015,3,84
era5,12/24/2014,141.0815866,2015,3,85
era5,12/25/2014,146.037568,2015,3,86
era5,12/26/2014,147.7196611,2015,3,87
era5,12/27/2014,147.5211666,2015,3,88
era5,12/28/2014,147.2050567,2015,3,89
era5,12/29/2014,146.8465034,2015,3,90
era5,12/30/2014,146.8213163,2015,3,91
era5,12/31/2014,147.2558001,2015,3,92
era5,1/1/2015,147.1415831,2015,4,93
era5,1/2/2015,147.0155363,2015,4,94
era5,1/3/2015,146.8576568,2015,4,95
era5,1/4/2015,146.3616488,2015,4,96
era5,1/5/2015,145.1614528,2015,4,97
era5,1/6/2015,141.7018874,2015,4,98
era5,1/7/2015,136.2969569,2015,4,99
era5,1/8/2015,132.2083389,2015,4,100
era5,1/9/2015,129.6416095,2015,4,101
era5,1/10/2015,129.4554328,2015,4,102
era5,1/11/2015,129.5410509,2015,4,103
era5,1/12/2015,129.2819773,2015,4,104
era5,1/13/2015,128.9201969,2015,4,105
era5,1/14/2015,128.5255314,2015,4,106
era5,1/15/2015,127.8742251,2015,4,107
era5,1/16/2015,126.860757,2015,4,108
era5,1/17/2015,125.35645,2015,4,109
era5,1/18/2015,123.526112,2015,4,110
era5,1/19/2015,121.8623552,2015,4,111
era5,1/20/2015,120.8625397,2015,4,112
era5,1/21/2015,120.5197937,2015,4,113
era5,1/22/2015,120.2012174,2015,4,114
era5,1/23/2015,119.8917633,2015,4,115
era5,1/24/2015,118.931649,2015,4,116
era5,1/25/2015,116.3535964,2015,4,117
era5,1/26/2015,113.4570225,2015,4,118
era5,1/27/2015,117.5057858,2015,4,119
era5,1/28/2015,122.5473439,2015,4,120
era5,1/29/2015,122.6480523,2015,4,121
era5,1/30/2015,122.2837653,2015,4,122
era5,1/31/2015,122.1578604,2015,4,123
era5,2/1/2015,121.4782812,2015,5,124
era5,2/2/2015,120.7172811,2015,5,125
era5,2/3/2015,119.3911003,2015,5,126
era5,2/4/2015,118.0868311,2015,5,127
era5,2/5/2015,116.0292926,2015,5,128
era5,2/6/2015,113.9166496,2015,5,129
era5,2/7/2015,129.9081886,2015,5,130
era5,2/8/2015,144.3310355,2015,5,131
era5,2/9/2015,153.8815195,2015,5,132
era5,2/10/2015,156.6482567,2015,5,133
era5,2/11/2015,155.5484932,2015,5,134
era5,2/12/2015,153.5805076,2015,5,135
era5,2/13/2015,150.7431896,2015,5,136
era5,2/14/2015,148.1853089,2015,5,137
era5,2/15/2015,146.3082658,2015,5,138
era5,2/16/2015,144.4640761,2015,5,139
era5,2/17/2015,142.7048191,2015,5,140
era5,2/18/2015,141.0828065,2015,5,141
era5,2/19/2015,139.3716384,2015,5,142
era5,2/20/2015,137.8419999,2015,5,143
era5,2/21/2015,136.5974129,2015,5,144
era5,2/22/2015,136.005694,2015,5,145
era5,2/23/2015,140.8428368,2015,5,146
era5,2/24/2015,142.1378823,2015,5,147
era5,2/25/2015,141.5598088,2015,5,148
era5,2/26/2015,140.3837709,2015,5,149
era5,2/27/2015,138.846653,2015,5,150
era5,2/28/2015,146.1052936,2015,5,151
era5,3/1/2015,156.1157782,2015,6,152
era5,3/2/2015,158.9745705,2015,6,153
era5,3/3/2015,161.398934,2015,6,154
era5,3/4/2015,160.9330764,2015,6,155
era5,3/5/2015,159.8477009,2015,6,156
era5,3/6/2015,158.0070005,2015,6,157
era5,3/7/2015,155.1756961,2015,6,158
era5,3/8/2015,152.3497816,2015,6,159
era5,3/9/2015,150.4166811,2015,6,160
era5,3/10/2015,147.9630725,2015,6,161
era5,3/11/2015,145.5788829,2015,6,162
era5,3/12/2015,145.521056,2015,6,163
era5,3/13/2015,144.1565524,2015,6,164
era5,3/14/2015,142.024986,2015,6,165
era5,3/15/2015,138.0507121,2015,6,166
era5,3/16/2015,133.4991021,2015,6,167
era5,3/17/2015,129.8160595,2015,6,168
era5,3/18/2015,127.2073239,2015,6,169
era5,3/19/2015,124.9855681,2015,6,170
era5,3/20/2015,122.2392105,2015,6,171
era5,3/21/2015,119.225239,2015,6,172
era5,3/22/2015,115.9515165,2015,6,173
era5,3/23/2015,114.5355865,2015,6,174
era5,3/24/2015,113.5705268,2015,6,175
era5,3/25/2015,110.7355731,2015,6,176
era5,3/26/2015,106.4404938,2015,6,177
era5,3/27/2015,100.5511054,2015,6,178
era5,3/28/2015,94.73076371,2015,6,179
era5,3/29/2015,89.79533806,2015,6,180
era5,3/30/2015,85.53381412,2015,6,181
era5,3/31/2015,81.16839929,2015,6,182
era5,4/1/2015,77.52213744,2015,7,183
era5,4/2/2015,75.37888427,2015,7,184
era5,4/3/2015,73.30296256,2015,7,185
era5,4/4/2015,70.99098941,2015,7,186
era5,4/5/2015,69.88780772,2015,7,187
era5,4/6/2015,72.79058851,2015,7,188
era5,4/7/2015,77.17752232,2015,7,189
era5,4/8/2015,103.6800779,2015,7,190
era5,4/9/2015,105.1923446,2015,7,191
era5,4/10/2015,100.6639209,2015,7,192
era5,4/11/2015,94.52425747,2015,7,193
era5,4/12/2015,88.52301736,2015,7,194
era5,4/13/2015,83.2022126,2015,7,195
era5,4/14/2015,79.85141825,2015,7,196
era5,4/15/2015,78.47658506,2015,7,197
era5,4/16/2015,77.03751969,2015,7,198
era5,4/17/2015,75.49714265,2015,7,199
era5,4/18/2015,73.30595068,2015,7,200
era5,4/19/2015,70.52526141,2015,7,201
era5,4/20/2015,68.24242177,2015,7,202
era5,4/21/2015,66.51186021,2015,7,203
era5,4/22/2015,65.11282169,2015,7,204
era5,4/23/2015,65.49874315,2015,7,205
era5,4/24/2015,65.54660352,2015,7,206
era5,4/25/2015,64.79936604,2015,7,207
era5,4/26/2015,66.12048468,2015,7,208
era5,4/27/2015,63.85162258,2015,7,209
era5,4/28/2015,60.0895026,2015,7,210
era5,4/29/2015,56.83205614,2015,7,211
era5,4/30/2015,54.09753206,2015,7,212
era5,5/1/2015,51.55334276,2015,8,213
era5,5/2/2015,48.68106,2015,8,214
era5,5/3/2015,46.203496,2015,8,215
era5,5/4/2015,43.91957976,2015,8,216
era5,5/5/2015,42.00947302,2015,8,217
era5,5/6/2015,39.85835962,2015,8,218
era5,5/7/2015,39.18836231,2015,8,219
era5,5/8/2015,46.40851025,2015,8,220
era5,5/9/2015,54.30730166,2015,8,221
era5,5/10/2015,49.90372365,2015,8,222
era5,5/11/2015,45.32970678,2015,8,223
era5,5/12/2015,41.9460576,2015,8,224
era5,5/13/2015,40.27807279,2015,8,225
era5,5/14/2015,38.95810975,2015,8,226
era5,5/15/2015,42.4244217,2015,8,227
era5,5/16/2015,45.42116078,2015,8,228
era5,5/17/2015,42.58067173,2015,8,229
era5,5/18/2015,40.91658294,2015,8,230
era5,5/19/2015,42.73683583,2015,8,231
era5,5/20/2015,40.88146733,2015,8,232
era5,5/21/2015,39.11366442,2015,8,233
era5,5/22/2015,45.54403388,2015,8,234
era5,5/23/2015,47.63297316,2015,8,235
era5,5/24/2015,43.79402189,2015,8,236
era5,5/25/2015,39.90880074,2015,8,237
era5,5/26/2015,37.60656265,2015,8,238
era5,5/27/2015,35.80668971,2015,8,239
era5,5/28/2015,33.60873471,2015,8,240
era5,5/29/2015,31.03948735,2015,8,241
era5,5/30/2015,27.99544941,2015,8,242
era5,5/31/2015,25.05859529,2015,8,243
era5,6/1/2015,22.30771912,2015,9,244
era5,6/2/2015,20.31889176,2015,9,245
era5,6/3/2015,18.31781965,2015,9,246
era5,6/4/2015,16.29078115,2015,9,247
era5,6/5/2015,14.55544449,2015,9,248
era5,6/6/2015,12.90329074,2015,9,249
era5,6/7/2015,11.51577074,2015,9,250
era5,6/8/2015,9.648398235,2015,9,251
era5,6/9/2015,7.916812254,2015,9,252
era5,6/10/2015,6.496342392,2015,9,253
era5,6/11/2015,4.637849544,2015,9,254
era5,6/12/2015,2.915018588,2015,9,255
era5,6/13/2015,1.387123621,2015,9,256
era5,6/14/2015,0.472487912,2015,9,257
era5,6/15/2015,0,2015,9,258
era5,6/16/2015,0,2015,9,259
era5,6/17/2015,0,2015,9,260
era5,6/18/2015,0,2015,9,261
era5,6/19/2015,0,2015,9,262
era5,6/20/2015,0,2015,9,263
era5,6/21/2015,0,2015,9,264
era5,6/22/2015,0,2015,9,265
era5,6/23/2015,0,2015,9,266
era5,6/24/2015,0,2015,9,267
era5,6/25/2015,0,2015,9,268
era5,6/26/2015,0,2015,9,269
era5,6/27/2015,0,2015,9,270
era5,6/28/2015,0,2015,9,271
era5,6/29/2015,0,2015,9,272
era5,6/30/2015,0,2015,9,273
era5,7/1/2015,0,2015,10,274
era5,7/2/2015,0,2015,10,275
era5,7/3/2015,0,2015,10,276
era5,7/4/2015,0,2015,10,277
era5,7/5/2015,0,2015,10,278
era5,7/6/2015,0,2015,10,279
era5,7/7/2015,0,2015,10,280
era5,7/8/2015,0,2015,10,281
era5,7/9/2015,0.00710816,2015,10,282
era5,7/10/2015,0.195790809,2015,10,283
era5,7/11/2015,3.87E-05,2015,10,284
era5,7/12/2015,0,2015,10,285
era5,7/13/2015,0,2015,10,286
era5,7/14/2015,0,2015,10,287
era5,7/15/2015,0,2015,10,288
era5,7/16/2015,0,2015,10,289
era5,7/17/2015,0,2015,10,290
era5,7/18/2015,0,2015,10,291
era5,7/19/2015,0,2015,10,292
era5,7/20/2015,0,2015,10,293
era5,7/21/2015,0,2015,10,294
era5,7/22/2015,0,2015,10,295
era5,7/23/2015,0,2015,10,296
era5,7/24/2015,0,2015,10,297
era5,7/25/2015,0,2015,10,298
era5,7/26/2015,0,2015,10,299
era5,7/27/2015,0,2015,10,300
era5,7/28/2015,0,2015,10,301
era5,7/29/2015,0,2015,10,302
era5,7/30/2015,0,2015,10,303
era5,7/31/2015,0,2015,10,304
era5,8/1/2015,0,2015,11,305
era5,8/2/2015,0,2015,11,306
era5,8/3/2015,0,2015,11,307
era5,8/4/2015,0,2015,11,308
era5,8/5/2015,0,2015,11,309
era5,8/6/2015,0,2015,11,310
era5,8/7/2015,0,2015,11,311
era5,8/8/2015,0,2015,11,312
era5,8/9/2015,0,2015,11,313
era5,8/10/2015,0,2015,11,314
era5,8/11/2015,0,2015,11,315
era5,8/12/2015,0,2015,11,316
era5,8/13/2015,0,2015,11,317
era5,8/14/2015,0,2015,11,318
era5,8/15/2015,0,2015,11,319
era5,8/16/2015,0,2015,11,320
era5,8/17/2015,0,2015,11,321
era5,8/18/2015,0,2015,11,322
era5,8/19/2015,0,2015,11,323
era5,8/20/2015,0,2015,11,324
era5,8/21/2015,0,2015,11,325
era5,8/22/2015,0,2015,11,326
era5,8/23/2015,0,2015,11,327
era5,8/24/2015,0,2015,11,328
era5,8/25/2015,0,2015,11,329
era5,8/26/2015,0,2015,11,330
era5,8/27/2015,0,2015,11,331
era5,8/28/2015,0,2015,11,332
era5,8/29/2015,0,2015,11,333
era5,8/30/2015,0,2015,11,334
era5,8/31/2015,0,2015,11,335
era5,9/1/2015,0,2015,12,336
era5,9/2/2015,0,2015,12,337
era5,9/3/2015,0,2015,12,338
era5,9/4/2015,0,2015,12,339
era5,9/5/2015,0,2015,12,340
era5,9/6/2015,0,2015,12,341
era5,9/7/2015,0,2015,12,342
era5,9/8/2015,0,2015,12,343
era5,9/9/2015,0,2015,12,344
era5,9/10/2015,0,2015,12,345
era5,9/11/2015,0,2015,12,346
era5,9/12/2015,0,2015,12,347
era5,9/13/2015,0,2015,12,348
era5,9/14/2015,0,2015,12,349
era5,9/15/2015,0,2015,12,350
era5,9/16/2015,3.21E-06,2015,12,351
era5,9/17/2015,0,2015,12,352
era5,9/18/2015,0,2015,12,353
era5,9/19/2015,0,2015,12,354
era5,9/20/2015,0,2015,12,355
era5,9/21/2015,0,2015,12,356
era5,9/22/2015,0,2015,12,357
era5,9/23/2015,0,2015,12,358
era5,9/24/2015,0,2015,12,359
era5,9/25/2015,0,2015,12,360
era5,9/26/2015,0,2015,12,361
era5,9/27/2015,0,2015,12,362
era5,9/28/2015,0,2015,12,363
era5,9/29/2015,0,2015,12,364
era5,9/30/2015,0,2015,12,365
era5,10/1/2015,0.070717397,2016,1,1
era5,10/2/2015,1.669085403,2016,1,2
era5,10/3/2015,1.109787194,2016,1,3
era5,10/4/2015,0.924295852,2016,1,4
era5,10/5/2015,2.312401746,2016,1,5
era5,10/6/2015,2.634547027,2016,1,6
era5,10/7/2015,1.791972229,2016,1,7
era5,10/8/2015,0.653124809,2016,1,8
era5,10/9/2015,0.167801156,2016,1,9
era5,10/10/2015,0,2016,1,10
era5,10/11/2015,0,2016,1,11
era5,10/12/2015,0,2016,1,12
era5,10/13/2015,0,2016,1,13
era5,10/14/2015,0,2016,1,14
era5,10/15/2015,0,2016,1,15
era5,10/16/2015,1.24E-06,2016,1,16
era5,10/17/2015,2.02E-06,2016,1,17
era5,10/18/2015,9.33E-06,2016,1,18
era5,10/19/2015,1.03E-05,2016,1,19
era5,10/20/2015,0.020902698,2016,1,20
era5,10/21/2015,0,2016,1,21
era5,10/22/2015,0,2016,1,22
era5,10/23/2015,0,2016,1,23
era5,10/24/2015,0,2016,1,24
era5,10/25/2015,0,2016,1,25
era5,10/26/2015,0,2016,1,26
era5,10/27/2015,0,2016,1,27
era5,10/28/2015,0.345739901,2016,1,28
era5,10/29/2015,0.648180904,2016,1,29
era5,10/30/2015,0.648121077,2016,1,30
era5,10/31/2015,0.524346938,2016,1,31
era5,11/1/2015,0.307359544,2016,2,32
era5,11/2/2015,3.31159518,2016,2,33
era5,11/3/2015,19.56593257,2016,2,34
era5,11/4/2015,24.5395198,2016,2,35
era5,11/5/2015,25.07644939,2016,2,36
era5,11/6/2015,24.45449374,2016,2,37
era5,11/7/2015,23.10170587,2016,2,38
era5,11/8/2015,21.45412074,2016,2,39
era5,11/9/2015,27.23270053,2016,2,40
era5,11/10/2015,47.30373065,2016,2,41
era5,11/11/2015,54.04642691,2016,2,42
era5,11/12/2015,54.12381524,2016,2,43
era5,11/13/2015,52.81771474,2016,2,44
era5,11/14/2015,50.36204122,2016,2,45
era5,11/15/2015,48.65924247,2016,2,46
era5,11/16/2015,62.70830765,2016,2,47
era5,11/17/2015,64.55333288,2016,2,48
era5,11/18/2015,62.92947409,2016,2,49
era5,11/19/2015,58.65913294,2016,2,50
era5,11/20/2015,53.80437988,2016,2,51
era5,11/21/2015,48.29703444,2016,2,52
era5,11/22/2015,44.49007507,2016,2,53
era5,11/23/2015,42.06212081,2016,2,54
era5,11/24/2015,40.85900777,2016,2,55
era5,11/25/2015,51.09318232,2016,2,56
era5,11/26/2015,53.8878995,2016,2,57
era5,11/27/2015,54.50779517,2016,2,58
era5,11/28/2015,55.28604211,2016,2,59
era5,11/29/2015,55.36752162,2016,2,60
era5,11/30/2015,55.29025718,2016,2,61
era5,12/1/2015,55.19020234,2016,3,62
era5,12/2/2015,54.84137618,2016,3,63
era5,12/3/2015,53.71656084,2016,3,64
era5,12/4/2015,60.76138332,2016,3,65
era5,12/5/2015,63.55838808,2016,3,66
era5,12/6/2015,62.72817377,2016,3,67
era5,12/7/2015,61.15662399,2016,3,68
era5,12/8/2015,57.38028915,2016,3,69
era5,12/9/2015,53.23747938,2016,3,70
era5,12/10/2015,52.68696145,2016,3,71
era5,12/11/2015,74.12312023,2016,3,72
era5,12/12/2015,82.62932783,2016,3,73
era5,12/13/2015,85.15432486,2016,3,74
era5,12/14/2015,118.9768949,2016,3,75
era5,12/15/2015,122.8774488,2016,3,76
era5,12/16/2015,122.8928178,2016,3,77
era5,12/17/2015,122.7849429,2016,3,78
era5,12/18/2015,122.711345,2016,3,79
era5,12/19/2015,125.1944934,2016,3,80
era5,12/20/2015,133.5518544,2016,3,81
era5,12/21/2015,139.3958092,2016,3,82
era5,12/22/2015,179.7131867,2016,3,83
era5,12/23/2015,197.1616859,2016,3,84
era5,12/24/2015,201.1962938,2016,3,85
era5,12/25/2015,228.8796927,2016,3,86
era5,12/26/2015,232.7534657,2016,3,87
era5,12/27/2015,232.7103305,2016,3,88
era5,12/28/2015,232.8069315,2016,3,89
era5,12/29/2015,233.8968969,2016,3,90
era5,12/30/2015,233.7996981,2016,3,91
era5,12/31/2015,233.686629,2016,3,92
era5,1/1/2016,233.5769012,2016,4,93
era5,1/2/2016,233.3769282,2016,4,94
era5,1/3/2016,233.4718525,2016,4,95
era5,1/4/2016,233.1145981,2016,4,96
era5,1/5/2016,244.3027323,2016,4,97
era5,1/6/2016,285.6593013,2016,4,98
era5,1/7/2016,323.9089706,2016,4,99
era5,1/8/2016,331.6189918,2016,4,100
era5,1/9/2016,332.1520418,2016,4,101
era5,1/10/2016,333.2213062,2016,4,102
era5,1/11/2016,336.8082888,2016,4,103
era5,1/12/2016,339.2151996,2016,4,104
era5,1/13/2016,339.6271243,2016,4,105
era5,1/14/2016,343.6871584,2016,4,106
era5,1/15/2016,360.3909522,2016,4,107
era5,1/16/2016,379.16161,2016,4,108
era5,1/17/2016,388.2478453,2016,4,109
era5,1/18/2016,389.9730244,2016,4,110
era5,1/19/2016,399.5265138,2016,4,111
era5,1/20/2016,426.0792775,2016,4,112
era5,1/21/2016,426.2568859,2016,4,113
era5,1/22/2016,424.7941762,2016,4,114
era5,1/23/2016,446.0948882,2016,4,115
era5,1/24/2016,461.5759686,2016,4,116
era5,1/25/2016,461.8543074,2016,4,117
era5,1/26/2016,461.1672935,2016,4,118
era5,1/27/2016,460.0799692,2016,4,119
era5,1/28/2016,458.5232619,2016,4,120
era5,1/29/2016,456.6194232,2016,4,121
era5,1/30/2016,465.2232218,2016,4,122
era5,1/31/2016,492.6000241,2016,4,123
era5,2/1/2016,508.5401141,2016,5,124
era5,2/2/2016,510.0631838,2016,5,125
era5,2/3/2016,510.5583809,2016,5,126
era5,2/4/2016,511.016595,2016,5,127
era5,2/5/2016,510.7739397,2016,5,128
era5,2/6/2016,509.6851418,2016,5,129
era5,2/7/2016,507.2024812,2016,5,130
era5,2/8/2016,500.8138403,2016,5,131
era5,2/9/2016,493.9489141,2016,5,132
era5,2/10/2016,488.7348314,2016,5,133
era5,2/11/2016,484.2292988,2016,5,134
era5,2/12/2016,479.6030098,2016,5,135
era5,2/13/2016,475.0787714,2016,5,136
era5,2/14/2016,470.3002274,2016,5,137
era5,2/15/2016,463.6571841,2016,5,138
era5,2/16/2016,456.614639,2016,5,139
era5,2/17/2016,450.2642556,2016,5,140
era5,2/18/2016,476.9434189,2016,5,141
era5,2/19/2016,490.822496,2016,5,142
era5,2/20/2016,490.1851697,2016,5,143
era5,2/21/2016,488.5081341,2016,5,144
era5,2/22/2016,486.3316074,2016,5,145
era5,2/23/2016,483.6380768,2016,5,146
era5,2/24/2016,479.8583966,2016,5,147
era5,2/25/2016,476.4910118,2016,5,148
era5,2/26/2016,472.3418624,2016,5,149
era5,2/27/2016,466.8314473,2016,5,150
era5,2/28/2016,461.5063699,2016,5,151
era5,2/29/2016,455.8308807,2016,5,152
era5,3/1/2016,449.6374048,2016,6,153
era5,3/2/2016,441.5604217,2016,6,154
era5,3/3/2016,435.7552862,2016,6,155
era5,3/4/2016,430.1322287,2016,6,156
era5,3/5/2016,430.6471183,2016,6,157
era5,3/6/2016,490.758638,2016,6,158
era5,3/7/2016,531.1245211,2016,6,159
era5,3/8/2016,546.5978536,2016,6,160
era5,3/9/2016,547.4759736,2016,6,161
era5,3/10/2016,546.0632234,2016,6,162
era5,3/11/2016,543.7201473,2016,6,163
era5,3/12/2016,575.8518565,2016,6,164
era5,3/13/2016,583.5431934,2016,6,165
era5,3/14/2016,605.3609397,2016,6,166
era5,3/15/2016,606.4076287,2016,6,167
era5,3/16/2016,603.1298089,2016,6,168
era5,3/17/2016,598.0740311,2016,6,169
era5,3/18/2016,592.4950399,2016,6,170
era5,3/19/2016,586.7683003,2016,6,171
era5,3/20/2016,581.3798556,2016,6,172
era5,3/21/2016,575.1922139,2016,6,173
era5,3/22/2016,582.2126604,2016,6,174
era5,3/23/2016,584.3414546,2016,6,175
era5,3/24/2016,581.9036989,2016,6,176
era5,3/25/2016,576.8406086,2016,6,177
era5,3/26/2016,571.8860761,2016,6,178
era5,3/27/2016,566.2806892,2016,6,179
era5,3/28/2016,561.3557036,2016,6,180
era5,3/29/2016,563.4367929,2016,6,181
era5,3/30/2016,566.0791803,2016,6,182
era5,3/31/2016,568.5367875,2016,6,183
era5,4/1/2016,566.4987547,2016,7,184
era5,4/2/2016,562.0466028,2016,7,185
era5,4/3/2016,556.0383152,2016,7,186
era5,4/4/2016,549.7726761,2016,7,187
era5,4/5/2016,543.327689,2016,7,188
era5,4/6/2016,536.0898519,2016,7,189
era5,4/7/2016,525.858442,2016,7,190
era5,4/8/2016,517.2777644,2016,7,191
era5,4/9/2016,513.2459704,2016,7,192
era5,4/10/2016,515.2267183,2016,7,193
era5,4/11/2016,515.3580053,2016,7,194
era5,4/12/2016,511.9033889,2016,7,195
era5,4/13/2016,505.6038389,2016,7,196
era5,4/14/2016,501.2779778,2016,7,197
era5,4/15/2016,500.0426908,2016,7,198
era5,4/16/2016,498.5280899,2016,7,199
era5,4/17/2016,494.0199553,2016,7,200
era5,4/18/2016,487.7097547,2016,7,201
era5,4/19/2016,480.752518,2016,7,202
era5,4/20/2016,472.6767788,2016,7,203
era5,4/21/2016,465.0418294,2016,7,204
era5,4/22/2016,456.8795456,2016,7,205
era5,4/23/2016,466.4275005,2016,7,206
era5,4/24/2016,466.2616777,2016,7,207
era5,4/25/2016,465.5990578,2016,7,208
era5,4/26/2016,468.4121773,2016,7,209
era5,4/27/2016,467.448907,2016,7,210
era5,4/28/2016,466.1757389,2016,7,211
era5,4/29/2016,464.2219708,2016,7,212
era5,4/30/2016,459.1861758,2016,7,213
era5,5/1/2016,456.7893747,2016,8,214
era5,5/2/2016,451.84782,2016,8,215
era5,5/3/2016,445.4350223,2016,8,216
era5,5/4/2016,434.8473922,2016,8,217
era5,5/5/2016,424.4587003,2016,8,218
era5,5/6/2016,422.8705794,2016,8,219
era5,5/7/2016,425.2759463,2016,8,220
era5,5/8/2016,426.4766055,2016,8,221
era5,5/9/2016,422.2075603,2016,8,222
era5,5/10/2016,413.5563315,2016,8,223
era5,5/11/2016,406.0644602,2016,8,224
era5,5/12/2016,396.1573366,2016,8,225
era5,5/13/2016,383.6937955,2016,8,226
era5,5/14/2016,370.8788823,2016,8,227
era5,5/15/2016,362.1475686,2016,8,228
era5,5/16/2016,354.5785581,2016,8,229
era5,5/17/2016,345.0020974,2016,8,230
era5,5/18/2016,333.6346907,2016,8,231
era5,5/19/2016,321.8638823,2016,8,232
era5,5/20/2016,311.9289213,2016,8,233
era5,5/21/2016,313.5672382,2016,8,234
era5,5/22/2016,315.3904415,2016,8,235
era5,5/23/2016,314.4215826,2016,8,236
era5,5/24/2016,312.9308344,2016,8,237
era5,5/25/2016,314.8093188,2016,8,238
era5,5/26/2016,317.0496709,2016,8,239
era5,5/27/2016,311.5246827,2016,8,240
era5,5/28/2016,305.2147493,2016,8,241
era5,5/29/2016,298.6465341,2016,8,242
era5,5/30/2016,290.9710962,2016,8,243
era5,5/31/2016,280.4205991,2016,8,244
era5,6/1/2016,268.4390282,2016,9,245
era5,6/2/2016,255.3673456,2016,9,246
era5,6/3/2016,241.4340015,2016,9,247
era5,6/4/2016,226.584077,2016,9,248
era5,6/5/2016,210.8998276,2016,9,249
era5,6/6/2016,195.9141524,2016,9,250
era5,6/7/2016,180.2973371,2016,9,251
era5,6/8/2016,165.9444896,2016,9,252
era5,6/9/2016,151.1269384,2016,9,253
era5,6/10/2016,136.5959661,2016,9,254
era5,6/11/2016,124.9610458,2016,9,255
era5,6/12/2016,116.7023025,2016,9,256
era5,6/13/2016,111.4486766,2016,9,257
era5,6/14/2016,104.7745498,2016,9,258
era5,6/15/2016,99.58244929,2016,9,259
era5,6/16/2016,95.90201015,2016,9,260
era5,6/17/2016,92.2421612,2016,9,261
era5,6/18/2016,86.61250588,2016,9,262
era5,6/19/2016,80.16240282,2016,9,263
era5,6/20/2016,72.47153588,2016,9,264
era5,6/21/2016,63.43541841,2016,9,265
era5,6/22/2016,55.33211,2016,9,266
era5,6/23/2016,48.48363403,2016,9,267
era5,6/24/2016,43.13481706,2016,9,268
era5,6/25/2016,38.31736412,2016,9,269
era5,6/26/2016,32.82065809,2016,9,270
era5,6/27/2016,26.82283424,2016,9,271
era5,6/28/2016,20.67817915,2016,9,272
era5,6/29/2016,16.08003262,2016,9,273
era5,6/30/2016,13.17953106,2016,9,274
era5,7/1/2016,10.4027395,2016,10,275
era5,7/2/2016,8.664247353,2016,10,276
era5,7/3/2016,6.912432941,2016,10,277
era5,7/4/2016,5.237992147,2016,10,278
era5,7/5/2016,3.658127,2016,10,279
era5,7/6/2016,2.345681471,2016,10,280
era5,7/7/2016,1.513410471,2016,10,281
era5,7/8/2016,0.665262941,2016,10,282
era5,7/9/2016,0.044766697,2016,10,283
era5,7/10/2016,0,2016,10,284
era5,7/11/2016,0,2016,10,285
era5,7/12/2016,0,2016,10,286
era5,7/13/2016,0,2016,10,287
era5,7/14/2016,0,2016,10,288
era5,7/15/2016,0,2016,10,289
era5,7/16/2016,0,2016,10,290
era5,7/17/2016,0,2016,10,291
era5,7/18/2016,0,2016,10,292
era5,7/19/2016,0,2016,10,293
era5,7/20/2016,0,2016,10,294
era5,7/21/2016,0,2016,10,295
era5,7/22/2016,0,2016,10,296
era5,7/23/2016,0,2016,10,297
era5,7/24/2016,0,2016,10,298
era5,7/25/2016,0,2016,10,299
era5,7/26/2016,0,2016,10,300
era5,7/27/2016,0,2016,10,301
era5,7/28/2016,0,2016,10,302
era5,7/29/2016,0,2016,10,303
era5,7/30/2016,0,2016,10,304
era5,7/31/2016,0,2016,10,305
era5,8/1/2016,0,2016,11,306
era5,8/2/2016,0,2016,11,307
era5,8/3/2016,0,2016,11,308
era5,8/4/2016,0,2016,11,309
era5,8/5/2016,0,2016,11,310
era5,8/6/2016,0,2016,11,311
era5,8/7/2016,0,2016,11,312
era5,8/8/2016,0,2016,11,313
era5,8/9/2016,0,2016,11,314
era5,8/10/2016,0,2016,11,315
era5,8/11/2016,0,2016,11,316
era5,8/12/2016,0,2016,11,317
era5,8/13/2016,0,2016,11,318
era5,8/14/2016,0,2016,11,319
era5,8/15/2016,0,2016,11,320
era5,8/16/2016,0,2016,11,321
era5,8/17/2016,0,2016,11,322
era5,8/18/2016,0,2016,11,323
era5,8/19/2016,0,2016,11,324
era5,8/20/2016,0,2016,11,325
era5,8/21/2016,0,2016,11,326
era5,8/22/2016,0,2016,11,327
era5,8/23/2016,0,2016,11,328
era5,8/24/2016,0,2016,11,329
era5,8/25/2016,0,2016,11,330
era5,8/26/2016,0,2016,11,331
era5,8/27/2016,0,2016,11,332
era5,8/28/2016,0,2016,11,333
era5,8/29/2016,0,2016,11,334
era5,8/30/2016,0,2016,11,335
era5,8/31/2016,0,2016,11,336
era5,9/1/2016,0,2016,12,337
era5,9/2/2016,0,2016,12,338
era5,9/3/2016,0,2016,12,339
era5,9/4/2016,0,2016,12,340
era5,9/5/2016,0,2016,12,341
era5,9/6/2016,0,2016,12,342
era5,9/7/2016,0,2016,12,343
era5,9/8/2016,0,2016,12,344
era5,9/9/2016,0,2016,12,345
era5,9/10/2016,0,2016,12,346
era5,9/11/2016,0,2016,12,347
era5,9/12/2016,0,2016,12,348
era5,9/13/2016,3.25E-05,2016,12,349
era5,9/14/2016,0,2016,12,350
era5,9/15/2016,0,2016,12,351
era5,9/16/2016,0,2016,12,352
era5,9/17/2016,0,2016,12,353
era5,9/18/2016,0,2016,12,354
era5,9/19/2016,0,2016,12,355
era5,9/20/2016,0,2016,12,356
era5,9/21/2016,0,2016,12,357
era5,9/22/2016,5.29E-05,2016,12,358
era5,9/23/2016,0.105316153,2016,12,359
era5,9/24/2016,0,2016,12,360
era5,9/25/2016,0,2016,12,361
era5,9/26/2016,0,2016,12,362
era5,9/27/2016,0,2016,12,363
era5,9/28/2016,0,2016,12,364
era5,9/29/2016,0,2016,12,365
era5,9/30/2016,0,2016,12,366
era5,10/1/2016,0,2017,1,1
era5,10/2/2016,0.004145558,2017,1,2
era5,10/3/2016,0.749864093,2017,1,3
era5,10/4/2016,0.755716381,2017,1,4
era5,10/5/2016,0.465797047,2017,1,5
era5,10/6/2016,0.457125144,2017,1,6
era5,10/7/2016,0.345262944,2017,1,7
era5,10/8/2016,0.176879065,2017,1,8
era5,10/9/2016,0,2017,1,9
era5,10/10/2016,0,2017,1,10
era5,10/11/2016,0,2017,1,11
era5,10/12/2016,0,2017,1,12
era5,10/13/2016,0,2017,1,13
era5,10/14/2016,0.034634972,2017,1,14
era5,10/15/2016,2.286934692,2017,1,15
era5,10/16/2016,3.643423277,2017,1,16
era5,10/17/2016,11.68061001,2017,1,17
era5,10/18/2016,12.79292729,2017,1,18
era5,10/19/2016,11.40729339,2017,1,19
era5,10/20/2016,9.515643067,2017,1,20
era5,10/21/2016,7.432672582,2017,1,21
era5,10/22/2016,5.562033612,2017,1,22
era5,10/23/2016,4.401240564,2017,1,23
era5,10/24/2016,6.972236922,2017,1,24
era5,10/25/2016,7.520043011,2017,1,25
era5,10/26/2016,6.62991235,2017,1,26
era5,10/27/2016,5.567879856,2017,1,27
era5,10/28/2016,6.650436161,2017,1,28
era5,10/29/2016,8.789077193,2017,1,29
era5,10/30/2016,9.2986462,2017,1,30
era5,10/31/2016,19.94382746,2017,1,31
era5,11/1/2016,20.84177721,2017,2,32
era5,11/2/2016,20.89487892,2017,2,33
era5,11/3/2016,19.18283739,2017,2,34
era5,11/4/2016,16.8899076,2017,2,35
era5,11/5/2016,14.99385014,2017,2,36
era5,11/6/2016,13.3869678,2017,2,37
era5,11/7/2016,12.32230392,2017,2,38
era5,11/8/2016,10.52430947,2017,2,39
era5,11/9/2016,8.983316235,2017,2,40
era5,11/10/2016,7.518180368,2017,2,41
era5,11/11/2016,6.372946832,2017,2,42
era5,11/12/2016,5.668358803,2017,2,43
era5,11/13/2016,5.343904047,2017,2,44
era5,11/14/2016,5.304285924,2017,2,45
era5,11/15/2016,5.248934118,2017,2,46
era5,11/16/2016,5.231034825,2017,2,47
era5,11/17/2016,5.255034174,2017,2,48
era5,11/18/2016,5.239799593,2017,2,49
era5,11/19/2016,5.236780221,2017,2,50
era5,11/20/2016,7.205525215,2017,2,51
era5,11/21/2016,19.90471576,2017,2,52
era5,11/22/2016,22.34285484,2017,2,53
era5,11/23/2016,23.40187547,2017,2,54
era5,11/24/2016,24.80542854,2017,2,55
era5,11/25/2016,24.3982224,2017,2,56
era5,11/26/2016,24.23920052,2017,2,57
era5,11/27/2016,48.68148209,2017,2,58
era5,11/28/2016,61.45756585,2017,2,59
era5,11/29/2016,63.00324753,2017,2,60
era5,11/30/2016,63.05456385,2017,2,61
era5,12/1/2016,62.89448,2017,3,62
era5,12/2/2016,62.85099321,2017,3,63
era5,12/3/2016,62.62055344,2017,3,64
era5,12/4/2016,61.07150856,2017,3,65
era5,12/5/2016,58.55731288,2017,3,66
era5,12/6/2016,57.75740682,2017,3,67
era5,12/7/2016,57.65560523,2017,3,68
era5,12/8/2016,67.54278878,2017,3,69
era5,12/9/2016,73.50960418,2017,3,70
era5,12/10/2016,73.06198902,2017,3,71
era5,12/11/2016,85.72254436,2017,3,72
era5,12/12/2016,86.48903719,2017,3,73
era5,12/13/2016,86.08379346,2017,3,74
era5,12/14/2016,85.52895045,2017,3,75
era5,12/15/2016,85.8347737,2017,3,76
era5,12/16/2016,141.3742418,2017,3,77
era5,12/17/2016,160.9045588,2017,3,78
era5,12/18/2016,160.7173349,2017,3,79
era5,12/19/2016,160.3514423,2017,3,80
era5,12/20/2016,159.9242828,2017,3,81
era5,12/21/2016,158.5954137,2017,3,82
era5,12/22/2016,158.1348616,2017,3,83
era5,12/23/2016,159.1611127,2017,3,84
era5,12/24/2016,189.7100266,2017,3,85
era5,12/25/2016,198.3497562,2017,3,86
era5,12/26/2016,198.6110703,2017,3,87
era5,12/27/2016,198.5507009,2017,3,88
era5,12/28/2016,198.3159976,2017,3,89
era5,12/29/2016,197.3303703,2017,3,90
era5,12/30/2016,195.8026413,2017,3,91
era5,12/31/2016,195.9680155,2017,3,92
era5,1/1/2017,195.6310093,2017,4,93
era5,1/2/2017,197.0619046,2017,4,94
era5,1/3/2017,203.2237915,2017,4,95
era5,1/4/2017,276.3436498,2017,4,96
era5,1/5/2017,384.3547254,2017,4,97
era5,1/6/2017,404.4484214,2017,4,98
era5,1/7/2017,415.8082126,2017,4,99
era5,1/8/2017,477.1888651,2017,4,100
era5,1/9/2017,550.0258027,2017,4,101
era5,1/10/2017,589.8289362,2017,4,102
era5,1/11/2017,674.710875,2017,4,103
era5,1/12/2017,719.2274156,2017,4,104
era5,1/13/2017,732.3228607,2017,4,105
era5,1/14/2017,732.9163856,2017,4,106
era5,1/15/2017,732.2033621,2017,4,107
era5,1/16/2017,730.9390626,2017,4,108
era5,1/17/2017,729.3693168,2017,4,109
era5,1/18/2017,728.31873,2017,4,110
era5,1/19/2017,762.2311632,2017,4,111
era5,1/20/2017,802.5151288,2017,4,112
era5,1/21/2017,867.9937147,2017,4,113
era5,1/22/2017,906.6434053,2017,4,114
era5,1/23/2017,1005.474409,2017,4,115
era5,1/24/2017,1034.173958,2017,4,116
era5,1/25/2017,1037.187164,2017,4,117
era5,1/26/2017,1037.39473,2017,4,118
era5,1/27/2017,1037.319852,2017,4,119
era5,1/28/2017,1037.112424,2017,4,120
era5,1/29/2017,1036.757684,2017,4,121
era5,1/30/2017,1036.281043,2017,4,122
era5,1/31/2017,1035.329459,2017,4,123
era5,2/1/2017,1034.094802,2017,5,124
era5,2/2/2017,1034.536314,2017,5,125
era5,2/3/2017,1041.96055,2017,5,126
era5,2/4/2017,1062.313505,2017,5,127
era5,2/5/2017,1062.925299,2017,5,128
era5,2/6/2017,1087.126646,2017,5,129
era5,2/7/2017,1138.862706,2017,5,130
era5,2/8/2017,1184.695995,2017,5,131
era5,2/9/2017,1182.284289,2017,5,132
era5,2/10/2017,1199.871586,2017,5,133
era5,2/11/2017,1225.156095,2017,5,134
era5,2/12/2017,1226.987044,2017,5,135
era5,2/13/2017,1225.242153,2017,5,136
era5,2/14/2017,1222.997492,2017,5,137
era5,2/15/2017,1220.293019,2017,5,138
era5,2/16/2017,1219.600703,2017,5,139
era5,2/17/2017,1238.804317,2017,5,140
era5,2/18/2017,1294.080469,2017,5,141
era5,2/19/2017,1304.969981,2017,5,142
era5,2/20/2017,1345.840074,2017,5,143
era5,2/21/2017,1425.742273,2017,5,144
era5,2/22/2017,1454.952252,2017,5,145
era5,2/23/2017,1459.837553,2017,5,146
era5,2/24/2017,1460.591941,2017,5,147
era5,2/25/2017,1459.666221,2017,5,148
era5,2/26/2017,1459.427871,2017,5,149
era5,2/27/2017,1465.432118,2017,5,150
era5,2/28/2017,1470.878597,2017,5,151
era5,3/1/2017,1470.694375,2017,6,152
era5,3/2/2017,1470.062848,2017,6,153
era5,3/3/2017,1468.048566,2017,6,154
era5,3/4/2017,1465.908904,2017,6,155
era5,3/5/2017,1479.112461,2017,6,156
era5,3/6/2017,1518.650097,2017,6,157
era5,3/7/2017,1522.347471,2017,6,158
era5,3/8/2017,1522.283229,2017,6,159
era5,3/9/2017,1519.712343,2017,6,160
era5,3/10/2017,1514.113163,2017,6,161
era5,3/11/2017,1508.290796,2017,6,162
era5,3/12/2017,1501.604737,2017,6,163
era5,3/13/2017,1494.31957,2017,6,164
era5,3/14/2017,1485.994458,2017,6,165
era5,3/15/2017,1478.087908,2017,6,166
era5,3/16/2017,1469.705773,2017,6,167
era5,3/17/2017,1461.139566,2017,6,168
era5,3/18/2017,1449.840004,2017,6,169
era5,3/19/2017,1439.038622,2017,6,170
era5,3/20/2017,1428.745548,2017,6,171
era5,3/21/2017,1425.893774,2017,6,172
era5,3/22/2017,1441.804209,2017,6,173
era5,3/23/2017,1447.395867,2017,6,174
era5,3/24/2017,1447.91296,2017,6,175
era5,3/25/2017,1466.481656,2017,6,176
era5,3/26/2017,1467.805417,2017,6,177
era5,3/27/2017,1466.323328,2017,6,178
era5,3/28/2017,1464.648581,2017,6,179
era5,3/29/2017,1459.997582,2017,6,180
era5,3/30/2017,1451.467939,2017,6,181
era5,3/31/2017,1449.159442,2017,6,182
era5,4/1/2017,1447.753704,2017,7,183
era5,4/2/2017,1441.670801,2017,7,184
era5,4/3/2017,1433.939394,2017,7,185
era5,4/4/2017,1429.646122,2017,7,186
era5,4/5/2017,1422.861608,2017,7,187
era5,4/6/2017,1413.392876,2017,7,188
era5,4/7/2017,1442.682471,2017,7,189
era5,4/8/2017,1499.905433,2017,7,190
era5,4/9/2017,1515.442897,2017,7,191
era5,4/10/2017,1515.074355,2017,7,192
era5,4/11/2017,1512.415352,2017,7,193
era5,4/12/2017,1508.780249,2017,7,194
era5,4/13/2017,1509.007867,2017,7,195
era5,4/14/2017,1520.739016,2017,7,196
era5,4/15/2017,1519.504078,2017,7,197
era5,4/16/2017,1514.011031,2017,7,198
era5,4/17/2017,1510.450131,2017,7,199
era5,4/18/2017,1508.747513,2017,7,200
era5,4/19/2017,1510.230936,2017,7,201
era5,4/20/2017,1505.930961,2017,7,202
era5,4/21/2017,1499.982643,2017,7,203
era5,4/22/2017,1488.193815,2017,7,204
era5,4/23/2017,1474.965227,2017,7,205
era5,4/24/2017,1466.048176,2017,7,206
era5,4/25/2017,1462.653573,2017,7,207
era5,4/26/2017,1455.700762,2017,7,208
era5,4/27/2017,1446.030389,2017,7,209
era5,4/28/2017,1437.368652,2017,7,210
era5,4/29/2017,1433.255249,2017,7,211
era5,4/30/2017,1425.886735,2017,7,212
era5,5/1/2017,1412.281376,2017,8,213
era5,5/2/2017,1394.871916,2017,8,214
era5,5/3/2017,1372.544178,2017,8,215
era5,5/4/2017,1346.524881,2017,8,216
era5,5/5/2017,1319.909129,2017,8,217
era5,5/6/2017,1299.978525,2017,8,218
era5,5/7/2017,1291.070265,2017,8,219
era5,5/8/2017,1286.102105,2017,8,220
era5,5/9/2017,1277.301591,2017,8,221
era5,5/10/2017,1264.474302,2017,8,222
era5,5/11/2017,1250.093446,2017,8,223
era5,5/12/2017,1235.962076,2017,8,224
era5,5/13/2017,1228.944182,2017,8,225
era5,5/14/2017,1226.214382,2017,8,226
era5,5/15/2017,1223.432077,2017,8,227
era5,5/16/2017,1226.643799,2017,8,228
era5,5/17/2017,1226.692829,2017,8,229
era5,5/18/2017,1223.895238,2017,8,230
era5,5/19/2017,1218.674969,2017,8,231
era5,5/20/2017,1209.088151,2017,8,232
era5,5/21/2017,1194.695289,2017,8,233
era5,5/22/2017,1178.138913,2017,8,234
era5,5/23/2017,1157.259675,2017,8,235
era5,5/24/2017,1135.327326,2017,8,236
era5,5/25/2017,1114.817596,2017,8,237
era5,5/26/2017,1098.07556,2017,8,238
era5,5/27/2017,1083.611414,2017,8,239
era5,5/28/2017,1065.239539,2017,8,240
era5,5/29/2017,1045.316054,2017,8,241
era5,5/30/2017,1025.114023,2017,8,242
era5,5/31/2017,1002.696424,2017,8,243
era5,6/1/2017,982.7333412,2017,9,244
era5,6/2/2017,961.4704325,2017,9,245
era5,6/3/2017,935.6875694,2017,9,246
era5,6/4/2017,910.949305,2017,9,247
era5,6/5/2017,889.6163538,2017,9,248
era5,6/6/2017,869.736915,2017,9,249
era5,6/7/2017,849.6425244,2017,9,250
era5,6/8/2017,828.7923232,2017,9,251
era5,6/9/2017,807.9286069,2017,9,252
era5,6/10/2017,788.8142741,2017,9,253
era5,6/11/2017,775.0277232,2017,9,254
era5,6/12/2017,777.3839134,2017,9,255
era5,6/13/2017,777.9292319,2017,9,256
era5,6/14/2017,768.9234029,2017,9,257
era5,6/15/2017,754.6795459,2017,9,258
era5,6/16/2017,736.5369322,2017,9,259
era5,6/17/2017,711.8809469,2017,9,260
era5,6/18/2017,681.0976462,2017,9,261
era5,6/19/2017,649.8353899,2017,9,262
era5,6/20/2017,621.9829768,2017,9,263
era5,6/21/2017,598.0477534,2017,9,264
era5,6/22/2017,576.9770673,2017,9,265
era5,6/23/2017,556.7468693,2017,9,266
era5,6/24/2017,537.3951409,2017,9,267
era5,6/25/2017,518.7838406,2017,9,268
era5,6/26/2017,500.4639329,2017,9,269
era5,6/27/2017,485.8082663,2017,9,270
era5,6/28/2017,473.2436426,2017,9,271
era5,6/29/2017,461.3544791,2017,9,272
era5,6/30/2017,447.9268632,2017,9,273
era5,7/1/2017,432.3425347,2017,10,274
era5,7/2/2017,417.8727344,2017,10,275
era5,7/3/2017,402.4789812,2017,10,276
era5,7/4/2017,386.6254726,2017,10,277
era5,7/5/2017,370.2257755,2017,10,278
era5,7/6/2017,351.9524047,2017,10,279
era5,7/7/2017,331.9354056,2017,10,280
era5,7/8/2017,314.484323,2017,10,281
era5,7/9/2017,299.890335,2017,10,282
era5,7/10/2017,286.0634503,2017,10,283
era5,7/11/2017,271.8348488,2017,10,284
era5,7/12/2017,257.9564715,2017,10,285
era5,7/13/2017,244.3566571,2017,10,286
era5,7/14/2017,231.1244888,2017,10,287
era5,7/15/2017,218.5589336,2017,10,288
era5,7/16/2017,203.1348434,2017,10,289
era5,7/17/2017,189.8799571,2017,10,290
era5,7/18/2017,176.7944493,2017,10,291
era5,7/19/2017,164.0132135,2017,10,292
era5,7/20/2017,152.550401,2017,10,293
era5,7/21/2017,143.0257024,2017,10,294
era5,7/22/2017,133.3486025,2017,10,295
era5,7/23/2017,122.6107659,2017,10,296
era5,7/24/2017,113.7382781,2017,10,297
era5,7/25/2017,107.5622159,2017,10,298
era5,7/26/2017,102.6468062,2017,10,299
era5,7/27/2017,97.48019941,2017,10,300
era5,7/28/2017,91.89243706,2017,10,301
era5,7/29/2017,86.42937471,2017,10,302
era5,7/30/2017,80.97418882,2017,10,303
era5,7/31/2017,75.06909176,2017,10,304
era5,8/1/2017,68.39545971,2017,11,305
era5,8/2/2017,61.76164941,2017,11,306
era5,8/3/2017,56.39493206,2017,11,307
era5,8/4/2017,51.34667176,2017,11,308
era5,8/5/2017,45.14911453,2017,11,309
era5,8/6/2017,40.15315853,2017,11,310
era5,8/7/2017,35.63457118,2017,11,311
era5,8/8/2017,30.74998294,2017,11,312
era5,8/9/2017,25.89349097,2017,11,313
era5,8/10/2017,21.89079216,2017,11,314
era5,8/11/2017,18.90891544,2017,11,315
era5,8/12/2017,15.73142029,2017,11,316
era5,8/13/2017,12.93542506,2017,11,317
era5,8/14/2017,10.86468209,2017,11,318
era5,8/15/2017,9.308840159,2017,11,319
era5,8/16/2017,7.948082765,2017,11,320
era5,8/17/2017,6.399894,2017,11,321
era5,8/18/2017,4.848534353,2017,11,322
era5,8/19/2017,3.553836759,2017,11,323
era5,8/20/2017,2.915371618,2017,11,324
era5,8/21/2017,2.209578235,2017,11,325
era5,8/22/2017,1.545711971,2017,11,326
era5,8/23/2017,0.945506176,2017,11,327
era5,8/24/2017,0.370876324,2017,11,328
era5,8/25/2017,0.001671735,2017,11,329
era5,8/26/2017,0,2017,11,330
era5,8/27/2017,0,2017,11,331
era5,8/28/2017,0,2017,11,332
era5,8/29/2017,0,2017,11,333
era5,8/30/2017,0,2017,11,334
era5,8/31/2017,0,2017,11,335
era5,9/1/2017,0,2017,12,336
era5,9/2/2017,0,2017,12,337
era5,9/3/2017,0,2017,12,338
era5,9/4/2017,0,2017,12,339
era5,9/5/2017,0,2017,12,340
era5,9/6/2017,0,2017,12,341
era5,9/7/2017,0,2017,12,342
era5,9/8/2017,0,2017,12,343
era5,9/9/2017,0,2017,12,344
era5,9/10/2017,0,2017,12,345
era5,9/11/2017,0,2017,12,346
era5,9/12/2017,0,2017,12,347
era5,9/13/2017,0,2017,12,348
era5,9/14/2017,0,2017,12,349
era5,9/15/2017,0,2017,12,350
era5,9/16/2017,0,2017,12,351
era5,9/17/2017,0,2017,12,352
era5,9/18/2017,0,2017,12,353
era5,9/19/2017,0,2017,12,354
era5,9/20/2017,0,2017,12,355
era5,9/21/2017,0.278093538,2017,12,356
era5,9/22/2017,0.454118882,2017,12,357
era5,9/23/2017,0.394471026,2017,12,358
era5,9/24/2017,0.342130018,2017,12,359
era5,9/25/2017,0.045248729,2017,12,360
era5,9/26/2017,0,2017,12,361
era5,9/27/2017,0,2017,12,362
era5,9/28/2017,0,2017,12,363
era5,9/29/2017,0,2017,12,364
era5,9/30/2017,0,2017,12,365
era5,10/1/2017,0,2018,1,1
era5,10/2/2017,0,2018,1,2
era5,10/3/2017,0,2018,1,3
era5,10/4/2017,0,2018,1,4
era5,10/5/2017,0,2018,1,5
era5,10/6/2017,0,2018,1,6
era5,10/7/2017,0,2018,1,7
era5,10/8/2017,0,2018,1,8
era5,10/9/2017,0,2018,1,9
era5,10/10/2017,0,2018,1,10
era5,10/11/2017,0,2018,1,11
era5,10/12/2017,0,2018,1,12
era5,10/13/2017,0,2018,1,13
era5,10/14/2017,0,2018,1,14
era5,10/15/2017,0,2018,1,15
era5,10/16/2017,0,2018,1,16
era5,10/17/2017,0,2018,1,17
era5,10/18/2017,0,2018,1,18
era5,10/19/2017,0,2018,1,19
era5,10/20/2017,0.410388006,2018,1,20
era5,10/21/2017,0.626910956,2018,1,21
era5,10/22/2017,0.251212644,2018,1,22
era5,10/23/2017,0.15234195,2018,1,23
era5,10/24/2017,0,2018,1,24
era5,10/25/2017,0,2018,1,25
era5,10/26/2017,0,2018,1,26
era5,10/27/2017,0,2018,1,27
era5,10/28/2017,0,2018,1,28
era5,10/29/2017,0,2018,1,29
era5,10/30/2017,0,2018,1,30
era5,10/31/2017,0,2018,1,31
era5,11/1/2017,0,2018,2,32
era5,11/2/2017,0,2018,2,33
era5,11/3/2017,0.135297631,2018,2,34
era5,11/4/2017,1.907942205,2018,2,35
era5,11/5/2017,4.668054357,2018,2,36
era5,11/6/2017,5.00986848,2018,2,37
era5,11/7/2017,4.830396245,2018,2,38
era5,11/8/2017,4.381914714,2018,2,39
era5,11/9/2017,3.985576471,2018,2,40
era5,11/10/2017,5.036628039,2018,2,41
era5,11/11/2017,5.010360847,2018,2,42
era5,11/12/2017,4.825214571,2018,2,43
era5,11/13/2017,4.447638655,2018,2,44
era5,11/14/2017,4.264327066,2018,2,45
era5,11/15/2017,4.896383774,2018,2,46
era5,11/16/2017,24.12999793,2018,2,47
era5,11/17/2017,69.82431478,2018,2,48
era5,11/18/2017,79.74405337,2018,2,49
era5,11/19/2017,79.58017191,2018,2,50
era5,11/20/2017,79.20424525,2018,2,51
era5,11/21/2017,78.12261401,2018,2,52
era5,11/22/2017,74.87892624,2018,2,53
era5,11/23/2017,71.27272809,2018,2,54
era5,11/24/2017,67.65966388,2018,2,55
era5,11/25/2017,64.91604276,2018,2,56
era5,11/26/2017,61.43233365,2018,2,57
era5,11/27/2017,67.43950171,2018,2,58
era5,11/28/2017,72.00330681,2018,2,59
era5,11/29/2017,71.44369057,2018,2,60
era5,11/30/2017,70.87449785,2018,2,61
era5,12/1/2017,70.10635342,2018,3,62
era5,12/2/2017,69.3099728,2018,3,63
era5,12/3/2017,68.89550571,2018,3,64
era5,12/4/2017,69.1714342,2018,3,65
era5,12/5/2017,69.06859748,2018,3,66
era5,12/6/2017,68.7568062,2018,3,67
era5,12/7/2017,68.25353011,2018,3,68
era5,12/8/2017,67.92122883,2018,3,69
era5,12/9/2017,67.47484456,2018,3,70
era5,12/10/2017,67.26160081,2018,3,71
era5,12/11/2017,66.98415503,2018,3,72
era5,12/12/2017,66.70554351,2018,3,73
era5,12/13/2017,66.31310306,2018,3,74
era5,12/14/2017,65.59791987,2018,3,75
era5,12/15/2017,64.69623407,2018,3,76
era5,12/16/2017,64.44167227,2018,3,77
era5,12/17/2017,64.28912781,2018,3,78
era5,12/18/2017,63.89969566,2018,3,79
era5,12/19/2017,63.48308156,2018,3,80
era5,12/20/2017,63.58714056,2018,3,81
era5,12/21/2017,65.16178851,2018,3,82
era5,12/22/2017,65.09032349,2018,3,83
era5,12/23/2017,64.82748971,2018,3,84
era5,12/24/2017,64.4147736,2018,3,85
era5,12/25/2017,64.34007949,2018,3,86
era5,12/26/2017,64.43507057,2018,3,87
era5,12/27/2017,64.11245008,2018,3,88
era5,12/28/2017,63.68076314,2018,3,89
era5,12/29/2017,63.17851741,2018,3,90
era5,12/30/2017,62.83466688,2018,3,91
era5,12/31/2017,62.479765,2018,3,92
era5,1/1/2018,62.00076974,2018,4,93
era5,1/2/2018,61.53237044,2018,4,94
era5,1/3/2018,61.16150332,2018,4,95
era5,1/4/2018,60.68733854,2018,4,96
era5,1/5/2018,60.89364166,2018,4,97
era5,1/6/2018,65.30373927,2018,4,98
era5,1/7/2018,75.67968209,2018,4,99
era5,1/8/2018,78.6328783,2018,4,100
era5,1/9/2018,114.5016667,2018,4,101
era5,1/10/2018,133.0578784,2018,4,102
era5,1/11/2018,134.3620194,2018,4,103
era5,1/12/2018,132.9836819,2018,4,104
era5,1/13/2018,131.3095674,2018,4,105
era5,1/14/2018,129.0879758,2018,4,106
era5,1/15/2018,127.1678426,2018,4,107
era5,1/16/2018,125.4496785,2018,4,108
era5,1/17/2018,124.5482456,2018,4,109
era5,1/18/2018,122.9009359,2018,4,110
era5,1/19/2018,127.2974627,2018,4,111
era5,1/20/2018,132.5098904,2018,4,112
era5,1/21/2018,133.0572667,2018,4,113
era5,1/22/2018,134.4562413,2018,4,114
era5,1/23/2018,136.1017545,2018,4,115
era5,1/24/2018,135.7738184,2018,4,116
era5,1/25/2018,145.1004361,2018,4,117
era5,1/26/2018,160.0060008,2018,4,118
era5,1/27/2018,160.7297497,2018,4,119
era5,1/28/2018,159.7527558,2018,4,120
era5,1/29/2018,156.5879212,2018,4,121
era5,1/30/2018,153.5746652,2018,4,122
era5,1/31/2018,150.6506611,2018,4,123
era5,2/1/2018,147.8558853,2018,5,124
era5,2/2/2018,143.9237168,2018,5,125
era5,2/3/2018,139.7322534,2018,5,126
era5,2/4/2018,136.0351633,2018,5,127
era5,2/5/2018,133.3363126,2018,5,128
era5,2/6/2018,130.7483544,2018,5,129
era5,2/7/2018,129.2439075,2018,5,130
era5,2/8/2018,127.8355086,2018,5,131
era5,2/9/2018,125.9571194,2018,5,132
era5,2/10/2018,123.8924293,2018,5,133
era5,2/11/2018,123.2128266,2018,5,134
era5,2/12/2018,123.243856,2018,5,135
era5,2/13/2018,125.585456,2018,5,136
era5,2/14/2018,126.2551403,2018,5,137
era5,2/15/2018,126.8200076,2018,5,138
era5,2/16/2018,126.7795492,2018,5,139
era5,2/17/2018,126.4571027,2018,5,140
era5,2/18/2018,125.9517484,2018,5,141
era5,2/19/2018,130.9424623,2018,5,142
era5,2/20/2018,134.8621833,2018,5,143
era5,2/21/2018,135.0088228,2018,5,144
era5,2/22/2018,135.3632975,2018,5,145
era5,2/23/2018,142.5015957,2018,5,146
era5,2/24/2018,144.4269729,2018,5,147
era5,2/25/2018,144.4538802,2018,5,148
era5,2/26/2018,144.4272094,2018,5,149
era5,2/27/2018,148.8468477,2018,5,150
era5,2/28/2018,150.3114926,2018,5,151
era5,3/1/2018,153.8857702,2018,6,152
era5,3/2/2018,213.7426677,2018,6,153
era5,3/3/2018,261.8703277,2018,6,154
era5,3/4/2018,282.7899016,2018,6,155
era5,3/5/2018,284.6117959,2018,6,156
era5,3/6/2018,284.4731681,2018,6,157
era5,3/7/2018,283.8041483,2018,6,158
era5,3/8/2018,282.2027231,2018,6,159
era5,3/9/2018,278.7191007,2018,6,160
era5,3/10/2018,274.9882175,2018,6,161
era5,3/11/2018,275.8366579,2018,6,162
era5,3/12/2018,271.130112,2018,6,163
era5,3/13/2018,265.650732,2018,6,164
era5,3/14/2018,281.1270379,2018,6,165
era5,3/15/2018,305.0064757,2018,6,166
era5,3/16/2018,331.9371281,2018,6,167
era5,3/17/2018,376.895121,2018,6,168
era5,3/18/2018,384.8180424,2018,6,169
era5,3/19/2018,385.036576,2018,6,170
era5,3/20/2018,384.7791381,2018,6,171
era5,3/21/2018,388.191757,2018,6,172
era5,3/22/2018,419.9486156,2018,6,173
era5,3/23/2018,470.6197707,2018,6,174
era5,3/24/2018,473.2522195,2018,6,175
era5,3/25/2018,479.0573073,2018,6,176
era5,3/26/2018,480.0254488,2018,6,177
era5,3/27/2018,478.5075508,2018,6,178
era5,3/28/2018,473.2800575,2018,6,179
era5,3/29/2018,465.8213006,2018,6,180
era5,3/30/2018,457.7050391,2018,6,181
era5,3/31/2018,449.2792294,2018,6,182
era5,4/1/2018,439.8950935,2018,7,183
era5,4/2/2018,430.6511146,2018,7,184
era5,4/3/2018,421.7053911,2018,7,185
era5,4/4/2018,413.5163136,2018,7,186
era5,4/5/2018,402.3061259,2018,7,187
era5,4/6/2018,392.6565854,2018,7,188
era5,4/7/2018,386.6897035,2018,7,189
era5,4/8/2018,380.1962565,2018,7,190
era5,4/9/2018,374.5807784,2018,7,191
era5,4/10/2018,363.8849335,2018,7,192
era5,4/11/2018,351.7140403,2018,7,193
era5,4/12/2018,352.242061,2018,7,194
era5,4/13/2018,354.6269627,2018,7,195
era5,4/14/2018,350.4616571,2018,7,196
era5,4/15/2018,343.2768942,2018,7,197
era5,4/16/2018,346.2669888,2018,7,198
era5,4/17/2018,361.3226976,2018,7,199
era5,4/18/2018,361.7289579,2018,7,200
era5,4/19/2018,361.1050969,2018,7,201
era5,4/20/2018,365.3021816,2018,7,202
era5,4/21/2018,359.990754,2018,7,203
era5,4/22/2018,351.8937378,2018,7,204
era5,4/23/2018,342.3997281,2018,7,205
era5,4/24/2018,332.6685173,2018,7,206
era5,4/25/2018,322.5971731,2018,7,207
era5,4/26/2018,311.984815,2018,7,208
era5,4/27/2018,301.3072597,2018,7,209
era5,4/28/2018,294.6623926,2018,7,210
era5,4/29/2018,291.1708844,2018,7,211
era5,4/30/2018,288.5949881,2018,7,212
era5,5/1/2018,286.3485295,2018,8,213
era5,5/2/2018,285.9619726,2018,8,214
era5,5/3/2018,282.2283133,2018,8,215
era5,5/4/2018,276.5852054,2018,8,216
era5,5/5/2018,268.719195,2018,8,217
era5,5/6/2018,259.320219,2018,8,218
era5,5/7/2018,249.5865782,2018,8,219
era5,5/8/2018,239.3130652,2018,8,220
era5,5/9/2018,226.4549895,2018,8,221
era5,5/10/2018,215.1601883,2018,8,222
era5,5/11/2018,205.7980699,2018,8,223
era5,5/12/2018,197.9973674,2018,8,224
era5,5/13/2018,193.293756,2018,8,225
era5,5/14/2018,188.6557693,2018,8,226
era5,5/15/2018,183.7494123,2018,8,227
era5,5/16/2018,177.9242363,2018,8,228
era5,5/17/2018,173.9716771,2018,8,229
era5,5/18/2018,169.4668099,2018,8,230
era5,5/19/2018,165.009638,2018,8,231
era5,5/20/2018,161.060155,2018,8,232
era5,5/21/2018,157.2446952,2018,8,233
era5,5/22/2018,153.0331488,2018,8,234
era5,5/23/2018,148.2830079,2018,8,235
era5,5/24/2018,142.5145268,2018,8,236
era5,5/25/2018,136.4289999,2018,8,237
era5,5/26/2018,133.3543051,2018,8,238
era5,5/27/2018,130.2790855,2018,8,239
era5,5/28/2018,125.4610494,2018,8,240
era5,5/29/2018,118.5006894,2018,8,241
era5,5/30/2018,110.4290576,2018,8,242
era5,5/31/2018,103.3425135,2018,8,243
era5,6/1/2018,99.00951727,2018,9,244
era5,6/2/2018,93.53642941,2018,9,245
era5,6/3/2018,85.79307868,2018,9,246
era5,6/4/2018,77.33425562,2018,9,247
era5,6/5/2018,70.16200647,2018,9,248
era5,6/6/2018,64.55683147,2018,9,249
era5,6/7/2018,59.39101579,2018,9,250
era5,6/8/2018,54.04833565,2018,9,251
era5,6/9/2018,47.93407286,2018,9,252
era5,6/10/2018,43.02088065,2018,9,253
era5,6/11/2018,38.74046724,2018,9,254
era5,6/12/2018,33.41195162,2018,9,255
era5,6/13/2018,29.11981901,2018,9,256
era5,6/14/2018,26.19134647,2018,9,257
era5,6/15/2018,23.30767794,2018,9,258
era5,6/16/2018,20.544545,2018,9,259
era5,6/17/2018,18.06755282,2018,9,260
era5,6/18/2018,16.07550694,2018,9,261
era5,6/19/2018,13.92287676,2018,9,262
era5,6/20/2018,12.01711265,2018,9,263
era5,6/21/2018,10.16098529,2018,9,264
era5,6/22/2018,8.408976912,2018,9,265
era5,6/23/2018,6.750349853,2018,9,266
era5,6/24/2018,4.821396029,2018,9,267
era5,6/25/2018,2.778672706,2018,9,268
era5,6/26/2018,1.338205882,2018,9,269
era5,6/27/2018,0.407728941,2018,9,270
era5,6/28/2018,0,2018,9,271
era5,6/29/2018,0,2018,9,272
era5,6/30/2018,0,2018,9,273
era5,7/1/2018,0,2018,10,274
era5,7/2/2018,0,2018,10,275
era5,7/3/2018,0,2018,10,276
era5,7/4/2018,0,2018,10,277
era5,7/5/2018,0,2018,10,278
era5,7/6/2018,0,2018,10,279
era5,7/7/2018,0,2018,10,280
era5,7/8/2018,0,2018,10,281
era5,7/9/2018,0,2018,10,282
era5,7/10/2018,0,2018,10,283
era5,7/11/2018,0,2018,10,284
era5,7/12/2018,0,2018,10,285
era5,7/13/2018,0,2018,10,286
era5,7/14/2018,0,2018,10,287
era5,7/15/2018,0,2018,10,288
era5,7/16/2018,0,2018,10,289
era5,7/17/2018,0,2018,10,290
era5,7/18/2018,0,2018,10,291
era5,7/19/2018,0,2018,10,292
era5,7/20/2018,0,2018,10,293
era5,7/21/2018,0,2018,10,294
era5,7/22/2018,0,2018,10,295
era5,7/23/2018,0,2018,10,296
era5,7/24/2018,0,2018,10,297
era5,7/25/2018,0,2018,10,298
era5,7/26/2018,0,2018,10,299
era5,7/27/2018,0,2018,10,300
era5,7/28/2018,0,2018,10,301
era5,7/29/2018,0,2018,10,302
era5,7/30/2018,0,2018,10,303
era5,7/31/2018,0,2018,10,304
era5,8/1/2018,0,2018,11,305
era5,8/2/2018,0,2018,11,306
era5,8/3/2018,0,2018,11,307
era5,8/4/2018,0,2018,11,308
era5,8/5/2018,0,2018,11,309
era5,8/6/2018,0,2018,11,310
era5,8/7/2018,0,2018,11,311
era5,8/8/2018,0,2018,11,312
era5,8/9/2018,0,2018,11,313
era5,8/10/2018,0,2018,11,314
era5,8/11/2018,0,2018,11,315
era5,8/12/2018,0,2018,11,316
era5,8/13/2018,0,2018,11,317
era5,8/14/2018,0,2018,11,318
era5,8/15/2018,0,2018,11,319
era5,8/16/2018,0,2018,11,320
era5,8/17/2018,0,2018,11,321
era5,8/18/2018,0,2018,11,322
era5,8/19/2018,0,2018,11,323
era5,8/20/2018,0,2018,11,324
era5,8/21/2018,0,2018,11,325
era5,8/22/2018,0,2018,11,326
era5,8/23/2018,0,2018,11,327
era5,8/24/2018,0,2018,11,328
era5,8/25/2018,0,2018,11,329
era5,8/26/2018,0,2018,11,330
era5,8/27/2018,0,2018,11,331
era5,8/28/2018,0,2018,11,332
era5,8/29/2018,0,2018,11,333
era5,8/30/2018,0,2018,11,334
era5,8/31/2018,0,2018,11,335
era5,9/1/2018,0,2018,12,336
era5,9/2/2018,0,2018,12,337
era5,9/3/2018,0,2018,12,338
era5,9/4/2018,0,2018,12,339
era5,9/5/2018,0,2018,12,340
era5,9/6/2018,0,2018,12,341
era5,9/7/2018,0,2018,12,342
era5,9/8/2018,0,2018,12,343
era5,9/9/2018,0,2018,12,344
era5,9/10/2018,0,2018,12,345
era5,9/11/2018,0,2018,12,346
era5,9/12/2018,0,2018,12,347
era5,9/13/2018,0,2018,12,348
era5,9/14/2018,0,2018,12,349
era5,9/15/2018,0,2018,12,350
era5,9/16/2018,0,2018,12,351
era5,9/17/2018,0,2018,12,352
era5,9/18/2018,0,2018,12,353
era5,9/19/2018,0,2018,12,354
era5,9/20/2018,0,2018,12,355
era5,9/21/2018,0,2018,12,356
era5,9/22/2018,0,2018,12,357
era5,9/23/2018,0,2018,12,358
era5,9/24/2018,0,2018,12,359
era5,9/25/2018,0,2018,12,360
era5,9/26/2018,0,2018,12,361
era5,9/27/2018,0,2018,12,362
era5,9/28/2018,0,2018,12,363
era5,9/29/2018,0,2018,12,364
era5,9/30/2018,0,2018,12,365
era5,10/1/2018,0,2019,1,1
era5,10/2/2018,0,2019,1,2
era5,10/3/2018,2.46E-05,2019,1,3
era5,10/4/2018,0.061564196,2019,1,4
era5,10/5/2018,0.014511705,2019,1,5
era5,10/6/2018,0,2019,1,6
era5,10/7/2018,0.036997193,2019,1,7
era5,10/8/2018,0.010942073,2019,1,8
era5,10/9/2018,0,2019,1,9
era5,10/10/2018,3.52E-05,2019,1,10
era5,10/11/2018,0,2019,1,11
era5,10/12/2018,0,2019,1,12
era5,10/13/2018,0,2019,1,13
era5,10/14/2018,0,2019,1,14
era5,10/15/2018,0,2019,1,15
era5,10/16/2018,0,2019,1,16
era5,10/17/2018,0,2019,1,17
era5,10/18/2018,0,2019,1,18
era5,10/19/2018,0.005244766,2019,1,19
era5,10/20/2018,0.305304904,2019,1,20
era5,10/21/2018,0.480537883,2019,1,21
era5,10/22/2018,0.467047243,2019,1,22
era5,10/23/2018,0.482003923,2019,1,23
era5,10/24/2018,0.420370215,2019,1,24
era5,10/25/2018,0.079152468,2019,1,25
era5,10/26/2018,0.04603505,2019,1,26
era5,10/27/2018,0,2019,1,27
era5,10/28/2018,0,2019,1,28
era5,10/29/2018,0,2019,1,29
era5,10/30/2018,0,2019,1,30
era5,10/31/2018,0,2019,1,31
era5,11/1/2018,0,2019,2,32
era5,11/2/2018,0,2019,2,33
era5,11/3/2018,0,2019,2,34
era5,11/4/2018,0,2019,2,35
era5,11/5/2018,0,2019,2,36
era5,11/6/2018,0,2019,2,37
era5,11/7/2018,0,2019,2,38
era5,11/8/2018,0,2019,2,39
era5,11/9/2018,0,2019,2,40
era5,11/10/2018,0,2019,2,41
era5,11/11/2018,0,2019,2,42
era5,11/12/2018,0,2019,2,43
era5,11/13/2018,0,2019,2,44
era5,11/14/2018,0,2019,2,45
era5,11/15/2018,0,2019,2,46
era5,11/16/2018,0,2019,2,47
era5,11/17/2018,0,2019,2,48
era5,11/18/2018,0,2019,2,49
era5,11/19/2018,0,2019,2,50
era5,11/20/2018,0,2019,2,51
era5,11/21/2018,0.013517157,2019,2,52
era5,11/22/2018,21.21937143,2019,2,53
era5,11/23/2018,38.96650456,2019,2,54
era5,11/24/2018,55.20843044,2019,2,55
era5,11/25/2018,55.74516365,2019,2,56
era5,11/26/2018,54.7298119,2019,2,57
era5,11/27/2018,53.14663879,2019,2,58
era5,11/28/2018,58.88254025,2019,2,59
era5,11/29/2018,105.7933432,2019,2,60
era5,11/30/2018,157.820844,2019,2,61
era5,12/1/2018,166.3172032,2019,3,62
era5,12/2/2018,177.4682113,2019,3,63
era5,12/3/2018,178.0389609,2019,3,64
era5,12/4/2018,177.9489514,2019,3,65
era5,12/5/2018,186.4440063,2019,3,66
era5,12/6/2018,200.4679578,2019,3,67
era5,12/7/2018,203.5707151,2019,3,68
era5,12/8/2018,203.1214786,2019,3,69
era5,12/9/2018,201.9319862,2019,3,70
era5,12/10/2018,200.5844634,2019,3,71
era5,12/11/2018,199.5883083,2019,3,72
era5,12/12/2018,198.9774159,2019,3,73
era5,12/13/2018,197.9287483,2019,3,74
era5,12/14/2018,197.0151418,2019,3,75
era5,12/15/2018,196.032122,2019,3,76
era5,12/16/2018,194.9307851,2019,3,77
era5,12/17/2018,198.5773619,2019,3,78
era5,12/18/2018,202.2992975,2019,3,79
era5,12/19/2018,201.3430105,2019,3,80
era5,12/20/2018,199.2230512,2019,3,81
era5,12/21/2018,197.5473379,2019,3,82
era5,12/22/2018,196.3508066,2019,3,83
era5,12/23/2018,195.6577429,2019,3,84
era5,12/24/2018,195.3088456,2019,3,85
era5,12/25/2018,213.3679279,2019,3,86
era5,12/26/2018,218.9392496,2019,3,87
era5,12/27/2018,218.9768621,2019,3,88
era5,12/28/2018,219.6012486,2019,3,89
era5,12/29/2018,219.6424138,2019,3,90
era5,12/30/2018,219.3524189,2019,3,91
era5,12/31/2018,218.7558832,2019,3,92
era5,1/1/2019,218.6731019,2019,4,93
era5,1/2/2019,218.5443674,2019,4,94
era5,1/3/2019,218.334579,2019,4,95
era5,1/4/2019,217.9290735,2019,4,96
era5,1/5/2019,217.4251966,2019,4,97
era5,1/6/2019,246.8315848,2019,4,98
era5,1/7/2019,307.4588498,2019,4,99
era5,1/8/2019,323.2985184,2019,4,100
era5,1/9/2019,326.547505,2019,4,101
era5,1/10/2019,339.0376391,2019,4,102
era5,1/11/2019,339.7249653,2019,4,103
era5,1/12/2019,338.9739388,2019,4,104
era5,1/13/2019,340.2228253,2019,4,105
era5,1/14/2019,340.6594854,2019,4,106
era5,1/15/2019,361.8745411,2019,4,107
era5,1/16/2019,399.7947644,2019,4,108
era5,1/17/2019,447.5859313,2019,4,109
era5,1/18/2019,487.8997642,2019,4,110
era5,1/19/2019,488.7342573,2019,4,111
era5,1/20/2019,486.5088833,2019,4,112
era5,1/21/2019,501.6947143,2019,4,113
era5,1/22/2019,507.3738101,2019,4,114
era5,1/23/2019,506.8627616,2019,4,115
era5,1/24/2019,505.0304606,2019,4,116
era5,1/25/2019,503.3918741,2019,4,117
era5,1/26/2019,501.9144333,2019,4,118
era5,1/27/2019,499.0109129,2019,4,119
era5,1/28/2019,495.3264307,2019,4,120
era5,1/29/2019,491.6852597,2019,4,121
era5,1/30/2019,489.0920205,2019,4,122
era5,1/31/2019,486.8579263,2019,4,123
era5,2/1/2019,485.5421879,2019,5,124
era5,2/2/2019,505.4790793,2019,5,125
era5,2/3/2019,597.9665365,2019,5,126
era5,2/4/2019,676.9882288,2019,5,127
era5,2/5/2019,759.7439294,2019,5,128
era5,2/6/2019,779.3017688,2019,5,129
era5,2/7/2019,779.7196256,2019,5,130
era5,2/8/2019,779.6437391,2019,5,131
era5,2/9/2019,800.6014988,2019,5,132
era5,2/10/2019,855.349035,2019,5,133
era5,2/11/2019,888.1413391,2019,5,134
era5,2/12/2019,888.4422982,2019,5,135
era5,2/13/2019,911.7729191,2019,5,136
era5,2/14/2019,991.74379,2019,5,137
era5,2/15/2019,1053.851267,2019,5,138
era5,2/16/2019,1101.573164,2019,5,139
era5,2/17/2019,1121.548677,2019,5,140
era5,2/18/2019,1127.847883,2019,5,141
era5,2/19/2019,1127.51583,2019,5,142
era5,2/20/2019,1126.726048,2019,5,143
era5,2/21/2019,1129.807505,2019,5,144
era5,2/22/2019,1130.001993,2019,5,145
era5,2/23/2019,1129.195002,2019,5,146
era5,2/24/2019,1128.507096,2019,5,147
era5,2/25/2019,1127.568177,2019,5,148
era5,2/26/2019,1127.28624,2019,5,149
era5,2/27/2019,1140.027864,2019,5,150
era5,2/28/2019,1163.256397,2019,5,151
era5,3/1/2019,1168.9336,2019,6,152
era5,3/2/2019,1185.529104,2019,6,153
era5,3/3/2019,1219.086104,2019,6,154
era5,3/4/2019,1220.843592,2019,6,155
era5,3/5/2019,1221.938414,2019,6,156
era5,3/6/2019,1257.675008,2019,6,157
era5,3/7/2019,1307.356609,2019,6,158
era5,3/8/2019,1314.335011,2019,6,159
era5,3/9/2019,1319.586681,2019,6,160
era5,3/10/2019,1320.790982,2019,6,161
era5,3/11/2019,1323.6905,2019,6,162
era5,3/12/2019,1323.104739,2019,6,163
era5,3/13/2019,1321.832551,2019,6,164
era5,3/14/2019,1321.096439,2019,6,165
era5,3/15/2019,1320.273915,2019,6,166
era5,3/16/2019,1318.947748,2019,6,167
era5,3/17/2019,1316.513187,2019,6,168
era5,3/18/2019,1313.148328,2019,6,169
era5,3/19/2019,1308.594718,2019,6,170
era5,3/20/2019,1305.083595,2019,6,171
era5,3/21/2019,1310.970097,2019,6,172
era5,3/22/2019,1316.592321,2019,6,173
era5,3/23/2019,1318.566215,2019,6,174
era5,3/24/2019,1322.882474,2019,6,175
era5,3/25/2019,1321.267429,2019,6,176
era5,3/26/2019,1317.721357,2019,6,177
era5,3/27/2019,1316.875643,2019,6,178
era5,3/28/2019,1332.639952,2019,6,179
era5,3/29/2019,1337.002966,2019,6,180
era5,3/30/2019,1335.829333,2019,6,181
era5,3/31/2019,1333.233188,2019,6,182
era5,4/1/2019,1328.712456,2019,7,183
era5,4/2/2019,1322.987676,2019,7,184
era5,4/3/2019,1321.567434,2019,7,185
era5,4/4/2019,1318.015333,2019,7,186
era5,4/5/2019,1314.553539,2019,7,187
era5,4/6/2019,1313.986253,2019,7,188
era5,4/7/2019,1309.794468,2019,7,189
era5,4/8/2019,1300.582103,2019,7,190
era5,4/9/2019,1289.799062,2019,7,191
era5,4/10/2019,1287.189088,2019,7,192
era5,4/11/2019,1284.130913,2019,7,193
era5,4/12/2019,1282.329629,2019,7,194
era5,4/13/2019,1278.452719,2019,7,195
era5,4/14/2019,1270.764599,2019,7,196
era5,4/15/2019,1261.301132,2019,7,197
era5,4/16/2019,1264.876853,2019,7,198
era5,4/17/2019,1264.617895,2019,7,199
era5,4/18/2019,1255.855454,2019,7,200
era5,4/19/2019,1243.07383,2019,7,201
era5,4/20/2019,1228.927099,2019,7,202
era5,4/21/2019,1218.72683,2019,7,203
era5,4/22/2019,1210.938584,2019,7,204
era5,4/23/2019,1197.609548,2019,7,205
era5,4/24/2019,1181.104655,2019,7,206
era5,4/25/2019,1160.989332,2019,7,207
era5,4/26/2019,1139.919658,2019,7,208
era5,4/27/2019,1119.226135,2019,7,209
era5,4/28/2019,1100.979597,2019,7,210
era5,4/29/2019,1084.245644,2019,7,211
era5,4/30/2019,1070.261206,2019,7,212
era5,5/1/2019,1060.334026,2019,8,213
era5,5/2/2019,1051.3668,2019,8,214
era5,5/3/2019,1039.681781,2019,8,215
era5,5/4/2019,1024.833253,2019,8,216
era5,5/5/2019,1009.849835,2019,8,217
era5,5/6/2019,995.6302807,2019,8,218
era5,5/7/2019,980.7415279,2019,8,219
era5,5/8/2019,961.2067701,2019,8,220
era5,5/9/2019,941.1913835,2019,8,221
era5,5/10/2019,927.1278137,2019,8,222
era5,5/11/2019,916.1720843,2019,8,223
era5,5/12/2019,901.0322309,2019,8,224
era5,5/13/2019,884.9417985,2019,8,225
era5,5/14/2019,868.5586753,2019,8,226
era5,5/15/2019,852.02876,2019,8,227
era5,5/16/2019,854.0807784,2019,8,228
era5,5/17/2019,869.0591145,2019,8,229
era5,5/18/2019,867.2729307,2019,8,230
era5,5/19/2019,875.8055311,2019,8,231
era5,5/20/2019,893.756463,2019,8,232
era5,5/21/2019,896.9727362,2019,8,233
era5,5/22/2019,907.32916,2019,8,234
era5,5/23/2019,911.6991396,2019,8,235
era5,5/24/2019,909.2447031,2019,8,236
era5,5/25/2019,900.173812,2019,8,237
era5,5/26/2019,895.1145812,2019,8,238
era5,5/27/2019,908.6156545,2019,8,239
era5,5/28/2019,908.5806755,2019,8,240
era5,5/29/2019,896.4315079,2019,8,241
era5,5/30/2019,884.2608128,2019,8,242
era5,5/31/2019,872.4609818,2019,8,243
era5,6/1/2019,859.4464817,2019,9,244
era5,6/2/2019,844.5897806,2019,9,245
era5,6/3/2019,826.2184289,2019,9,246
era5,6/4/2019,804.7312753,2019,9,247
era5,6/5/2019,781.4920906,2019,9,248
era5,6/6/2019,756.9996271,2019,9,249
era5,6/7/2019,737.2185608,2019,9,250
era5,6/8/2019,722.9840507,2019,9,251
era5,6/9/2019,707.8278735,2019,9,252
era5,6/10/2019,687.7827815,2019,9,253
era5,6/11/2019,664.6657729,2019,9,254
era5,6/12/2019,638.4280282,2019,9,255
era5,6/13/2019,613.6136326,2019,9,256
era5,6/14/2019,591.9579571,2019,9,257
era5,6/15/2019,568.4336015,2019,9,258
era5,6/16/2019,544.8903179,2019,9,259
era5,6/17/2019,522.439403,2019,9,260
era5,6/18/2019,500.7101815,2019,9,261
era5,6/19/2019,475.070413,2019,9,262
era5,6/20/2019,449.6334193,2019,9,263
era5,6/21/2019,428.8807369,2019,9,264
era5,6/22/2019,414.3049068,2019,9,265
era5,6/23/2019,400.2650761,2019,9,266
era5,6/24/2019,384.1433934,2019,9,267
era5,6/25/2019,367.896827,2019,9,268
era5,6/26/2019,352.7587602,2019,9,269
era5,6/27/2019,339.4002456,2019,9,270
era5,6/28/2019,328.5668978,2019,9,271
era5,6/29/2019,319.5047128,2019,9,272
era5,6/30/2019,308.1693942,2019,9,273
era5,7/1/2019,297.3821203,2019,10,274
era5,7/2/2019,287.60012,2019,10,275
era5,7/3/2019,277.1200394,2019,10,276
era5,7/4/2019,267.2965947,2019,10,277
era5,7/5/2019,256.7898726,2019,10,278
era5,7/6/2019,244.0370762,2019,10,279
era5,7/7/2019,231.9087425,2019,10,280
era5,7/8/2019,220.7251635,2019,10,281
era5,7/9/2019,208.9835656,2019,10,282
era5,7/10/2019,195.3155366,2019,10,283
era5,7/11/2019,180.8172447,2019,10,284
era5,7/12/2019,167.9094351,2019,10,285
era5,7/13/2019,156.7111404,2019,10,286
era5,7/14/2019,145.4282694,2019,10,287
era5,7/15/2019,134.6764761,2019,10,288
era5,7/16/2019,125.7401749,2019,10,289
era5,7/17/2019,117.1301727,2019,10,290
era5,7/18/2019,109.5054668,2019,10,291
era5,7/19/2019,102.8217493,2019,10,292
era5,7/20/2019,96.23898926,2019,10,293
era5,7/21/2019,89.08233335,2019,10,294
era5,7/22/2019,81.50666106,2019,10,295
era5,7/23/2019,74.38772118,2019,10,296
era5,7/24/2019,67.27016059,2019,10,297
era5,7/25/2019,60.39322088,2019,10,298
era5,7/26/2019,53.84607912,2019,10,299
era5,7/27/2019,46.30611706,2019,10,300
era5,7/28/2019,38.92870374,2019,10,301
era5,7/29/2019,33.48323609,2019,10,302
era5,7/30/2019,29.09559426,2019,10,303
era5,7/31/2019,25.67087324,2019,10,304
era5,8/1/2019,22.63510459,2019,11,305
era5,8/2/2019,19.56801782,2019,11,306
era5,8/3/2019,16.39039324,2019,11,307
era5,8/4/2019,13.83181021,2019,11,308
era5,8/5/2019,11.92118091,2019,11,309
era5,8/6/2019,10.77135412,2019,11,310
era5,8/7/2019,9.869876471,2019,11,311
era5,8/8/2019,9.066900882,2019,11,312
era5,8/9/2019,8.484402941,2019,11,313
era5,8/10/2019,8.015402941,2019,11,314
era5,8/11/2019,7.581781765,2019,11,315
era5,8/12/2019,7.015682059,2019,11,316
era5,8/13/2019,6.279380882,2019,11,317
era5,8/14/2019,5.545668235,2019,11,318
era5,8/15/2019,4.711372941,2019,11,319
era5,8/16/2019,3.841211176,2019,11,320
era5,8/17/2019,3.049171765,2019,11,321
era5,8/18/2019,2.341953529,2019,11,322
era5,8/19/2019,1.677690882,2019,11,323
era5,8/20/2019,0.977549618,2019,11,324
era5,8/21/2019,0.339780382,2019,11,325
era5,8/22/2019,0,2019,11,326
era5,8/23/2019,0,2019,11,327
era5,8/24/2019,0,2019,11,328
era5,8/25/2019,0,2019,11,329
era5,8/26/2019,0,2019,11,330
era5,8/27/2019,0,2019,11,331
era5,8/28/2019,0,2019,11,332
era5,8/29/2019,0,2019,11,333
era5,8/30/2019,0,2019,11,334
era5,8/31/2019,0,2019,11,335
era5,9/1/2019,0,2019,12,336
era5,9/2/2019,0,2019,12,337
era5,9/3/2019,0,2019,12,338
era5,9/4/2019,0,2019,12,339
era5,9/5/2019,0,2019,12,340
era5,9/6/2019,0,2019,12,341
era5,9/7/2019,0,2019,12,342
era5,9/8/2019,0,2019,12,343
era5,9/9/2019,0,2019,12,344
era5,9/10/2019,0,2019,12,345
era5,9/11/2019,0,2019,12,346
era5,9/12/2019,0,2019,12,347
era5,9/13/2019,0,2019,12,348
era5,9/14/2019,0,2019,12,349
era5,9/15/2019,0,2019,12,350
era5,9/16/2019,0,2019,12,351
era5,9/17/2019,0,2019,12,352
era5,9/18/2019,0,2019,12,353
era5,9/19/2019,0.000917135,2019,12,354
era5,9/20/2019,0.223901765,2019,12,355
era5,9/21/2019,0.195661053,2019,12,356
era5,9/22/2019,0.088230097,2019,12,357
era5,9/23/2019,0,2019,12,358
era5,9/24/2019,0,2019,12,359
era5,9/25/2019,0,2019,12,360
era5,9/26/2019,0,2019,12,361
era5,9/27/2019,0,2019,12,362
era5,9/28/2019,0,2019,12,363
era5,9/29/2019,0.0636151,2019,12,364
era5,9/30/2019,0.234794314,2019,12,365
era5,10/1/2019,0.144890182,2020,1,1
era5,10/2/2019,0.1315318,2020,1,2
era5,10/3/2019,0.038963521,2020,1,3
era5,10/4/2019,0,2020,1,4
era5,10/5/2019,0,2020,1,5
era5,10/6/2019,0,2020,1,6
era5,10/7/2019,0,2020,1,7
era5,10/8/2019,0,2020,1,8
era5,10/9/2019,0,2020,1,9
era5,10/10/2019,0,2020,1,10
era5,10/11/2019,0,2020,1,11
era5,10/12/2019,0,2020,1,12
era5,10/13/2019,0,2020,1,13
era5,10/14/2019,0,2020,1,14
era5,10/15/2019,0,2020,1,15
era5,10/16/2019,0,2020,1,16
era5,10/17/2019,0,2020,1,17
era5,10/18/2019,0,2020,1,18
era5,10/19/2019,0,2020,1,19
era5,10/20/2019,0,2020,1,20
era5,10/21/2019,0,2020,1,21
era5,10/22/2019,0,2020,1,22
era5,10/23/2019,0,2020,1,23
era5,10/24/2019,0,2020,1,24
era5,10/25/2019,0,2020,1,25
era5,10/26/2019,0,2020,1,26
era5,10/27/2019,0.001544902,2020,1,27
era5,10/28/2019,0.003115532,2020,1,28
era5,10/29/2019,0,2020,1,29
era5,10/30/2019,0,2020,1,30
era5,10/31/2019,0,2020,1,31
era5,11/1/2019,0,2020,2,32
era5,11/2/2019,0,2020,2,33
era5,11/3/2019,0,2020,2,34
era5,11/4/2019,0,2020,2,35
era5,11/5/2019,0,2020,2,36
era5,11/6/2019,0,2020,2,37
era5,11/7/2019,0,2020,2,38
era5,11/8/2019,0,2020,2,39
era5,11/9/2019,0,2020,2,40
era5,11/10/2019,0,2020,2,41
era5,11/11/2019,0,2020,2,42
era5,11/12/2019,0,2020,2,43
era5,11/13/2019,0,2020,2,44
era5,11/14/2019,0,2020,2,45
era5,11/15/2019,0,2020,2,46
era5,11/16/2019,0,2020,2,47
era5,11/17/2019,0,2020,2,48
era5,11/18/2019,0,2020,2,49
era5,11/19/2019,0,2020,2,50
era5,11/20/2019,0.120437663,2020,2,51
era5,11/21/2019,1.880120199,2020,2,52
era5,11/22/2019,2.389540496,2020,2,53
era5,11/23/2019,2.336239618,2020,2,54
era5,11/24/2019,2.114961529,2020,2,55
era5,11/25/2019,1.843541517,2020,2,56
era5,11/26/2019,1.866824178,2020,2,57
era5,11/27/2019,40.3567325,2020,2,58
era5,11/28/2019,87.33202271,2020,2,59
era5,11/29/2019,103.841801,2020,2,60
era5,11/30/2019,113.3175986,2020,2,61
era5,12/1/2019,136.9435571,2020,3,62
era5,12/2/2019,188.20571,2020,3,63
era5,12/3/2019,207.9197588,2020,3,64
era5,12/4/2019,216.8949769,2020,3,65
era5,12/5/2019,238.2550974,2020,3,66
era5,12/6/2019,239.2637785,2020,3,67
era5,12/7/2019,244.5738215,2020,3,68
era5,12/8/2019,277.7626354,2020,3,69
era5,12/9/2019,291.0406109,2020,3,70
era5,12/10/2019,290.7055818,2020,3,71
era5,12/11/2019,289.3091749,2020,3,72
era5,12/12/2019,287.6814988,2020,3,73
era5,12/13/2019,284.8005977,2020,3,74
era5,12/14/2019,290.9569426,2020,3,75
era5,12/15/2019,292.4897328,2020,3,76
era5,12/16/2019,292.5981055,2020,3,77
era5,12/17/2019,292.2427447,2020,3,78
era5,12/18/2019,292.5014407,2020,3,79
era5,12/19/2019,295.6836845,2020,3,80
era5,12/20/2019,295.6733986,2020,3,81
era5,12/21/2019,295.0578359,2020,3,82
era5,12/22/2019,294.1611127,2020,3,83
era5,12/23/2019,318.6063972,2020,3,84
era5,12/24/2019,323.9619808,2020,3,85
era5,12/25/2019,325.2894422,2020,3,86
era5,12/26/2019,327.2914294,2020,3,87
era5,12/27/2019,328.3097471,2020,3,88
era5,12/28/2019,328.1654016,2020,3,89
era5,12/29/2019,328.105042,2020,3,90
era5,12/30/2019,328.7609135,2020,3,91
era5,12/31/2019,328.5565709,2020,3,92
era5,1/1/2020,327.6598319,2020,4,93
era5,1/2/2020,325.9848997,2020,4,94
era5,1/3/2020,324.6138629,2020,4,95
era5,1/4/2020,322.857135,2020,4,96
era5,1/5/2020,322.1516178,2020,4,97
era5,1/6/2020,321.8837854,2020,4,98
era5,1/7/2020,321.5039085,2020,4,99
era5,1/8/2020,320.9066168,2020,4,100
era5,1/9/2020,321.8924185,2020,4,101
era5,1/10/2020,325.0220871,2020,4,102
era5,1/11/2020,325.1453521,2020,4,103
era5,1/12/2020,325.2728339,2020,4,104
era5,1/13/2020,325.5138954,2020,4,105
era5,1/14/2020,325.9718026,2020,4,106
era5,1/15/2020,326.5039885,2020,4,107
era5,1/16/2020,326.6816153,2020,4,108
era5,1/17/2020,353.9601654,2020,4,109
era5,1/18/2020,357.8182796,2020,4,110
era5,1/19/2020,357.6530453,2020,4,111
era5,1/20/2020,356.5196057,2020,4,112
era5,1/21/2020,355.9895064,2020,4,113
era5,1/22/2020,357.7358962,2020,4,114
era5,1/23/2020,357.7162088,2020,4,115
era5,1/24/2020,356.6293296,2020,4,116
era5,1/25/2020,355.2426742,2020,4,117
era5,1/26/2020,354.4003633,2020,4,118
era5,1/27/2020,355.6412179,2020,4,119
era5,1/28/2020,354.8985208,2020,4,120
era5,1/29/2020,354.3266784,2020,4,121
era5,1/30/2020,353.0689005,2020,4,122
era5,1/31/2020,350.515829,2020,4,123
era5,2/1/2020,347.3855921,2020,5,124
era5,2/2/2020,344.6008979,2020,5,125
era5,2/3/2020,343.7924888,2020,5,126
era5,2/4/2020,343.7081651,2020,5,127
era5,2/5/2020,343.5944795,2020,5,128
era5,2/6/2020,343.1608591,2020,5,129
era5,2/7/2020,341.8393008,2020,5,130
era5,2/8/2020,340.5206916,2020,5,131
era5,2/9/2020,339.5920503,2020,5,132
era5,2/10/2020,339.6222623,2020,5,133
era5,2/11/2020,338.7699865,2020,5,134
era5,2/12/2020,337.8625843,2020,5,135
era5,2/13/2020,337.244759,2020,5,136
era5,2/14/2020,336.6450627,2020,5,137
era5,2/15/2020,335.9675082,2020,5,138
era5,2/16/2020,334.9308034,2020,5,139
era5,2/17/2020,333.0755924,2020,5,140
era5,2/18/2020,331.9717121,2020,5,141
era5,2/19/2020,330.9902713,2020,5,142
era5,2/20/2020,329.9992135,2020,5,143
era5,2/21/2020,328.6811868,2020,5,144
era5,2/22/2020,329.4007731,2020,5,145
era5,2/23/2020,333.4653339,2020,5,146
era5,2/24/2020,332.6159944,2020,5,147
era5,2/25/2020,331.1606217,2020,5,148
era5,2/26/2020,329.1966388,2020,5,149
era5,2/27/2020,327.2603273,2020,5,150
era5,2/28/2020,325.30291,2020,5,151
era5,2/29/2020,322.7351763,2020,5,152
era5,3/1/2020,324.9151619,2020,6,153
era5,3/2/2020,333.759791,2020,6,154
era5,3/3/2020,334.4801382,2020,6,155
era5,3/4/2020,332.8604369,2020,6,156
era5,3/5/2020,330.4712849,2020,6,157
era5,3/6/2020,328.2108001,2020,6,158
era5,3/7/2020,325.906369,2020,6,159
era5,3/8/2020,327.2875182,2020,6,160
era5,3/9/2020,327.6553286,2020,6,161
era5,3/10/2020,330.1470773,2020,6,162
era5,3/11/2020,332.3847919,2020,6,163
era5,3/12/2020,331.9533065,2020,6,164
era5,3/13/2020,329.9887962,2020,6,165
era5,3/14/2020,330.4292663,2020,6,166
era5,3/15/2020,355.0416352,2020,6,167
era5,3/16/2020,408.766014,2020,6,168
era5,3/17/2020,445.1588701,2020,6,169
era5,3/18/2020,450.7517876,2020,6,170
era5,3/19/2020,452.1938906,2020,6,171
era5,3/20/2020,457.0693068,2020,6,172
era5,3/21/2020,456.8531612,2020,6,173
era5,3/22/2020,456.3297151,2020,6,174
era5,3/23/2020,465.0966333,2020,6,175
era5,3/24/2020,473.1436819,2020,6,176
era5,3/25/2020,481.8586509,2020,6,177
era5,3/26/2020,497.2105792,2020,6,178
era5,3/27/2020,504.0504414,2020,6,179
era5,3/28/2020,504.6518575,2020,6,180
era5,3/29/2020,505.9950599,2020,6,181
era5,3/30/2020,507.2148534,2020,6,182
era5,3/31/2020,504.6798971,2020,6,183
era5,4/1/2020,499.3535685,2020,7,184
era5,4/2/2020,495.4938757,2020,7,185
era5,4/3/2020,493.9708804,2020,7,186
era5,4/4/2020,491.5759743,2020,7,187
era5,4/5/2020,497.8185927,2020,7,188
era5,4/6/2020,564.6235262,2020,7,189
era5,4/7/2020,589.6582513,2020,7,190
era5,4/8/2020,598.6244022,2020,7,191
era5,4/9/2020,616.2050241,2020,7,192
era5,4/10/2020,621.9330779,2020,7,193
era5,4/11/2020,619.2353085,2020,7,194
era5,4/12/2020,612.6784176,2020,7,195
era5,4/13/2020,607.6448626,2020,7,196
era5,4/14/2020,602.8098437,2020,7,197
era5,4/15/2020,598.048518,2020,7,198
era5,4/16/2020,590.1475438,2020,7,199
era5,4/17/2020,581.8298338,2020,7,200
era5,4/18/2020,577.0872509,2020,7,201
era5,4/19/2020,572.3619103,2020,7,202
era5,4/20/2020,566.1612282,2020,7,203
era5,4/21/2020,561.8773685,2020,7,204
era5,4/22/2020,553.8252515,2020,7,205
era5,4/23/2020,541.0402135,2020,7,206
era5,4/24/2020,526.4017317,2020,7,207
era5,4/25/2020,510.1577359,2020,7,208
era5,4/26/2020,491.3918417,2020,7,209
era5,4/27/2020,476.1714552,2020,7,210
era5,4/28/2020,460.318035,2020,7,211
era5,4/29/2020,438.8170287,2020,7,212
era5,4/30/2020,416.8879215,2020,7,213
era5,5/1/2020,401.8122059,2020,8,214
era5,5/2/2020,390.7546244,2020,8,215
era5,5/3/2020,379.9532141,2020,8,216
era5,5/4/2020,369.6889209,2020,8,217
era5,5/5/2020,358.9873928,2020,8,218
era5,5/6/2020,344.1222813,2020,8,219
era5,5/7/2020,328.6156707,2020,8,220
era5,5/8/2020,312.4456234,2020,8,221
era5,5/9/2020,294.8699514,2020,8,222
era5,5/10/2020,276.930103,2020,8,223
era5,5/11/2020,261.7328223,2020,8,224
era5,5/12/2020,251.0529874,2020,8,225
era5,5/13/2020,246.0814307,2020,8,226
era5,5/14/2020,239.9440338,2020,8,227
era5,5/15/2020,231.9442603,2020,8,228
era5,5/16/2020,220.5621116,2020,8,229
era5,5/17/2020,206.2480243,2020,8,230
era5,5/18/2020,198.8187749,2020,8,231
era5,5/19/2020,204.6531619,2020,8,232
era5,5/20/2020,205.4938719,2020,8,233
era5,5/21/2020,201.2038521,2020,8,234
era5,5/22/2020,193.3840814,2020,8,235
era5,5/23/2020,187.3205366,2020,8,236
era5,5/24/2020,182.0385678,2020,8,237
era5,5/25/2020,173.9248626,2020,8,238
era5,5/26/2020,162.8801553,2020,8,239
era5,5/27/2020,150.1210926,2020,8,240
era5,5/28/2020,136.8943453,2020,8,241
era5,5/29/2020,123.0009402,2020,8,242
era5,5/30/2020,109.3194814,2020,8,243
era5,5/31/2020,102.4191736,2020,8,244
era5,6/1/2020,96.03674674,2020,9,245
era5,6/2/2020,88.24931182,2020,9,246
era5,6/3/2020,79.91734588,2020,9,247
era5,6/4/2020,71.60249924,2020,9,248
era5,6/5/2020,62.16357418,2020,9,249
era5,6/6/2020,54.29513676,2020,9,250
era5,6/7/2020,49.52634426,2020,9,251
era5,6/8/2020,47.59670463,2020,9,252
era5,6/9/2020,44.70753931,2020,9,253
era5,6/10/2020,40.7848239,2020,9,254
era5,6/11/2020,36.58475959,2020,9,255
era5,6/12/2020,32.06306029,2020,9,256
era5,6/13/2020,27.95889021,2020,9,257
era5,6/14/2020,25.35455572,2020,9,258
era5,6/15/2020,21.9826,2020,9,259
era5,6/16/2020,17.61955029,2020,9,260
era5,6/17/2020,14.02382096,2020,9,261
era5,6/18/2020,11.60806812,2020,9,262
era5,6/19/2020,9.210084382,2020,9,263
era5,6/20/2020,6.973464632,2020,9,264
era5,6/21/2020,5.458580679,2020,9,265
era5,6/22/2020,4.452822059,2020,9,266
era5,6/23/2020,3.298264118,2020,9,267
era5,6/24/2020,2.092667529,2020,9,268
era5,6/25/2020,0.977233529,2020,9,269
era5,6/26/2020,0.110553509,2020,9,270
era5,6/27/2020,0,2020,9,271
era5,6/28/2020,0,2020,9,272
era5,6/29/2020,0,2020,9,273
era5,6/30/2020,0,2020,9,274
era5,7/1/2020,0,2020,10,275
era5,7/2/2020,0,2020,10,276
era5,7/3/2020,0,2020,10,277
era5,7/4/2020,0,2020,10,278
era5,7/5/2020,0,2020,10,279
era5,7/6/2020,0,2020,10,280
era5,7/7/2020,0,2020,10,281
era5,7/8/2020,0,2020,10,282
era5,7/9/2020,0,2020,10,283
era5,7/10/2020,0,2020,10,284
era5,7/11/2020,0,2020,10,285
era5,7/12/2020,0,2020,10,286
era5,7/13/2020,0,2020,10,287
era5,7/14/2020,0,2020,10,288
era5,7/15/2020,0,2020,10,289
era5,7/16/2020,0,2020,10,290
era5,7/17/2020,0,2020,10,291
era5,7/18/2020,0,2020,10,292
era5,7/19/2020,0,2020,10,293
era5,7/20/2020,0,2020,10,294
era5,7/21/2020,0,2020,10,295
era5,7/22/2020,0,2020,10,296
era5,7/23/2020,0,2020,10,297
era5,7/24/2020,0,2020,10,298
era5,7/25/2020,0,2020,10,299
era5,7/26/2020,0,2020,10,300
era5,7/27/2020,0,2020,10,301
era5,7/28/2020,0,2020,10,302
era5,7/29/2020,0,2020,10,303
era5,7/30/2020,0,2020,10,304
era5,7/31/2020,0,2020,10,305
era5,8/1/2020,0,2020,11,306
era5,8/2/2020,0,2020,11,307
era5,8/3/2020,0,2020,11,308
era5,8/4/2020,0,2020,11,309
era5,8/5/2020,0,2020,11,310
era5,8/6/2020,0,2020,11,311
era5,8/7/2020,0,2020,11,312
era5,8/8/2020,0,2020,11,313
era5,8/9/2020,0,2020,11,314
era5,8/10/2020,0,2020,11,315
era5,8/11/2020,0,2020,11,316
era5,8/12/2020,0,2020,11,317
era5,8/13/2020,0,2020,11,318
era5,8/14/2020,0,2020,11,319
era5,8/15/2020,0,2020,11,320
era5,8/16/2020,0,2020,11,321
era5,8/17/2020,0,2020,11,322
era5,8/18/2020,0,2020,11,323
era5,8/19/2020,0,2020,11,324
era5,8/20/2020,0,2020,11,325
era5,8/21/2020,0,2020,11,326
era5,8/22/2020,0,2020,11,327
era5,8/23/2020,0,2020,11,328
era5,8/24/2020,0,2020,11,329
era5,8/25/2020,0,2020,11,330
era5,8/26/2020,0,2020,11,331
era5,8/27/2020,0,2020,11,332
era5,8/28/2020,0,2020,11,333
era5,8/29/2020,0,2020,11,334
era5,8/30/2020,0,2020,11,335
era5,8/31/2020,0,2020,11,336
era5,9/1/2020,0,2020,12,337
era5,9/2/2020,0,2020,12,338
era5,9/3/2020,0,2020,12,339
era5,9/4/2020,0,2020,12,340
era5,9/5/2020,0,2020,12,341
era5,9/6/2020,0,2020,12,342
era5,9/7/2020,0,2020,12,343
era5,9/8/2020,0,2020,12,344
era5,9/9/2020,0,2020,12,345
era5,9/10/2020,0,2020,12,346
era5,9/11/2020,0,2020,12,347
era5,9/12/2020,0,2020,12,348
era5,9/13/2020,0,2020,12,349
era5,9/14/2020,0,2020,12,350
era5,9/15/2020,0,2020,12,351
era5,9/16/2020,0,2020,12,352
era5,9/17/2020,0,2020,12,353
era5,9/18/2020,0,2020,12,354
era5,9/19/2020,0,2020,12,355
era5,9/20/2020,0,2020,12,356
era5,9/21/2020,0,2020,12,357
era5,9/22/2020,0,2020,12,358
era5,9/23/2020,0,2020,12,359
era5,9/24/2020,0,2020,12,360
era5,9/25/2020,0,2020,12,361
era5,9/26/2020,0,2020,12,362
era5,9/27/2020,0,2020,12,363
era5,9/28/2020,0,2020,12,364
era5,9/29/2020,0,2020,12,365
era5,9/30/2020,0,2020,12,366
era5,10/1/2020,0,2021,1,1
era5,10/2/2020,0,2021,1,2
era5,10/3/2020,0,2021,1,3
era5,10/4/2020,0,2021,1,4
era5,10/5/2020,0,2021,1,5
era5,10/6/2020,0,2021,1,6
era5,10/7/2020,0,2021,1,7
era5,10/8/2020,0,2021,1,8
era5,10/9/2020,0,2021,1,9
era5,10/10/2020,0,2021,1,10
era5,10/11/2020,0,2021,1,11
era5,10/12/2020,0,2021,1,12
era5,10/13/2020,0,2021,1,13
era5,10/14/2020,0,2021,1,14
era5,10/15/2020,0,2021,1,15
era5,10/16/2020,0,2021,1,16
era5,10/17/2020,0,2021,1,17
era5,10/18/2020,0,2021,1,18
era5,10/19/2020,0,2021,1,19
era5,10/20/2020,0,2021,1,20
era5,10/21/2020,0,2021,1,21
era5,10/22/2020,0,2021,1,22
era5,10/23/2020,0,2021,1,23
era5,10/24/2020,0,2021,1,24
era5,10/25/2020,0,2021,1,25
era5,10/26/2020,0,2021,1,26
era5,10/27/2020,0,2021,1,27
era5,10/28/2020,0,2021,1,28
era5,10/29/2020,0,2021,1,29
era5,10/30/2020,0,2021,1,30
era5,10/31/2020,0,2021,1,31
era5,11/1/2020,0,2021,2,32
era5,11/2/2020,0,2021,2,33
era5,11/3/2020,0,2021,2,34
era5,11/4/2020,0,2021,2,35
era5,11/5/2020,0,2021,2,36
era5,11/6/2020,0.118418678,2021,2,37
era5,11/7/2020,4.19323158,2021,2,38
era5,11/8/2020,13.61654139,2021,2,39
era5,11/9/2020,21.45341549,2021,2,40
era5,11/10/2020,21.6540927,2021,2,41
era5,11/11/2020,21.04928525,2021,2,42
era5,11/12/2020,19.52795598,2021,2,43
era5,11/13/2020,17.95592768,2021,2,44
era5,11/14/2020,16.96639469,2021,2,45
era5,11/15/2020,15.18274393,2021,2,46
era5,11/16/2020,11.4832839,2021,2,47
era5,11/17/2020,7.61104671,2021,2,48
era5,11/18/2020,9.94909466,2021,2,49
era5,11/19/2020,17.72113671,2021,2,50
era5,11/20/2020,17.7017067,2021,2,51
era5,11/21/2020,16.93454744,2021,2,52
era5,11/22/2020,15.99480055,2021,2,53
era5,11/23/2020,15.32967677,2021,2,54
era5,11/24/2020,15.0212149,2021,2,55
era5,11/25/2020,14.33531655,2021,2,56
era5,11/26/2020,14.00041417,2021,2,57
era5,11/27/2020,13.91417962,2021,2,58
era5,11/28/2020,13.45339571,2021,2,59
era5,11/29/2020,12.8048378,2021,2,60
era5,11/30/2020,12.43548786,2021,2,61
era5,12/1/2020,12.10971726,2021,3,62
era5,12/2/2020,11.52011193,2021,3,63
era5,12/3/2020,10.91912315,2021,3,64
era5,12/4/2020,10.67433294,2021,3,65
era5,12/5/2020,10.29039575,2021,3,66
era5,12/6/2020,9.864676647,2021,3,67
era5,12/7/2020,9.3544805,2021,3,68
era5,12/8/2020,8.676272471,2021,3,69
era5,12/9/2020,8.089917971,2021,3,70
era5,12/10/2020,7.645051244,2021,3,71
era5,12/11/2020,7.310934971,2021,3,72
era5,12/12/2020,13.99021972,2021,3,73
era5,12/13/2020,19.28372681,2021,3,74
era5,12/14/2020,30.99760435,2021,3,75
era5,12/15/2020,32.98545372,2021,3,76
era5,12/16/2020,32.55785054,2021,3,77
era5,12/17/2020,34.06521034,2021,3,78
era5,12/18/2020,37.83331861,2021,3,79
era5,12/19/2020,37.52410695,2021,3,80
era5,12/20/2020,36.06635246,2021,3,81
era5,12/21/2020,33.6973533,2021,3,82
era5,12/22/2020,31.94148334,2021,3,83
era5,12/23/2020,31.61998159,2021,3,84
era5,12/24/2020,31.24033451,2021,3,85
era5,12/25/2020,31.08040021,2021,3,86
era5,12/26/2020,34.16741945,2021,3,87
era5,12/27/2020,37.47114478,2021,3,88
era5,12/28/2020,42.61945697,2021,3,89
era5,12/29/2020,51.27909535,2021,3,90
era5,12/30/2020,51.71247109,2021,3,91
era5,12/31/2020,51.93274965,2021,3,92
era5,1/1/2021,52.09676259,2021,4,93
era5,1/2/2021,51.83257307,2021,4,94
era5,1/3/2021,51.48042179,2021,4,95
era5,1/4/2021,51.14169176,2021,4,96
era5,1/5/2021,57.97104426,2021,4,97
era5,1/6/2021,57.55160371,2021,4,98
era5,1/7/2021,56.14211051,2021,4,99
era5,1/8/2021,54.96912085,2021,4,100
era5,1/9/2021,54.05141704,2021,4,101
era5,1/10/2021,53.19902879,2021,4,102
era5,1/11/2021,52.37037328,2021,4,103
era5,1/12/2021,51.8654345,2021,4,104
era5,1/13/2021,51.00924,2021,4,105
era5,1/14/2021,48.30768977,2021,4,106
era5,1/15/2021,44.22387287,2021,4,107
era5,1/16/2021,40.88726566,2021,4,108
era5,1/17/2021,37.38697518,2021,4,109
era5,1/18/2021,34.17674572,2021,4,110
era5,1/19/2021,34.10818096,2021,4,111
era5,1/20/2021,34.69283749,2021,4,112
era5,1/21/2021,34.62674131,2021,4,113
era5,1/22/2021,34.87630202,2021,4,114
era5,1/23/2021,43.10173665,2021,4,115
era5,1/24/2021,45.37559975,2021,4,116
era5,1/25/2021,52.93451694,2021,4,117
era5,1/26/2021,64.35006162,2021,4,118
era5,1/27/2021,93.72425735,2021,4,119
era5,1/28/2021,217.7852588,2021,4,120
era5,1/29/2021,305.0106147,2021,4,121
era5,1/30/2021,324.6115244,2021,4,122
era5,1/31/2021,325.2081807,2021,4,123
era5,2/1/2021,325.1789747,2021,5,124
era5,2/2/2021,325.5674047,2021,5,125
era5,2/3/2021,331.2072263,2021,5,126
era5,2/4/2021,332.189965,2021,5,127
era5,2/5/2021,331.7704653,2021,5,128
era5,2/6/2021,330.4771355,2021,5,129
era5,2/7/2021,328.5839044,2021,5,130
era5,2/8/2021,326.3337835,2021,5,131
era5,2/9/2021,324.3441981,2021,5,132
era5,2/10/2021,323.5131841,2021,5,133
era5,2/11/2021,322.1545414,2021,5,134
era5,2/12/2021,330.6930522,2021,5,135
era5,2/13/2021,337.4118121,2021,5,136
era5,2/14/2021,341.3423332,2021,5,137
era5,2/15/2021,342.5047006,2021,5,138
era5,2/16/2021,344.4132421,2021,5,139
era5,2/17/2021,344.1555763,2021,5,140
era5,2/18/2021,343.8533925,2021,5,141
era5,2/19/2021,343.5077359,2021,5,142
era5,2/20/2021,342.9681475,2021,5,143
era5,2/21/2021,343.2858535,2021,5,144
era5,2/22/2021,342.8313503,2021,5,145
era5,2/23/2021,340.9001644,2021,5,146
era5,2/24/2021,337.9046409,2021,5,147
era5,2/25/2021,336.1205221,2021,5,148
era5,2/26/2021,334.6954971,2021,5,149
era5,2/27/2021,333.1883868,2021,5,150
era5,2/28/2021,332.8413399,2021,5,151
era5,3/1/2021,332.3204485,2021,6,152
era5,3/2/2021,331.1169727,2021,6,153
era5,3/3/2021,329.6421155,2021,6,154
era5,3/4/2021,328.7136318,2021,6,155
era5,3/5/2021,326.3206487,2021,6,156
era5,3/6/2021,322.0687669,2021,6,157
era5,3/7/2021,318.2773416,2021,6,158
era5,3/8/2021,314.0605215,2021,6,159
era5,3/9/2021,316.4104638,2021,6,160
era5,3/10/2021,332.4210057,2021,6,161
era5,3/11/2021,354.7516835,2021,6,162
era5,3/12/2021,362.0932861,2021,6,163
era5,3/13/2021,364.4671861,2021,6,164
era5,3/14/2021,364.5111397,2021,6,165
era5,3/15/2021,369.1314714,2021,6,166
era5,3/16/2021,378.4704535,2021,6,167
era5,3/17/2021,378.739114,2021,6,168
era5,3/18/2021,376.8281312,2021,6,169
era5,3/19/2021,377.1433706,2021,6,170
era5,3/20/2021,391.9301826,2021,6,171
era5,3/21/2021,393.9787115,2021,6,172
era5,3/22/2021,392.6732204,2021,6,173
era5,3/23/2021,391.1939681,2021,6,174
era5,3/24/2021,390.763012,2021,6,175
era5,3/25/2021,389.6499584,2021,6,176
era5,3/26/2021,388.6976086,2021,6,177
era5,3/27/2021,387.1873032,2021,6,178
era5,3/28/2021,382.6294502,2021,6,179
era5,3/29/2021,375.7051419,2021,6,180
era5,3/30/2021,369.5340309,2021,6,181
era5,3/31/2021,365.0832328,2021,6,182
era5,4/1/2021,358.3774329,2021,7,183
era5,4/2/2021,350.4706234,2021,7,184
era5,4/3/2021,340.3338433,2021,7,185
era5,4/4/2021,329.0567555,2021,7,186
era5,4/5/2021,318.0692775,2021,7,187
era5,4/6/2021,310.0163224,2021,7,188
era5,4/7/2021,302.8500165,2021,7,189
era5,4/8/2021,293.6166694,2021,7,190
era5,4/9/2021,285.1211728,2021,7,191
era5,4/10/2021,276.3832695,2021,7,192
era5,4/11/2021,266.1661394,2021,7,193
era5,4/12/2021,255.1077774,2021,7,194
era5,4/13/2021,243.7310378,2021,7,195
era5,4/14/2021,235.3070211,2021,7,196
era5,4/15/2021,234.1848299,2021,7,197
era5,4/16/2021,229.245337,2021,7,198
era5,4/17/2021,221.9916722,2021,7,199
era5,4/18/2021,214.642859,2021,7,200
era5,4/19/2021,206.7778837,2021,7,201
era5,4/20/2021,197.2349036,2021,7,202
era5,4/21/2021,189.2141265,2021,7,203
era5,4/22/2021,184.6281365,2021,7,204
era5,4/23/2021,178.4582277,2021,7,205
era5,4/24/2021,171.4268159,2021,7,206
era5,4/25/2021,169.1360732,2021,7,207
era5,4/26/2021,176.6254838,2021,7,208
era5,4/27/2021,177.2362598,2021,7,209
era5,4/28/2021,176.0476789,2021,7,210
era5,4/29/2021,169.9089477,2021,7,211
era5,4/30/2021,160.2067271,2021,7,212
era5,5/1/2021,149.8589962,2021,8,213
era5,5/2/2021,141.5949594,2021,8,214
era5,5/3/2021,135.0444729,2021,8,215
era5,5/4/2021,127.4561338,2021,8,216
era5,5/5/2021,117.9077388,2021,8,217
era5,5/6/2021,107.7547043,2021,8,218
era5,5/7/2021,98.49561038,2021,8,219
era5,5/8/2021,91.4690024,2021,8,220
era5,5/9/2021,85.47259427,2021,8,221
era5,5/10/2021,80.97618585,2021,8,222
era5,5/11/2021,76.46643147,2021,8,223
era5,5/12/2021,71.45321471,2021,8,224
era5,5/13/2021,65.64180072,2021,8,225
era5,5/14/2021,59.77642856,2021,8,226
era5,5/15/2021,55.08494705,2021,8,227
era5,5/16/2021,52.68082802,2021,8,228
era5,5/17/2021,50.3550537,2021,8,229
era5,5/18/2021,47.01744029,2021,8,230
era5,5/19/2021,43.70541838,2021,8,231
era5,5/20/2021,40.99984176,2021,8,232
era5,5/21/2021,41.15523046,2021,8,233
era5,5/22/2021,44.52810767,2021,8,234
era5,5/23/2021,44.45997441,2021,8,235
era5,5/24/2021,42.5114036,2021,8,236
era5,5/25/2021,38.91585615,2021,8,237
era5,5/26/2021,36.34254494,2021,8,238
era5,5/27/2021,34.13983394,2021,8,239
era5,5/28/2021,31.25944715,2021,8,240
era5,5/29/2021,28.03250871,2021,8,241
era5,5/30/2021,24.72538769,2021,8,242
era5,5/31/2021,21.16157471,2021,8,243
era5,6/1/2021,17.95236059,2021,9,244
era5,6/2/2021,14.67197382,2021,9,245
era5,6/3/2021,10.63924735,2021,9,246
era5,6/4/2021,7.445746561,2021,9,247
era5,6/5/2021,4.7338715,2021,9,248
era5,6/6/2021,2.670761853,2021,9,249
era5,6/7/2021,1.178527482,2021,9,250
era5,6/8/2021,0.368104471,2021,9,251
era5,6/9/2021,0,2021,9,252
era5,6/10/2021,0,2021,9,253
era5,6/11/2021,0,2021,9,254
era5,6/12/2021,0,2021,9,255
era5,6/13/2021,0,2021,9,256
era5,6/14/2021,0,2021,9,257
era5,6/15/2021,0,2021,9,258
era5,6/16/2021,0,2021,9,259
era5,6/17/2021,0,2021,9,260
era5,6/18/2021,0,2021,9,261
era5,6/19/2021,0,2021,9,262
era5,6/20/2021,0,2021,9,263
era5,6/21/2021,0,2021,9,264
era5,6/22/2021,0,2021,9,265
era5,6/23/2021,0,2021,9,266
era5,6/24/2021,0,2021,9,267
era5,6/25/2021,0,2021,9,268
era5,6/26/2021,0,2021,9,269
era5,6/27/2021,0,2021,9,270
era5,6/28/2021,0,2021,9,271
era5,6/29/2021,0,2021,9,272
era5,6/30/2021,0,2021,9,273
era5,7/1/2021,0,2021,10,274
era5,7/2/2021,0,2021,10,275
era5,7/3/2021,0,2021,10,276
era5,7/4/2021,0,2021,10,277
era5,7/5/2021,0,2021,10,278
era5,7/6/2021,0,2021,10,279
era5,7/7/2021,0,2021,10,280
era5,7/8/2021,0,2021,10,281
era5,7/9/2021,0,2021,10,282
era5,7/10/2021,0,2021,10,283
era5,7/11/2021,0,2021,10,284
era5,7/12/2021,0,2021,10,285
era5,7/13/2021,0,2021,10,286
era5,7/14/2021,0,2021,10,287
era5,7/15/2021,0,2021,10,288
era5,7/16/2021,0,2021,10,289
era5,7/17/2021,0,2021,10,290
era5,7/18/2021,0,2021,10,291
era5,7/19/2021,0,2021,10,292
era5,7/20/2021,0,2021,10,293
era5,7/21/2021,0,2021,10,294
era5,7/22/2021,0,2021,10,295
era5,7/23/2021,0,2021,10,296
era5,7/24/2021,0,2021,10,297
era5,7/25/2021,0,2021,10,298
era5,7/26/2021,0,2021,10,299
era5,7/27/2021,0,2021,10,300
era5,7/28/2021,0,2021,10,301
era5,7/29/2021,0,2021,10,302
era5,7/30/2021,0,2021,10,303
era5,7/31/2021,0,2021,10,304
era5,8/1/2021,0,2021,11,305
era5,8/2/2021,0,2021,11,306
era5,8/3/2021,0,2021,11,307
era5,8/4/2021,0,2021,11,308
era5,8/5/2021,0,2021,11,309
era5,8/6/2021,0,2021,11,310
era5,8/7/2021,0,2021,11,311
era5,8/8/2021,0,2021,11,312
era5,8/9/2021,0,2021,11,313
era5,8/10/2021,0,2021,11,314
era5,8/11/2021,0,2021,11,315
era5,8/12/2021,0,2021,11,316
era5,8/13/2021,0,2021,11,317
era5,8/14/2021,0,2021,11,318
era5,8/15/2021,0,2021,11,319
era5,8/16/2021,0,2021,11,320
era5,8/17/2021,0,2021,11,321
era5,8/18/2021,0,2021,11,322
era5,8/19/2021,0,2021,11,323
era5,8/20/2021,0,2021,11,324
era5,8/21/2021,0,2021,11,325
era5,8/22/2021,0,2021,11,326
era5,8/23/2021,0,2021,11,327
era5,8/24/2021,0,2021,11,328
era5,8/25/2021,0,2021,11,329
era5,8/26/2021,0,2021,11,330
era5,8/27/2021,0,2021,11,331
era5,8/28/2021,0,2021,11,332
era5,8/29/2021,0,2021,11,333
era5,8/30/2021,0,2021,11,334
era5,8/31/2021,0,2021,11,335
