date,water_year,water_month,water_day,swe_mm
10/1/1985,1986,1,1,0
10/2/1985,1986,1,2,0
10/3/1985,1986,1,3,0
10/4/1985,1986,1,4,0
10/5/1985,1986,1,5,0
10/6/1985,1986,1,6,0
10/7/1985,1986,1,7,0
10/8/1985,1986,1,8,0
10/9/1985,1986,1,9,13.97
10/10/1985,1986,1,10,11.43
10/11/1985,1986,1,11,11.43
10/12/1985,1986,1,12,10.16
10/13/1985,1986,1,13,10.16
10/14/1985,1986,1,14,10.16
10/15/1985,1986,1,15,10.16
10/16/1985,1986,1,16,10.16
10/17/1985,1986,1,17,0
10/18/1985,1986,1,18,0
10/19/1985,1986,1,19,0
10/20/1985,1986,1,20,0
10/21/1985,1986,1,21,5.08
10/22/1985,1986,1,22,19.812
10/23/1985,1986,1,23,21.844
10/24/1985,1986,1,24,22.352
10/25/1985,1986,1,25,21.844
10/26/1985,1986,1,26,15.748
10/27/1985,1986,1,27,15.748
10/28/1985,1986,1,28,14.732
10/29/1985,1986,1,29,12.7
10/30/1985,1986,1,30,9.144
10/31/1985,1986,1,31,8.128
11/1/1985,1986,2,32,8.128
11/2/1985,1986,2,33,8.128
11/3/1985,1986,2,34,8.128
11/4/1985,1986,2,35,8.128
11/5/1985,1986,2,36,8.128
11/6/1985,1986,2,37,8.128
11/7/1985,1986,2,38,6.773333333
11/8/1985,1986,2,39,5.926666667
11/9/1985,1986,2,40,3.951111111
11/10/1985,1986,2,41,6.652380952
11/11/1985,1986,2,42,49.06818182
11/12/1985,1986,2,43,61.29130435
11/13/1985,1986,2,44,68.69043478
11/14/1985,1986,2,45,71.56173913
11/15/1985,1986,2,46,69.00333333
11/16/1985,1986,2,47,73.13083333
11/17/1985,1986,2,48,75.98833333
11/18/1985,1986,2,49,78.52833333
11/19/1985,1986,2,50,80.43333333
11/20/1985,1986,2,51,83.9216
11/21/1985,1986,2,52,87.884
11/22/1985,1986,2,53,89.6112
11/23/1985,1986,2,54,88.41153846
11/24/1985,1986,2,55,100.7207692
11/25/1985,1986,2,56,161.5830769
11/26/1985,1986,2,57,169.0076923
11/27/1985,1986,2,58,173.8923077
11/28/1985,1986,2,59,182.7823077
11/29/1985,1986,2,60,206.7169231
11/30/1985,1986,2,61,240.3230769
12/1/1985,1986,3,62,246.0869231
12/2/1985,1986,3,63,268.2630769
12/3/1985,1986,3,64,310.9546154
12/4/1985,1986,3,65,321.1146154
12/5/1985,1986,3,66,321.1146154
12/6/1985,1986,3,67,322.8730769
12/7/1985,1986,3,68,324.6315385
12/8/1985,1986,3,69,329.0276923
12/9/1985,1986,3,70,329.2230769
12/10/1985,1986,3,71,330.2
12/11/1985,1986,3,72,331.5676923
12/12/1985,1986,3,73,332.2515385
12/13/1985,1986,3,74,332.2515385
12/14/1985,1986,3,75,332.1538462
12/15/1985,1986,3,76,331.6653846
12/16/1985,1986,3,77,331.6653846
12/17/1985,1986,3,78,331.1769231
12/18/1985,1986,3,79,331.2746154
12/19/1985,1986,3,80,330.7861538
12/20/1985,1986,3,81,330.2
12/21/1985,1986,3,82,329.6138462
12/22/1985,1986,3,83,329.2230769
12/23/1985,1986,3,84,328.7346154
12/24/1985,1986,3,85,327.8553846
12/25/1985,1986,3,86,327.3669231
12/26/1985,1986,3,87,327.1715385
12/27/1985,1986,3,88,327.3669231
12/28/1985,1986,3,89,327.3669231
12/29/1985,1986,3,90,327.9530769
12/30/1985,1986,3,91,337.9176923
12/31/1985,1986,3,92,345.5376923
1/1/1986,1986,4,93,348.1916667
1/2/1986,1986,4,94,348.7208333
1/3/1986,1986,4,95,349.0383333
1/4/1986,1986,4,96,352.6366667
1/5/1986,1986,4,97,369.6758333
1/6/1986,1986,4,98,385.0216667
1/7/1986,1986,4,99,384.2808333
1/8/1986,1986,4,100,382.27
1/9/1986,1986,4,101,381
1/10/1986,1986,4,102,379.5183333
1/11/1986,1986,4,103,378.3541667
1/12/1986,1986,4,104,378.5658333
1/13/1986,1986,4,105,377.825
1/14/1986,1986,4,106,376.6608333
1/15/1986,1986,4,107,378.6716667
1/16/1986,1986,4,108,382.905
1/17/1986,1986,4,109,386.9266667
1/18/1986,1986,4,110,389.89
1/19/1986,1986,4,111,389.89
1/20/1986,1986,4,112,389.9958333
1/21/1986,1986,4,113,390.1016667
1/22/1986,1986,4,114,390.2075
1/23/1986,1986,4,115,388.62
1/24/1986,1986,4,116,390.6308333
1/25/1986,1986,4,117,389.0433333
1/26/1986,1986,4,118,387.8791667
1/27/1986,1986,4,119,387.0325
1/28/1986,1986,4,120,385.1275
1/29/1986,1986,4,121,384.9158333
1/30/1986,1986,4,122,398.4625
1/31/1986,1986,4,123,421.1108333
2/1/1986,1986,5,124,431.3766667
2/2/1986,1986,5,125,437.515
2/3/1986,1986,5,126,450.6383333
2/4/1986,1986,5,127,458.7875
2/5/1986,1986,5,128,462.28
2/6/1986,1986,5,129,464.2908333
2/7/1986,1986,5,130,465.8783333
2/8/1986,1986,5,131,467.0425
2/9/1986,1986,5,132,467.5716667
2/10/1986,1986,5,133,468.2066667
2/11/1986,1986,5,134,470.2175
2/12/1986,1986,5,135,473.3925
2/13/1986,1986,5,136,534.8356522
2/14/1986,1986,5,137,566.5304348
2/15/1986,1986,5,138,628.3036364
2/16/1986,1986,5,139,702.31
2/17/1986,1986,5,140,769.7409524
2/18/1986,1986,5,141,839.216
2/19/1986,1986,5,142,899.6438095
2/20/1986,1986,5,143,915.543
2/21/1986,1986,5,144,936.292381
2/22/1986,1986,5,145,940.4047619
2/23/1986,1986,5,146,935.101
2/24/1986,1986,5,147,933.831
2/25/1986,1986,5,148,935.5666667
2/26/1986,1986,5,149,927.354
2/27/1986,1986,5,150,929.0352381
2/28/1986,1986,5,151,923.925
3/1/1986,1986,6,152,920.496
3/2/1986,1986,6,153,920.3266667
3/3/1986,1986,6,154,916.2142857
3/4/1986,1986,6,155,910.287619
3/5/1986,1986,6,156,907.8685714
3/6/1986,1986,6,157,909.32
3/7/1986,1986,6,158,909.1990476
3/8/1986,1986,6,159,927.9466667
3/9/1986,1986,6,160,957.8219048
3/10/1986,1986,6,161,975.4809524
3/11/1986,1986,6,162,1012.250476
3/12/1986,1986,6,163,1024.829524
3/13/1986,1986,6,164,1043.577143
3/14/1986,1986,6,165,1046.721905
3/15/1986,1986,6,166,1052.406667
3/16/1986,1986,6,167,1066.558095
3/17/1986,1986,6,168,1079.258095
3/18/1986,1986,6,169,1083.007619
3/19/1986,1986,6,170,1096.137
3/20/1986,1986,6,171,1093.089
3/21/1986,1986,6,172,1091.057
3/22/1986,1986,6,173,1088.644
3/23/1986,1986,6,174,1081.659
3/24/1986,1986,6,175,1170.601333
3/25/1986,1986,6,176,1165.013333
3/26/1986,1986,6,177,1152.821333
3/27/1986,1986,6,178,1143.846667
3/28/1986,1986,6,179,1134.025333
3/29/1986,1986,6,180,1121.833333
3/30/1986,1986,6,181,1110.657333
3/31/1986,1986,6,182,1095.925333
4/1/1986,1986,7,183,1085.934667
4/2/1986,1986,7,184,1077.976
4/3/1986,1986,7,185,1071.88
4/4/1986,1986,7,186,1063.752
4/5/1986,1986,7,187,1057.994667
4/6/1986,1986,7,188,1055.116
4/7/1986,1986,7,189,1053.253333
4/8/1986,1986,7,190,1053.761333
4/9/1986,1986,7,191,1051.898667
4/10/1986,1986,7,192,1047.326667
4/11/1986,1986,7,193,1041.230667
4/12/1986,1986,7,194,1035.812
4/13/1986,1986,7,195,1032.425333
4/14/1986,1986,7,196,1027.514667
4/15/1986,1986,7,197,1014.645333
4/16/1986,1986,7,198,1013.290667
4/17/1986,1986,7,199,1013.629333
4/18/1986,1986,7,200,1009.226667
4/19/1986,1986,7,201,1001.268
4/20/1986,1986,7,202,990.6
4/21/1986,1986,7,203,975.0213333
4/22/1986,1986,7,204,956.564
4/23/1986,1986,7,205,936.0746667
4/24/1986,1986,7,206,915.5853333
4/25/1986,1986,7,207,899.4986667
4/26/1986,1986,7,208,886.46
4/27/1986,1986,7,209,870.204
4/28/1986,1986,7,210,852.0853333
4/29/1986,1986,7,211,856.3428571
4/30/1986,1986,7,212,834.39
5/1/1986,1986,8,213,669.163
5/2/1986,1986,8,214,685.2652632
5/3/1986,1986,8,215,664.8115789
5/4/1986,1986,8,216,689.7511111
5/5/1986,1986,8,217,729.1294118
5/6/1986,1986,8,218,724.3482353
5/7/1986,1986,8,219,723.4517647
5/8/1986,1986,8,220,765.4925
5/9/1986,1986,8,221,754.22125
5/10/1986,1986,8,222,736.75875
5/11/1986,1986,8,223,768.7733333
5/12/1986,1986,8,224,755.7346667
5/13/1986,1986,8,225,727.1173333
5/14/1986,1986,8,226,702.564
5/15/1986,1986,8,227,676.9946667
5/16/1986,1986,8,228,651.4253333
5/17/1986,1986,8,229,625.6866667
5/18/1986,1986,8,230,601.8106667
5/19/1986,1986,8,231,578.2733333
5/20/1986,1986,8,232,557.4453333
5/21/1986,1986,8,233,587.1028571
5/22/1986,1986,8,234,567.1457143
5/23/1986,1986,8,235,701.5018182
5/24/1986,1986,8,236,683.4909091
5/25/1986,1986,8,237,656.4745455
5/26/1986,1986,8,238,629.92
5/27/1986,1986,8,239,594.8218182
5/28/1986,1986,8,240,559.4927273
5/29/1986,1986,8,241,522.5472727
5/30/1986,1986,8,242,486.7563636
5/31/1986,1986,8,243,457.8927273
6/1/1986,1986,9,244,519.5711111
6/2/1986,1986,9,245,485.14
6/3/1986,1986,9,246,447.04
6/4/1986,1986,9,247,402.4488889
6/5/1986,1986,9,248,414.9725
6/6/1986,1986,9,249,357.505
6/7/1986,1986,9,250,329.2475
6/8/1986,1986,9,251,311.4675
6/9/1986,1986,9,252,279.7175
6/10/1986,1986,9,253,277.5857143
6/11/1986,1986,9,254,233.3171429
6/12/1986,1986,9,255,206.1028571
6/13/1986,1986,9,256,181.7914286
6/14/1986,1986,9,257,153.8514286
6/15/1986,1986,9,258,124.46
6/16/1986,1986,9,259,138.684
6/17/1986,1986,9,260,123.6133333
6/18/1986,1986,9,261,90.59333333
6/19/1986,1986,9,262,58.42
6/20/1986,1986,9,263,55.88
6/21/1986,1986,9,264,43.18
6/22/1986,1986,9,265,15.24
6/23/1986,1986,9,266,2.54
6/24/1986,1986,9,267,0
6/25/1986,1986,9,268,0
6/26/1986,1986,9,269,0
6/27/1986,1986,9,270,0
6/28/1986,1986,9,271,0
6/29/1986,1986,9,272,0
6/30/1986,1986,9,273,0
7/1/1986,1986,10,274,0
7/2/1986,1986,10,275,0
7/3/1986,1986,10,276,0
7/4/1986,1986,10,277,0
7/5/1986,1986,10,278,0
7/6/1986,1986,10,279,0
7/7/1986,1986,10,280,0
7/8/1986,1986,10,281,0
7/9/1986,1986,10,282,0
7/10/1986,1986,10,283,0
7/11/1986,1986,10,284,0
7/12/1986,1986,10,285,0
7/13/1986,1986,10,286,0
7/14/1986,1986,10,287,0
7/15/1986,1986,10,288,0
7/16/1986,1986,10,289,0
7/17/1986,1986,10,290,0
7/18/1986,1986,10,291,0
7/19/1986,1986,10,292,0
7/20/1986,1986,10,293,0
7/21/1986,1986,10,294,0
7/22/1986,1986,10,295,0
7/23/1986,1986,10,296,0
7/24/1986,1986,10,297,0
7/25/1986,1986,10,298,0
7/26/1986,1986,10,299,0
7/27/1986,1986,10,300,0
7/28/1986,1986,10,301,0
7/29/1986,1986,10,302,0
7/30/1986,1986,10,303,0
7/31/1986,1986,10,304,0
8/1/1986,1986,11,305,0
8/2/1986,1986,11,306,0
8/3/1986,1986,11,307,0
8/4/1986,1986,11,308,0
8/5/1986,1986,11,309,0
8/6/1986,1986,11,310,0
8/7/1986,1986,11,311,0
8/8/1986,1986,11,312,0
8/9/1986,1986,11,313,0
8/10/1986,1986,11,314,0
8/11/1986,1986,11,315,0
8/12/1986,1986,11,316,0
8/13/1986,1986,11,317,0
8/14/1986,1986,11,318,0
8/15/1986,1986,11,319,0
8/16/1986,1986,11,320,0
8/17/1986,1986,11,321,0
8/18/1986,1986,11,322,0
8/19/1986,1986,11,323,0
8/20/1986,1986,11,324,0
8/21/1986,1986,11,325,0
8/22/1986,1986,11,326,0
8/23/1986,1986,11,327,0
8/24/1986,1986,11,328,0
8/25/1986,1986,11,329,0
8/26/1986,1986,11,330,0
8/27/1986,1986,11,331,0
8/28/1986,1986,11,332,0
8/29/1986,1986,11,333,0
8/30/1986,1986,11,334,0
8/31/1986,1986,11,335,0
9/1/1986,1986,12,336,0
9/2/1986,1986,12,337,0
9/3/1986,1986,12,338,0
9/4/1986,1986,12,339,0
9/5/1986,1986,12,340,0
9/6/1986,1986,12,341,0
9/7/1986,1986,12,342,0
9/8/1986,1986,12,343,0
9/9/1986,1986,12,344,0
9/10/1986,1986,12,345,0
9/11/1986,1986,12,346,0
9/12/1986,1986,12,347,0
9/13/1986,1986,12,348,0
9/14/1986,1986,12,349,0
9/15/1986,1986,12,350,0
9/16/1986,1986,12,351,0
9/17/1986,1986,12,352,0
9/18/1986,1986,12,353,0
9/19/1986,1986,12,354,0
9/20/1986,1986,12,355,0
9/21/1986,1986,12,356,0
9/22/1986,1986,12,357,0
9/23/1986,1986,12,358,0
9/24/1986,1986,12,359,0
9/25/1986,1986,12,360,0
9/26/1986,1986,12,361,0
9/27/1986,1986,12,362,0
9/28/1986,1986,12,363,0
9/29/1986,1986,12,364,0
9/30/1986,1986,12,365,0
10/1/1986,1987,1,1,0
10/14/1986,1987,1,14,236.22
10/16/1986,1987,1,16,236.22
10/17/1986,1987,1,17,236.22
10/18/1986,1987,1,18,130.81
10/19/1986,1987,1,19,120.65
10/20/1986,1987,1,20,130.81
10/21/1986,1987,1,21,138.43
10/22/1986,1987,1,22,128.27
10/26/1986,1987,1,26,55.88
10/27/1986,1987,1,27,15.24
10/28/1986,1987,1,28,20.32
10/29/1986,1987,1,29,10.16
10/30/1986,1987,1,30,55.88
10/31/1986,1987,1,31,20.32
11/1/1986,1987,2,32,20.32
11/2/1986,1987,2,33,0
11/13/1986,1987,2,44,0
11/14/1986,1987,2,45,20.32
11/15/1986,1987,2,46,39.37
11/16/1986,1987,2,47,60.96
11/17/1986,1987,2,48,36.83
11/18/1986,1987,2,49,41.91
11/19/1986,1987,2,50,43.18
11/20/1986,1987,2,51,43.18
11/21/1986,1987,2,52,43.18
11/22/1986,1987,2,53,43.18
11/23/1986,1987,2,54,42.545
11/24/1986,1987,2,55,42.545
11/25/1986,1987,2,56,42.545
11/26/1986,1987,2,57,41.91
11/27/1986,1987,2,58,41.91
11/28/1986,1987,2,59,42.545
11/29/1986,1987,2,60,42.545
11/30/1986,1987,2,61,34.544
12/1/1986,1987,3,62,36.068
12/2/1986,1987,3,63,30.90333333
12/3/1986,1987,3,64,31.75
12/4/1986,1987,3,65,24.13
12/5/1986,1987,3,66,23.32181818
12/6/1986,1987,3,67,26.76769231
12/7/1986,1987,3,68,32.62923077
12/8/1986,1987,3,69,37.70923077
12/9/1986,1987,3,70,36.14615385
12/10/1986,1987,3,71,35.36461538
12/11/1986,1987,3,72,36.53692308
12/12/1986,1987,3,73,35.36461538
12/13/1986,1987,3,74,34.97384615
12/14/1986,1987,3,75,36.34153846
12/15/1986,1987,3,76,36.34153846
12/16/1986,1987,3,77,35.95076923
12/17/1986,1987,3,78,35.75538462
12/18/1986,1987,3,79,35.75538462
12/19/1986,1987,3,80,38.1
12/20/1986,1987,3,81,45.72
12/21/1986,1987,3,82,44.08714286
12/22/1986,1987,3,83,46.08285714
12/23/1986,1987,3,84,46.736
12/24/1986,1987,3,85,50.46133333
12/25/1986,1987,3,86,51.13866667
12/26/1986,1987,3,87,51.13866667
12/27/1986,1987,3,88,50.292
12/28/1986,1987,3,89,49.784
12/29/1986,1987,3,90,49.784
12/30/1986,1987,3,91,49.95333333
12/31/1986,1987,3,92,49.61466667
1/1/1987,1987,4,93,46.31764706
1/2/1987,1987,4,94,51.84588235
1/3/1987,1987,4,95,51.92888889
1/4/1987,1987,4,96,93.41555556
1/5/1987,1987,4,97,109.22
1/6/1987,1987,4,98,114.1588889
1/7/1987,1987,4,99,120.5088889
1/8/1987,1987,4,100,122.3433333
1/9/1987,1987,4,101,122.9077778
1/10/1987,1987,4,102,123.0488889
1/11/1987,1987,4,103,122.0611111
1/12/1987,1987,4,104,122.2022222
1/13/1987,1987,4,105,121.92
1/14/1987,1987,4,106,121.3555556
1/15/1987,1987,4,107,121.2144444
1/16/1987,1987,4,108,120.65
1/17/1987,1987,4,109,120.7911111
1/18/1987,1987,4,110,120.2266667
1/19/1987,1987,4,111,119.9444444
1/20/1987,1987,4,112,118.8155556
1/21/1987,1987,4,113,118.11
1/22/1987,1987,4,114,117.6866667
1/23/1987,1987,4,115,117.2633333
1/24/1987,1987,4,116,117.9688889
1/25/1987,1987,4,117,120.65
1/26/1987,1987,4,118,123.0488889
1/27/1987,1987,4,119,124.0366667
1/28/1987,1987,4,120,131.7977778
1/29/1987,1987,4,121,140.97
1/30/1987,1987,4,122,141.3933333
1/31/1987,1987,4,123,142.9455556
2/1/1987,1987,5,124,144.3566667
2/2/1987,1987,5,125,144.78
2/3/1987,1987,5,126,145.7677778
2/4/1987,1987,5,127,148.59
2/5/1987,1987,5,128,148.59
2/6/1987,1987,5,129,148.4488889
2/7/1987,1987,5,130,148.4488889
2/8/1987,1987,5,131,148.1666667
2/9/1987,1987,5,132,149.4366667
2/10/1987,1987,5,133,152.9644444
2/11/1987,1987,5,134,159.8788889
2/12/1987,1987,5,135,165.9466667
2/13/1987,1987,5,136,195.1566667
2/14/1987,1987,5,137,246.2388889
2/15/1987,1987,5,138,258.5155556
2/16/1987,1987,5,139,267.8288889
2/17/1987,1987,5,140,268.9577778
2/18/1987,1987,5,141,268.3933333
2/19/1987,1987,5,142,268.1111111
2/20/1987,1987,5,143,268.1111111
2/21/1987,1987,5,144,267.5466667
2/22/1987,1987,5,145,265.9944444
2/23/1987,1987,5,146,267.4055556
2/24/1987,1987,5,147,285.0444444
2/25/1987,1987,5,148,290.4066667
2/26/1987,1987,5,149,292.9466667
2/27/1987,1987,5,150,294.4988889
2/28/1987,1987,5,151,295.0633333
3/1/1987,1987,6,152,294.7811111
3/2/1987,1987,6,153,294.64
3/3/1987,1987,6,154,294.64
3/4/1987,1987,6,155,294.7811111
3/5/1987,1987,6,156,297.18
3/6/1987,1987,6,157,329.9177778
3/7/1987,1987,6,158,339.7955556
3/8/1987,1987,6,159,343.1822222
3/9/1987,1987,6,160,343.7466667
3/10/1987,1987,6,161,343.1822222
3/11/1987,1987,6,162,344.5933333
3/12/1987,1987,6,163,345.44
3/13/1987,1987,6,164,352.3544444
3/14/1987,1987,6,165,359.1277778
3/15/1987,1987,6,166,383.3988889
3/16/1987,1987,6,167,388.9022222
3/17/1987,1987,6,168,390.4544444
3/18/1987,1987,6,169,392.0066667
3/19/1987,1987,6,170,394.4055556
3/20/1987,1987,6,171,396.5222222
3/21/1987,1987,6,172,398.3566667
3/22/1987,1987,6,173,408.6577778
3/23/1987,1987,6,174,416.1366667
3/24/1987,1987,6,175,424.6033333
3/25/1987,1987,6,176,430.1066667
3/26/1987,1987,6,177,427.99
3/27/1987,1987,6,178,428.5544444
3/28/1987,1987,6,179,426.5788889
3/29/1987,1987,6,180,424.4622222
3/30/1987,1987,6,181,421.9222222
3/31/1987,1987,6,182,418.2533333
4/1/1987,1987,7,183,412.3266667
4/2/1987,1987,7,184,405.8355556
4/3/1987,1987,7,185,403.0133333
4/4/1987,1987,7,186,399.9088889
4/5/1987,1987,7,187,397.3688889
4/6/1987,1987,7,188,392.8533333
4/7/1987,1987,7,189,386.2211111
4/8/1987,1987,7,190,376.3433333
4/9/1987,1987,7,191,363.3611111
4/10/1987,1987,7,192,348.8266667
4/11/1987,1987,7,193,334.4333333
4/12/1987,1987,7,194,323.4266667
4/13/1987,1987,7,195,309.1744444
4/14/1987,1987,7,196,296.1922222
4/15/1987,1987,7,197,299.72
4/16/1987,1987,7,198,283.1352941
4/17/1987,1987,7,199,284.63875
4/18/1987,1987,7,200,266.065
4/19/1987,1987,7,201,249.39625
4/20/1987,1987,7,202,255.8626667
4/21/1987,1987,7,203,257.4471429
4/22/1987,1987,7,204,240.3928571
4/23/1987,1987,7,205,219.71
4/24/1987,1987,7,206,204.2885714
4/25/1987,1987,7,207,187.5971429
4/26/1987,1987,7,208,227.2145455
4/27/1987,1987,7,209,236.22
4/28/1987,1987,7,210,247.7911111
4/29/1987,1987,7,211,267.0175
4/30/1987,1987,7,212,253.0475
5/1/1987,1987,8,213,248.92
5/2/1987,1987,8,214,243.205
5/3/1987,1987,8,215,230.8225
5/4/1987,1987,8,216,242.3885714
5/5/1987,1987,8,217,217.7142857
5/6/1987,1987,8,218,193.4028571
5/7/1987,1987,8,219,168.0028571
5/8/1987,1987,8,220,148.0457143
5/9/1987,1987,8,221,128.0885714
5/10/1987,1987,8,222,138.0066667
5/11/1987,1987,8,223,149.86
5/12/1987,1987,8,224,120.904
5/13/1987,1987,8,225,104.14
5/14/1987,1987,8,226,87.376
5/15/1987,1987,8,227,127.8466667
5/16/1987,1987,8,228,118.5333333
5/17/1987,1987,8,229,99.90666667
5/18/1987,1987,8,230,84.66666667
5/19/1987,1987,8,231,77.89333333
5/20/1987,1987,8,232,55.03333333
5/21/1987,1987,8,233,92.71
5/22/1987,1987,8,234,87.63
5/23/1987,1987,8,235,66.04
5/24/1987,1987,8,236,44.45
5/25/1987,1987,8,237,24.13
5/26/1987,1987,8,238,38.1
5/27/1987,1987,8,239,27.94
5/28/1987,1987,8,240,17.78
5/29/1987,1987,8,241,10.16
5/30/1987,1987,8,242,0
6/1/1987,1987,9,244,0
7/1/1987,1987,10,274,0
8/1/1987,1987,11,305,0
9/1/1987,1987,12,336,0
10/1/1987,1988,1,1,0
10/2/1987,1988,1,2,0
10/3/1987,1988,1,3,0
10/4/1987,1988,1,4,0
10/5/1987,1988,1,5,0
10/6/1987,1988,1,6,0
10/7/1987,1988,1,7,0
10/8/1987,1988,1,8,0
10/9/1987,1988,1,9,0
10/10/1987,1988,1,10,0
10/11/1987,1988,1,11,0
10/12/1987,1988,1,12,0
10/13/1987,1988,1,13,0
10/14/1987,1988,1,14,0
10/15/1987,1988,1,15,0
10/16/1987,1988,1,16,0
10/17/1987,1988,1,17,0
10/18/1987,1988,1,18,0
10/19/1987,1988,1,19,0
10/20/1987,1988,1,20,0
10/21/1987,1988,1,21,0
10/22/1987,1988,1,22,7.62
10/23/1987,1988,1,23,13.335
10/24/1987,1988,1,24,12.7
10/25/1987,1988,1,25,14.39333333
10/26/1987,1988,1,26,15.24
10/27/1987,1988,1,27,16.69142857
10/28/1987,1988,1,28,22.13428571
10/29/1987,1988,1,29,22.5425
10/30/1987,1988,1,30,23.98888889
10/31/1987,1988,1,31,24.892
11/1/1987,1988,2,32,23.91833333
11/2/1987,1988,2,33,28.15166667
11/3/1987,1988,2,34,26.48857143
11/4/1987,1988,2,35,28.956
11/5/1987,1988,2,36,34.37466667
11/6/1987,1988,2,37,40.47066667
11/7/1987,1988,2,38,42.06875
11/8/1987,1988,2,39,43.33875
11/9/1987,1988,2,40,42.2275
11/10/1987,1988,2,41,40.9575
11/11/1987,1988,2,42,40.64
11/12/1987,1988,2,43,37.50235294
11/13/1987,1988,2,44,38.80555556
11/14/1987,1988,2,45,47.05684211
11/15/1987,1988,2,46,48.79473684
11/16/1987,1988,2,47,48.52736842
11/17/1987,1988,2,48,49.86421053
11/18/1987,1988,2,49,55.74631579
11/19/1987,1988,2,50,57.21684211
11/20/1987,1988,2,51,55.118
11/21/1987,1988,2,52,58.166
11/22/1987,1988,2,53,61.468
11/23/1987,1988,2,54,63.627
11/24/1987,1988,2,55,63.246
11/25/1987,1988,2,56,63.119
11/26/1987,1988,2,57,62.865
11/27/1987,1988,2,58,62.865
11/28/1987,1988,2,59,62.103
11/29/1987,1988,2,60,62.103
11/30/1987,1988,2,61,62.103
12/1/1987,1988,3,62,62.50608696
12/2/1987,1988,3,63,64.60434783
12/3/1987,1988,3,64,65.26695652
12/4/1987,1988,3,65,61.1632
12/5/1987,1988,3,66,67.7672
12/6/1987,1988,3,67,71.12
12/7/1987,1988,3,68,91.83076923
12/8/1987,1988,3,69,100.9161538
12/9/1987,1988,3,70,108.1453846
12/10/1987,1988,3,71,110.5876923
12/11/1987,1988,3,72,110.3923077
12/12/1987,1988,3,73,108.5614815
12/13/1987,1988,3,74,110.2548148
12/14/1987,1988,3,75,110.9133333
12/15/1987,1988,3,76,114.5822222
12/16/1987,1988,3,77,122.8607407
12/17/1987,1988,3,78,128.317037
12/18/1987,1988,3,79,130.6688889
12/19/1987,1988,3,80,132.08
12/20/1987,1988,3,81,133.302963
12/21/1987,1988,3,82,135.0903704
12/22/1987,1988,3,83,138.6651852
12/23/1987,1988,3,84,148.637037
12/24/1987,1988,3,85,151.082963
12/25/1987,1988,3,86,157.9684615
12/26/1987,1988,3,87,159.7269231
12/27/1987,1988,3,88,162.1692308
12/28/1987,1988,3,89,169.6915385
12/29/1987,1988,3,90,188.4484615
12/30/1987,1988,3,91,200.7576923
12/31/1987,1988,3,92,206.1307692
1/1/1988,1988,4,93,209.1592308
1/2/1988,1988,4,94,209.1592308
1/3/1988,1988,4,95,218.1469231
1/4/1988,1988,4,96,244.2307692
1/5/1988,1988,4,97,276.0784615
1/6/1988,1988,4,98,296.3007692
1/7/1988,1988,4,99,300.3061538
1/8/1988,1988,4,100,307.7307692
1/9/1988,1988,4,101,311.8338462
1/10/1988,1988,4,102,314.8623077
1/11/1988,1988,4,103,320.2353846
1/12/1988,1988,4,104,323.2638462
1/13/1988,1988,4,105,325.2176923
1/14/1988,1988,4,106,325.9015385
1/15/1988,1988,4,107,330.9815385
1/16/1988,1988,4,108,340.36
1/17/1988,1988,4,109,363.22
1/18/1988,1988,4,110,392.3323077
1/19/1988,1988,4,111,398.8776923
1/20/1988,1988,4,112,399.6592308
1/21/1988,1988,4,113,399.7569231
1/22/1988,1988,4,114,399.4638462
1/23/1988,1988,4,115,399.2684615
1/24/1988,1988,4,116,399.2684615
1/25/1988,1988,4,117,398.78
1/26/1988,1988,4,118,398.78
1/27/1988,1988,4,119,398.5846154
1/28/1988,1988,4,120,398.3892308
1/29/1988,1988,4,121,399.0730769
1/30/1988,1988,4,122,402.4923077
1/31/1988,1988,4,123,403.1761538
2/1/1988,1988,5,124,399.7207407
2/2/1988,1988,5,125,399.7207407
2/3/1988,1988,5,126,400.5674074
2/4/1988,1988,5,127,400.2851852
2/5/1988,1988,5,128,400.097037
2/6/1988,1988,5,129,399.9088889
2/7/1988,1988,5,130,399.8148148
2/8/1988,1988,5,131,400.1911111
2/9/1988,1988,5,132,400.1911111
2/10/1988,1988,5,133,399.3444444
2/11/1988,1988,5,134,399.2503704
2/12/1988,1988,5,135,399.1562963
2/13/1988,1988,5,136,398.9681481
2/14/1988,1988,5,137,398.5918519
2/15/1988,1988,5,138,398.3096296
2/16/1988,1988,5,139,397.8392593
2/17/1988,1988,5,140,397.2748148
2/18/1988,1988,5,141,395.6755556
2/19/1988,1988,5,142,395.5814815
2/20/1988,1988,5,143,394.4525926
2/21/1988,1988,5,144,394.2644444
2/22/1988,1988,5,145,394.3585185
2/23/1988,1988,5,146,392.1007407
2/24/1988,1988,5,147,390.7837037
2/25/1988,1988,5,148,390.1251852
2/26/1988,1988,5,149,388.62
2/27/1988,1988,5,150,388.3377778
2/28/1988,1988,5,151,392.1948148
2/29/1988,1988,5,152,397.9333333
3/1/1988,1988,6,153,408.8459259
3/2/1988,1988,6,154,422.7688889
3/3/1988,1988,6,155,427.8488889
3/4/1988,1988,6,156,428.8837037
3/5/1988,1988,6,157,427.7548148
3/6/1988,1988,6,158,426.9081481
3/7/1988,1988,6,159,425.9674074
3/8/1988,1988,6,160,424.4622222
3/9/1988,1988,6,161,422.5807407
3/10/1988,1988,6,162,421.1696296
3/11/1988,1988,6,163,420.0407407
3/12/1988,1988,6,164,417.2185185
3/13/1988,1988,6,165,412.9851852
3/14/1988,1988,6,166,427.5992308
3/15/1988,1988,6,167,425.8407692
3/16/1988,1988,6,168,424.2776923
3/17/1988,1988,6,169,423.0076923
3/18/1988,1988,6,170,419.5884615
3/19/1988,1988,6,171,416.2669231
3/20/1988,1988,6,172,411.8707692
3/21/1988,1988,6,173,405.5207692
3/22/1988,1988,6,174,399.3661538
3/23/1988,1988,6,175,390.3784615
3/24/1988,1988,6,176,382.6607692
3/25/1988,1988,6,177,371.7192308
3/26/1988,1988,6,178,356.9676923
3/27/1988,1988,6,179,343.7792308
3/28/1988,1988,6,180,333.4238462
3/29/1988,1988,6,181,322.0915385
3/30/1988,1988,6,182,314.5692308
3/31/1988,1988,6,183,317.7032
4/1/1988,1988,7,184,309.4736
4/2/1988,1988,7,185,299.4152
4/3/1988,1988,7,186,300.355
4/4/1988,1988,7,187,292.3116667
4/5/1988,1988,7,188,281.8341667
4/6/1988,1988,7,189,269.1341667
4/7/1988,1988,7,190,257.4925
4/8/1988,1988,7,191,245.6391667
4/9/1988,1988,7,192,244.7234783
4/10/1988,1988,7,193,230.4773913
4/11/1988,1988,7,194,231.3709091
4/12/1988,1988,7,195,222.8272727
4/13/1988,1988,7,196,212.4363636
4/14/1988,1988,7,197,211.6281818
4/15/1988,1988,7,198,224.8504762
4/16/1988,1988,7,199,224.3666667
4/17/1988,1988,7,200,223.52
4/18/1988,1988,7,201,219.7704762
4/19/1988,1988,7,202,223.0361905
4/20/1988,1988,7,203,239.3647619
4/21/1988,1988,7,204,250.492381
4/22/1988,1988,7,205,254.8466667
4/23/1988,1988,7,206,259.5638095
4/24/1988,1988,7,207,260.652381
4/25/1988,1988,7,208,273.685
4/26/1988,1988,7,209,268.859
4/27/1988,1988,7,210,261.366
4/28/1988,1988,7,211,253.492
4/29/1988,1988,7,212,241.3
4/30/1988,1988,7,213,239.0273684
5/1/1988,1988,8,214,250.4722222
5/2/1988,1988,8,215,247.65
5/3/1988,1988,8,216,242.57
5/4/1988,1988,8,217,234.5266667
5/5/1988,1988,8,218,237.8635294
5/6/1988,1988,8,219,230.9905882
5/7/1988,1988,8,220,279.9442857
5/8/1988,1988,8,221,278.3114286
5/9/1988,1988,8,222,275.4085714
5/10/1988,1988,8,223,256.9028571
5/11/1988,1988,8,224,236.9457143
5/12/1988,1988,8,225,214.9928571
5/13/1988,1988,8,226,255.6163636
5/14/1988,1988,8,227,261.874
5/15/1988,1988,8,228,266.7
5/16/1988,1988,8,229,227.4711111
5/17/1988,1988,8,230,215.6177778
5/18/1988,1988,8,231,204.8933333
5/19/1988,1988,8,232,180.9044444
5/20/1988,1988,8,233,180.34
5/21/1988,1988,8,234,160.9725
5/22/1988,1988,8,235,129.2225
5/23/1988,1988,8,236,111.125
5/24/1988,1988,8,237,89.2175
5/25/1988,1988,8,238,83.45714286
5/26/1988,1988,8,239,65.31428571
5/27/1988,1988,8,240,54.79142857
5/28/1988,1988,8,241,35.56
5/29/1988,1988,8,242,45.72
5/30/1988,1988,8,243,42.545
5/31/1988,1988,8,244,44.87333333
6/1/1988,1988,9,245,33.86666667
6/2/1988,1988,9,246,25.4
6/3/1988,1988,9,247,0
6/4/1988,1988,9,248,0
6/5/1988,1988,9,249,0
6/6/1988,1988,9,250,0
6/7/1988,1988,9,251,0
6/8/1988,1988,9,252,0
6/9/1988,1988,9,253,0
6/10/1988,1988,9,254,0
6/11/1988,1988,9,255,0
6/12/1988,1988,9,256,0
6/13/1988,1988,9,257,0
6/14/1988,1988,9,258,0
6/15/1988,1988,9,259,0
6/16/1988,1988,9,260,0
6/17/1988,1988,9,261,0
6/18/1988,1988,9,262,0
6/19/1988,1988,9,263,0
6/20/1988,1988,9,264,0
6/21/1988,1988,9,265,0
6/22/1988,1988,9,266,0
6/23/1988,1988,9,267,0
6/24/1988,1988,9,268,0
6/25/1988,1988,9,269,0
6/26/1988,1988,9,270,0
6/27/1988,1988,9,271,0
6/28/1988,1988,9,272,0
6/29/1988,1988,9,273,0
6/30/1988,1988,9,274,0
7/1/1988,1988,10,275,0
7/2/1988,1988,10,276,0
7/3/1988,1988,10,277,0
7/4/1988,1988,10,278,0
7/5/1988,1988,10,279,0
7/6/1988,1988,10,280,0
7/7/1988,1988,10,281,0
7/8/1988,1988,10,282,0
7/9/1988,1988,10,283,0
7/10/1988,1988,10,284,0
7/11/1988,1988,10,285,0
7/12/1988,1988,10,286,0
7/13/1988,1988,10,287,0
7/14/1988,1988,10,288,0
7/15/1988,1988,10,289,0
7/16/1988,1988,10,290,0
7/17/1988,1988,10,291,0
7/18/1988,1988,10,292,0
7/19/1988,1988,10,293,0
7/20/1988,1988,10,294,0
7/21/1988,1988,10,295,0
7/22/1988,1988,10,296,0
7/23/1988,1988,10,297,0
7/24/1988,1988,10,298,0
7/25/1988,1988,10,299,0
7/26/1988,1988,10,300,0
7/27/1988,1988,10,301,0
7/28/1988,1988,10,302,0
7/29/1988,1988,10,303,0
7/30/1988,1988,10,304,0
7/31/1988,1988,10,305,0
8/1/1988,1988,11,306,0
8/2/1988,1988,11,307,0
8/3/1988,1988,11,308,0
8/4/1988,1988,11,309,0
8/5/1988,1988,11,310,0
8/6/1988,1988,11,311,0
8/7/1988,1988,11,312,0
8/8/1988,1988,11,313,0
8/9/1988,1988,11,314,0
8/10/1988,1988,11,315,0
8/11/1988,1988,11,316,0
8/12/1988,1988,11,317,0
8/13/1988,1988,11,318,0
8/14/1988,1988,11,319,0
8/15/1988,1988,11,320,0
8/16/1988,1988,11,321,0
8/17/1988,1988,11,322,0
8/18/1988,1988,11,323,0
8/19/1988,1988,11,324,0
8/20/1988,1988,11,325,0
8/21/1988,1988,11,326,0
8/22/1988,1988,11,327,0
8/23/1988,1988,11,328,0
8/24/1988,1988,11,329,0
8/25/1988,1988,11,330,0
8/26/1988,1988,11,331,0
8/27/1988,1988,11,332,0
8/28/1988,1988,11,333,0
8/29/1988,1988,11,334,0
8/30/1988,1988,11,335,0
8/31/1988,1988,11,336,0
9/1/1988,1988,12,337,0
9/2/1988,1988,12,338,0
9/3/1988,1988,12,339,0
9/4/1988,1988,12,340,0
9/5/1988,1988,12,341,0
9/6/1988,1988,12,342,0
9/7/1988,1988,12,343,0
9/8/1988,1988,12,344,0
9/9/1988,1988,12,345,0
9/10/1988,1988,12,346,0
9/11/1988,1988,12,347,0
9/12/1988,1988,12,348,0
9/13/1988,1988,12,349,0
9/14/1988,1988,12,350,0
9/15/1988,1988,12,351,0
9/16/1988,1988,12,352,0
9/17/1988,1988,12,353,0
9/18/1988,1988,12,354,0
9/19/1988,1988,12,355,0
9/20/1988,1988,12,356,0
9/21/1988,1988,12,357,0
9/22/1988,1988,12,358,0
9/23/1988,1988,12,359,0
9/24/1988,1988,12,360,0
9/25/1988,1988,12,361,0
9/26/1988,1988,12,362,0
9/27/1988,1988,12,363,0
9/28/1988,1988,12,364,0
9/29/1988,1988,12,365,0
9/30/1988,1988,12,366,0
10/1/1988,1989,1,1,0
10/2/1988,1989,1,2,0
10/3/1988,1989,1,3,0
10/4/1988,1989,1,4,0
10/5/1988,1989,1,5,0
10/6/1988,1989,1,6,0
10/7/1988,1989,1,7,0
10/8/1988,1989,1,8,0
10/9/1988,1989,1,9,0
10/10/1988,1989,1,10,0
10/11/1988,1989,1,11,0
10/12/1988,1989,1,12,0
10/13/1988,1989,1,13,0
10/14/1988,1989,1,14,0
10/15/1988,1989,1,15,0
10/16/1988,1989,1,16,0
10/17/1988,1989,1,17,0
10/18/1988,1989,1,18,0
10/19/1988,1989,1,19,0
10/20/1988,1989,1,20,0
10/21/1988,1989,1,21,0
10/22/1988,1989,1,22,0
10/23/1988,1989,1,23,0
10/24/1988,1989,1,24,0
10/25/1988,1989,1,25,0
10/26/1988,1989,1,26,0
10/27/1988,1989,1,27,0
10/28/1988,1989,1,28,0
10/29/1988,1989,1,29,0
10/30/1988,1989,1,30,0
10/31/1988,1989,1,31,0
11/1/1988,1989,2,32,0
11/2/1988,1989,2,33,15.24
11/3/1988,1989,2,34,15.24
11/4/1988,1989,2,35,15.24
11/5/1988,1989,2,36,5.08
11/6/1988,1989,2,37,11.85333333
11/7/1988,1989,2,38,13.54666667
11/8/1988,1989,2,39,15.24
11/9/1988,1989,2,40,6.35
11/10/1988,1989,2,41,11.57111111
11/11/1988,1989,2,42,16.51
11/12/1988,1989,2,43,24.384
11/13/1988,1989,2,44,19.84375
11/14/1988,1989,2,45,47.14875
11/15/1988,1989,2,46,52.14470588
11/16/1988,1989,2,47,54.68470588
11/17/1988,1989,2,48,65.44235294
11/18/1988,1989,2,49,68.72941176
11/19/1988,1989,2,50,71.12
11/20/1988,1989,2,51,71.12
11/21/1988,1989,2,52,70.97058824
11/22/1988,1989,2,53,67.31
11/23/1988,1989,2,54,78.03444444
11/24/1988,1989,2,55,95.504
11/25/1988,1989,2,56,110.744
11/26/1988,1989,2,57,119.253
11/27/1988,1989,2,58,123.444
11/28/1988,1989,2,59,124.333
11/29/1988,1989,2,60,123.825
11/30/1988,1989,2,61,123.571
12/1/1988,1989,3,62,124.5754545
12/2/1988,1989,3,63,124.2290909
12/3/1988,1989,3,64,123.7672727
12/4/1988,1989,3,65,123.19
12/5/1988,1989,3,66,122.7281818
12/6/1988,1989,3,67,122.3818182
12/7/1988,1989,3,68,121.92
12/8/1988,1989,3,69,121.6890909
12/9/1988,1989,3,70,121.2272727
12/10/1988,1989,3,71,120.7654545
12/11/1988,1989,3,72,120.3036364
12/12/1988,1989,3,73,119.9572727
12/13/1988,1989,3,74,119.6109091
12/14/1988,1989,3,75,119.1490909
12/15/1988,1989,3,76,119.0336364
12/16/1988,1989,3,77,120.4190909
12/17/1988,1989,3,78,122.7281818
12/18/1988,1989,3,79,127
12/19/1988,1989,3,80,131.5027273
12/20/1988,1989,3,81,136.5827273
12/21/1988,1989,3,82,163.1372727
12/22/1988,1989,3,83,173.2972727
12/23/1988,1989,3,84,196.7345455
12/24/1988,1989,3,85,219.4790909
12/25/1988,1989,3,86,266.7
12/26/1988,1989,3,87,276.86
12/27/1988,1989,3,88,282.8636364
12/28/1988,1989,3,89,287.9436364
12/29/1988,1989,3,90,290.4836364
12/30/1988,1989,3,91,292.3309091
12/31/1988,1989,3,92,297.7572727
1/1/1989,1989,4,93,299.0361538
1/2/1989,1989,4,94,300.5015385
1/3/1989,1989,4,95,301.0876923
1/4/1989,1989,4,96,301.5761538
1/5/1989,1989,4,97,304.3115385
1/6/1989,1989,4,98,331.6653846
1/7/1989,1989,4,99,339.4807692
1/8/1989,1989,4,100,343.1930769
1/9/1989,1989,4,101,343.5838462
1/10/1989,1989,4,102,344.9515385
1/11/1989,1989,4,103,346.8076923
1/12/1989,1989,4,104,348.9569231
1/13/1989,1989,4,105,349.25
1/14/1989,1989,4,106,348.9569231
1/15/1989,1989,4,107,349.25
1/16/1989,1989,4,108,348.9569231
1/17/1989,1989,4,109,348.9569231
1/18/1989,1989,4,110,348.6638462
1/19/1989,1989,4,111,348.5661538
1/20/1989,1989,4,112,355.7881481
1/21/1989,1989,4,113,355.5059259
1/22/1989,1989,4,114,355.5059259
1/23/1989,1989,4,115,354.9414815
1/24/1989,1989,4,116,356.1442857
1/25/1989,1989,4,117,355.7814286
1/26/1989,1989,4,118,355.7814286
1/27/1989,1989,4,119,355.4185714
1/28/1989,1989,4,120,355.1464286
1/29/1989,1989,4,121,355.0557143
1/30/1989,1989,4,122,354.6928571
1/31/1989,1989,4,123,354.6021429
2/1/1989,1989,5,124,358.0580645
2/2/1989,1989,5,125,365.1864516
2/3/1989,1989,5,126,374.3632258
2/4/1989,1989,5,127,413.856129
2/5/1989,1989,5,128,430.8167742
2/6/1989,1989,5,129,434.9954839
2/7/1989,1989,5,130,439.9116129
2/8/1989,1989,5,131,443.1070968
2/9/1989,1989,5,132,462.6896774
2/10/1989,1989,5,133,471.6206452
2/11/1989,1989,5,134,475.4716129
2/12/1989,1989,5,135,478.6670968
2/13/1989,1989,5,136,480.1419355
2/14/1989,1989,5,137,480.1419355
2/15/1989,1989,5,138,479.7322581
2/16/1989,1989,5,139,479.3225806
2/17/1989,1989,5,140,478.9948387
2/18/1989,1989,5,141,479.896129
2/19/1989,1989,5,142,481.4529032
2/20/1989,1989,5,143,482.9277419
2/21/1989,1989,5,144,482.6
2/22/1989,1989,5,145,481.8625806
2/23/1989,1989,5,146,480.9612903
2/24/1989,1989,5,147,478.6670968
2/25/1989,1989,5,148,476.8645161
2/26/1989,1989,5,149,476.8645161
2/27/1989,1989,5,150,474.1606452
2/28/1989,1989,5,151,472.603871
3/1/1989,1989,6,152,472.276129
3/2/1989,1989,6,153,491.7767742
3/3/1989,1989,6,154,528.5658065
3/4/1989,1989,6,155,540.2825806
3/5/1989,1989,6,156,543.8058065
3/6/1989,1989,6,157,547.1651613
3/7/1989,1989,6,158,551.4258065
3/8/1989,1989,6,159,552.0812903
3/9/1989,1989,6,160,556.5058065
3/10/1989,1989,6,161,556.9154839
3/11/1989,1989,6,162,555.9322581
3/12/1989,1989,6,163,554.8670968
3/13/1989,1989,6,164,553.2283871
3/14/1989,1989,6,165,550.7703226
3/15/1989,1989,6,166,549.5412903
3/16/1989,1989,6,167,547.3290323
3/17/1989,1989,6,168,552.3270968
3/18/1989,1989,6,169,555.2767742
3/19/1989,1989,6,170,558.4722581
3/20/1989,1989,6,171,558.2264516
3/21/1989,1989,6,172,553.72
3/22/1989,1989,6,173,549.8690323
3/23/1989,1989,6,174,543.480625
3/24/1989,1989,6,175,539.670625
3/25/1989,1989,6,176,548.560625
3/26/1989,1989,6,177,565.070625
3/27/1989,1989,6,178,566.89625
3/28/1989,1989,6,179,568.086875
3/29/1989,1989,6,180,563.324375
3/30/1989,1989,6,181,557.450625
3/31/1989,1989,6,182,550.70375
4/1/1989,1989,7,183,544.195
4/2/1989,1989,7,184,555.1948387
4/3/1989,1989,7,185,547.3290323
4/4/1989,1989,7,186,551.617931
4/5/1989,1989,7,187,536.7282759
4/6/1989,1989,7,188,523.1492857
4/7/1989,1989,7,189,506.6392857
4/8/1989,1989,7,190,483.0535714
4/9/1989,1989,7,191,480.6244444
4/10/1989,1989,7,192,458.9874074
4/11/1989,1989,7,193,438.0088889
4/12/1989,1989,7,194,415.0548148
4/13/1989,1989,7,195,413.8246154
4/14/1989,1989,7,196,391.8438462
4/15/1989,1989,7,197,384.6576
4/16/1989,1989,7,198,397.0130435
4/17/1989,1989,7,199,397.6254545
4/18/1989,1989,7,200,396.8447619
4/19/1989,1989,7,201,378.8228571
4/20/1989,1989,7,202,377.063
4/21/1989,1989,7,203,359.156
4/22/1989,1989,7,204,366.4284211
4/23/1989,1989,7,205,379.4477778
4/24/1989,1989,7,206,410.7329412
4/25/1989,1989,7,207,415.0658824
4/26/1989,1989,7,208,418.0541176
4/27/1989,1989,7,209,417.6058824
4/28/1989,1989,7,210,416.4105882
4/29/1989,1989,7,211,411.48
4/30/1989,1989,7,212,401.32
5/1/1989,1989,8,213,389.2176471
5/2/1989,1989,8,214,374.2764706
5/3/1989,1989,8,215,404.368
5/4/1989,1989,8,216,440.9830769
5/5/1989,1989,8,217,416.3646154
5/6/1989,1989,8,218,388.4246154
5/7/1989,1989,8,219,400.05
5/8/1989,1989,8,220,372.745
5/9/1989,1989,8,221,384.0018182
5/10/1989,1989,8,222,383.54
5/11/1989,1989,8,223,383.3090909
5/12/1989,1989,8,224,385.8490909
5/13/1989,1989,8,225,380.5381818
5/14/1989,1989,8,226,418.084
5/15/1989,1989,8,227,414.782
5/16/1989,1989,8,228,408.94
5/17/1989,1989,8,229,386.842
5/18/1989,1989,8,230,347.726
5/19/1989,1989,8,231,322.326
5/20/1989,1989,8,232,297.688
5/21/1989,1989,8,233,266.446
5/22/1989,1989,8,234,235.712
5/23/1989,1989,8,235,207.518
5/24/1989,1989,8,236,243.205
5/25/1989,1989,8,237,228.2825
5/26/1989,1989,8,238,204.7875
5/27/1989,1989,8,239,177.165
5/28/1989,1989,8,240,176.3485714
5/29/1989,1989,8,241,142.9657143
5/30/1989,1989,8,242,162.1366667
5/31/1989,1989,8,243,220.345
6/1/1989,1989,9,244,178.435
6/2/1989,1989,9,245,154.94
6/3/1989,1989,9,246,128.905
6/4/1989,1989,9,247,155.7866667
6/5/1989,1989,9,248,115.9933333
6/6/1989,1989,9,249,87.20666667
6/7/1989,1989,9,250,60.11333333
6/8/1989,1989,9,251,66.04
6/9/1989,1989,9,252,25.4
6/10/1989,1989,9,253,25.4
6/11/1989,1989,9,254,0
8/1/1989,1989,11,305,0
8/2/1989,1989,11,306,0
8/3/1989,1989,11,307,0
8/4/1989,1989,11,308,0
8/5/1989,1989,11,309,0
8/6/1989,1989,11,310,0
8/7/1989,1989,11,311,0
8/8/1989,1989,11,312,0
8/9/1989,1989,11,313,0
8/10/1989,1989,11,314,0
8/11/1989,1989,11,315,0
8/12/1989,1989,11,316,0
8/13/1989,1989,11,317,0
8/14/1989,1989,11,318,0
8/15/1989,1989,11,319,0
8/16/1989,1989,11,320,0
8/17/1989,1989,11,321,0
8/18/1989,1989,11,322,0
8/19/1989,1989,11,323,0
8/20/1989,1989,11,324,0
8/21/1989,1989,11,325,0
8/22/1989,1989,11,326,0
8/23/1989,1989,11,327,0
8/24/1989,1989,11,328,0
8/25/1989,1989,11,329,0
8/26/1989,1989,11,330,0
8/27/1989,1989,11,331,0
8/28/1989,1989,11,332,0
8/29/1989,1989,11,333,0
8/30/1989,1989,11,334,0
8/31/1989,1989,11,335,0
9/1/1989,1989,12,336,0
9/2/1989,1989,12,337,0
9/3/1989,1989,12,338,0
9/4/1989,1989,12,339,0
9/5/1989,1989,12,340,0
9/6/1989,1989,12,341,0
9/7/1989,1989,12,342,0
9/8/1989,1989,12,343,0
9/9/1989,1989,12,344,0
9/10/1989,1989,12,345,0
9/11/1989,1989,12,346,0
9/12/1989,1989,12,347,0
9/13/1989,1989,12,348,0
9/14/1989,1989,12,349,0
9/15/1989,1989,12,350,0
9/16/1989,1989,12,351,0
9/17/1989,1989,12,352,0
9/18/1989,1989,12,353,0
9/19/1989,1989,12,354,0
9/20/1989,1989,12,355,0
9/21/1989,1989,12,356,0
9/22/1989,1989,12,357,0
9/23/1989,1989,12,358,0
9/24/1989,1989,12,359,0
9/25/1989,1989,12,360,0
9/26/1989,1989,12,361,0
9/27/1989,1989,12,362,0
9/28/1989,1989,12,363,0
9/29/1989,1989,12,364,0
9/30/1989,1989,12,365,0
10/1/1989,1990,1,1,0
10/2/1989,1990,1,2,0
10/3/1989,1990,1,3,0
10/4/1989,1990,1,4,0
10/5/1989,1990,1,5,0
10/6/1989,1990,1,6,0
10/7/1989,1990,1,7,0
10/8/1989,1990,1,8,0
10/9/1989,1990,1,9,0
10/10/1989,1990,1,10,0
10/11/1989,1990,1,11,0
10/12/1989,1990,1,12,0
10/13/1989,1990,1,13,0
10/14/1989,1990,1,14,0
10/15/1989,1990,1,15,0
10/16/1989,1990,1,16,0
10/17/1989,1990,1,17,0
10/18/1989,1990,1,18,0
10/19/1989,1990,1,19,0
10/20/1989,1990,1,20,0
10/21/1989,1990,1,21,0
10/22/1989,1990,1,22,4.618181818
10/23/1989,1990,1,23,13.67692308
10/24/1989,1990,1,24,29.02857143
10/25/1989,1990,1,25,46.44571429
10/26/1989,1990,1,26,54.06571429
10/27/1989,1990,1,27,58.23857143
10/28/1989,1990,1,28,55.88
10/29/1989,1990,1,29,55.88
10/30/1989,1990,1,30,56.21866667
10/31/1989,1990,1,31,56.388
11/1/1989,1990,2,32,55.88
11/2/1989,1990,2,33,55.54133333
11/3/1989,1990,2,34,55.20266667
11/4/1989,1990,2,35,54.864
11/5/1989,1990,2,36,54.69466667
11/6/1989,1990,2,37,54.18666667
11/7/1989,1990,2,38,53.67866667
11/8/1989,1990,2,39,53.00133333
11/9/1989,1990,2,40,52.49333333
11/10/1989,1990,2,41,51.47733333
11/11/1989,1990,2,42,50.8
11/12/1989,1990,2,43,49.784
11/13/1989,1990,2,44,49.10666667
11/14/1989,1990,2,45,48.59866667
11/15/1989,1990,2,46,47.41333333
11/16/1989,1990,2,47,46.56666667
11/17/1989,1990,2,48,45.88933333
11/18/1989,1990,2,49,45.04266667
11/19/1989,1990,2,50,44.53466667
11/20/1989,1990,2,51,43.51866667
11/21/1989,1990,2,52,42.84133333
11/22/1989,1990,2,53,41.99466667
11/23/1989,1990,2,54,40.79875
11/24/1989,1990,2,55,33.82818182
11/25/1989,1990,2,56,36.73928571
11/26/1989,1990,2,57,60.11333333
11/27/1989,1990,2,58,74.25266667
11/28/1989,1990,2,59,81.11066667
11/29/1989,1990,2,60,80.54258065
11/30/1989,1990,2,61,80.70645161
12/1/1989,1990,3,62,77.27757576
12/2/1989,1990,3,63,77.20060606
12/3/1989,1990,3,64,76.96969697
12/4/1989,1990,3,65,76.2769697
12/5/1989,1990,3,66,76.2
12/6/1989,1990,3,67,75.73818182
12/7/1989,1990,3,68,75.66121212
12/8/1989,1990,3,69,75.35333333
12/9/1989,1990,3,70,75.19939394
12/10/1989,1990,3,71,74.89151515
12/11/1989,1990,3,72,74.42969697
12/12/1989,1990,3,73,73.50606061
12/13/1989,1990,3,74,73.04424242
12/14/1989,1990,3,75,73.5830303
12/15/1989,1990,3,76,73.5830303
12/16/1989,1990,3,77,73.12121212
12/17/1989,1990,3,78,73.42909091
12/18/1989,1990,3,79,73.42909091
12/19/1989,1990,3,80,73.66
12/20/1989,1990,3,81,73.5830303
12/21/1989,1990,3,82,73.5830303
12/22/1989,1990,3,83,73.5830303
12/23/1989,1990,3,84,73.19818182
12/24/1989,1990,3,85,72.96727273
12/25/1989,1990,3,86,72.58242424
12/26/1989,1990,3,87,72.58242424
12/27/1989,1990,3,88,72.35151515
12/28/1989,1990,3,89,72.42848485
12/29/1989,1990,3,90,72.27454545
12/30/1989,1990,3,91,71.96666667
12/31/1989,1990,3,92,72.04363636
1/1/1990,1990,4,93,76.11241379
1/2/1990,1990,4,94,80.98117647
1/3/1990,1990,4,95,83.07294118
1/4/1990,1990,4,96,80.43333333
1/5/1990,1990,4,97,82.84882353
1/6/1990,1990,4,98,84.534375
1/7/1990,1990,4,99,84.216875
1/8/1990,1990,4,100,88.15294118
1/9/1990,1990,4,101,90.67030303
1/10/1990,1990,4,102,88.15294118
1/11/1990,1990,4,103,88.59212121
1/12/1990,1990,4,104,87.66848485
1/13/1990,1990,4,105,111.6780645
1/14/1990,1990,4,106,167.9677419
1/15/1990,1990,4,107,174.9425
1/16/1990,1990,4,108,179.2624242
1/17/1990,1990,4,109,197.1193939
1/18/1990,1990,4,110,206.1248485
1/19/1990,1990,4,111,212.0490323
1/20/1990,1990,4,112,209.70875
1/21/1990,1990,4,113,209.4345455
1/22/1990,1990,4,114,210.050303
1/23/1990,1990,4,115,209.1266667
1/24/1990,1990,4,116,212.5406452
1/25/1990,1990,4,117,211.1477419
1/26/1990,1990,4,118,209.9235294
1/27/1990,1990,4,119,208.4294118
1/28/1990,1990,4,120,207.3835294
1/29/1990,1990,4,121,207.3835294
1/30/1990,1990,4,122,207.5329412
1/31/1990,1990,4,123,218.7388235
2/1/1990,1990,5,124,228.1517647
2/2/1990,1990,5,125,230.2435294
2/3/1990,1990,5,126,234.315
2/4/1990,1990,5,127,243.6090909
2/5/1990,1990,5,128,256.794
2/6/1990,1990,5,129,254.8466667
2/7/1990,1990,5,130,265.6348387
2/8/1990,1990,5,131,273.52625
2/9/1990,1990,5,132,269.1630303
2/10/1990,1990,5,133,269.7787879
2/11/1990,1990,5,134,270.8563636
2/12/1990,1990,5,135,271.8569697
2/13/1990,1990,5,136,272.2418182
2/14/1990,1990,5,137,275.4405882
2/15/1990,1990,5,138,273.8717647
2/16/1990,1990,5,139,276.4117647
2/17/1990,1990,5,140,323.8115152
2/18/1990,1990,5,141,356.6775758
2/19/1990,1990,5,142,363.3694118
2/20/1990,1990,5,143,367.4035294
2/21/1990,1990,5,144,369.1217647
2/22/1990,1990,5,145,369.1217647
2/23/1990,1990,5,146,371.3629412
2/24/1990,1990,5,147,371.7364706
2/25/1990,1990,5,148,372.4275
2/26/1990,1990,5,149,380.8460606
2/27/1990,1990,5,150,374.0523529
2/28/1990,1990,5,151,371.7925
3/1/1990,1990,6,152,373.8282353
3/2/1990,1990,6,153,371.31625
3/3/1990,1990,6,154,375.1729412
3/4/1990,1990,6,155,376.7417647
3/5/1990,1990,6,156,391.16
3/6/1990,1990,6,157,393.7
3/7/1990,1990,6,158,395.8664706
3/8/1990,1990,6,159,397.1364706
3/9/1990,1990,6,160,396.6882353
3/10/1990,1990,6,161,417.35375
3/11/1990,1990,6,162,407.2466667
3/12/1990,1990,6,163,422.6111765
3/13/1990,1990,6,164,425.9729412
3/14/1990,1990,6,165,429.3347059
3/15/1990,1990,6,166,431.4264706
3/16/1990,1990,6,167,431.5758824
3/17/1990,1990,6,168,482.6
3/18/1990,1990,6,169,456.72375
3/19/1990,1990,6,170,488.95
3/20/1990,1990,6,171,476.504
3/21/1990,1990,6,172,463.70875
3/22/1990,1990,6,173,440.9141176
3/23/1990,1990,6,174,408.94
3/24/1990,1990,6,175,460.1028571
3/25/1990,1990,6,176,448.31
3/26/1990,1990,6,177,387.0036364
3/27/1990,1990,6,178,373.7535294
3/28/1990,1990,6,179,367.2541176
3/29/1990,1990,6,180,365.6060606
3/30/1990,1990,6,181,360.3811765
3/31/1990,1990,6,182,355.0023529
4/1/1990,1990,7,183,347.5317647
4/2/1990,1990,7,184,336.3258824
4/3/1990,1990,7,185,326.39
4/4/1990,1990,7,186,312.340625
4/5/1990,1990,7,187,326.7363636
4/6/1990,1990,7,188,301.1394118
4/7/1990,1990,7,189,293.8929412
4/8/1990,1990,7,190,294.4905882
4/9/1990,1990,7,191,287.9164706
4/10/1990,1990,7,192,277.6817647
4/11/1990,1990,7,193,265.3552941
4/12/1990,1990,7,194,249.8911765
4/13/1990,1990,7,195,230.2435294
4/14/1990,1990,7,196,214.5552941
4/15/1990,1990,7,197,204.3545455
4/16/1990,1990,7,198,184.3741176
4/17/1990,1990,7,199,183.1788235
4/18/1990,1990,7,200,179.6676471
4/19/1990,1990,7,201,180.34
4/20/1990,1990,7,202,170.8523529
4/21/1990,1990,7,203,186.610625
4/22/1990,1990,7,204,180.101875
4/23/1990,1990,7,205,162.3358824
4/24/1990,1990,7,206,171.9729412
4/25/1990,1990,7,207,174.6442424
4/26/1990,1990,7,208,167.4860606
4/27/1990,1990,7,209,150.1588235
4/28/1990,1990,7,210,151.5806452
4/29/1990,1990,7,211,138.0612903
4/30/1990,1990,7,212,117.4557576
5/1/1990,1990,8,213,114.6848485
5/2/1990,1990,8,214,107.7575758
5/3/1990,1990,8,215,102.2927273
5/4/1990,1990,8,216,92.44060606
5/5/1990,1990,8,217,106.68
5/6/1990,1990,8,218,91.44
5/7/1990,1990,8,219,67.46875
5/8/1990,1990,8,220,55.9569697
5/9/1990,1990,8,221,53.99548387
5/10/1990,1990,8,222,37.85419355
5/11/1990,1990,8,223,39.63939394
5/12/1990,1990,8,224,40.3225
5/13/1990,1990,8,225,34.16709677
5/14/1990,1990,8,226,26.93939394
5/15/1990,1990,8,227,24.01454545
5/16/1990,1990,8,228,20.93575758
5/17/1990,1990,8,229,16.39454545
5/18/1990,1990,8,230,15.08606061
5/19/1990,1990,8,231,18.98952381
5/20/1990,1990,8,232,16.32857143
5/21/1990,1990,8,233,7.081212121
5/22/1990,1990,8,234,4.387272727
5/23/1990,1990,8,235,0.76969697
5/24/1990,1990,8,236,17.89043478
5/25/1990,1990,8,237,13.335
5/26/1990,1990,8,238,12.35363636
5/27/1990,1990,8,239,7.399130435
5/28/1990,1990,8,240,16.39454545
5/29/1990,1990,8,241,15.3169697
5/30/1990,1990,8,242,16.08666667
5/31/1990,1990,8,243,12.47913043
6/1/1990,1990,9,244,4.342580645
6/2/1990,1990,9,245,7.62
6/3/1990,1990,9,246,3.937
6/4/1990,1990,9,247,4.849090909
6/5/1990,1990,9,248,3.991428571
6/6/1990,1990,9,249,4.064
6/7/1990,1990,9,250,1.935238095
6/8/1990,1990,9,251,2.257777778
6/9/1990,1990,9,252,5.461
6/10/1990,1990,9,253,3.743157895
6/11/1990,1990,9,254,3.683
6/12/1990,1990,9,255,3.348181818
6/13/1990,1990,9,256,3.743157895
6/14/1990,1990,9,257,5.207
6/15/1990,1990,9,258,7.218947368
6/16/1990,1990,9,259,9.071428571
6/17/1990,1990,9,260,4.838095238
6/18/1990,1990,9,261,4.838095238
6/19/1990,1990,9,262,3.001818182
6/20/1990,1990,9,263,3.668888889
6/21/1990,1990,9,264,4.475238095
6/22/1990,1990,9,265,3.023809524
6/23/1990,1990,9,266,4.515555556
6/24/1990,1990,9,267,1.693333333
6/25/1990,1990,9,268,1.905
6/26/1990,1990,9,269,1.792941176
6/27/1990,1990,9,270,5.08
6/28/1990,1990,9,271,1.693333333
6/29/1990,1990,9,272,0
6/30/1990,1990,9,273,0
7/1/1990,1990,10,274,0
7/2/1990,1990,10,275,0
7/3/1990,1990,10,276,0
7/4/1990,1990,10,277,0
7/5/1990,1990,10,278,0
7/6/1990,1990,10,279,0
7/7/1990,1990,10,280,0
7/8/1990,1990,10,281,0
7/9/1990,1990,10,282,0
7/10/1990,1990,10,283,0
7/11/1990,1990,10,284,0
7/12/1990,1990,10,285,0
7/13/1990,1990,10,286,0
7/14/1990,1990,10,287,0
7/15/1990,1990,10,288,0
7/16/1990,1990,10,289,0
7/17/1990,1990,10,290,0
7/18/1990,1990,10,291,3.81
7/19/1990,1990,10,292,4.354285714
7/20/1990,1990,10,293,3.81
7/21/1990,1990,10,294,3.81
7/22/1990,1990,10,295,5.08
7/23/1990,1990,10,296,0
7/24/1990,1990,10,297,5.08
7/25/1990,1990,10,298,6.096
7/26/1990,1990,10,299,5.08
7/27/1990,1990,10,300,7.62
7/28/1990,1990,10,301,4.354285714
7/29/1990,1990,10,302,4.354285714
7/30/1990,1990,10,303,4.354285714
7/31/1990,1990,10,304,5.08
8/1/1990,1990,11,305,4.354285714
8/2/1990,1990,11,306,0
8/3/1990,1990,11,307,0
8/4/1990,1990,11,308,5.08
8/5/1990,1990,11,309,3.048
8/6/1990,1990,11,310,0
8/7/1990,1990,11,311,3.628571429
8/8/1990,1990,11,312,0
8/9/1990,1990,11,313,0
8/10/1990,1990,11,314,3.81
8/11/1990,1990,11,315,6.604
8/12/1990,1990,11,316,7.112
8/13/1990,1990,11,317,0
8/14/1990,1990,11,318,11.85333333
8/15/1990,1990,11,319,5.08
8/16/1990,1990,11,320,0
8/17/1990,1990,11,321,0
8/18/1990,1990,11,322,0
8/19/1990,1990,11,323,0
8/20/1990,1990,11,324,0
8/21/1990,1990,11,325,0
8/22/1990,1990,11,326,0
8/23/1990,1990,11,327,0
8/24/1990,1990,11,328,0
8/25/1990,1990,11,329,0
8/26/1990,1990,11,330,0
8/27/1990,1990,11,331,0
8/28/1990,1990,11,332,0
8/29/1990,1990,11,333,0
8/30/1990,1990,11,334,0
8/31/1990,1990,11,335,0
9/1/1990,1990,12,336,0
9/2/1990,1990,12,337,0
9/3/1990,1990,12,338,0
9/4/1990,1990,12,339,0
9/5/1990,1990,12,340,0
9/6/1990,1990,12,341,0
9/7/1990,1990,12,342,0
9/8/1990,1990,12,343,0
9/9/1990,1990,12,344,0
9/10/1990,1990,12,345,0
9/11/1990,1990,12,346,0
9/12/1990,1990,12,347,0
9/13/1990,1990,12,348,0
9/14/1990,1990,12,349,0
9/15/1990,1990,12,350,0
9/16/1990,1990,12,351,0
9/17/1990,1990,12,352,0
9/18/1990,1990,12,353,0
9/19/1990,1990,12,354,0
9/20/1990,1990,12,355,0
9/21/1990,1990,12,356,0
9/22/1990,1990,12,357,0
9/23/1990,1990,12,358,0
9/24/1990,1990,12,359,0
9/25/1990,1990,12,360,0
9/26/1990,1990,12,361,0
9/27/1990,1990,12,362,0
9/28/1990,1990,12,363,0
9/29/1990,1990,12,364,0
9/30/1990,1990,12,365,0
10/1/1990,1991,1,1,0
10/2/1990,1991,1,2,0
10/3/1990,1991,1,3,0
10/4/1990,1991,1,4,2.681111111
10/5/1990,1991,1,5,3.447142857
10/6/1990,1991,1,6,2.54
10/7/1990,1991,1,7,5.08
10/8/1990,1991,1,8,5.418666667
10/9/1990,1991,1,9,2.941052632
10/10/1990,1991,1,10,1.935238095
10/11/1990,1991,1,11,1.847272727
10/12/1990,1991,1,12,2.257777778
10/13/1990,1991,1,13,2.159
10/14/1990,1991,1,14,3.104444444
10/15/1990,1991,1,15,3.951111111
10/16/1990,1991,1,16,2.406315789
10/17/1990,1991,1,17,2.406315789
10/18/1990,1991,1,18,2.078181818
10/19/1990,1991,1,19,1.962727273
10/20/1990,1991,1,20,4.596190476
10/21/1990,1991,1,21,2.309090909
10/22/1990,1991,1,22,3.092173913
10/23/1990,1991,1,23,2.078181818
10/24/1990,1991,1,24,2.177142857
10/25/1990,1991,1,25,2.941052632
10/26/1990,1991,1,26,1.935238095
10/27/1990,1991,1,27,2.54
10/28/1990,1991,1,28,3.217333333
10/29/1990,1991,1,29,1.962727273
10/30/1990,1991,1,30,2.208695652
10/31/1990,1991,1,31,1.154545455
11/1/1990,1991,2,32,3.447142857
11/2/1990,1991,2,33,1.40137931
11/3/1990,1991,2,34,2.627586207
11/4/1990,1991,2,35,1.367692308
11/5/1990,1991,2,36,1.505185185
11/6/1990,1991,2,37,2.149230769
11/7/1990,1991,2,38,0.976923077
11/8/1990,1991,2,39,0.940740741
11/9/1990,1991,2,40,1.881481481
11/10/1990,1991,2,41,2.833076923
11/11/1990,1991,2,42,2.116666667
11/12/1990,1991,2,43,2.116666667
11/13/1990,1991,2,44,3.386666667
11/14/1990,1991,2,45,2.429565217
11/15/1990,1991,2,46,1.962727273
11/16/1990,1991,2,47,1.847272727
11/17/1990,1991,2,48,2.078181818
11/18/1990,1991,2,49,1.693333333
11/19/1990,1991,2,50,2.272631579
11/20/1990,1991,2,51,0
11/21/1990,1991,2,52,0
11/22/1990,1991,2,53,3.232727273
11/23/1990,1991,2,54,5.632173913
11/24/1990,1991,2,55,4.31030303
11/25/1990,1991,2,56,5.817419355
11/26/1990,1991,2,57,13.1064
11/27/1990,1991,2,58,14.05466667
11/28/1990,1991,2,59,15.33407407
11/29/1990,1991,2,60,15.15806452
11/30/1990,1991,2,61,16.96357143
12/1/1990,1991,3,62,15.160625
12/2/1990,1991,3,63,18.415
12/3/1990,1991,3,64,17.3736
12/4/1990,1991,3,65,16.51
12/5/1990,1991,3,66,17.01030303
12/6/1990,1991,3,67,16.8275
12/7/1990,1991,3,68,16.77939394
12/8/1990,1991,3,69,18.59935484
12/9/1990,1991,3,70,17.12451613
12/10/1990,1991,3,71,16.58470588
12/11/1990,1991,3,72,15.00909091
12/12/1990,1991,3,73,25.7175
12/13/1990,1991,3,74,26.54709677
12/14/1990,1991,3,75,28.18580645
12/15/1990,1991,3,76,25.85357143
12/16/1990,1991,3,77,35.31419355
12/17/1990,1991,3,78,33.17875
12/18/1990,1991,3,79,32.22625
12/19/1990,1991,3,80,38.34580645
12/20/1990,1991,3,81,62.76258065
12/21/1990,1991,3,82,70.03142857
12/22/1990,1991,3,83,72.20857143
12/23/1990,1991,3,84,68.58
12/24/1990,1991,3,85,61.198125
12/25/1990,1991,3,86,61.039375
12/26/1990,1991,3,87,60.325
12/27/1990,1991,3,88,60.48375
12/28/1990,1991,3,89,60.6425
12/29/1990,1991,3,90,66.802
12/30/1990,1991,3,91,67.25478261
12/31/1990,1991,3,92,63.39416667
1/1/1991,1991,4,93,64.1096
1/2/1991,1991,4,94,64.135
1/3/1991,1991,4,95,60.8584
1/4/1991,1991,4,96,79.48083333
1/5/1991,1991,4,97,84.70347826
1/6/1991,1991,4,98,85.7504
1/7/1991,1991,4,99,84.836
1/8/1991,1991,4,100,86.6648
1/9/1991,1991,4,101,87.884
1/10/1991,1991,4,102,91.22833333
1/11/1991,1991,4,103,85.38307692
1/12/1991,1991,4,104,86.26230769
1/13/1991,1991,4,105,86.16461538
1/14/1991,1991,4,106,86.45769231
1/15/1991,1991,4,107,86.65307692
1/16/1991,1991,4,108,100.838
1/17/1991,1991,4,109,99.822
1/18/1991,1991,4,110,97.4725
1/19/1991,1991,4,111,99.822
1/20/1991,1991,4,112,98.806
1/21/1991,1991,4,113,98.552
1/22/1991,1991,4,114,93.345
1/23/1991,1991,4,115,98.806
1/24/1991,1991,4,116,99.314
1/25/1991,1991,4,117,99.06
1/26/1991,1991,4,118,99.75272727
1/27/1991,1991,4,119,99.06
1/28/1991,1991,4,120,100.33
1/29/1991,1991,4,121,85.77384615
1/30/1991,1991,4,122,86.06692308
1/31/1991,1991,4,123,82.35461538
2/1/1991,1991,5,124,84.66666667
2/2/1991,1991,5,125,86.36
2/3/1991,1991,5,126,88.0872
2/4/1991,1991,5,127,86.6648
2/5/1991,1991,5,128,89.19307692
2/6/1991,1991,5,129,92.00444444
2/7/1991,1991,5,130,92.49103448
2/8/1991,1991,5,131,96.81307692
2/9/1991,1991,5,132,102.235
2/10/1991,1991,5,133,95.25
2/11/1991,1991,5,134,95.25
2/12/1991,1991,5,135,95.83615385
2/13/1991,1991,5,136,94.07769231
2/14/1991,1991,5,137,94.46846154
2/15/1991,1991,5,138,92.90538462
2/16/1991,1991,5,139,93.49153846
2/17/1991,1991,5,140,91.73307692
2/18/1991,1991,5,141,90.85384615
2/19/1991,1991,5,142,90.95153846
2/20/1991,1991,5,143,89.68153846
2/21/1991,1991,5,144,89.58384615
2/22/1991,1991,5,145,88.02076923
2/23/1991,1991,5,146,91.1225
2/24/1991,1991,5,147,85.28538462
2/25/1991,1991,5,148,81.57307692
2/26/1991,1991,5,149,80.10769231
2/27/1991,1991,5,150,79.61923077
2/28/1991,1991,5,151,84.50384615
3/1/1991,1991,6,152,124.3659259
3/2/1991,1991,6,153,185.0292308
3/3/1991,1991,6,154,189.7184615
3/4/1991,1991,6,155,265.1369231
3/5/1991,1991,6,156,306.3393939
3/6/1991,1991,6,157,307.4939394
3/7/1991,1991,6,158,306.3051852
3/8/1991,1991,6,159,305.3644444
3/9/1991,1991,6,160,310.7871429
3/10/1991,1991,6,161,325.993125
3/11/1991,1991,6,162,337.82
3/12/1991,1991,6,163,344.8242424
3/13/1991,1991,6,164,349.4424242
3/14/1991,1991,6,165,396.0905882
3/15/1991,1991,6,166,383.9248485
3/16/1991,1991,6,167,388.8509091
3/17/1991,1991,6,168,390.6981818
3/18/1991,1991,6,169,415.4824242
3/19/1991,1991,6,170,458.5084848
3/20/1991,1991,6,171,469.5151515
3/21/1991,1991,6,172,486.2175758
3/22/1991,1991,6,173,487.1412121
3/23/1991,1991,6,174,503.6574194
3/24/1991,1991,6,175,496.5315152
3/25/1991,1991,6,176,531.7066667
3/26/1991,1991,6,177,567.9593939
3/27/1991,1991,6,178,586.8939394
3/28/1991,1991,6,179,591.3581818
3/29/1991,1991,6,180,591.8969697
3/30/1991,1991,6,181,592.8975758
3/31/1991,1991,6,182,589.9727273
4/1/1991,1991,7,183,591.9739394
4/2/1991,1991,7,184,594.5909091
4/3/1991,1991,7,185,593.8212121
4/4/1991,1991,7,186,587.6636364
4/5/1991,1991,7,187,578.350303
4/6/1991,1991,7,188,566.57875
4/7/1991,1991,7,189,561.101875
4/8/1991,1991,7,190,561.8787879
4/9/1991,1991,7,191,554.9515152
4/10/1991,1991,7,192,552.1036364
4/11/1991,1991,7,193,550.3333333
4/12/1991,1991,7,194,546.9466667
4/13/1991,1991,7,195,545.6381818
4/14/1991,1991,7,196,538.3260606
4/15/1991,1991,7,197,529.2436364
4/16/1991,1991,7,198,526.8575758
4/17/1991,1991,7,199,522.3163636
4/18/1991,1991,7,200,517.6981818
4/19/1991,1991,7,201,570.1747826
4/20/1991,1991,7,202,523.1459259
4/21/1991,1991,7,203,510.9248485
4/22/1991,1991,7,204,506.5375758
4/23/1991,1991,7,205,507.1533333
4/24/1991,1991,7,206,497.3012121
4/25/1991,1991,7,207,500.22125
4/26/1991,1991,7,208,495.3769697
4/27/1991,1991,7,209,489.10875
4/28/1991,1991,7,210,479.9060606
4/29/1991,1991,7,211,453.469375
4/30/1991,1991,7,212,466.1309677
5/1/1991,1991,8,213,435.0327273
5/2/1991,1991,8,214,433.4933333
5/3/1991,1991,8,215,436.110303
5/4/1991,1991,8,216,423.2835294
5/5/1991,1991,8,217,403.4751515
5/6/1991,1991,8,218,394.8952941
5/7/1991,1991,8,219,375.0982353
5/8/1991,1991,8,220,351.3417647
5/9/1991,1991,8,221,333.1135294
5/10/1991,1991,8,222,328.8552941
5/11/1991,1991,8,223,321.3484848
5/12/1991,1991,8,224,318.8084848
5/13/1991,1991,8,225,317.65875
5/14/1991,1991,8,226,316.07125
5/15/1991,1991,8,227,308.45125
5/16/1991,1991,8,228,290.195
5/17/1991,1991,8,229,270.113125
5/18/1991,1991,8,230,280.3144
5/19/1991,1991,8,231,274.483871
5/20/1991,1991,8,232,272.3535484
5/21/1991,1991,8,233,261.223125
5/22/1991,1991,8,234,268.2875
5/23/1991,1991,8,235,246.1490909
5/24/1991,1991,8,236,228.9848485
5/25/1991,1991,8,237,241.2092857
5/26/1991,1991,8,238,201.1516129
5/27/1991,1991,8,239,183.8632258
5/28/1991,1991,8,240,167.084375
5/29/1991,1991,8,241,164.936129
5/30/1991,1991,8,242,156.7793103
5/31/1991,1991,8,243,139.0072727
6/1/1991,1991,9,244,135.5212903
6/2/1991,1991,9,245,116.601875
6/3/1991,1991,9,246,99.13470588
6/4/1991,1991,9,247,85.68764706
6/5/1991,1991,9,248,74.50666667
6/6/1991,1991,9,249,60.49818182
6/7/1991,1991,9,250,59.82137931
6/8/1991,1991,9,251,52.1137931
6/9/1991,1991,9,252,44.21481481
6/10/1991,1991,9,253,28.654375
6/11/1991,1991,9,254,21.74875
6/12/1991,1991,9,255,12.85875
6/13/1991,1991,9,256,8.9408
6/14/1991,1991,9,257,3.556
6/15/1991,1991,9,258,2.419047619
6/16/1991,1991,9,259,3.579090909
6/17/1991,1991,9,260,2.822222222
6/18/1991,1991,9,261,2.54
6/19/1991,1991,9,262,2.988235294
6/20/1991,1991,9,263,2.419047619
6/21/1991,1991,9,264,2.116666667
6/22/1991,1991,9,265,2.032
6/23/1991,1991,9,266,2.116666667
6/24/1991,1991,9,267,2.208695652
6/25/1991,1991,9,268,0
6/26/1991,1991,9,269,0
6/27/1991,1991,9,270,0
6/28/1991,1991,9,271,0
6/29/1991,1991,9,272,0
6/30/1991,1991,9,273,0
7/1/1991,1991,10,274,0
7/2/1991,1991,10,275,0
7/3/1991,1991,10,276,0
7/4/1991,1991,10,277,0
7/5/1991,1991,10,278,0
7/6/1991,1991,10,279,0
7/7/1991,1991,10,280,0
7/8/1991,1991,10,281,0
7/9/1991,1991,10,282,0
7/10/1991,1991,10,283,0
7/11/1991,1991,10,284,0
7/12/1991,1991,10,285,0
7/13/1991,1991,10,286,0
7/14/1991,1991,10,287,0
7/15/1991,1991,10,288,0
7/16/1991,1991,10,289,0
7/17/1991,1991,10,290,0
7/18/1991,1991,10,291,0
7/19/1991,1991,10,292,0
7/20/1991,1991,10,293,0
7/21/1991,1991,10,294,0
7/22/1991,1991,10,295,0
7/23/1991,1991,10,296,0
7/24/1991,1991,10,297,0
7/25/1991,1991,10,298,0
7/26/1991,1991,10,299,0
7/27/1991,1991,10,300,0
7/28/1991,1991,10,301,0
7/29/1991,1991,10,302,0
7/30/1991,1991,10,303,0
7/31/1991,1991,10,304,0
8/1/1991,1991,11,305,0
8/2/1991,1991,11,306,0
8/3/1991,1991,11,307,0
8/4/1991,1991,11,308,0
8/5/1991,1991,11,309,0
8/6/1991,1991,11,310,0
8/7/1991,1991,11,311,0
8/8/1991,1991,11,312,0
8/9/1991,1991,11,313,0
8/10/1991,1991,11,314,0
8/11/1991,1991,11,315,0
8/12/1991,1991,11,316,0
8/13/1991,1991,11,317,0
8/14/1991,1991,11,318,0
8/15/1991,1991,11,319,0
8/16/1991,1991,11,320,0
8/17/1991,1991,11,321,0
8/18/1991,1991,11,322,0
8/19/1991,1991,11,323,0
8/20/1991,1991,11,324,0
8/21/1991,1991,11,325,0
8/22/1991,1991,11,326,0
8/23/1991,1991,11,327,0
8/24/1991,1991,11,328,0
8/25/1991,1991,11,329,0
8/26/1991,1991,11,330,0
8/27/1991,1991,11,331,0
8/28/1991,1991,11,332,0
8/29/1991,1991,11,333,0
8/30/1991,1991,11,334,0
8/31/1991,1991,11,335,0
9/1/1991,1991,12,336,0
9/2/1991,1991,12,337,0
9/3/1991,1991,12,338,0
9/4/1991,1991,12,339,0
9/5/1991,1991,12,340,0
9/6/1991,1991,12,341,0
9/7/1991,1991,12,342,0
9/8/1991,1991,12,343,0
9/9/1991,1991,12,344,0
9/10/1991,1991,12,345,0
9/11/1991,1991,12,346,0
9/12/1991,1991,12,347,0
9/13/1991,1991,12,348,0
9/14/1991,1991,12,349,0
9/15/1991,1991,12,350,0
9/16/1991,1991,12,351,0
9/17/1991,1991,12,352,0
9/18/1991,1991,12,353,0
9/19/1991,1991,12,354,0
9/20/1991,1991,12,355,0
9/21/1991,1991,12,356,0
9/22/1991,1991,12,357,0
9/23/1991,1991,12,358,0
9/24/1991,1991,12,359,0
9/25/1991,1991,12,360,0
9/26/1991,1991,12,361,0
9/27/1991,1991,12,362,0
9/28/1991,1991,12,363,0
9/29/1991,1991,12,364,0
9/30/1991,1991,12,365,0
10/1/1991,1992,1,1,0
10/2/1991,1992,1,2,0
10/3/1991,1992,1,3,2.032
10/4/1991,1992,1,4,0
10/5/1991,1992,1,5,0
10/6/1991,1992,1,6,0
10/7/1991,1992,1,7,0
10/8/1991,1992,1,8,0
10/9/1991,1992,1,9,0
10/10/1991,1992,1,10,0
10/11/1991,1992,1,11,2.177142857
10/12/1991,1992,1,12,1.935238095
10/13/1991,1992,1,13,2.681111111
10/14/1991,1992,1,14,0
10/15/1991,1992,1,15,0
10/16/1991,1992,1,16,1.27
10/17/1991,1992,1,17,1.27
10/18/1991,1992,1,18,0
10/19/1991,1992,1,19,0
10/20/1991,1992,1,20,1.935238095
10/21/1991,1992,1,21,1.20952381
10/22/1991,1992,1,22,0
10/23/1991,1992,1,23,0
10/24/1991,1992,1,24,2.078181818
10/25/1991,1992,1,25,1.847272727
10/26/1991,1992,1,26,0
10/27/1991,1992,1,27,55.245
10/28/1991,1992,1,28,48.26
10/29/1991,1992,1,29,55.51714286
10/30/1991,1992,1,30,50.92095238
10/31/1991,1992,1,31,38.52333333
11/1/1991,1992,2,32,53.45043478
11/2/1991,1992,2,33,49.58521739
11/3/1991,1992,2,34,48.81217391
11/4/1991,1992,2,35,46.60347826
11/5/1991,1992,2,36,37.98956522
11/6/1991,1992,2,37,20.03777778
11/7/1991,1992,2,38,17.31818182
11/8/1991,1992,2,39,35.89866667
11/9/1991,1992,2,40,33.13545455
11/10/1991,1992,2,41,34.29
11/11/1991,1992,2,42,32.1056
11/12/1991,1992,2,43,26.18153846
11/13/1991,1992,2,44,30.48
11/14/1991,1992,2,45,27.38782609
11/15/1991,1992,2,46,30.69166667
11/16/1991,1992,2,47,35.13666667
11/17/1991,1992,2,48,34.01391304
11/18/1991,1992,2,49,66.675
11/19/1991,1992,2,50,68.04526316
11/20/1991,1992,2,51,69.68434783
11/21/1991,1992,2,52,66.04
11/22/1991,1992,2,53,49.10666667
11/23/1991,1992,2,54,58.23857143
11/24/1991,1992,2,55,39.18857143
11/25/1991,1992,2,56,68.86222222
11/26/1991,1992,2,57,63.67517241
11/27/1991,1992,2,58,64.67928571
11/28/1991,1992,2,59,61.57310345
11/29/1991,1992,2,60,66.31214286
11/30/1991,1992,2,61,70.08518519
12/1/1991,1992,3,62,41.402
12/2/1991,1992,3,63,41.69833333
12/3/1991,1992,3,64,79.16333333
12/4/1991,1992,3,65,76.708
12/5/1991,1992,3,66,74.35272727
12/6/1991,1992,3,67,75.89212121
12/7/1991,1992,3,68,50.8
12/8/1991,1992,3,69,79.89454545
12/9/1991,1992,3,70,78.6630303
12/10/1991,1992,3,71,76.57352941
12/11/1991,1992,3,72,76.72294118
12/12/1991,1992,3,73,73.18375
12/13/1991,1992,3,74,77.1525
12/14/1991,1992,3,75,82.21133333
12/15/1991,1992,3,76,76.66181818
12/16/1991,1992,3,77,76.72294118
12/17/1991,1992,3,78,78.29176471
12/18/1991,1992,3,79,75.04545455
12/19/1991,1992,3,80,94.3562963
12/20/1991,1992,3,81,87.233125
12/21/1991,1992,3,82,85.74689655
12/22/1991,1992,3,83,86.52387097
12/23/1991,1992,3,84,87.92882353
12/24/1991,1992,3,85,91.13212121
12/25/1991,1992,3,86,97.46074074
12/26/1991,1992,3,87,90.09529412
12/27/1991,1992,3,88,91.51470588
12/28/1991,1992,3,89,93.741875
12/29/1991,1992,3,90,107.2726667
12/30/1991,1992,3,91,129.1664706
12/31/1991,1992,3,92,130.6605882
1/1/1992,1992,4,93,134.366
1/2/1992,1992,4,94,137.0830303
1/3/1992,1992,4,95,138.43
1/4/1992,1992,4,96,137.16
1/5/1992,1992,4,97,142.1459259
1/6/1992,1992,4,98,172.4121212
1/7/1992,1992,4,99,176.1564706
1/8/1992,1992,4,100,181.6847059
1/9/1992,1992,4,101,182.7305882
1/10/1992,1992,4,102,184.4963636
1/11/1992,1992,4,103,185.7586667
1/12/1992,1992,4,104,185.8296774
1/13/1992,1992,4,105,187.8105882
1/14/1992,1992,4,106,188.1841176
1/15/1992,1992,4,107,187.2129412
1/16/1992,1992,4,108,187.6611765
1/17/1992,1992,4,109,188.9311765
1/18/1992,1992,4,110,189.3529032
1/19/1992,1992,4,111,187.452
1/20/1992,1992,4,112,197.3384615
1/21/1992,1992,4,113,182.6558824
1/22/1992,1992,4,114,183.8511765
1/23/1992,1992,4,115,191.0387879
1/24/1992,1992,4,116,191.269697
1/25/1992,1992,4,117,192.876129
1/26/1992,1992,4,118,191.0735484
1/27/1992,1992,4,119,196.5113333
1/28/1992,1992,4,120,189.730303
1/29/1992,1992,4,121,187.086875
1/30/1992,1992,4,122,190.5747059
1/31/1992,1992,4,123,188.039375
2/1/1992,1992,5,124,189.6782353
2/2/1992,1992,5,125,187.5971429
2/3/1992,1992,5,126,189.3047059
2/4/1992,1992,5,127,189.9770588
2/5/1992,1992,5,128,188.7817647
2/6/1992,1992,5,129,191.4711765
2/7/1992,1992,5,130,194.1605882
2/8/1992,1992,5,131,191.6545455
2/9/1992,1992,5,132,192.56375
2/10/1992,1992,5,133,202.9011765
2/11/1992,1992,5,134,241.1505882
2/12/1992,1992,5,135,265.3145455
2/13/1992,1992,5,136,304.5011765
2/14/1992,1992,5,137,315.1841176
2/15/1992,1992,5,138,332.1423529
2/16/1992,1992,5,139,362.7717647
2/17/1992,1992,5,140,382.6435294
2/18/1992,1992,5,141,386.6029412
2/19/1992,1992,5,142,386.9764706
2/20/1992,1992,5,143,395.4182353
2/21/1992,1992,5,144,397.2111765
2/22/1992,1992,5,145,401.4694118
2/23/1992,1992,5,146,400.9464706
2/24/1992,1992,5,147,414.0969697
2/25/1992,1992,5,148,414.4048485
2/26/1992,1992,5,149,412.3266667
2/27/1992,1992,5,150,412.0957576
2/28/1992,1992,5,151,409.1709091
2/29/1992,1992,5,152,409.5557576
3/1/1992,1992,6,153,396.9123529
3/2/1992,1992,6,154,399.3776471
3/3/1992,1992,6,155,414.3278788
3/4/1992,1992,6,156,416.56
3/5/1992,1992,6,157,415.790303
3/6/1992,1992,6,158,432.8006061
3/7/1992,1992,6,159,424.9270588
3/8/1992,1992,6,160,427.9152941
3/9/1992,1992,6,161,440.7284848
3/10/1992,1992,6,162,404.0414286
3/11/1992,1992,6,163,444.6539394
3/12/1992,1992,6,164,439.857931
3/13/1992,1992,6,165,442.9606061
3/14/1992,1992,6,166,427.489697
3/15/1992,1992,6,167,419.179375
3/16/1992,1992,6,168,444.4230303
3/17/1992,1992,6,169,446.4242424
3/18/1992,1992,6,170,434.7496774
3/19/1992,1992,6,171,433.07
3/20/1992,1992,6,172,434.0411765
3/21/1992,1992,6,173,422.7870968
3/22/1992,1992,6,174,423.5873333
3/23/1992,1992,6,175,446.4423529
3/24/1992,1992,6,176,462.915
3/25/1992,1992,6,177,463.470625
3/26/1992,1992,6,178,469.9875862
3/27/1992,1992,6,179,471.8268966
3/28/1992,1992,6,180,439.5046667
3/29/1992,1992,6,181,450.611875
3/30/1992,1992,6,182,461.01
3/31/1992,1992,6,183,470.8313333
4/1/1992,1992,7,184,468.2612903
4/2/1992,1992,7,185,463.2113333
4/3/1992,1992,7,186,452.199375
4/4/1992,1992,7,187,426.72
4/5/1992,1992,7,188,417.35375
4/6/1992,1992,7,189,413.0193939
4/7/1992,1992,7,190,405.3224242
4/8/1992,1992,7,191,398.010303
4/9/1992,1992,7,192,388.7739394
4/10/1992,1992,7,193,377.6133333
4/11/1992,1992,7,194,370.2242424
4/12/1992,1992,7,195,360.68
4/13/1992,1992,7,196,355.2151515
4/14/1992,1992,7,197,345.9787879
4/15/1992,1992,7,198,331.390625
4/16/1992,1992,7,199,329.8921212
4/17/1992,1992,7,200,327.9775
4/18/1992,1992,7,201,303.1836364
4/19/1992,1992,7,202,289.56
4/20/1992,1992,7,203,285.27375
4/21/1992,1992,7,204,270.1925
4/22/1992,1992,7,205,259.55625
4/23/1992,1992,7,206,247.253125
4/24/1992,1992,7,207,217.0470968
4/25/1992,1992,7,208,215.4381818
4/26/1992,1992,7,209,202.7381818
4/27/1992,1992,7,210,185.4947059
4/28/1992,1992,7,211,174.1824242
4/29/1992,1992,7,212,158.7115152
4/30/1992,1992,7,213,131.7625
5/1/1992,1992,8,214,114.3
5/2/1992,1992,8,215,113.6072727
5/3/1992,1992,8,216,103.2933333
5/4/1992,1992,8,217,91.82484848
5/5/1992,1992,8,218,82.55
5/6/1992,1992,8,219,76.50787879
5/7/1992,1992,8,220,67.81030303
5/8/1992,1992,8,221,58.4969697
5/9/1992,1992,8,222,47.64424242
5/10/1992,1992,8,223,40.878125
5/11/1992,1992,8,224,26.71096774
5/12/1992,1992,8,225,26.40060606
5/13/1992,1992,8,226,20.24529412
5/14/1992,1992,8,227,14.39333333
5/15/1992,1992,8,228,7.62
5/16/1992,1992,8,229,8.235757576
5/17/1992,1992,8,230,6.0325
5/18/1992,1992,8,231,3.617575758
5/19/1992,1992,8,232,2.232121212
5/20/1992,1992,8,233,2.001212121
5/21/1992,1992,8,234,1.825625
5/22/1992,1992,8,235,0.396875
5/23/1992,1992,8,236,2.398888889
5/24/1992,1992,8,237,2.193636364
5/25/1992,1992,8,238,1.799166667
5/26/1992,1992,8,239,1.7272
5/27/1992,1992,8,240,2.2225
5/28/1992,1992,8,241,1.27
5/29/1992,1992,8,242,2.208695652
5/30/1992,1992,8,243,2.429565217
5/31/1992,1992,8,244,0.993913043
6/1/1992,1992,9,245,1.27
6/2/1992,1992,9,246,1.660769231
6/3/1992,1992,9,247,0.976923077
6/4/1992,1992,9,248,1.385454545
6/5/1992,1992,9,249,1.27
6/6/1992,1992,9,250,1.214782609
6/7/1992,1992,9,251,0.692727273
6/8/1992,1992,9,252,0.564444444
6/9/1992,1992,9,253,0.6096
6/10/1992,1992,9,254,0.940740741
6/11/1992,1992,9,255,0.211666667
6/12/1992,1992,9,256,0.6096
6/13/1992,1992,9,257,0
6/14/1992,1992,9,258,0
6/15/1992,1992,9,259,0
6/16/1992,1992,9,260,0
6/17/1992,1992,9,261,0
6/18/1992,1992,9,262,0
6/19/1992,1992,9,263,0.683846154
6/20/1992,1992,9,264,0
6/21/1992,1992,9,265,0
6/22/1992,1992,9,266,0.115454545
6/23/1992,1992,9,267,0.230909091
6/24/1992,1992,9,268,0.8128
6/25/1992,1992,9,269,0.097692308
6/26/1992,1992,9,270,0
6/27/1992,1992,9,271,0.110434783
6/28/1992,1992,9,272,0
6/29/1992,1992,9,273,0.105833333
6/30/1992,1992,9,274,0
7/1/1992,1992,10,275,0
7/2/1992,1992,10,276,0
7/3/1992,1992,10,277,0
7/4/1992,1992,10,278,0
7/5/1992,1992,10,279,0
7/6/1992,1992,10,280,0
7/7/1992,1992,10,281,0
7/8/1992,1992,10,282,0
7/9/1992,1992,10,283,0
7/10/1992,1992,10,284,0
7/11/1992,1992,10,285,0
7/12/1992,1992,10,286,0
7/13/1992,1992,10,287,0
7/14/1992,1992,10,288,0
7/15/1992,1992,10,289,0
7/16/1992,1992,10,290,0
7/17/1992,1992,10,291,0
7/18/1992,1992,10,292,0
7/19/1992,1992,10,293,0
7/20/1992,1992,10,294,0
7/21/1992,1992,10,295,0
7/22/1992,1992,10,296,0
7/23/1992,1992,10,297,0
7/24/1992,1992,10,298,0
7/25/1992,1992,10,299,0
7/26/1992,1992,10,300,0
7/27/1992,1992,10,301,0
7/28/1992,1992,10,302,0
7/29/1992,1992,10,303,0
7/30/1992,1992,10,304,0
7/31/1992,1992,10,305,0
8/1/1992,1992,11,306,0
8/2/1992,1992,11,307,0
8/3/1992,1992,11,308,0
8/4/1992,1992,11,309,0
8/5/1992,1992,11,310,0
8/6/1992,1992,11,311,0
8/7/1992,1992,11,312,0
8/8/1992,1992,11,313,0
8/9/1992,1992,11,314,0
8/10/1992,1992,11,315,0
8/11/1992,1992,11,316,0
8/12/1992,1992,11,317,0
8/13/1992,1992,11,318,0
8/14/1992,1992,11,319,0
8/15/1992,1992,11,320,0
8/16/1992,1992,11,321,0
8/17/1992,1992,11,322,0
8/18/1992,1992,11,323,0
8/19/1992,1992,11,324,0
8/20/1992,1992,11,325,0
8/21/1992,1992,11,326,0
8/22/1992,1992,11,327,0
8/23/1992,1992,11,328,0
8/24/1992,1992,11,329,0
8/25/1992,1992,11,330,0
8/26/1992,1992,11,331,0
8/27/1992,1992,11,332,0
8/28/1992,1992,11,333,0
8/29/1992,1992,11,334,0
8/30/1992,1992,11,335,0
8/31/1992,1992,11,336,0
9/1/1992,1992,12,337,0
9/2/1992,1992,12,338,0
9/3/1992,1992,12,339,0
9/4/1992,1992,12,340,0
9/5/1992,1992,12,341,0
9/6/1992,1992,12,342,0
9/7/1992,1992,12,343,0
9/8/1992,1992,12,344,0
9/9/1992,1992,12,345,0
9/10/1992,1992,12,346,0
9/11/1992,1992,12,347,0
9/12/1992,1992,12,348,0
9/13/1992,1992,12,349,0
9/14/1992,1992,12,350,0
9/15/1992,1992,12,351,0
9/16/1992,1992,12,352,0
9/17/1992,1992,12,353,0
9/18/1992,1992,12,354,0.7112
9/19/1992,1992,12,355,0
9/20/1992,1992,12,356,0
9/21/1992,1992,12,357,0
9/22/1992,1992,12,358,0
9/23/1992,1992,12,359,0
9/24/1992,1992,12,360,0
9/25/1992,1992,12,361,0
9/26/1992,1992,12,362,0
9/27/1992,1992,12,363,0
9/28/1992,1992,12,364,0
9/29/1992,1992,12,365,0
9/30/1992,1992,12,366,0
10/1/1992,1993,1,1,0
10/2/1992,1993,1,2,0.658518519
10/3/1992,1993,1,3,1.317037037
10/4/1992,1993,1,4,1.4224
10/5/1992,1993,1,5,0.976923077
10/6/1992,1993,1,6,1.367692308
10/7/1992,1993,1,7,1.3208
10/8/1992,1993,1,8,1.016
10/9/1992,1993,1,9,2.051538462
10/10/1992,1993,1,10,0.997857143
10/11/1992,1993,1,11,0.875862069
10/12/1992,1993,1,12,1.40137931
10/13/1992,1993,1,13,2.086428571
10/14/1992,1993,1,14,1.599259259
10/15/1992,1993,1,15,0.907142857
10/16/1992,1993,1,16,1.034814815
10/17/1992,1993,1,17,1.034814815
10/18/1992,1993,1,18,1.034814815
10/19/1992,1993,1,19,1.975555556
10/20/1992,1993,1,20,2.149230769
10/21/1992,1993,1,21,0
10/22/1992,1993,1,22,3.907692308
10/23/1992,1993,1,23,4.3688
10/24/1992,1993,1,24,4.4704
10/25/1992,1993,1,25,4.797777778
10/26/1992,1993,1,26,3.991428571
10/27/1992,1993,1,27,4.354285714
10/28/1992,1993,1,28,6.561666667
10/29/1992,1993,1,29,8.4328
10/30/1992,1993,1,30,30.57407407
10/31/1992,1993,1,31,50.6984
11/1/1992,1993,2,32,54.102
11/2/1992,1993,2,33,52.705
11/3/1992,1993,2,34,46.19037037
11/4/1992,1993,2,35,43.26758621
11/5/1992,1993,2,36,44.93172414
11/6/1992,1993,2,37,42.81714286
11/7/1992,1993,2,38,37.48689655
11/8/1992,1993,2,39,40.21666667
11/9/1992,1993,2,40,40.80933333
11/10/1992,1993,2,41,36.99933333
11/11/1992,1993,2,42,39.49290323
11/12/1992,1993,2,43,41.9537931
11/13/1992,1993,2,44,41.402
11/14/1992,1993,2,45,38.50967742
11/15/1992,1993,2,46,40.72466667
11/16/1992,1993,2,47,43.51866667
11/17/1992,1993,2,48,43.83548387
11/18/1992,1993,2,49,51.87461538
11/19/1992,1993,2,50,54.39833333
11/20/1992,1993,2,51,53.77793103
11/21/1992,1993,2,52,59.01266667
11/22/1992,1993,2,53,53.99548387
11/23/1992,1993,2,54,53.49875
11/24/1992,1993,2,55,57.76451613
11/25/1992,1993,2,56,57.68258065
11/26/1992,1993,2,57,63.9064
11/27/1992,1993,2,58,56.27076923
11/28/1992,1993,2,59,55.63419355
11/29/1992,1993,2,60,58.51769231
11/30/1992,1993,2,61,58.4969697
12/1/1992,1993,3,62,54.77933333
12/2/1992,1993,3,63,55.71066667
12/3/1992,1993,3,64,58.08133333
12/4/1992,1993,3,65,54.61
12/5/1992,1993,3,66,57.62625
12/6/1992,1993,3,67,54.9275
12/7/1992,1993,3,68,99.82969697
12/8/1992,1993,3,69,125.6915152
12/9/1992,1993,3,70,144.78
12/10/1992,1993,3,71,150.4461538
12/11/1992,1993,3,72,175.9527273
12/12/1992,1993,3,73,193.5018182
12/13/1992,1993,3,74,195.500625
12/14/1992,1993,3,75,199.23125
12/15/1992,1993,3,76,201.056875
12/16/1992,1993,3,77,201.6125
12/17/1992,1993,3,78,202.803125
12/18/1992,1993,3,79,224.075625
12/19/1992,1993,3,80,223.52
12/20/1992,1993,3,81,221.2109091
12/21/1992,1993,3,82,222.3654545
12/22/1992,1993,3,83,231.2340741
12/23/1992,1993,3,84,222.2115152
12/24/1992,1993,3,85,216.4926667
12/25/1992,1993,3,86,239.4857143
12/26/1992,1993,3,87,235.3733333
12/27/1992,1993,3,88,157.48
12/28/1992,1993,3,89,226.4448485
12/29/1992,1993,3,90,268.208125
12/30/1992,1993,3,91,333.771875
12/31/1992,1993,3,92,341.884
1/1/1993,1993,4,93,355.2237037
1/2/1993,1993,4,94,375.3812121
1/3/1993,1993,4,95,377.0745455
1/4/1993,1993,4,96,379.5375758
1/5/1993,1993,4,97,384.3866667
1/6/1993,1993,4,98,390.4672727
1/7/1993,1993,4,99,414.5587879
1/8/1993,1993,4,100,470.614375
1/9/1993,1993,4,101,480.695
1/10/1993,1993,4,102,492.125
1/11/1993,1993,4,103,511.175
1/12/1993,1993,4,104,511.33375
1/13/1993,1993,4,105,552.7675
1/14/1993,1993,4,106,606.345625
1/15/1993,1993,4,107,628.3325
1/16/1993,1993,4,108,663.178125
1/17/1993,1993,4,109,678.18
1/18/1993,1993,4,110,711.755625
1/19/1993,1993,4,111,716.835625
1/20/1993,1993,4,112,733.0089655
1/21/1993,1993,4,113,752.9786207
1/22/1993,1993,4,114,762.6131034
1/23/1993,1993,4,115,766.8172414
1/24/1993,1993,4,116,768.0434483
1/25/1993,1993,4,117,767.7806897
1/26/1993,1993,4,118,750.966875
1/27/1993,1993,4,119,750.649375
1/28/1993,1993,4,120,750.808125
1/29/1993,1993,4,121,750.490625
1/30/1993,1993,4,122,751.443125
1/31/1993,1993,4,123,753.506875
2/1/1993,1993,5,124,753.745
2/2/1993,1993,5,125,754.618125
2/3/1993,1993,5,126,754.85625
2/4/1993,1993,5,127,752.871875
2/5/1993,1993,5,128,755.015
2/6/1993,1993,5,129,759.063125
2/7/1993,1993,5,130,760.491875
2/8/1993,1993,5,131,770.73125
2/9/1993,1993,5,132,808.3785185
2/10/1993,1993,5,133,803.11625
2/11/1993,1993,5,134,808.355
2/12/1993,1993,5,135,811.05375
2/13/1993,1993,5,136,812.64125
2/14/1993,1993,5,137,814.3875
2/15/1993,1993,5,138,816.054375
2/16/1993,1993,5,139,817.72125
2/17/1993,1993,5,140,818.03875
2/18/1993,1993,5,141,827.166875
2/19/1993,1993,5,142,887.6453333
2/20/1993,1993,5,143,921.86125
2/21/1993,1993,5,144,952.896875
2/22/1993,1993,5,145,959.246875
2/23/1993,1993,5,146,977.979375
2/24/1993,1993,5,147,1026.16
2/25/1993,1993,5,148,1036.875625
2/26/1993,1993,5,149,1046.718125
2/27/1993,1993,5,150,1063.9425
2/28/1993,1993,5,151,1065.450625
3/1/1993,1993,6,152,1089.841429
3/2/1993,1993,6,153,1071.483125
3/3/1993,1993,6,154,1072.35625
3/4/1993,1993,6,155,1067.783226
3/5/1993,1993,6,156,1075.055
3/6/1993,1993,6,157,1072.1975
3/7/1993,1993,6,158,1065.2125
3/8/1993,1993,6,159,1056.005
3/9/1993,1993,6,160,1051.08375
3/10/1993,1993,6,161,1050.210625
3/11/1993,1993,6,162,1052.909375
3/12/1993,1993,6,163,1055.6875
3/13/1993,1993,6,164,1055.37
3/14/1993,1993,6,165,1053.30625
3/15/1993,1993,6,166,1205.992
3/16/1993,1993,6,167,1042.383226
3/17/1993,1993,6,168,1058.70375
3/18/1993,1993,6,169,1049.893125
3/19/1993,1993,6,170,1050.6075
3/20/1993,1993,6,171,1049.575625
3/21/1993,1993,6,172,1049.49625
3/22/1993,1993,6,173,1049.02
3/23/1993,1993,6,174,1047.511875
3/24/1993,1993,6,175,1046.083125
3/25/1993,1993,6,176,1054.25875
3/26/1993,1993,6,177,1087.993125
3/27/1993,1993,6,178,1103.391875
3/28/1993,1993,6,179,1115.3775
3/29/1993,1993,6,180,1124.981875
3/30/1993,1993,6,181,1125.299375
3/31/1993,1993,6,182,1108.34129
4/1/1993,1993,7,183,1122.83875
4/2/1993,1993,7,184,1102.605806
4/3/1993,1993,7,185,1110.535625
4/4/1993,1993,7,186,1102.756875
4/5/1993,1993,7,187,1102.0425
4/6/1993,1993,7,188,1100.534375
4/7/1993,1993,7,189,1101.4075
4/8/1993,1993,7,190,1097.835625
4/9/1993,1993,7,191,1086.64375
4/10/1993,1993,7,192,1080.29375
4/11/1993,1993,7,193,1073.705625
4/12/1993,1993,7,194,1069.419375
4/13/1993,1993,7,195,1062.99
4/14/1993,1993,7,196,1058.2275
4/15/1993,1993,7,197,1045.21
4/16/1993,1993,7,198,1037.74875
4/17/1993,1993,7,199,1025.604375
4/18/1993,1993,7,200,1032.271875
4/19/1993,1993,7,201,1034.970625
4/20/1993,1993,7,202,1028.85875
4/21/1993,1993,7,203,1011.316875
4/22/1993,1993,7,204,980.0303226
4/23/1993,1993,7,205,974.1309677
4/24/1993,1993,7,206,931.1216667
4/25/1993,1993,7,207,958.1535484
4/26/1993,1993,7,208,935.0477419
4/27/1993,1993,7,209,919.8896774
4/28/1993,1993,7,210,932.0823077
4/29/1993,1993,7,211,895.985
4/30/1993,1993,7,212,884.2477419
5/1/1993,1993,8,213,861.774375
5/2/1993,1993,8,214,842.645
5/3/1993,1993,8,215,823.198125
5/4/1993,1993,8,216,797.723871
5/5/1993,1993,8,217,782.4019355
5/6/1993,1993,8,218,772.080625
5/7/1993,1993,8,219,760.1974194
5/8/1993,1993,8,220,746.2683871
5/9/1993,1993,8,221,716.28
5/10/1993,1993,8,222,695.2826667
5/11/1993,1993,8,223,688.34
5/12/1993,1993,8,224,647.446
5/13/1993,1993,8,225,630.428
5/14/1993,1993,8,226,631.9683871
5/15/1993,1993,8,227,616.9741935
5/16/1993,1993,8,228,600.5051613
5/17/1993,1993,8,229,577.9729032
5/18/1993,1993,8,230,551.8354839
5/19/1993,1993,8,231,524.5509677
5/20/1993,1993,8,232,498.9051613
5/21/1993,1993,8,233,477.1103226
5/22/1993,1993,8,234,461.2148387
5/23/1993,1993,8,235,437.2077419
5/24/1993,1993,8,236,412.7909677
5/25/1993,1993,8,237,391.5696774
5/26/1993,1993,8,238,377.3129032
5/27/1993,1993,8,239,364.3670968
5/28/1993,1993,8,240,354.0432258
5/29/1993,1993,8,241,341.9987097
5/30/1993,1993,8,242,329.1348387
5/31/1993,1993,8,243,315.123871
6/1/1993,1993,9,244,312.583871
6/2/1993,1993,9,245,302.096129
6/3/1993,1993,9,246,287.9212903
6/4/1993,1993,9,247,277.8432258
6/5/1993,1993,9,248,294.894
6/6/1993,1993,9,249,298.0812903
6/7/1993,1993,9,250,298.4090323
6/8/1993,1993,9,251,297.5077419
6/9/1993,1993,9,252,289.6419355
6/10/1993,1993,9,253,279.563871
6/11/1993,1993,9,254,257.6870968
6/12/1993,1993,9,255,240.7264516
6/13/1993,1993,9,256,217.8664516
6/14/1993,1993,9,257,197.6283871
6/15/1993,1993,9,258,179.8483871
6/16/1993,1993,9,259,164.5264516
6/17/1993,1993,9,260,147.32
6/18/1993,1993,9,261,136.4225806
6/19/1993,1993,9,262,122.4116129
6/20/1993,1993,9,263,109.3019355
6/21/1993,1993,9,264,101.2722581
6/22/1993,1993,9,265,90.86645161
6/23/1993,1993,9,266,79.88709677
6/24/1993,1993,9,267,70.05483871
6/25/1993,1993,9,268,52.02903226
6/26/1993,1993,9,269,39.65677419
6/27/1993,1993,9,270,27.12064516
6/28/1993,1993,9,271,21.63096774
6/29/1993,1993,9,272,17.37032258
6/30/1993,1993,9,273,11.96258065
7/1/1993,1993,10,274,6.429375
7/2/1993,1993,10,275,3.095625
7/3/1993,1993,10,276,1.905
7/4/1993,1993,10,277,1.190625
7/5/1993,1993,10,278,0
7/6/1993,1993,10,279,0
7/7/1993,1993,10,280,0
7/8/1993,1993,10,281,0
7/9/1993,1993,10,282,0
7/10/1993,1993,10,283,0
7/11/1993,1993,10,284,0
7/12/1993,1993,10,285,0
7/13/1993,1993,10,286,0
7/14/1993,1993,10,287,0
7/15/1993,1993,10,288,0
7/16/1993,1993,10,289,0
7/17/1993,1993,10,290,0.740833333
7/18/1993,1993,10,291,1.058333333
7/19/1993,1993,10,292,0.846666667
7/20/1993,1993,10,293,0.846666667
7/21/1993,1993,10,294,0
7/22/1993,1993,10,295,0
7/23/1993,1993,10,296,0
7/24/1993,1993,10,297,0
7/25/1993,1993,10,298,0
7/26/1993,1993,10,299,0
7/27/1993,1993,10,300,0
7/28/1993,1993,10,301,0
7/29/1993,1993,10,302,0
7/30/1993,1993,10,303,0
7/31/1993,1993,10,304,0
8/1/1993,1993,11,305,0
8/2/1993,1993,11,306,0
8/3/1993,1993,11,307,0
8/4/1993,1993,11,308,0
8/5/1993,1993,11,309,0
8/6/1993,1993,11,310,0
8/7/1993,1993,11,311,0
8/8/1993,1993,11,312,0
8/9/1993,1993,11,313,0
8/10/1993,1993,11,314,0
8/11/1993,1993,11,315,0
8/12/1993,1993,11,316,0
8/13/1993,1993,11,317,0
8/14/1993,1993,11,318,0
8/15/1993,1993,11,319,0
8/16/1993,1993,11,320,0
8/17/1993,1993,11,321,0
8/18/1993,1993,11,322,0
8/19/1993,1993,11,323,0
8/20/1993,1993,11,324,0
8/21/1993,1993,11,325,0
8/22/1993,1993,11,326,0
8/23/1993,1993,11,327,0
8/24/1993,1993,11,328,0
8/25/1993,1993,11,329,0
8/26/1993,1993,11,330,0
8/27/1993,1993,11,331,0
8/28/1993,1993,11,332,0
8/29/1993,1993,11,333,0
8/30/1993,1993,11,334,0
8/31/1993,1993,11,335,0
9/1/1993,1993,12,336,0
9/2/1993,1993,12,337,0
9/3/1993,1993,12,338,0
9/4/1993,1993,12,339,0
9/5/1993,1993,12,340,0
9/6/1993,1993,12,341,0
9/7/1993,1993,12,342,0
9/8/1993,1993,12,343,0
9/9/1993,1993,12,344,0
9/10/1993,1993,12,345,0
9/11/1993,1993,12,346,0
9/12/1993,1993,12,347,0
9/13/1993,1993,12,348,0
9/14/1993,1993,12,349,0
9/15/1993,1993,12,350,0
9/16/1993,1993,12,351,0
9/17/1993,1993,12,352,0
9/18/1993,1993,12,353,0
9/19/1993,1993,12,354,0
9/20/1993,1993,12,355,0
9/21/1993,1993,12,356,0
9/22/1993,1993,12,357,0
9/23/1993,1993,12,358,0
9/24/1993,1993,12,359,0
9/25/1993,1993,12,360,0
9/26/1993,1993,12,361,0
9/27/1993,1993,12,362,0
9/28/1993,1993,12,363,0
9/29/1993,1993,12,364,0
9/30/1993,1993,12,365,0
10/1/1993,1994,1,1,0
10/2/1993,1994,1,2,0
10/3/1993,1994,1,3,0
10/4/1993,1994,1,4,0
10/5/1993,1994,1,5,0
10/6/1993,1994,1,6,0
10/7/1993,1994,1,7,0
10/8/1993,1994,1,8,0
10/9/1993,1994,1,9,0
10/10/1993,1994,1,10,0
10/11/1993,1994,1,11,0
10/12/1993,1994,1,12,0
10/13/1993,1994,1,13,0
10/14/1993,1994,1,14,0
10/15/1993,1994,1,15,0
10/16/1993,1994,1,16,3.556
10/17/1993,1994,1,17,2.624666667
10/18/1993,1994,1,18,4.402666667
10/19/1993,1994,1,19,3.730625
10/20/1993,1994,1,20,3.413125
10/21/1993,1994,1,21,2.54
10/22/1993,1994,1,22,2.460625
10/23/1993,1994,1,23,1.74625
10/24/1993,1994,1,24,1.11125
10/25/1993,1994,1,25,0.555625
10/26/1993,1994,1,26,0.555625
10/27/1993,1994,1,27,0
10/28/1993,1994,1,28,0
10/29/1993,1994,1,29,0
10/30/1993,1994,1,30,0
10/31/1993,1994,1,31,0
11/1/1993,1994,2,32,0
11/2/1993,1994,2,33,0
11/3/1993,1994,2,34,0
11/4/1993,1994,2,35,0
11/5/1993,1994,2,36,0
11/6/1993,1994,2,37,0
11/7/1993,1994,2,38,0
11/8/1993,1994,2,39,0
11/9/1993,1994,2,40,0
11/10/1993,1994,2,41,0
11/11/1993,1994,2,42,3.81
11/12/1993,1994,2,43,13.096875
11/13/1993,1994,2,44,14.605
11/14/1993,1994,2,45,18.57375
11/15/1993,1994,2,46,20.16125
11/16/1993,1994,2,47,20.955
11/17/1993,1994,2,48,21.59
11/18/1993,1994,2,49,22.145625
11/19/1993,1994,2,50,22.225
11/20/1993,1994,2,51,23.8125
11/21/1993,1994,2,52,24.844375
11/22/1993,1994,2,53,25.955625
11/23/1993,1994,2,54,30.01818182
11/24/1993,1994,2,55,29.63333333
11/25/1993,1994,2,56,32.9430303
11/26/1993,1994,2,57,33.71272727
11/27/1993,1994,2,58,33.78969697
11/28/1993,1994,2,59,34.09757576
11/29/1993,1994,2,60,35.6369697
11/30/1993,1994,2,61,59.42060606
12/1/1993,1994,3,62,60.96
12/2/1993,1994,3,63,61.34484848
12/3/1993,1994,3,64,61.65272727
12/4/1993,1994,3,65,61.57575758
12/5/1993,1994,3,66,61.42181818
12/6/1993,1994,3,67,61.57575758
12/7/1993,1994,3,68,60.42121212
12/8/1993,1994,3,69,60.8830303
12/9/1993,1994,3,70,63.73090909
12/10/1993,1994,3,71,64.96242424
12/11/1993,1994,3,72,68.73393939
12/12/1993,1994,3,73,102.9084848
12/13/1993,1994,3,74,106.1412121
12/14/1993,1994,3,75,108.450303
12/15/1993,1994,3,76,120.8424242
12/16/1993,1994,3,77,122.0739394
12/17/1993,1994,3,78,123.0745455
12/18/1993,1994,3,79,122.9975758
12/19/1993,1994,3,80,124.2290909
12/20/1993,1994,3,81,124.46
12/21/1993,1994,3,82,124.7678788
12/22/1993,1994,3,83,123.7672727
12/23/1993,1994,3,84,123.690303
12/24/1993,1994,3,85,124.2290909
12/25/1993,1994,3,86,123.690303
12/26/1993,1994,3,87,125.229697
12/27/1993,1994,3,88,127.3078788
12/28/1993,1994,3,89,128.2315152
12/29/1993,1994,3,90,128.2315152
12/30/1993,1994,3,91,128.6933333
12/31/1993,1994,3,92,129.1551515
1/1/1994,1994,4,93,49.53
1/2/1994,1994,4,94,127.769697
1/3/1994,1994,4,95,127.5387879
1/4/1994,1994,4,96,127.6157576
1/5/1994,1994,4,97,136.2363636
1/6/1994,1994,4,98,136.7751515
1/7/1994,1994,4,99,136.7751515
1/8/1994,1994,4,100,135.9284848
1/9/1994,1994,4,101,136.5442424
1/10/1994,1994,4,102,136.8521212
1/11/1994,1994,4,103,136.6981818
1/12/1994,1994,4,104,136.7751515
1/13/1994,1994,4,105,136.390303
1/14/1994,1994,4,106,137.3909091
1/15/1994,1994,4,107,137.0830303
1/16/1994,1994,4,108,136.0824242
1/17/1994,1994,4,109,136.0054545
1/18/1994,1994,4,110,138.9742857
1/19/1994,1994,4,111,135.0048485
1/20/1994,1994,4,112,135.0818182
1/21/1994,1994,4,113,133.1575758
1/22/1994,1994,4,114,134.8509091
1/23/1994,1994,4,115,134.9278788
1/24/1994,1994,4,116,146.3193939
1/25/1994,1994,4,117,162.2521212
1/26/1994,1994,4,118,167.4090909
1/27/1994,1994,4,119,172.4121212
1/28/1994,1994,4,120,173.8745455
1/29/1994,1994,4,121,173.7206061
1/30/1994,1994,4,122,173.8745455
1/31/1994,1994,4,123,175.4139394
2/1/1994,1994,5,124,178.3387879
2/2/1994,1994,5,125,179.9551515
2/3/1994,1994,5,126,180.1860606
2/4/1994,1994,5,127,182.4181818
2/5/1994,1994,5,128,184.3424242
2/6/1994,1994,5,129,187.190303
2/7/1994,1994,5,130,196.349697
2/8/1994,1994,5,131,245.7642424
2/9/1994,1994,5,132,251.46
2/10/1994,1994,5,133,253.8460606
2/11/1994,1994,5,134,265.6224242
2/12/1994,1994,5,135,266.5460606
2/13/1994,1994,5,136,268.8551515
2/14/1994,1994,5,137,269.5478788
2/15/1994,1994,5,138,269.0090909
2/16/1994,1994,5,139,268.8551515
2/17/1994,1994,5,140,280.7084848
2/18/1994,1994,5,141,341.5145455
2/19/1994,1994,5,142,357.108125
2/20/1994,1994,5,143,390.0054545
2/21/1994,1994,5,144,400.3193939
2/22/1994,1994,5,145,409.5985185
2/23/1994,1994,5,146,404.629697
2/24/1994,1994,5,147,408.0163636
2/25/1994,1994,5,148,407.3236364
2/26/1994,1994,5,149,408.170303
2/27/1994,1994,5,150,412.3266667
2/28/1994,1994,5,151,411.48
3/1/1994,1994,6,152,412.1727273
3/2/1994,1994,6,153,411.7109091
3/3/1994,1994,6,154,410.6333333
3/4/1994,1994,6,155,406.7175
3/5/1994,1994,6,156,405.8612121
3/6/1994,1994,6,157,415.4054545
3/7/1994,1994,6,158,418.6381818
3/8/1994,1994,6,159,419.1
3/9/1994,1994,6,160,418.330303
3/10/1994,1994,6,161,415.3284848
3/11/1994,1994,6,162,412.75
3/12/1994,1994,6,163,411.9282353
3/13/1994,1994,6,164,407.5205882
3/14/1994,1994,6,165,403.3370588
3/15/1994,1994,6,166,395.4182353
3/16/1994,1994,6,167,392.6541176
3/17/1994,1994,6,168,389.9647059
3/18/1994,1994,6,169,385.7811765
3/19/1994,1994,6,170,378.1611765
3/20/1994,1994,6,171,375.3223529
3/21/1994,1994,6,172,374.9488235
3/22/1994,1994,6,173,369.7941176
3/23/1994,1994,6,174,374.3511765
3/24/1994,1994,6,175,371.2135294
3/25/1994,1994,6,176,372.8570588
3/26/1994,1994,6,177,382.27
3/27/1994,1994,6,178,387.0511765
3/28/1994,1994,6,179,382.5688235
3/29/1994,1994,6,180,345.6214286
3/30/1994,1994,6,181,373.3052941
3/31/1994,1994,6,182,365.3117647
4/1/1994,1994,7,183,354.4794118
4/2/1994,1994,7,184,342.7505882
4/3/1994,1994,7,185,330.5735294
4/4/1994,1994,7,186,331.5447059
4/5/1994,1994,7,187,326.8382353
4/6/1994,1994,7,188,208.28
4/7/1994,1994,7,189,136.3133333
4/8/1994,1994,7,190,315.5576471
4/9/1994,1994,7,191,323.9247059
4/10/1994,1994,7,192,327.7347059
4/11/1994,1994,7,193,330.4988235
4/12/1994,1994,7,194,269.5575
4/13/1994,1994,7,195,269.0283333
4/14/1994,1994,7,196,254
4/15/1994,1994,7,197,190.2690909
4/16/1994,1994,7,198,208.8242857
4/17/1994,1994,7,199,192.8706667
4/18/1994,1994,7,200,183.67375
4/19/1994,1994,7,201,227.4047059
4/20/1994,1994,7,202,210.9694118
4/21/1994,1994,7,203,196.0282353
4/22/1994,1994,7,204,180.7882353
4/23/1994,1994,7,205,172.2717647
4/24/1994,1994,7,206,181.0123529
4/25/1994,1994,7,207,192.1933333
4/26/1994,1994,7,208,209.2511765
4/27/1994,1994,7,209,212.1647059
4/28/1994,1994,7,210,214.1817647
4/29/1994,1994,7,211,215.6758824
4/30/1994,1994,7,212,214.2564706
5/1/1994,1994,8,213,207.6823529
5/2/1994,1994,8,214,201.3323529
5/3/1994,1994,8,215,190.2011765
5/4/1994,1994,8,216,179.07
5/5/1994,1994,8,217,167.5652941
5/6/1994,1994,8,218,155.4629412
5/7/1994,1994,8,219,160.2441176
5/8/1994,1994,8,220,163.6058824
5/9/1994,1994,8,221,155.9406061
5/10/1994,1994,8,222,146.0115152
5/11/1994,1994,8,223,133.6193939
5/12/1994,1994,8,224,119.6109091
5/13/1994,1994,8,225,104.2169697
5/14/1994,1994,8,226,93.98
5/15/1994,1994,8,227,81.994375
5/16/1994,1994,8,228,75.009375
5/17/1994,1994,8,229,74.45375
5/18/1994,1994,8,230,84.61375
5/19/1994,1994,8,231,91.44
5/20/1994,1994,8,232,90.4875
5/21/1994,1994,8,233,87.391875
5/22/1994,1994,8,234,82.788125
5/23/1994,1994,8,235,73.421875
5/24/1994,1994,8,236,65.643125
5/25/1994,1994,8,237,58.023125
5/26/1994,1994,8,238,51.038125
5/27/1994,1994,8,239,40.560625
5/28/1994,1994,8,240,33.655
5/29/1994,1994,8,241,25.003125
5/30/1994,1994,8,242,17.383125
5/31/1994,1994,8,243,14.843125
6/1/1994,1994,9,244,10.92969697
6/2/1994,1994,9,245,6.927272727
6/3/1994,1994,9,246,3.848484848
6/4/1994,1994,9,247,1.11125
6/5/1994,1994,9,248,0
6/6/1994,1994,9,249,0
6/7/1994,1994,9,250,0
6/8/1994,1994,9,251,0
6/9/1994,1994,9,252,0
6/10/1994,1994,9,253,0
6/11/1994,1994,9,254,0
6/12/1994,1994,9,255,0
6/13/1994,1994,9,256,0
6/14/1994,1994,9,257,0
6/15/1994,1994,9,258,0
6/16/1994,1994,9,259,0.555625
6/17/1994,1994,9,260,0
6/18/1994,1994,9,261,0
6/19/1994,1994,9,262,0
6/20/1994,1994,9,263,0
6/21/1994,1994,9,264,0
6/22/1994,1994,9,265,0
6/23/1994,1994,9,266,0
6/24/1994,1994,9,267,0
6/25/1994,1994,9,268,0
6/26/1994,1994,9,269,0
6/27/1994,1994,9,270,0
6/28/1994,1994,9,271,0
6/29/1994,1994,9,272,0
6/30/1994,1994,9,273,0
7/1/1994,1994,10,274,0
7/2/1994,1994,10,275,0
7/3/1994,1994,10,276,0
7/4/1994,1994,10,277,0
7/5/1994,1994,10,278,0
7/6/1994,1994,10,279,0
7/7/1994,1994,10,280,0
7/8/1994,1994,10,281,0
7/9/1994,1994,10,282,0
7/10/1994,1994,10,283,0
7/11/1994,1994,10,284,0
7/12/1994,1994,10,285,0
7/13/1994,1994,10,286,0
7/14/1994,1994,10,287,0
7/15/1994,1994,10,288,0
7/16/1994,1994,10,289,0
7/17/1994,1994,10,290,0
7/18/1994,1994,10,291,0
7/19/1994,1994,10,292,0
7/20/1994,1994,10,293,0
7/21/1994,1994,10,294,0
7/22/1994,1994,10,295,0
7/23/1994,1994,10,296,0
7/24/1994,1994,10,297,0
7/25/1994,1994,10,298,0
7/26/1994,1994,10,299,0
7/27/1994,1994,10,300,0
7/28/1994,1994,10,301,0
7/29/1994,1994,10,302,0
7/30/1994,1994,10,303,0
7/31/1994,1994,10,304,0
8/1/1994,1994,11,305,0
8/2/1994,1994,11,306,0
8/3/1994,1994,11,307,0
8/4/1994,1994,11,308,0
8/5/1994,1994,11,309,0
8/6/1994,1994,11,310,0
8/7/1994,1994,11,311,0
8/8/1994,1994,11,312,0
8/9/1994,1994,11,313,0
8/10/1994,1994,11,314,0
8/11/1994,1994,11,315,0
8/12/1994,1994,11,316,0
8/13/1994,1994,11,317,0
8/14/1994,1994,11,318,0
8/15/1994,1994,11,319,0
8/16/1994,1994,11,320,0
8/17/1994,1994,11,321,0
8/18/1994,1994,11,322,0
8/19/1994,1994,11,323,0
8/20/1994,1994,11,324,0
8/21/1994,1994,11,325,0
8/22/1994,1994,11,326,0
8/23/1994,1994,11,327,0
8/24/1994,1994,11,328,0
8/25/1994,1994,11,329,0
8/26/1994,1994,11,330,0
8/27/1994,1994,11,331,0
8/28/1994,1994,11,332,0
8/29/1994,1994,11,333,0
8/30/1994,1994,11,334,0
8/31/1994,1994,11,335,0
9/1/1994,1994,12,336,0
9/2/1994,1994,12,337,0
9/3/1994,1994,12,338,0
9/4/1994,1994,12,339,0
9/5/1994,1994,12,340,0
9/6/1994,1994,12,341,0
9/7/1994,1994,12,342,0
9/8/1994,1994,12,343,0
9/9/1994,1994,12,344,0
9/10/1994,1994,12,345,0
9/11/1994,1994,12,346,0
9/12/1994,1994,12,347,0
9/13/1994,1994,12,348,0
9/14/1994,1994,12,349,0
9/15/1994,1994,12,350,0
9/16/1994,1994,12,351,0
9/17/1994,1994,12,352,0
9/18/1994,1994,12,353,0
9/19/1994,1994,12,354,0
9/20/1994,1994,12,355,0
9/21/1994,1994,12,356,0
9/22/1994,1994,12,357,0
9/23/1994,1994,12,358,0
9/24/1994,1994,12,359,0
9/25/1994,1994,12,360,0
9/26/1994,1994,12,361,0
9/27/1994,1994,12,362,0
9/28/1994,1994,12,363,0
9/29/1994,1994,12,364,0
9/30/1994,1994,12,365,0
10/1/1994,1995,1,1,0
10/2/1994,1995,1,2,0
10/3/1994,1995,1,3,0
10/4/1994,1995,1,4,0.846666667
10/5/1994,1995,1,5,33.35866667
10/6/1994,1995,1,6,43.27769231
10/7/1994,1995,1,7,34.68076923
10/8/1994,1995,1,8,32.7152
10/9/1994,1995,1,9,28.8544
10/10/1994,1995,1,10,25.50583333
10/11/1994,1995,1,11,21.2725
10/12/1994,1995,1,12,16.6624
10/13/1994,1995,1,13,16.4592
10/14/1994,1995,1,14,14.06769231
10/15/1994,1995,1,15,13.57923077
10/16/1994,1995,1,16,13.208
10/17/1994,1995,1,17,10.668
10/18/1994,1995,1,18,9.652
10/19/1994,1995,1,19,9.4488
10/20/1994,1995,1,20,9.2456
10/21/1994,1995,1,21,6.302962963
10/22/1994,1995,1,22,4.139259259
10/23/1994,1995,1,23,3.951111111
10/24/1994,1995,1,24,3.292592593
10/25/1994,1995,1,25,3.292592593
10/26/1994,1995,1,26,2.822222222
10/27/1994,1995,1,27,2.822222222
10/28/1994,1995,1,28,2.257777778
10/29/1994,1995,1,29,1.787407407
10/30/1994,1995,1,30,1.787407407
10/31/1994,1995,1,31,1.787407407
11/1/1994,1995,2,32,1.051034483
11/2/1994,1995,2,33,1.179285714
11/3/1994,1995,2,34,1.27
11/4/1994,1995,2,35,2.086428571
11/5/1994,1995,2,36,14.605
11/6/1994,1995,2,37,24.22071429
11/7/1994,1995,2,38,24.03928571
11/8/1994,1995,2,39,25.67214286
11/9/1994,1995,2,40,29.11928571
11/10/1994,1995,2,41,38.179375
11/11/1994,1995,2,42,46.19625
11/12/1994,1995,2,43,46.51375
11/13/1994,1995,2,44,47.386875
11/14/1994,1995,2,45,48.498125
11/15/1994,1995,2,46,50.4825
11/16/1994,1995,2,47,54.45125
11/17/1994,1995,2,48,64.62888889
11/18/1994,1995,2,49,95.29703704
11/19/1994,1995,2,50,99.695
11/20/1994,1995,2,51,101.6
11/21/1994,1995,2,52,100.1375758
11/22/1994,1995,2,53,101.7539394
11/23/1994,1995,2,54,101.7539394
11/24/1994,1995,2,55,103.9090909
11/25/1994,1995,2,56,110.7593939
11/26/1994,1995,2,57,154.0163636
11/27/1994,1995,2,58,160.4818182
11/28/1994,1995,2,59,162.7909091
11/29/1994,1995,2,60,155.6327273
11/30/1994,1995,2,61,162.1864706
12/1/1994,1995,3,62,162.7094118
12/2/1994,1995,3,63,162.1864706
12/3/1994,1995,3,64,164.2782353
12/4/1994,1995,3,65,175.1852941
12/5/1994,1995,3,66,180.4147059
12/6/1994,1995,3,67,182.2076471
12/7/1994,1995,3,68,185.3452941
12/8/1994,1995,3,69,184.8970588
12/9/1994,1995,3,70,184.5235294
12/10/1994,1995,3,71,186.8054545
12/11/1994,1995,3,72,187.8060606
12/12/1994,1995,3,73,192.1933333
12/13/1994,1995,3,74,214.2836364
12/14/1994,1995,3,75,218.44
12/15/1994,1995,3,76,225.2133333
12/16/1994,1995,3,77,226.9836364
12/17/1994,1995,3,78,227.1375758
12/18/1994,1995,3,79,226.7527273
12/19/1994,1995,3,80,226.5987879
12/20/1994,1995,3,81,227.5224242
12/21/1994,1995,3,82,227.9072727
12/22/1994,1995,3,83,227.2145455
12/23/1994,1995,3,84,228.3690909
12/24/1994,1995,3,85,229.2927273
12/25/1994,1995,3,86,249.1509091
12/26/1994,1995,3,87,251.3060606
12/27/1994,1995,3,88,251.9218182
12/28/1994,1995,3,89,255.984375
12/29/1994,1995,3,90,262.969375
12/30/1994,1995,3,91,263.2363636
12/31/1994,1995,3,92,263.1593939
1/1/1995,1995,4,93,271.2064516
1/2/1995,1995,4,94,271.0425806
1/3/1995,1995,4,95,272.6812903
1/4/1995,1995,4,96,280.1374194
1/5/1995,1995,4,97,341.122
1/6/1995,1995,4,98,360.0026667
1/7/1995,1995,4,99,399.0427586
1/8/1995,1995,4,100,423.7264286
1/9/1995,1995,4,101,453.6621429
1/10/1995,1995,4,102,486.41
1/11/1995,1995,4,103,541.8364286
1/12/1995,1995,4,104,552.9035714
1/13/1995,1995,4,105,586.1957143
1/14/1995,1995,4,106,610.0703704
1/15/1995,1995,4,107,645.9415385
1/16/1995,1995,4,108,650.24
1/17/1995,1995,4,109,653.0730769
1/18/1995,1995,4,110,657.86
1/19/1995,1995,4,111,658.9346154
1/20/1995,1995,4,112,662.5637037
1/21/1995,1995,4,113,666.9453846
1/22/1995,1995,4,114,668.1176923
1/23/1995,1995,4,115,708.7616
1/24/1995,1995,4,116,740.3547826
1/25/1995,1995,4,117,764.7608696
1/26/1995,1995,4,118,782.2095652
1/27/1995,1995,4,119,794.7025
1/28/1995,1995,4,120,801.8272
1/29/1995,1995,4,121,787.5953846
1/30/1995,1995,4,122,788.5723077
1/31/1995,1995,4,123,791.8938462
2/1/1995,1995,5,124,781.3792593
2/2/1995,1995,5,125,790.4284615
2/3/1995,1995,5,126,788.3769231
2/4/1995,1995,5,127,788.67
2/5/1995,1995,5,128,787.9861538
2/6/1995,1995,5,129,787.6930769
2/7/1995,1995,5,130,790.7866667
2/8/1995,1995,5,131,795.5642857
2/9/1995,1995,5,132,795.8364286
2/10/1995,1995,5,133,797.7414286
2/11/1995,1995,5,134,799.1928571
2/12/1995,1995,5,135,798.3764286
2/13/1995,1995,5,136,799.9185714
2/14/1995,1995,5,137,831.215
2/15/1995,1995,5,138,836.7888889
2/16/1995,1995,5,139,830.9428571
2/17/1995,1995,5,140,831.9407143
2/18/1995,1995,5,141,831.7592857
2/19/1995,1995,5,142,828.675
2/20/1995,1995,5,143,824.9557143
2/21/1995,1995,5,144,823.6857143
2/22/1995,1995,5,145,822.8692857
2/23/1995,1995,5,146,822.2342857
2/24/1995,1995,5,147,822.325
2/25/1995,1995,5,148,821.055
2/26/1995,1995,5,149,819.4221429
2/27/1995,1995,5,150,815.975
2/28/1995,1995,5,151,814.6142857
3/1/1995,1995,6,152,810.3475862
3/2/1995,1995,6,153,818.1521429
3/3/1995,1995,6,154,830.4892857
3/4/1995,1995,6,155,860.4468966
3/5/1995,1995,6,156,874.6358621
3/6/1995,1995,6,157,883.6572414
3/7/1995,1995,6,158,886.897931
3/8/1995,1995,6,159,876.8926667
3/9/1995,1995,6,160,885.5286667
3/10/1995,1995,6,161,950.397931
3/11/1995,1995,6,162,1070.065714
3/12/1995,1995,6,163,1103.267143
3/13/1995,1995,6,164,1111.159286
3/14/1995,1995,6,165,1113.427143
3/15/1995,1995,6,166,1114.062143
3/16/1995,1995,6,167,1113.064286
3/17/1995,1995,6,168,1109.889286
3/18/1995,1995,6,169,1107.349286
3/19/1995,1995,6,170,1110.615
3/20/1995,1995,6,171,1108.568889
3/21/1995,1995,6,172,1151.184444
3/22/1995,1995,6,173,1182.134815
3/23/1995,1995,6,174,1242.812593
3/24/1995,1995,6,175,1282.22963
3/25/1995,1995,6,176,1288.344444
3/26/1995,1995,6,177,1289.661481
3/27/1995,1995,6,178,1292.765926
3/28/1995,1995,6,179,1293.706667
3/29/1995,1995,6,180,1290.32
3/30/1995,1995,6,181,1290.602222
3/31/1995,1995,6,182,1287.027407
4/1/1995,1995,7,183,1263.480667
4/2/1995,1995,7,184,1263.311333
4/3/1995,1995,7,185,1260.365517
4/4/1995,1995,7,186,1261.025333
4/5/1995,1995,7,187,1247.732667
4/6/1995,1995,7,188,1237.572667
4/7/1995,1995,7,189,1230.63
4/8/1995,1995,7,190,1240.79
4/9/1995,1995,7,191,1239.096667
4/10/1995,1995,7,192,1235.879333
4/11/1995,1995,7,193,1230.460667
4/12/1995,1995,7,194,1222.417333
4/13/1995,1995,7,195,1208.532
4/14/1995,1995,7,196,1223.348667
4/15/1995,1995,7,197,1228.682667
4/16/1995,1995,7,198,1233.508667
4/17/1995,1995,7,199,1239.266
4/18/1995,1995,7,200,1247.563333
4/19/1995,1995,7,201,1254.506
4/20/1995,1995,7,202,1258.062
4/21/1995,1995,7,203,1266.698
4/22/1995,1995,7,204,1265.682
4/23/1995,1995,7,205,1261.787333
4/24/1995,1995,7,206,1253.913333
4/25/1995,1995,7,207,1238.673333
4/26/1995,1995,7,208,1222.417333
4/27/1995,1995,7,209,1211.156667
4/28/1995,1995,7,210,1203.536667
4/29/1995,1995,7,211,1201.843333
4/30/1995,1995,7,212,1205.23
5/1/1995,1995,8,213,1194.045806
5/2/1995,1995,8,214,1200.065333
5/3/1995,1995,8,215,1192.699333
5/4/1995,1995,8,216,1182.454667
5/5/1995,1995,8,217,1189.070345
5/6/1995,1995,8,218,1191.785517
5/7/1995,1995,8,219,1192.924138
5/8/1995,1995,8,220,1191.522759
5/9/1995,1995,8,221,1189.771034
5/10/1995,1995,8,222,1180.486897
5/11/1995,1995,8,223,1173.129655
5/12/1995,1995,8,224,1163.407586
5/13/1995,1995,8,225,1164.984138
5/14/1995,1995,8,226,1176.895862
5/15/1995,1995,8,227,1180.224138
5/16/1995,1995,8,228,1183.64
5/17/1995,1995,8,229,1183.377241
5/18/1995,1995,8,230,1172.691724
5/19/1995,1995,8,231,1158.765517
5/20/1995,1995,8,232,1138.708276
5/21/1995,1995,8,233,1120.665517
5/22/1995,1995,8,234,1099.206897
5/23/1995,1995,8,235,1085.105517
5/24/1995,1995,8,236,1039.767143
5/25/1995,1995,8,237,1037.045714
5/26/1995,1995,8,238,1031.330714
5/27/1995,1995,8,239,1015.455714
5/28/1995,1995,8,240,1000.215714
5/29/1995,1995,8,241,983.7964286
5/30/1995,1995,8,242,964.0207143
5/31/1995,1995,8,243,941.1607143
6/1/1995,1995,9,244,920.115
6/2/1995,1995,9,245,900.2485714
6/3/1995,1995,9,246,879.9285714
6/4/1995,1995,9,247,859.79
6/5/1995,1995,9,248,851.4644444
6/6/1995,1995,9,249,827.1933333
6/7/1995,1995,9,250,809.1311111
6/8/1995,1995,9,251,806.1207407
6/9/1995,1995,9,252,801.1348148
6/10/1995,1995,9,253,785.4244444
6/11/1995,1995,9,254,768.4911111
6/12/1995,1995,9,255,740.9274074
6/13/1995,1995,9,256,712.517037
6/14/1995,1995,9,257,679.7792593
6/15/1995,1995,9,258,656.4488889
6/16/1995,1995,9,259,658.0481481
6/17/1995,1995,9,260,653.6871429
6/18/1995,1995,9,261,646.1578571
6/19/1995,1995,9,262,632.5507143
6/20/1995,1995,9,263,618.0364286
6/21/1995,1995,9,264,600.8914286
6/22/1995,1995,9,265,590.1871429
6/23/1995,1995,9,266,558.8
6/24/1995,1995,9,267,534.3978571
6/25/1995,1995,9,268,508.0907143
6/26/1995,1995,9,269,484.2328571
6/27/1995,1995,9,270,461.1007143
6/28/1995,1995,9,271,432.3644444
6/29/1995,1995,9,272,406.2118519
6/30/1995,1995,9,273,378.9303704
7/1/1995,1995,10,274,355.3177778
7/2/1995,1995,10,275,331.7992593
7/3/1995,1995,10,276,312.42
7/4/1995,1995,10,277,287.6785185
7/5/1995,1995,10,278,265.8533333
7/6/1995,1995,10,279,241.7703704
7/7/1995,1995,10,280,208.9385185
7/8/1995,1995,10,281,185.1377778
7/9/1995,1995,10,282,162.8422222
7/10/1995,1995,10,283,140.7348148
7/11/1995,1995,10,284,121.6377778
7/12/1995,1995,10,285,108.0911111
7/13/1995,1995,10,286,97.46074074
7/14/1995,1995,10,287,88.05333333
7/15/1995,1995,10,288,77.89333333
7/16/1995,1995,10,289,67.54518519
7/17/1995,1995,10,290,58.60814815
7/18/1995,1995,10,291,53.7162963
7/19/1995,1995,10,292,46.47259259
7/20/1995,1995,10,293,38.1
7/21/1995,1995,10,294,30.00962963
7/22/1995,1995,10,295,22.57777778
7/23/1995,1995,10,296,14.8637037
7/24/1995,1995,10,297,7.808148148
7/25/1995,1995,10,298,2.54
7/26/1995,1995,10,299,0
7/27/1995,1995,10,300,0
7/28/1995,1995,10,301,0
7/29/1995,1995,10,302,0
7/30/1995,1995,10,303,0
7/31/1995,1995,10,304,0
8/1/1995,1995,11,305,0
8/2/1995,1995,11,306,0
8/3/1995,1995,11,307,0
8/4/1995,1995,11,308,0
8/5/1995,1995,11,309,0
8/6/1995,1995,11,310,0
8/7/1995,1995,11,311,0
8/8/1995,1995,11,312,0
8/9/1995,1995,11,313,0
8/10/1995,1995,11,314,0
8/11/1995,1995,11,315,0
8/12/1995,1995,11,316,0
8/13/1995,1995,11,317,0
8/14/1995,1995,11,318,0
8/15/1995,1995,11,319,0
8/16/1995,1995,11,320,0
8/17/1995,1995,11,321,0
8/18/1995,1995,11,322,0
8/19/1995,1995,11,323,0
8/20/1995,1995,11,324,0
8/21/1995,1995,11,325,0
8/22/1995,1995,11,326,0
8/23/1995,1995,11,327,0
8/24/1995,1995,11,328,0
8/25/1995,1995,11,329,0
8/26/1995,1995,11,330,0
8/27/1995,1995,11,331,0
8/28/1995,1995,11,332,0
8/29/1995,1995,11,333,0
8/30/1995,1995,11,334,0
8/31/1995,1995,11,335,0
9/1/1995,1995,12,336,0
9/2/1995,1995,12,337,0
9/3/1995,1995,12,338,0
9/4/1995,1995,12,339,0
9/5/1995,1995,12,340,0
9/6/1995,1995,12,341,0
9/7/1995,1995,12,342,0
9/8/1995,1995,12,343,0
9/9/1995,1995,12,344,0
9/10/1995,1995,12,345,0
9/11/1995,1995,12,346,0
9/12/1995,1995,12,347,0
9/13/1995,1995,12,348,0
9/14/1995,1995,12,349,0
9/15/1995,1995,12,350,0
9/16/1995,1995,12,351,0
9/17/1995,1995,12,352,0
9/18/1995,1995,12,353,0
9/19/1995,1995,12,354,0
9/20/1995,1995,12,355,0
9/21/1995,1995,12,356,0
9/22/1995,1995,12,357,0
9/23/1995,1995,12,358,0
9/24/1995,1995,12,359,0
9/25/1995,1995,12,360,0
9/26/1995,1995,12,361,0
9/27/1995,1995,12,362,0
9/28/1995,1995,12,363,0
9/29/1995,1995,12,364,0
9/30/1995,1995,12,365,0
10/1/1995,1996,1,1,0
10/2/1995,1996,1,2,0
10/3/1995,1996,1,3,0
10/4/1995,1996,1,4,0
10/5/1995,1996,1,5,0
10/6/1995,1996,1,6,0
10/7/1995,1996,1,7,0
10/8/1995,1996,1,8,0
10/9/1995,1996,1,9,0
10/10/1995,1996,1,10,0
10/11/1995,1996,1,11,0
10/12/1995,1996,1,12,0.149411765
10/13/1995,1996,1,13,0.149411765
10/14/1995,1996,1,14,0.149411765
10/15/1995,1996,1,15,0
10/16/1995,1996,1,16,0
10/17/1995,1996,1,17,0
10/18/1995,1996,1,18,0
10/19/1995,1996,1,19,0
10/20/1995,1996,1,20,0
10/21/1995,1996,1,21,0
10/22/1995,1996,1,22,0
10/23/1995,1996,1,23,0
10/24/1995,1996,1,24,0
10/25/1995,1996,1,25,0
10/26/1995,1996,1,26,0
10/27/1995,1996,1,27,0
10/28/1995,1996,1,28,0
10/29/1995,1996,1,29,0
10/30/1995,1996,1,30,0
10/31/1995,1996,1,31,0
11/1/1995,1996,2,32,0
11/2/1995,1996,2,33,0
11/3/1995,1996,2,34,0
11/4/1995,1996,2,35,0
11/5/1995,1996,2,36,0
11/6/1995,1996,2,37,0
11/7/1995,1996,2,38,0
11/8/1995,1996,2,39,0
11/9/1995,1996,2,40,0
11/10/1995,1996,2,41,0
11/11/1995,1996,2,42,0
11/12/1995,1996,2,43,0
11/13/1995,1996,2,44,0
11/14/1995,1996,2,45,0
11/15/1995,1996,2,46,0
11/16/1995,1996,2,47,0
11/17/1995,1996,2,48,0
11/18/1995,1996,2,49,0
11/19/1995,1996,2,50,0
11/20/1995,1996,2,51,0
11/21/1995,1996,2,52,0
11/22/1995,1996,2,53,0
11/23/1995,1996,2,54,0
11/24/1995,1996,2,55,0.224117647
11/25/1995,1996,2,56,0.298823529
11/26/1995,1996,2,57,0.149411765
11/27/1995,1996,2,58,0.298823529
11/28/1995,1996,2,59,0.224117647
11/29/1995,1996,2,60,0.298823529
11/30/1995,1996,2,61,0.522941176
12/1/1995,1996,3,62,0.522941176
12/2/1995,1996,3,63,0.597647059
12/3/1995,1996,3,64,0.971176471
12/4/1995,1996,3,65,1.643529412
12/5/1995,1996,3,66,1.643529412
12/6/1995,1996,3,67,1.120588235
12/7/1995,1996,3,68,1.195294118
12/8/1995,1996,3,69,1.643529412
12/9/1995,1996,3,70,2.091764706
12/10/1995,1996,3,71,4.034117647
12/11/1995,1996,3,72,7.769411765
12/12/1995,1996,3,73,49.97823529
12/13/1995,1996,3,74,97.11764706
12/14/1995,1996,3,75,128.5688235
12/15/1995,1996,3,76,127.4482353
12/16/1995,1996,3,77,128.27
12/17/1995,1996,3,78,129.6894118
12/18/1995,1996,3,79,129.1664706
12/19/1995,1996,3,80,127
12/20/1995,1996,3,81,126.3072727
12/21/1995,1996,3,82,126.3072727
12/22/1995,1996,3,83,125.3836364
12/23/1995,1996,3,84,134.2351515
12/24/1995,1996,3,85,137.6218182
12/25/1995,1996,3,86,137.2369697
12/26/1995,1996,3,87,137.929697
12/27/1995,1996,3,88,136.7751515
12/28/1995,1996,3,89,137.929697
12/29/1995,1996,3,90,137.7757576
12/30/1995,1996,3,91,144.5490909
12/31/1995,1996,3,92,145.6266667
1/1/1996,1996,4,93,145.2418182
1/2/1996,1996,4,94,145.3957576
1/3/1996,1996,4,95,145.8575758
1/4/1996,1996,4,96,145.6266667
1/5/1996,1996,4,97,144.8569697
1/6/1996,1996,4,98,144.1642424
1/7/1996,1996,4,99,144.0872727
1/8/1996,1996,4,100,143.3175758
1/9/1996,1996,4,101,142.7018182
1/10/1996,1996,4,102,140.5466667
1/11/1996,1996,4,103,140.0078788
1/12/1996,1996,4,104,139.3921212
1/13/1996,1996,4,105,139.4690909
1/14/1996,1996,4,106,140.6236364
1/15/1996,1996,4,107,139.7
1/16/1996,1996,4,108,142.1630303
1/17/1996,1996,4,109,189.2684848
1/18/1996,1996,4,110,192.4242424
1/19/1996,1996,4,111,228.2151515
1/20/1996,1996,4,112,240.0684848
1/21/1996,1996,4,113,246.7648485
1/22/1996,1996,4,114,261.7739394
1/23/1996,1996,4,115,263.3133333
1/24/1996,1996,4,116,270.7793939
1/25/1996,1996,4,117,303.1836364
1/26/1996,1996,4,118,309.6490909
1/27/1996,1996,4,119,312.8048485
1/28/1996,1996,4,120,351.5975758
1/29/1996,1996,4,121,352.4442424
1/30/1996,1996,4,122,357.8321212
1/31/1996,1996,4,123,371.395625
2/1/1996,1996,5,124,386.08
2/2/1996,1996,5,125,389.016875
2/3/1996,1996,5,126,389.73125
2/4/1996,1996,5,127,394.17625
2/5/1996,1996,5,128,425.688125
2/6/1996,1996,5,129,431.32375
2/7/1996,1996,5,130,430.609375
2/8/1996,1996,5,131,430.133125
2/9/1996,1996,5,132,428.9425
2/10/1996,1996,5,133,428.386875
2/11/1996,1996,5,134,426.24375
2/12/1996,1996,5,135,422.75125
2/13/1996,1996,5,136,421.878125
2/14/1996,1996,5,137,420.37
2/15/1996,1996,5,138,431.3903226
2/16/1996,1996,5,139,432.1277419
2/17/1996,1996,5,140,428.8503226
2/18/1996,1996,5,141,428.0309677
2/19/1996,1996,5,142,440.6490323
2/20/1996,1996,5,143,525.78
2/21/1996,1996,5,144,564.6993548
2/22/1996,1996,5,145,609.5180645
2/23/1996,1996,5,146,620.5793548
2/24/1996,1996,5,147,636.1853333
2/25/1996,1996,5,148,650.3246667
2/26/1996,1996,5,149,659.7226667
2/27/1996,1996,5,150,664.3793333
2/28/1996,1996,5,151,669.4593333
2/29/1996,1996,5,152,672.846
3/1/1996,1996,6,153,677.164
3/2/1996,1996,6,154,676.5713333
3/3/1996,1996,6,155,676.0633333
3/4/1996,1996,6,156,686.1386667
3/5/1996,1996,6,157,739.8173333
3/6/1996,1996,6,158,762.6773333
3/7/1996,1996,6,159,765.6406667
3/8/1996,1996,6,160,766.064
3/9/1996,1996,6,161,765.8946667
3/10/1996,1996,6,162,764.032
3/11/1996,1996,6,163,760.984
3/12/1996,1996,6,164,780.3726667
3/13/1996,1996,6,165,803.402
3/14/1996,1996,6,166,808.99
3/15/1996,1996,6,167,810.0906667
3/16/1996,1996,6,168,807.6353333
3/17/1996,1996,6,169,804.2486667
3/18/1996,1996,6,170,799.4226667
3/19/1996,1996,6,171,795.4433333
3/20/1996,1996,6,172,787.8233333
3/21/1996,1996,6,173,781.6426667
3/22/1996,1996,6,174,775.1233333
3/23/1996,1996,6,175,772.7526667
3/24/1996,1996,6,176,764.2941935
3/25/1996,1996,6,177,764.54
3/26/1996,1996,6,178,771.144
3/27/1996,1996,6,179,767.08
3/28/1996,1996,6,180,769.112
3/29/1996,1996,6,181,781.304
3/30/1996,1996,6,182,782.2353333
3/31/1996,1996,6,183,778.7967742
4/1/1996,1996,7,184,774.0445161
4/2/1996,1996,7,185,792.316129
4/3/1996,1996,7,186,795.6754839
4/4/1996,1996,7,187,797.396129
4/5/1996,1996,7,188,795.3477419
4/6/1996,1996,7,189,784.86
4/7/1996,1996,7,190,771.8322581
4/8/1996,1996,7,191,754.7077419
4/9/1996,1996,7,192,736.2722581
4/10/1996,1996,7,193,726.7677419
4/11/1996,1996,7,194,718.656129
4/12/1996,1996,7,195,708.0045161
4/13/1996,1996,7,196,705.3006452
4/14/1996,1996,7,197,695.3045161
4/15/1996,1996,7,198,677.9341935
4/16/1996,1996,7,199,666.4632258
4/17/1996,1996,7,200,697.2709677
4/18/1996,1996,7,201,726.0303226
4/19/1996,1996,7,202,735.2890323
4/20/1996,1996,7,203,739.4677419
4/21/1996,1996,7,204,742.0896774
4/22/1996,1996,7,205,744.383871
4/23/1996,1996,7,206,735.9226667
4/24/1996,1996,7,207,717.3806667
4/25/1996,1996,7,208,698.5
4/26/1996,1996,7,209,682.3841379
4/27/1996,1996,7,210,659.0862069
4/28/1996,1996,7,211,622.3
4/29/1996,1996,7,212,602.615
4/30/1996,1996,7,213,580.2992857
5/1/1996,1996,8,214,557.8021429
5/2/1996,1996,8,215,535.3957143
5/3/1996,1996,8,216,516.0735714
5/4/1996,1996,8,217,487.5859259
5/5/1996,1996,8,218,469.6177778
5/6/1996,1996,8,219,452.4962963
5/7/1996,1996,8,220,439.0437037
5/8/1996,1996,8,221,421.4518519
5/9/1996,1996,8,222,407.1525926
5/10/1996,1996,8,223,387.0207407
5/11/1996,1996,8,224,376.0140741
5/12/1996,1996,8,225,355.8822222
5/13/1996,1996,8,226,334.2451852
5/14/1996,1996,8,227,312.42
5/15/1996,1996,8,228,293.6051852
5/16/1996,1996,8,229,284.2918519
5/17/1996,1996,8,230,279.4940741
5/18/1996,1996,8,231,279.2118519
5/19/1996,1996,8,232,266.7940741
5/20/1996,1996,8,233,258.1392593
5/21/1996,1996,8,234,244.3103704
5/22/1996,1996,8,235,236.3140741
5/23/1996,1996,8,236,231.8925926
5/24/1996,1996,8,237,228.4118519
5/25/1996,1996,8,238,224.0844444
5/26/1996,1996,8,239,214.7711111
5/27/1996,1996,8,240,206.8688889
5/28/1996,1996,8,241,201.5066667
5/29/1996,1996,8,242,193.5103704
5/30/1996,1996,8,243,183.5385185
5/31/1996,1996,8,244,177.4237037
6/1/1996,1996,9,245,165.5703704
6/2/1996,1996,9,246,152.4940741
6/3/1996,1996,9,247,138.6651852
6/4/1996,1996,9,248,123.7074074
6/5/1996,1996,9,249,109.9725926
6/6/1996,1996,9,250,96.1437037
6/7/1996,1996,9,251,84.66666667
6/8/1996,1996,9,252,68.39185185
6/9/1996,1996,9,253,52.9637037
6/10/1996,1996,9,254,41.86296296
6/11/1996,1996,9,255,33.20814815
6/12/1996,1996,9,256,26.15259259
6/13/1996,1996,9,257,22.20148148
6/14/1996,1996,9,258,18.43851852
6/15/1996,1996,9,259,13.54666667
6/16/1996,1996,9,260,9.313333333
6/17/1996,1996,9,261,6.773333333
6/18/1996,1996,9,262,3.668888889
6/19/1996,1996,9,263,2.445925926
6/20/1996,1996,9,264,0
6/21/1996,1996,9,265,0
6/22/1996,1996,9,266,0
6/23/1996,1996,9,267,0
6/24/1996,1996,9,268,0
6/25/1996,1996,9,269,0
6/26/1996,1996,9,270,0
6/27/1996,1996,9,271,0
6/28/1996,1996,9,272,0
6/29/1996,1996,9,273,0
6/30/1996,1996,9,274,0
7/1/1996,1996,10,275,0
7/2/1996,1996,10,276,0
7/3/1996,1996,10,277,0
7/4/1996,1996,10,278,0
7/5/1996,1996,10,279,0
7/6/1996,1996,10,280,0
7/7/1996,1996,10,281,0
7/8/1996,1996,10,282,0
7/9/1996,1996,10,283,0
7/10/1996,1996,10,284,0
7/11/1996,1996,10,285,0
7/12/1996,1996,10,286,0
7/13/1996,1996,10,287,0
7/14/1996,1996,10,288,0
7/15/1996,1996,10,289,0
7/16/1996,1996,10,290,0
7/17/1996,1996,10,291,0
7/18/1996,1996,10,292,0
7/19/1996,1996,10,293,0
7/20/1996,1996,10,294,0
7/21/1996,1996,10,295,0
7/22/1996,1996,10,296,0
7/23/1996,1996,10,297,0
7/24/1996,1996,10,298,0
7/25/1996,1996,10,299,0
7/26/1996,1996,10,300,0
7/27/1996,1996,10,301,0
7/28/1996,1996,10,302,0
7/29/1996,1996,10,303,0
7/30/1996,1996,10,304,0
7/31/1996,1996,10,305,0
8/1/1996,1996,11,306,0
8/2/1996,1996,11,307,0
8/3/1996,1996,11,308,0
8/4/1996,1996,11,309,0
8/5/1996,1996,11,310,0
8/6/1996,1996,11,311,0
8/7/1996,1996,11,312,0
8/8/1996,1996,11,313,0
8/9/1996,1996,11,314,0
8/10/1996,1996,11,315,0
8/11/1996,1996,11,316,0
8/12/1996,1996,11,317,0
8/13/1996,1996,11,318,0
8/14/1996,1996,11,319,0
8/15/1996,1996,11,320,0
8/16/1996,1996,11,321,0
8/17/1996,1996,11,322,0
8/18/1996,1996,11,323,0
8/19/1996,1996,11,324,0
8/20/1996,1996,11,325,0
8/21/1996,1996,11,326,0
8/22/1996,1996,11,327,0
8/23/1996,1996,11,328,0
8/24/1996,1996,11,329,0
8/25/1996,1996,11,330,0
8/26/1996,1996,11,331,0
8/27/1996,1996,11,332,0
8/28/1996,1996,11,333,0
8/29/1996,1996,11,334,0
8/30/1996,1996,11,335,0
8/31/1996,1996,11,336,0
9/1/1996,1996,12,337,0
9/2/1996,1996,12,338,0
9/3/1996,1996,12,339,0
9/4/1996,1996,12,340,0
9/5/1996,1996,12,341,0
9/6/1996,1996,12,342,0
9/7/1996,1996,12,343,0
9/8/1996,1996,12,344,0
9/9/1996,1996,12,345,0
9/10/1996,1996,12,346,0
9/11/1996,1996,12,347,0
9/12/1996,1996,12,348,0
9/13/1996,1996,12,349,0
9/14/1996,1996,12,350,0
9/15/1996,1996,12,351,0
9/16/1996,1996,12,352,0
9/17/1996,1996,12,353,0
9/18/1996,1996,12,354,0
9/19/1996,1996,12,355,0
9/20/1996,1996,12,356,0
9/21/1996,1996,12,357,0
9/22/1996,1996,12,358,0
9/23/1996,1996,12,359,0
9/24/1996,1996,12,360,0
9/25/1996,1996,12,361,0
9/26/1996,1996,12,362,0
9/27/1996,1996,12,363,0
9/28/1996,1996,12,364,0
9/29/1996,1996,12,365,0
9/30/1996,1996,12,366,0
10/1/1996,1997,1,1,0
10/2/1996,1997,1,2,0
10/3/1996,1997,1,3,0
10/4/1996,1997,1,4,0
10/5/1996,1997,1,5,0
10/6/1996,1997,1,6,0
10/7/1996,1997,1,7,0
10/8/1996,1997,1,8,0
10/9/1996,1997,1,9,0
10/10/1996,1997,1,10,0
10/11/1996,1997,1,11,0
10/12/1996,1997,1,12,0
10/13/1996,1997,1,13,0
10/14/1996,1997,1,14,0
10/15/1996,1997,1,15,0
10/16/1996,1997,1,16,0
10/17/1996,1997,1,17,0
10/18/1996,1997,1,18,0
10/19/1996,1997,1,19,0
10/20/1996,1997,1,20,0
10/21/1996,1997,1,21,0
10/22/1996,1997,1,22,0
10/23/1996,1997,1,23,0
10/24/1996,1997,1,24,0
10/25/1996,1997,1,25,0
10/26/1996,1997,1,26,14.605
10/27/1996,1997,1,27,16.748125
10/28/1996,1997,1,28,18.0975
10/29/1996,1997,1,29,19.47333333
10/30/1996,1997,1,30,48.73625
10/31/1996,1997,1,31,58.658125
11/1/1996,1997,2,32,58.89625
11/2/1996,1997,2,33,58.42
11/3/1996,1997,2,34,58.03515152
11/4/1996,1997,2,35,56.49575758
11/5/1996,1997,2,36,56.41878788
11/6/1996,1997,2,37,55.641875
11/7/1996,1997,2,38,55.006875
11/8/1996,1997,2,39,54.10969697
11/9/1996,1997,2,40,53.03212121
11/10/1996,1997,2,41,51.26181818
11/11/1996,1997,2,42,50.56909091
11/12/1996,1997,2,43,47.95212121
11/13/1996,1997,2,44,47.02848485
11/14/1996,1997,2,45,47.87515152
11/15/1996,1997,2,46,44.02666667
11/16/1996,1997,2,47,45.640625
11/17/1996,1997,2,48,75.2475
11/18/1996,1997,2,49,118.11
11/19/1996,1997,2,50,112.395
11/20/1996,1997,2,51,117.713125
11/21/1996,1997,2,52,117.713125
11/22/1996,1997,2,53,141.049375
11/23/1996,1997,2,54,156.924375
11/24/1996,1997,2,55,157.1625
11/25/1996,1997,2,56,159.0675
11/26/1996,1997,2,57,160.099375
11/27/1996,1997,2,58,161.210625
11/28/1996,1997,2,59,160.17875
11/29/1996,1997,2,60,159.940625
11/30/1996,1997,2,61,159.781875
12/1/1996,1997,3,62,162.004375
12/2/1996,1997,3,63,165.4175
12/3/1996,1997,3,64,168.195625
12/4/1996,1997,3,65,168.5925
12/5/1996,1997,3,66,177.165
12/6/1996,1997,3,67,210.02625
12/7/1996,1997,3,68,211.29625
12/8/1996,1997,3,69,211.058125
12/9/1996,1997,3,70,209.07375
12/10/1996,1997,3,71,237.728125
12/11/1996,1997,3,72,329.168125
12/12/1996,1997,3,73,343.8525
12/13/1996,1997,3,74,348.694375
12/14/1996,1997,3,75,351.155
12/15/1996,1997,3,76,351.79
12/16/1996,1997,3,77,352.345625
12/17/1996,1997,3,78,351.234375
12/18/1996,1997,3,79,350.8375
12/19/1996,1997,3,80,349.646875
12/20/1996,1997,3,81,349.329375
12/21/1996,1997,3,82,354.965
12/22/1996,1997,3,83,420.6875
12/23/1996,1997,3,84,460.6925
12/24/1996,1997,3,85,476.2090323
12/25/1996,1997,3,86,476.5367742
12/26/1996,1997,3,87,477.9296774
12/27/1996,1997,3,88,509.0651613
12/28/1996,1997,3,89,521.4374194
12/29/1996,1997,3,90,523.6496774
12/30/1996,1997,3,91,543.1503226
12/31/1996,1997,3,92,548.7219355
1/1/1997,1997,4,93,551.0980645
1/2/1997,1997,4,94,561.0013333
1/3/1997,1997,4,95,574.294
1/4/1997,1997,4,96,573.7772414
1/5/1997,1997,4,97,586.9151724
1/6/1997,1997,4,98,600.3158621
1/7/1997,1997,4,99,608.8117241
1/8/1997,1997,4,100,611.0013793
1/9/1997,1997,4,101,613.4946667
1/10/1997,1997,4,102,614.7675862
1/11/1997,1997,4,103,605.79
1/12/1997,1997,4,104,611.5957143
1/13/1997,1997,4,105,628.8314286
1/14/1997,1997,4,106,635.2721429
1/15/1997,1997,4,107,641.8942857
1/16/1997,1997,4,108,655.32
1/17/1997,1997,4,109,659.5835714
1/18/1997,1997,4,110,660.3092857
1/19/1997,1997,4,111,662.6678571
1/20/1997,1997,4,112,668.7457143
1/21/1997,1997,4,113,708.7507143
1/22/1997,1997,4,114,702.357037
1/23/1997,1997,4,115,769.9022222
1/24/1997,1997,4,116,782.7903704
1/25/1997,1997,4,117,803.7688889
1/26/1997,1997,4,118,847.3830769
1/27/1997,1997,4,119,879.6215385
1/28/1997,1997,4,120,883.1384615
1/29/1997,1997,4,121,889.2930769
1/30/1997,1997,4,122,891.7353846
1/31/1997,1997,4,123,893.2007692
2/1/1997,1997,5,124,886.8664
2/2/1997,1997,5,125,887.3744
2/3/1997,1997,5,126,887.476
2/4/1997,1997,5,127,888.2888
2/5/1997,1997,5,128,890.524
2/6/1997,1997,5,129,890.2192
2/7/1997,1997,5,130,892.2512
2/8/1997,1997,5,131,893.064
2/9/1997,1997,5,132,895.096
2/10/1997,1997,5,133,897.4328
2/11/1997,1997,5,134,897.9408
2/12/1997,1997,5,135,897.3312
2/13/1997,1997,5,136,896.8232
2/14/1997,1997,5,137,891.7353846
2/15/1997,1997,5,138,897.9408
2/16/1997,1997,5,139,896.9248
2/17/1997,1997,5,140,901.8016
2/18/1997,1997,5,141,903.6304
2/19/1997,1997,5,142,903.3256
2/20/1997,1997,5,143,902.1064
2/21/1997,1997,5,144,903.3607692
2/22/1997,1997,5,145,903.4584615
2/23/1997,1997,5,146,902.2861538
2/24/1997,1997,5,147,907.1562963
2/25/1997,1997,5,148,901.5046154
2/26/1997,1997,5,149,901.3092308
2/27/1997,1997,5,150,901.2115385
2/28/1997,1997,5,151,904.8261538
3/1/1997,1997,6,152,906.2915385
3/2/1997,1997,6,153,906.4869231
3/3/1997,1997,6,154,906.5846154
3/4/1997,1997,6,155,908.8315385
3/5/1997,1997,6,156,907.5615385
3/6/1997,1997,6,157,906.4869231
3/7/1997,1997,6,158,903.9469231
3/8/1997,1997,6,159,900.1369231
3/9/1997,1997,6,160,894.5684615
3/10/1997,1997,6,161,890.7584615
3/11/1997,1997,6,162,884.6038462
3/12/1997,1997,6,163,880.4030769
3/13/1997,1997,6,164,877.0815385
3/14/1997,1997,6,165,872.3923077
3/15/1997,1997,6,166,868.2892308
3/16/1997,1997,6,167,863.3069231
3/17/1997,1997,6,168,873.4552
3/18/1997,1997,6,169,869.188
3/19/1997,1997,6,170,861.8728
3/20/1997,1997,6,171,851.7128
3/21/1997,1997,6,172,842.1624
3/22/1997,1997,6,173,836.0664
3/23/1997,1997,6,174,826.4144
3/24/1997,1997,6,175,815.7464
3/25/1997,1997,6,176,803.2496
3/26/1997,1997,6,177,787.8884615
3/27/1997,1997,6,178,772.7731034
3/28/1997,1997,6,179,763.2262069
3/29/1997,1997,6,180,752.3655172
3/30/1997,1997,6,181,743.6944828
3/31/1997,1997,6,182,738.3517241
4/1/1997,1997,7,183,762.3277419
4/2/1997,1997,7,184,764.0483871
4/3/1997,1997,7,185,764.376129
4/4/1997,1997,7,186,763.3929032
4/5/1997,1997,7,187,754.38
4/6/1997,1997,7,188,751.6648276
4/7/1997,1997,7,189,743.6068966
4/8/1997,1997,7,190,738.0013793
4/9/1997,1997,7,191,733.3593103
4/10/1997,1997,7,192,730.2937931
4/11/1997,1997,7,193,727.1406897
4/12/1997,1997,7,194,721.1848276
4/13/1997,1997,7,195,709.9737931
4/14/1997,1997,7,196,695.3468966
4/15/1997,1997,7,197,681.2455172
4/16/1997,1997,7,198,643.1642857
4/17/1997,1997,7,199,631.19
4/18/1997,1997,7,200,617.5828571
4/19/1997,1997,7,201,601.98
4/20/1997,1997,7,202,586.3771429
4/21/1997,1997,7,203,573.1328571
4/22/1997,1997,7,204,554.4457143
4/23/1997,1997,7,205,538.1171429
4/24/1997,1997,7,206,541.3703448
4/25/1997,1997,7,207,529.7213793
4/26/1997,1997,7,208,504.3213793
4/27/1997,1997,7,209,483.5634483
4/28/1997,1997,7,210,466.8344828
4/29/1997,1997,7,211,455.295
4/30/1997,1997,7,212,441.8692857
5/1/1997,1997,8,213,423.3041379
5/2/1997,1997,8,214,413.1128571
5/3/1997,1997,8,215,403.4064286
5/4/1997,1997,8,216,386.2614286
5/5/1997,1997,8,217,370.9307143
5/6/1997,1997,8,218,339.3965517
5/7/1997,1997,8,219,324.5068966
5/8/1997,1997,8,220,307.6903448
5/9/1997,1997,8,221,294.8151724
5/10/1997,1997,8,222,308.864
5/11/1997,1997,8,223,294.132
5/12/1997,1997,8,224,280.2466667
5/13/1997,1997,8,225,265.7686667
5/14/1997,1997,8,226,249.174
5/15/1997,1997,8,227,234.2726667
5/16/1997,1997,8,228,216.0693333
5/17/1997,1997,8,229,201.422
5/18/1997,1997,8,230,191.1773333
5/19/1997,1997,8,231,188.2986667
5/20/1997,1997,8,232,178.7313333
5/21/1997,1997,8,233,167.8093333
5/22/1997,1997,8,234,153.416
5/23/1997,1997,8,235,142.0706667
5/24/1997,1997,8,236,137.0753333
5/25/1997,1997,8,237,131.9953333
5/26/1997,1997,8,238,123.444
5/27/1997,1997,8,239,115.7393333
5/28/1997,1997,8,240,103.4626667
5/29/1997,1997,8,241,87.63
5/30/1997,1997,8,242,72.75870968
5/31/1997,1997,8,243,60.36733333
6/1/1997,1997,9,244,41.71757576
6/2/1997,1997,9,245,34.49483871
6/3/1997,1997,9,246,25.09212121
6/4/1997,1997,9,247,21.13935484
6/5/1997,1997,9,248,18.51741935
6/6/1997,1997,9,249,17.86193548
6/7/1997,1997,9,250,12.2083871
6/8/1997,1997,9,251,9.668387097
6/9/1997,1997,9,252,6.309032258
6/10/1997,1997,9,253,3.925454545
6/11/1997,1997,9,254,1.984375
6/12/1997,1997,9,255,1.539393939
6/13/1997,1997,9,256,1.392903226
6/14/1997,1997,9,257,1.392903226
6/15/1997,1997,9,258,1.229032258
6/16/1997,1997,9,259,0.737419355
6/17/1997,1997,9,260,0.307878788
6/18/1997,1997,9,261,0
6/19/1997,1997,9,262,0
6/20/1997,1997,9,263,0
6/21/1997,1997,9,264,0
6/22/1997,1997,9,265,0
6/23/1997,1997,9,266,0
6/24/1997,1997,9,267,0
6/25/1997,1997,9,268,0
6/26/1997,1997,9,269,0
6/27/1997,1997,9,270,0
6/28/1997,1997,9,271,0
6/29/1997,1997,9,272,0
6/30/1997,1997,9,273,0
7/1/1997,1997,10,274,0
7/2/1997,1997,10,275,0
7/3/1997,1997,10,276,0
7/4/1997,1997,10,277,0
7/5/1997,1997,10,278,0
7/6/1997,1997,10,279,0
7/7/1997,1997,10,280,0
7/8/1997,1997,10,281,0
7/9/1997,1997,10,282,0
7/10/1997,1997,10,283,0
7/11/1997,1997,10,284,0
7/12/1997,1997,10,285,0
7/13/1997,1997,10,286,0
7/14/1997,1997,10,287,0
7/15/1997,1997,10,288,0
7/16/1997,1997,10,289,0
7/17/1997,1997,10,290,0
7/18/1997,1997,10,291,0
7/19/1997,1997,10,292,0
7/20/1997,1997,10,293,0
7/21/1997,1997,10,294,0
7/22/1997,1997,10,295,0
7/23/1997,1997,10,296,0
7/24/1997,1997,10,297,0
7/25/1997,1997,10,298,0
7/26/1997,1997,10,299,0
7/27/1997,1997,10,300,0
7/28/1997,1997,10,301,0
7/29/1997,1997,10,302,0
7/30/1997,1997,10,303,0
7/31/1997,1997,10,304,0
8/1/1997,1997,11,305,0
8/2/1997,1997,11,306,0
8/3/1997,1997,11,307,0
8/4/1997,1997,11,308,0
8/5/1997,1997,11,309,0
8/6/1997,1997,11,310,0
8/7/1997,1997,11,311,0
8/8/1997,1997,11,312,0
8/9/1997,1997,11,313,0
8/10/1997,1997,11,314,0
8/11/1997,1997,11,315,0
8/12/1997,1997,11,316,0
8/13/1997,1997,11,317,0
8/14/1997,1997,11,318,0
8/15/1997,1997,11,319,0
8/16/1997,1997,11,320,0
8/17/1997,1997,11,321,0
8/18/1997,1997,11,322,0
8/19/1997,1997,11,323,0
8/20/1997,1997,11,324,0
8/21/1997,1997,11,325,0
8/22/1997,1997,11,326,0
8/23/1997,1997,11,327,0
8/24/1997,1997,11,328,0
8/25/1997,1997,11,329,0
8/26/1997,1997,11,330,0
8/27/1997,1997,11,331,0
8/28/1997,1997,11,332,0
8/29/1997,1997,11,333,0
8/30/1997,1997,11,334,0
8/31/1997,1997,11,335,0
9/1/1997,1997,12,336,0
9/2/1997,1997,12,337,0
9/3/1997,1997,12,338,0
9/4/1997,1997,12,339,0
9/5/1997,1997,12,340,0
9/6/1997,1997,12,341,0
9/7/1997,1997,12,342,0
9/8/1997,1997,12,343,0
9/9/1997,1997,12,344,0
9/10/1997,1997,12,345,0
9/11/1997,1997,12,346,0
9/12/1997,1997,12,347,0
9/13/1997,1997,12,348,0
9/14/1997,1997,12,349,0
9/15/1997,1997,12,350,0
9/16/1997,1997,12,351,0
9/17/1997,1997,12,352,0
9/18/1997,1997,12,353,0
9/19/1997,1997,12,354,0
9/20/1997,1997,12,355,0
9/21/1997,1997,12,356,0
9/22/1997,1997,12,357,0
9/23/1997,1997,12,358,0
9/24/1997,1997,12,359,0
9/25/1997,1997,12,360,0
9/26/1997,1997,12,361,0
9/27/1997,1997,12,362,0
9/28/1997,1997,12,363,0
9/29/1997,1997,12,364,0
9/30/1997,1997,12,365,0
10/1/1997,1998,1,1,0
10/2/1997,1998,1,2,0
10/3/1997,1998,1,3,0
10/4/1997,1998,1,4,0
10/5/1997,1998,1,5,0
10/6/1997,1998,1,6,0
10/7/1997,1998,1,7,0.538787879
10/8/1997,1998,1,8,1.045882353
10/9/1997,1998,1,9,0.522941176
10/10/1997,1998,1,10,2.017058824
10/11/1997,1998,1,11,5.229411765
10/12/1997,1998,1,12,7.022352941
10/13/1997,1998,1,13,6.574117647
10/14/1997,1998,1,14,5.378823529
10/15/1997,1998,1,15,4.482352941
10/16/1997,1998,1,16,2.913529412
10/17/1997,1998,1,17,3.212352941
10/18/1997,1998,1,18,1.867647059
10/19/1997,1998,1,19,1.344705882
10/20/1997,1998,1,20,0
10/21/1997,1998,1,21,0
10/22/1997,1998,1,22,0
10/23/1997,1998,1,23,0
10/24/1997,1998,1,24,0
10/25/1997,1998,1,25,0
10/26/1997,1998,1,26,0.522941176
10/27/1997,1998,1,27,1.045882353
10/28/1997,1998,1,28,1.045882353
10/29/1997,1998,1,29,0.522941176
10/30/1997,1998,1,30,0
10/31/1997,1998,1,31,0
11/1/1997,1998,2,32,0
11/2/1997,1998,2,33,0
11/3/1997,1998,2,34,0
11/4/1997,1998,2,35,0.747058824
11/5/1997,1998,2,36,0
11/6/1997,1998,2,37,0
11/7/1997,1998,2,38,0
11/8/1997,1998,2,39,0.76969697
11/9/1997,1998,2,40,0.76969697
11/10/1997,1998,2,41,0.76969697
11/11/1997,1998,2,42,9.467272727
11/12/1997,1998,2,43,10.0830303
11/13/1997,1998,2,44,11.31454545
11/14/1997,1998,2,45,22.01333333
11/15/1997,1998,2,46,23.62969697
11/16/1997,1998,2,47,26.09272727
11/17/1997,1998,2,48,27.40121212
11/18/1997,1998,2,49,28.78666667
11/19/1997,1998,2,50,34.88764706
11/20/1997,1998,2,51,40.56529412
11/21/1997,1998,2,52,41.08823529
11/22/1997,1998,2,53,40.34117647
11/23/1997,1998,2,54,38.77235294
11/24/1997,1998,2,55,39.63939394
11/25/1997,1998,2,56,38.56181818
11/26/1997,1998,2,57,49.41454545
11/27/1997,1998,2,58,106.7569697
11/28/1997,1998,2,59,106.9109091
11/29/1997,1998,2,60,106.6030303
11/30/1997,1998,2,61,110.01375
12/1/1997,1998,3,62,112.9070968
12/2/1997,1998,3,63,112.7432258
12/3/1997,1998,3,64,112.1696774
12/4/1997,1998,3,65,111.76
12/5/1997,1998,3,66,111.5141935
12/6/1997,1998,3,67,145.1896774
12/7/1997,1998,3,68,156.9064516
12/8/1997,1998,3,69,205.8219355
12/9/1997,1998,3,70,215.8180645
12/10/1997,1998,3,71,215.9
12/11/1997,1998,3,72,217.0470968
12/12/1997,1998,3,73,218.0303226
12/13/1997,1998,3,74,217.6206452
12/14/1997,1998,3,75,218.44
12/15/1997,1998,3,76,233.843871
12/16/1997,1998,3,77,231.14
12/17/1997,1998,3,78,231.378125
12/18/1997,1998,3,79,231.854375
12/19/1997,1998,3,80,231.14
12/20/1997,1998,3,81,230.98125
12/21/1997,1998,3,82,230.34625
12/22/1997,1998,3,83,231.854375
12/23/1997,1998,3,84,236.982
12/24/1997,1998,3,85,238.2683871
12/25/1997,1998,3,86,238.5141935
12/26/1997,1998,3,87,239.0058065
12/27/1997,1998,3,88,238.3503226
12/28/1997,1998,3,89,238.76
12/29/1997,1998,3,90,238.3503226
12/30/1997,1998,3,91,237.1212903
12/31/1997,1998,3,92,236.383871
1/1/1998,1998,4,93,235.1548387
1/2/1998,1998,4,94,237.5309677
1/3/1998,1998,4,95,248.1825806
1/4/1998,1998,4,96,250.4767742
1/5/1998,1998,4,97,269.3219355
1/6/1998,1998,4,98,270.4690323
1/7/1998,1998,4,99,274.8116129
1/8/1998,1998,4,100,276.7780645
1/9/1998,1998,4,101,277.2696774
1/10/1998,1998,4,102,301.1948387
1/11/1998,1998,4,103,308.0774194
1/12/1998,1998,4,104,319.5483871
1/13/1998,1998,4,105,349.0451613
1/14/1998,1998,4,106,351.0935484
1/15/1998,1998,4,107,368.7916129
1/16/1998,1998,4,108,391.874375
1/17/1998,1998,4,109,393.85875
1/18/1998,1998,4,110,393.22375
1/19/1998,1998,4,111,427.7032258
1/20/1998,1998,4,112,433.1109677
1/21/1998,1998,4,113,434.0941935
1/22/1998,1998,4,114,435.2412903
1/23/1998,1998,4,115,435.7329032
1/24/1998,1998,4,116,435.4051613
1/25/1998,1998,4,117,435.8148387
1/26/1998,1998,4,118,435.5690323
1/27/1998,1998,4,119,435.8967742
1/28/1998,1998,4,120,436.5522581
1/29/1998,1998,4,121,436.0606452
1/30/1998,1998,4,122,467.4419355
1/31/1998,1998,4,123,468.9987097
2/1/1998,1998,5,124,469.6541935
2/2/1998,1998,5,125,512.9980645
2/3/1998,1998,5,126,567.6490323
2/4/1998,1998,5,127,609.436129
2/5/1998,1998,5,128,611.4626667
2/6/1998,1998,5,129,623.1466667
2/7/1998,1998,5,130,680.212
2/8/1998,1998,5,131,730.3346667
2/9/1998,1998,5,132,753.0253333
2/10/1998,1998,5,133,755.4806667
2/11/1998,1998,5,134,768.7733333
2/12/1998,1998,5,135,770.89
2/13/1998,1998,5,136,779.526
2/14/1998,1998,5,137,784.9446667
2/15/1998,1998,5,138,842.8566667
2/16/1998,1998,5,139,846.074
2/17/1998,1998,5,140,867.4946667
2/18/1998,1998,5,141,872.744
2/19/1998,1998,5,142,875.3686667
2/20/1998,1998,5,143,912.114
2/21/1998,1998,5,144,917.3633333
2/22/1998,1998,5,145,962.3213333
2/23/1998,1998,5,146,975.1906667
2/24/1998,1998,5,147,1019.725333
2/25/1998,1998,5,148,1022.688667
2/26/1998,1998,5,149,1024.720667
2/27/1998,1998,5,150,1026.498667
2/28/1998,1998,5,151,1026.16
3/1/1998,1998,6,152,1025.736667
3/2/1998,1998,6,153,1026.16
3/3/1998,1998,6,154,1026.16
3/4/1998,1998,6,155,1026.075333
3/5/1998,1998,6,156,1027.006667
3/6/1998,1998,6,157,1050.374667
3/7/1998,1998,6,158,1060.873333
3/8/1998,1998,6,159,1062.820667
3/9/1998,1998,6,160,1062.651333
3/10/1998,1998,6,161,1061.804667
3/11/1998,1998,6,162,1060.280667
3/12/1998,1998,6,163,1059.18
3/13/1998,1998,6,164,1059.518667
3/14/1998,1998,6,165,1062.651333
3/15/1998,1998,6,166,1063.752
3/16/1998,1998,6,167,1061.296667
3/17/1998,1998,6,168,1057.317333
3/18/1998,1998,6,169,1054.1
3/19/1998,1998,6,170,1050.459333
3/20/1998,1998,6,171,1048.088667
3/21/1998,1998,6,172,1044.956
3/22/1998,1998,6,173,1039.791333
3/23/1998,1998,6,174,1032.340667
3/24/1998,1998,6,175,1025.990667
3/25/1998,1998,6,176,1051.052
3/26/1998,1998,6,177,1072.642
3/27/1998,1998,6,178,1079.330667
3/28/1998,1998,6,179,1102.973103
3/29/1998,1998,6,180,1115.235172
3/30/1998,1998,6,181,1121.015862
3/31/1998,1998,6,182,1125.307586
4/1/1998,1998,7,183,1143.423333
4/2/1998,1998,7,184,1154.684
4/3/1998,1998,7,185,1163.32
4/4/1998,1998,7,186,1176.697333
4/5/1998,1998,7,187,1179.576
4/6/1998,1998,7,188,1183.894
4/7/1998,1998,7,189,1196.255333
4/8/1998,1998,7,190,1198.541333
4/9/1998,1998,7,191,1201.674
4/10/1998,1998,7,192,1202.012667
4/11/1998,1998,7,193,1202.351333
4/12/1998,1998,7,194,1206.5
4/13/1998,1998,7,195,1210.818
4/14/1998,1998,7,196,1224.618667
4/15/1998,1998,7,197,1229.868
4/16/1998,1998,7,198,1231.984667
4/17/1998,1998,7,199,1233.339333
4/18/1998,1998,7,200,1231.984667
4/19/1998,1998,7,201,1227.836
4/20/1998,1998,7,202,1219.454
4/21/1998,1998,7,203,1207.854667
4/22/1998,1998,7,204,1193.969333
4/23/1998,1998,7,205,1180.592
4/24/1998,1998,7,206,1174.326667
4/25/1998,1998,7,207,1167.468667
4/26/1998,1998,7,208,1159.848667
4/27/1998,1998,7,209,1148.418667
4/28/1998,1998,7,210,1133.771333
4/29/1998,1998,7,211,1116.668667
4/30/1998,1998,7,212,1098.973333
5/1/1998,1998,8,213,1086.442667
5/2/1998,1998,8,214,1072.811333
5/3/1998,1998,8,215,1061.212
5/4/1998,1998,8,216,1050.628667
5/5/1998,1998,8,217,1043.262667
5/6/1998,1998,8,218,1047.496
5/7/1998,1998,8,219,1050.544
5/8/1998,1998,8,220,1052.914667
5/9/1998,1998,8,221,1047.326667
5/10/1998,1998,8,222,1036.235333
5/11/1998,1998,8,223,1027.938
5/12/1998,1998,8,224,1027.853333
5/13/1998,1998,8,225,1039.537333
5/14/1998,1998,8,226,1046.310667
5/15/1998,1998,8,227,1046.649333
5/16/1998,1998,8,228,1043.178
5/17/1998,1998,8,229,1038.690667
5/18/1998,1998,8,230,1031.832667
5/19/1998,1998,8,231,1022.180667
5/20/1998,1998,8,232,1004.654667
5/21/1998,1998,8,233,991.0233333
5/22/1998,1998,8,234,960.2046667
5/23/1998,1998,8,235,947.928
5/24/1998,1998,8,236,934.8046667
5/25/1998,1998,8,237,918.3793333
5/26/1998,1998,8,238,907.796
5/27/1998,1998,8,239,903.5626667
5/28/1998,1998,8,240,915.1882759
5/29/1998,1998,8,241,909.9331034
5/30/1998,1998,8,242,903.4517241
5/31/1998,1998,8,243,889.1751724
6/1/1998,1998,9,244,870.6944828
6/2/1998,1998,9,245,850.1117241
6/3/1998,1998,9,246,834.6089655
6/4/1998,1998,9,247,826.0255172
6/5/1998,1998,9,248,811.3110345
6/6/1998,1998,9,249,792.48
6/7/1998,1998,9,250,776.2765517
6/8/1998,1998,9,251,757.5331034
6/9/1998,1998,9,252,742.5558621
6/10/1998,1998,9,253,721.8855172
6/11/1998,1998,9,254,716.0172414
6/12/1998,1998,9,255,699.2882759
6/13/1998,1998,9,256,689.5662069
6/14/1998,1998,9,257,671.6110345
6/15/1998,1998,9,258,644.8972414
6/16/1998,1998,9,259,615.8186207
6/17/1998,1998,9,260,590.6813793
6/18/1998,1998,9,261,562.3910345
6/19/1998,1998,9,262,536.9910345
6/20/1998,1998,9,263,506.8207143
6/21/1998,1998,9,264,480.695
6/22/1998,1998,9,265,458.9235714
6/23/1998,1998,9,266,436.245
6/24/1998,1998,9,267,416.4692857
6/25/1998,1998,9,268,394.1535714
6/26/1998,1998,9,269,372.2914286
6/27/1998,1998,9,270,352.6971429
6/28/1998,1998,9,271,334.1914286
6/29/1998,1998,9,272,314.8724138
6/30/1998,1998,9,273,291.2241379
7/1/1998,1998,10,274,267.6634483
7/2/1998,1998,10,275,244.8034483
7/3/1998,1998,10,276,219.075
7/4/1998,1998,10,277,197.9385714
7/5/1998,1998,10,278,180.2492857
7/6/1998,1998,10,279,161.1992857
7/7/1998,1998,10,280,141.1514286
7/8/1998,1998,10,281,126.1835714
7/9/1998,1998,10,282,113.7557143
7/10/1998,1998,10,283,94.34285714
7/11/1998,1998,10,284,80.37285714
7/12/1998,1998,10,285,64.58857143
7/13/1998,1998,10,286,50.43714286
7/14/1998,1998,10,287,40.18642857
7/15/1998,1998,10,288,33.47357143
7/16/1998,1998,10,289,27.45153846
7/17/1998,1998,10,290,19.304
7/18/1998,1998,10,291,9.5504
7/19/1998,1998,10,292,2.2352
7/20/1998,1998,10,293,1.2192
7/21/1998,1998,10,294,0
7/22/1998,1998,10,295,0
7/23/1998,1998,10,296,0
7/24/1998,1998,10,297,0
7/25/1998,1998,10,298,0
7/26/1998,1998,10,299,0
7/27/1998,1998,10,300,0
7/28/1998,1998,10,301,0
7/29/1998,1998,10,302,0
7/30/1998,1998,10,303,0
7/31/1998,1998,10,304,0
8/1/1998,1998,11,305,0
8/2/1998,1998,11,306,0
8/3/1998,1998,11,307,0
8/4/1998,1998,11,308,0
8/5/1998,1998,11,309,0
8/6/1998,1998,11,310,0
8/7/1998,1998,11,311,0
8/8/1998,1998,11,312,0
8/9/1998,1998,11,313,0
8/10/1998,1998,11,314,0
8/11/1998,1998,11,315,0
8/12/1998,1998,11,316,0
8/13/1998,1998,11,317,0
8/14/1998,1998,11,318,0
8/15/1998,1998,11,319,0
8/16/1998,1998,11,320,0
8/17/1998,1998,11,321,0
8/18/1998,1998,11,322,0
8/19/1998,1998,11,323,0
8/20/1998,1998,11,324,0
8/21/1998,1998,11,325,0
8/22/1998,1998,11,326,0
8/23/1998,1998,11,327,0
8/24/1998,1998,11,328,0
8/25/1998,1998,11,329,0
8/26/1998,1998,11,330,0
8/27/1998,1998,11,331,0
8/28/1998,1998,11,332,0
8/29/1998,1998,11,333,0
8/30/1998,1998,11,334,0
8/31/1998,1998,11,335,0
9/1/1998,1998,12,336,0
9/2/1998,1998,12,337,0
9/3/1998,1998,12,338,0
9/4/1998,1998,12,339,0
9/5/1998,1998,12,340,0
9/6/1998,1998,12,341,0
9/7/1998,1998,12,342,0
9/8/1998,1998,12,343,0
9/9/1998,1998,12,344,0
9/10/1998,1998,12,345,0
9/11/1998,1998,12,346,0
9/12/1998,1998,12,347,0
9/13/1998,1998,12,348,0
9/14/1998,1998,12,349,0
9/15/1998,1998,12,350,0
9/16/1998,1998,12,351,0
9/17/1998,1998,12,352,0
9/18/1998,1998,12,353,0
9/19/1998,1998,12,354,0
9/20/1998,1998,12,355,0
9/21/1998,1998,12,356,0
9/22/1998,1998,12,357,0
9/23/1998,1998,12,358,0
9/24/1998,1998,12,359,0
9/25/1998,1998,12,360,0
9/26/1998,1998,12,361,0
9/27/1998,1998,12,362,0
9/28/1998,1998,12,363,0
9/29/1998,1998,12,364,0
9/30/1998,1998,12,365,1.164166667
10/1/1998,1999,1,1,0.241904762
10/2/1998,1999,1,2,0.115454545
10/3/1998,1999,1,3,1.1176
10/4/1998,1999,1,4,1.27
10/5/1998,1999,1,5,1.164166667
10/6/1998,1999,1,6,1.693333333
10/7/1998,1999,1,7,1.27
10/8/1998,1999,1,8,0.552173913
10/9/1998,1999,1,9,0.552173913
10/10/1998,1999,1,10,0.552173913
10/11/1998,1999,1,11,0.577272727
10/12/1998,1999,1,12,0.577272727
10/13/1998,1999,1,13,0.552173913
10/14/1998,1999,1,14,1.656521739
10/15/1998,1999,1,15,2.09826087
10/16/1998,1999,1,16,3.1496
10/17/1998,1999,1,17,3.81
10/18/1998,1999,1,18,2.645833333
10/19/1998,1999,1,19,2.645833333
10/20/1998,1999,1,20,2.760869565
10/21/1998,1999,1,21,2.442307692
10/22/1998,1999,1,22,3.614615385
10/23/1998,1999,1,23,2.328333333
10/24/1998,1999,1,24,3.223846154
10/25/1998,1999,1,25,8.748888889
10/26/1998,1999,1,26,11.4808
10/27/1998,1999,1,27,11.43
10/28/1998,1999,1,28,11.88357143
10/29/1998,1999,1,29,11.43
10/30/1998,1999,1,30,13.48153846
10/31/1998,1999,1,31,13.9262069
11/1/1998,1999,2,32,13.335
11/2/1998,1999,2,33,14.9225
11/3/1998,1999,2,34,15.875
11/4/1998,1999,2,35,15.85575758
11/5/1998,1999,2,36,16.31757576
11/6/1998,1999,2,37,15.24
11/7/1998,1999,2,38,19.31939394
11/8/1998,1999,2,39,33.32787879
11/9/1998,1999,2,40,35.17515152
11/10/1998,1999,2,41,34.86727273
11/11/1998,1999,2,42,46.18181818
11/12/1998,1999,2,43,47.02848485
11/13/1998,1999,2,44,49.02969697
11/14/1998,1999,2,45,48.87575758
11/15/1998,1999,2,46,48.72181818
11/16/1998,1999,2,47,47.33636364
11/17/1998,1999,2,48,49.41454545
11/18/1998,1999,2,49,51.41575758
11/19/1998,1999,2,50,53.49393939
11/20/1998,1999,2,51,53.4169697
11/21/1998,1999,2,52,54.34060606
11/22/1998,1999,2,53,55.11030303
11/23/1998,1999,2,54,55.03333333
11/24/1998,1999,2,55,72.73636364
11/25/1998,1999,2,56,73.81393939
11/26/1998,1999,2,57,75.50727273
11/27/1998,1999,2,58,76.89272727
11/28/1998,1999,2,59,82.28060606
11/29/1998,1999,2,60,86.12909091
11/30/1998,1999,2,61,99.06
12/1/1998,1999,3,62,117.6866667
12/2/1998,1999,3,63,121.6890909
12/3/1998,1999,3,64,122.8436364
12/4/1998,1999,3,65,134.3121212
12/5/1998,1999,3,66,136.7751515
12/6/1998,1999,3,67,144.2412121
12/7/1998,1999,3,68,146.7812121
12/8/1998,1999,3,69,148.3206061
12/9/1998,1999,3,70,149.0133333
12/10/1998,1999,3,71,150.7836364
12/11/1998,1999,3,72,149.9369697
12/12/1998,1999,3,73,150.0909091
12/13/1998,1999,3,74,149.86
12/14/1998,1999,3,75,150.3218182
12/15/1998,1999,3,76,152.2460606
12/16/1998,1999,3,77,151.4763636
12/17/1998,1999,3,78,151.1684848
12/18/1998,1999,3,79,151.0915152
12/19/1998,1999,3,80,152.3230303
12/20/1998,1999,3,81,153.0927273
12/21/1998,1999,3,82,165.1
12/22/1998,1999,3,83,169.6412121
12/23/1998,1999,3,84,170.1030303
12/24/1998,1999,3,85,171.1806061
12/25/1998,1999,3,86,172.6430303
12/26/1998,1999,3,87,173.1048485
12/27/1998,1999,3,88,173.5666667
12/28/1998,1999,3,89,173.9515152
12/29/1998,1999,3,90,174.0284848
12/30/1998,1999,3,91,174.1054545
12/31/1998,1999,3,92,173.5666667
1/1/1999,1999,4,93,173.7975758
1/2/1999,1999,4,94,173.7206061
1/3/1999,1999,4,95,173.7206061
1/4/1999,1999,4,96,173.7206061
1/5/1999,1999,4,97,173.5666667
1/6/1999,1999,4,98,174.1054545
1/7/1999,1999,4,99,173.9515152
1/8/1999,1999,4,100,173.3357576
1/9/1999,1999,4,101,172.4121212
1/10/1999,1999,4,102,172.4890909
1/11/1999,1999,4,103,172.9509091
1/12/1999,1999,4,104,172.6430303
1/13/1999,1999,4,105,172.4890909
1/14/1999,1999,4,106,172.4121212
1/15/1999,1999,4,107,172.4890909
1/16/1999,1999,4,108,180.9557576
1/17/1999,1999,4,109,183.5727273
1/18/1999,1999,4,110,186.4975758
1/19/1999,1999,4,111,211.2818182
1/20/1999,1999,4,112,246.3030303
1/21/1999,1999,4,113,283.3254545
1/22/1999,1999,4,114,287.9436364
1/23/1999,1999,4,115,291.4072727
1/24/1999,1999,4,116,328.5836364
1/25/1999,1999,4,117,345.5169697
1/26/1999,1999,4,118,357.370303
1/27/1999,1999,4,119,366.1448485
1/28/1999,1999,4,120,367.8381818
1/29/1999,1999,4,121,368.9927273
1/30/1999,1999,4,122,369.9933333
1/31/1999,1999,4,123,369.9933333
2/1/1999,1999,5,124,384.3866667
2/2/1999,1999,5,125,385.8490909
2/3/1999,1999,5,126,386.3878788
2/4/1999,1999,5,127,386.849697
2/5/1999,1999,5,128,386.5418182
2/6/1999,1999,5,129,386.08
2/7/1999,1999,5,130,398.78
2/8/1999,1999,5,131,433.1084848
2/9/1999,1999,5,132,460.9715152
2/10/1999,1999,5,133,501.9963636
2/11/1999,1999,5,134,504.6133333
2/12/1999,1999,5,135,507.3072727
2/13/1999,1999,5,136,507.8460606
2/14/1999,1999,5,137,511.0787879
2/15/1999,1999,5,138,510.8478788
2/16/1999,1999,5,139,511.4636364
2/17/1999,1999,5,140,525.010303
2/18/1999,1999,5,141,526.3957576
2/19/1999,1999,5,142,529.7054545
2/20/1999,1999,5,143,530.3981818
2/21/1999,1999,5,144,544.6375758
2/22/1999,1999,5,145,556.5678788
2/23/1999,1999,5,146,566.658125
2/24/1999,1999,5,147,559.8006061
2/25/1999,1999,5,148,561.1860606
2/26/1999,1999,5,149,565.8812121
2/27/1999,1999,5,150,582.215625
2/28/1999,1999,5,151,566.7278788
3/1/1999,1999,6,152,564.9575758
3/2/1999,1999,6,153,564.649697
3/3/1999,1999,6,154,564.8036364
3/4/1999,1999,6,155,565.2654545
3/5/1999,1999,6,156,565.2654545
3/6/1999,1999,6,157,564.5727273
3/7/1999,1999,6,158,564.4187879
3/8/1999,1999,6,159,563.6490909
3/9/1999,1999,6,160,576.6569697
3/10/1999,1999,6,161,586.8939394
3/11/1999,1999,6,162,589.28
3/12/1999,1999,6,163,589.5878788
3/13/1999,1999,6,164,590.4345455
3/14/1999,1999,6,165,590.049697
3/15/1999,1999,6,166,589.5109091
3/16/1999,1999,6,167,591.1272727
3/17/1999,1999,6,168,591.3581818
3/18/1999,1999,6,169,590.2806061
3/19/1999,1999,6,170,589.7418182
3/20/1999,1999,6,171,598.566875
3/21/1999,1999,6,172,589.3569697
3/22/1999,1999,6,173,593.590303
3/23/1999,1999,6,174,595.4375758
3/24/1999,1999,6,175,596.4381818
3/25/1999,1999,6,176,596.2072727
3/26/1999,1999,6,177,596.4381818
3/27/1999,1999,6,178,595.2836364
3/28/1999,1999,6,179,601.424375
3/29/1999,1999,6,180,589.7418182
3/30/1999,1999,6,181,588.7412121
3/31/1999,1999,6,182,592.8975758
4/1/1999,1999,7,183,600.7484848
4/2/1999,1999,7,184,602.8266667
4/3/1999,1999,7,185,603.9812121
4/4/1999,1999,7,186,613.2175758
4/5/1999,1999,7,187,616.8351515
4/6/1999,1999,7,188,632.3830303
4/7/1999,1999,7,189,644.0824242
4/8/1999,1999,7,190,654.4733333
4/9/1999,1999,7,191,683.6448485
4/10/1999,1999,7,192,688.0321212
4/11/1999,1999,7,193,691.1109091
4/12/1999,1999,7,194,694.3436364
4/13/1999,1999,7,195,695.4212121
4/14/1999,1999,7,196,690.7260606
4/15/1999,1999,7,197,683.4909091
4/16/1999,1999,7,198,674.7163636
4/17/1999,1999,7,199,665.0951515
4/18/1999,1999,7,200,656.3975758
4/19/1999,1999,7,201,646.8533333
4/20/1999,1999,7,202,635
4/21/1999,1999,7,203,619.3751515
4/22/1999,1999,7,204,612.6787879
4/23/1999,1999,7,205,606.0593939
4/24/1999,1999,7,206,604.2890909
4/25/1999,1999,7,207,603.6733333
4/26/1999,1999,7,208,596.2072727
4/27/1999,1999,7,209,584.6618182
4/28/1999,1999,7,210,580.5054545
4/29/1999,1999,7,211,578.8121212
4/30/1999,1999,7,212,576.9648485
5/1/1999,1999,8,213,585.549375
5/2/1999,1999,8,214,563.0333333
5/3/1999,1999,8,215,563.6490909
5/4/1999,1999,8,216,566.42
5/5/1999,1999,8,217,561.0321212
5/6/1999,1999,8,218,541.6357576
5/7/1999,1999,8,219,516.0048485
5/8/1999,1999,8,220,494.1454545
5/9/1999,1999,8,221,476.9812121
5/10/1999,1999,8,222,460.1248485
5/11/1999,1999,8,223,441.6521212
5/12/1999,1999,8,224,420.3315152
5/13/1999,1999,8,225,398.0872727
5/14/1999,1999,8,226,381
5/15/1999,1999,8,227,368.6078788
5/16/1999,1999,8,228,356.2157576
5/17/1999,1999,8,229,340.5909091
5/18/1999,1999,8,230,322.8109091
5/19/1999,1999,8,231,307.1860606
5/20/1999,1999,8,232,290.9454545
5/21/1999,1999,8,233,274.0890909
5/22/1999,1999,8,234,256.3860606
5/23/1999,1999,8,235,240.2224242
5/24/1999,1999,8,236,227.2915152
5/25/1999,1999,8,237,215.5921212
5/26/1999,1999,8,238,204.2775758
5/27/1999,1999,8,239,193.3478788
5/28/1999,1999,8,240,181.5715152
5/29/1999,1999,8,241,167.1781818
5/30/1999,1999,8,242,155.2478788
5/31/1999,1999,8,243,143.7024242
6/1/1999,1999,9,244,133.2345455
6/2/1999,1999,9,245,124.3830303
6/3/1999,1999,9,246,123.6133333
6/4/1999,1999,9,247,130.0018182
6/5/1999,1999,9,248,126.6151515
6/6/1999,1999,9,249,116.4551515
6/7/1999,1999,9,250,104.6018182
6/8/1999,1999,9,251,92.13272727
6/9/1999,1999,9,252,83.97393939
6/10/1999,1999,9,253,74.04484848
6/11/1999,1999,9,254,63.5769697
6/12/1999,1999,9,255,56.03393939
6/13/1999,1999,9,256,48.3369697
6/14/1999,1999,9,257,41.17878788
6/15/1999,1999,9,258,33.48181818
6/16/1999,1999,9,259,26.93939394
6/17/1999,1999,9,260,21.55151515
6/18/1999,1999,9,261,15.85575758
6/19/1999,1999,9,262,9.544242424
6/20/1999,1999,9,263,5.08
6/21/1999,1999,9,264,2.078181818
6/22/1999,1999,9,265,0.538787879
6/23/1999,1999,9,266,0
6/24/1999,1999,9,267,0
6/25/1999,1999,9,268,0
6/26/1999,1999,9,269,0
6/27/1999,1999,9,270,0
6/28/1999,1999,9,271,0
6/29/1999,1999,9,272,0
6/30/1999,1999,9,273,0
7/1/1999,1999,10,274,0
7/2/1999,1999,10,275,0
7/3/1999,1999,10,276,0
7/4/1999,1999,10,277,0
7/5/1999,1999,10,278,0
7/6/1999,1999,10,279,0
7/7/1999,1999,10,280,0
7/8/1999,1999,10,281,0
7/9/1999,1999,10,282,0
7/10/1999,1999,10,283,0
7/11/1999,1999,10,284,0
7/12/1999,1999,10,285,0
7/13/1999,1999,10,286,0
7/14/1999,1999,10,287,0
7/15/1999,1999,10,288,0
7/16/1999,1999,10,289,0
7/17/1999,1999,10,290,0
7/18/1999,1999,10,291,0
7/19/1999,1999,10,292,0
7/20/1999,1999,10,293,0
7/21/1999,1999,10,294,0
7/22/1999,1999,10,295,0
7/23/1999,1999,10,296,0
7/24/1999,1999,10,297,0
7/25/1999,1999,10,298,0
7/26/1999,1999,10,299,0
7/27/1999,1999,10,300,0
7/28/1999,1999,10,301,0
7/29/1999,1999,10,302,0
7/30/1999,1999,10,303,0
7/31/1999,1999,10,304,0
8/1/1999,1999,11,305,0
8/2/1999,1999,11,306,0
8/3/1999,1999,11,307,0
8/4/1999,1999,11,308,0
8/5/1999,1999,11,309,0
8/6/1999,1999,11,310,0
8/7/1999,1999,11,311,0
8/8/1999,1999,11,312,0
8/9/1999,1999,11,313,0
8/10/1999,1999,11,314,0
8/11/1999,1999,11,315,0
8/12/1999,1999,11,316,0
8/13/1999,1999,11,317,0
8/14/1999,1999,11,318,0
8/15/1999,1999,11,319,0
8/16/1999,1999,11,320,0
8/17/1999,1999,11,321,0
8/18/1999,1999,11,322,0
8/19/1999,1999,11,323,0
8/20/1999,1999,11,324,0
8/21/1999,1999,11,325,0
8/22/1999,1999,11,326,0
8/23/1999,1999,11,327,0
8/24/1999,1999,11,328,0
8/25/1999,1999,11,329,0
8/26/1999,1999,11,330,0
8/27/1999,1999,11,331,0
8/28/1999,1999,11,332,0
8/29/1999,1999,11,333,0
8/30/1999,1999,11,334,0
8/31/1999,1999,11,335,0
9/1/1999,1999,12,336,0
9/2/1999,1999,12,337,0
9/3/1999,1999,12,338,0
9/4/1999,1999,12,339,0
9/5/1999,1999,12,340,0
9/6/1999,1999,12,341,0
9/7/1999,1999,12,342,0
9/8/1999,1999,12,343,0
9/9/1999,1999,12,344,0
9/10/1999,1999,12,345,0
9/11/1999,1999,12,346,0
9/12/1999,1999,12,347,0
9/13/1999,1999,12,348,0
9/14/1999,1999,12,349,0
9/15/1999,1999,12,350,0
9/16/1999,1999,12,351,0
9/17/1999,1999,12,352,0
9/18/1999,1999,12,353,0
9/19/1999,1999,12,354,0
9/20/1999,1999,12,355,0
9/21/1999,1999,12,356,0
9/22/1999,1999,12,357,0
9/23/1999,1999,12,358,0
9/24/1999,1999,12,359,0
9/25/1999,1999,12,360,0
9/26/1999,1999,12,361,0
9/27/1999,1999,12,362,0
9/28/1999,1999,12,363,0
9/29/1999,1999,12,364,0
9/30/1999,1999,12,365,0
10/1/1999,2000,1,1,0
10/2/1999,2000,1,2,0
10/3/1999,2000,1,3,0
10/4/1999,2000,1,4,0
10/5/1999,2000,1,5,0
10/6/1999,2000,1,6,0
10/7/1999,2000,1,7,0
10/8/1999,2000,1,8,0
10/9/1999,2000,1,9,0
10/10/1999,2000,1,10,0
10/11/1999,2000,1,11,0
10/12/1999,2000,1,12,0
10/13/1999,2000,1,13,0
10/14/1999,2000,1,14,0
10/15/1999,2000,1,15,0
10/16/1999,2000,1,16,0
10/17/1999,2000,1,17,0
10/18/1999,2000,1,18,0
10/19/1999,2000,1,19,0
10/20/1999,2000,1,20,0
10/21/1999,2000,1,21,0
10/22/1999,2000,1,22,0
10/23/1999,2000,1,23,0
10/24/1999,2000,1,24,0
10/25/1999,2000,1,25,0
10/26/1999,2000,1,26,0
10/27/1999,2000,1,27,0
10/28/1999,2000,1,28,0.896470588
10/29/1999,2000,1,29,2.764117647
10/30/1999,2000,1,30,2.241176471
10/31/1999,2000,1,31,1.792941176
11/1/1999,2000,2,32,1.045882353
11/2/1999,2000,2,33,1.000606061
11/3/1999,2000,2,34,0.923636364
11/4/1999,2000,2,35,0.923636364
11/5/1999,2000,2,36,0.307878788
11/6/1999,2000,2,37,0.307878788
11/7/1999,2000,2,38,0.76969697
11/8/1999,2000,2,39,4.849090909
11/9/1999,2000,2,40,16.00969697
11/10/1999,2000,2,41,16.93333333
11/11/1999,2000,2,42,17.01030303
11/12/1999,2000,2,43,17.39515152
11/13/1999,2000,2,44,17.39515152
11/14/1999,2000,2,45,17.24121212
11/15/1999,2000,2,46,16.31757576
11/16/1999,2000,2,47,15.93272727
11/17/1999,2000,2,48,21.55151515
11/18/1999,2000,2,49,23.32181818
11/19/1999,2000,2,50,25.09212121
11/20/1999,2000,2,51,33.17393939
11/21/1999,2000,2,52,34.17454545
11/22/1999,2000,2,53,34.86727273
11/23/1999,2000,2,54,35.004375
11/24/1999,2000,2,55,38.735
11/25/1999,2000,2,56,39.449375
11/26/1999,2000,2,57,39.6875
11/27/1999,2000,2,58,39.766875
11/28/1999,2000,2,59,39.6875
11/29/1999,2000,2,60,39.608125
11/30/1999,2000,2,61,39.52875
12/1/1999,2000,3,62,40.719375
12/2/1999,2000,3,63,40.9575
12/3/1999,2000,3,64,43.18
12/4/1999,2000,3,65,43.65625
12/5/1999,2000,3,66,43.418125
12/6/1999,2000,3,67,44.529375
12/7/1999,2000,3,68,45.24375
12/8/1999,2000,3,69,48.26
12/9/1999,2000,3,70,48.3369697
12/10/1999,2000,3,71,50.8
12/11/1999,2000,3,72,51.87757576
12/12/1999,2000,3,73,52.80121212
12/13/1999,2000,3,74,52.95515152
12/14/1999,2000,3,75,53.49393939
12/15/1999,2000,3,76,53.34
12/16/1999,2000,3,77,54.34060606
12/17/1999,2000,3,78,54.64848485
12/18/1999,2000,3,79,54.87939394
12/19/1999,2000,3,80,55.03333333
12/20/1999,2000,3,81,54.72545455
12/21/1999,2000,3,82,55.03333333
12/22/1999,2000,3,83,56.11090909
12/23/1999,2000,3,84,55.18727273
12/24/1999,2000,3,85,54.95636364
12/25/1999,2000,3,86,55.26424242
12/26/1999,2000,3,87,56.03393939
12/27/1999,2000,3,88,55.64909091
12/28/1999,2000,3,89,56.34181818
12/29/1999,2000,3,90,56.18787879
12/30/1999,2000,3,91,56.49575758
12/31/1999,2000,3,92,56.18787879
1/1/2000,2000,4,93,56.41878788
1/2/2000,2000,4,94,57.26545455
1/3/2000,2000,4,95,57.57333333
1/4/2000,2000,4,96,58.42
1/5/2000,2000,4,97,57.95818182
1/6/2000,2000,4,98,58.18909091
1/7/2000,2000,4,99,58.26606061
1/8/2000,2000,4,100,57.72727273
1/9/2000,2000,4,101,57.95818182
1/10/2000,2000,4,102,57.95818182
1/11/2000,2000,4,103,60.65212121
1/12/2000,2000,4,104,69.27272727
1/13/2000,2000,4,105,71.88969697
1/14/2000,2000,4,106,74.19878788
1/15/2000,2000,4,107,75.27636364
1/16/2000,2000,4,108,91.97878788
1/17/2000,2000,4,109,112.9145455
1/18/2000,2000,4,110,133.7733333
1/19/2000,2000,4,111,155.9406061
1/20/2000,2000,4,112,158.9424242
1/21/2000,2000,4,113,161.8672727
1/22/2000,2000,4,114,162.0212121
1/23/2000,2000,4,115,162.0212121
1/24/2000,2000,4,116,184.1884848
1/25/2000,2000,4,117,252.6145455
1/26/2000,2000,4,118,265.3145455
1/27/2000,2000,4,119,268.3933333
1/28/2000,2000,4,120,270.0866667
1/29/2000,2000,4,121,270.5484848
1/30/2000,2000,4,122,272.8575758
1/31/2000,2000,4,123,299.9509091
2/1/2000,2000,5,124,303.4145455
2/2/2000,2000,5,125,304.8
2/3/2000,2000,5,126,306.1084848
2/4/2000,2000,5,127,306.4163636
2/5/2000,2000,5,128,307.34
2/6/2000,2000,5,129,307.34
2/7/2000,2000,5,130,307.2630303
2/8/2000,2000,5,131,307.1090909
2/9/2000,2000,5,132,307.0321212
2/10/2000,2000,5,133,312.8818182
2/11/2000,2000,5,134,336.5115152
2/12/2000,2000,5,135,362.8351515
2/13/2000,2000,5,136,381.3078788
2/14/2000,2000,5,137,449.58
2/15/2000,2000,5,138,470.4387879
2/16/2000,2000,5,139,475.9806061
2/17/2000,2000,5,140,495.3
2/18/2000,2000,5,141,497.4551515
2/19/2000,2000,5,142,500.4569697
2/20/2000,2000,5,143,505.46
2/21/2000,2000,5,144,520.7769697
2/22/2000,2000,5,145,525.1642424
2/23/2000,2000,5,146,547.4084848
2/24/2000,2000,5,147,572.9624242
2/25/2000,2000,5,148,577.8115152
2/26/2000,2000,5,149,580.6593939
2/27/2000,2000,5,150,593.4363636
2/28/2000,2000,5,151,636.1545455
2/29/2000,2000,5,152,643.2357576
3/1/2000,2000,6,153,658.8606061
3/2/2000,2000,6,154,661.5545455
3/3/2000,2000,6,155,670.2521212
3/4/2000,2000,6,156,673.2539394
3/5/2000,2000,6,157,677.1024242
3/6/2000,2000,6,158,689.8024242
3/7/2000,2000,6,159,694.8054545
3/8/2000,2000,6,160,705.8890909
3/9/2000,2000,6,161,729.9036364
3/10/2000,2000,6,162,734.829697
3/11/2000,2000,6,163,736.2151515
3/12/2000,2000,6,164,740.013125
3/13/2000,2000,6,165,738.743125
3/14/2000,2000,6,166,736.361875
3/15/2000,2000,6,167,733.345625
3/16/2000,2000,6,168,731.440625
3/17/2000,2000,6,169,727.948125
3/18/2000,2000,6,170,725.566875
3/19/2000,2000,6,171,720.486875
3/20/2000,2000,6,172,716.994375
3/21/2000,2000,6,173,713.74
3/22/2000,2000,6,174,710.8825
3/23/2000,2000,6,175,705.96125
3/24/2000,2000,6,176,700.56375
3/25/2000,2000,6,177,696.0369697
3/26/2000,2000,6,178,690.3412121
3/27/2000,2000,6,179,681.3357576
3/28/2000,2000,6,180,678.18
3/29/2000,2000,6,181,671.7915152
3/30/2000,2000,6,182,664.710303
3/31/2000,2000,6,183,659.0915152
4/1/2000,2000,7,184,652.3951515
4/2/2000,2000,7,185,641.4654545
4/3/2000,2000,7,186,630.3818182
4/4/2000,2000,7,187,614.9878788
4/5/2000,2000,7,188,601.9030303
4/6/2000,2000,7,189,590.2036364
4/7/2000,2000,7,190,577.6575758
4/8/2000,2000,7,191,564.4187879
4/9/2000,2000,7,192,552.4884848
4/10/2000,2000,7,193,540.6351515
4/11/2000,2000,7,194,529.7824242
4/12/2000,2000,7,195,516.9284848
4/13/2000,2000,7,196,506.3066667
4/14/2000,2000,7,197,510.0781818
4/15/2000,2000,7,198,511.6175758
4/16/2000,2000,7,199,510.6169697
4/17/2000,2000,7,200,517.2363636
4/18/2000,2000,7,201,541.7127273
4/19/2000,2000,7,202,547.0236364
4/20/2000,2000,7,203,548.7939394
4/21/2000,2000,7,204,541.5587879
4/22/2000,2000,7,205,535.7090909
4/23/2000,2000,7,206,529.8593939
4/24/2000,2000,7,207,520.7
4/25/2000,2000,7,208,508
4/26/2000,2000,7,209,492.9139394
4/27/2000,2000,7,210,477.2890909
4/28/2000,2000,7,211,457.969697
4/29/2000,2000,7,212,445.1927273
4/30/2000,2000,7,213,432.0309091
5/1/2000,2000,8,214,414.789697
5/2/2000,2000,8,215,398.1642424
5/3/2000,2000,8,216,380.5381818
5/4/2000,2000,8,217,360.1412121
5/5/2000,2000,8,218,343.2848485
5/6/2000,2000,8,219,326.1206061
5/7/2000,2000,8,220,319.7321212
5/8/2000,2000,8,221,315.729697
5/9/2000,2000,8,222,298.6424242
5/10/2000,2000,8,223,287.6357576
5/11/2000,2000,8,224,277.7066667
5/12/2000,2000,8,225,273.2424242
5/13/2000,2000,8,226,265.7763636
5/14/2000,2000,8,227,259.4648485
5/15/2000,2000,8,228,256.3090909
5/16/2000,2000,8,229,264.8527273
5/17/2000,2000,8,230,269.7787879
5/18/2000,2000,8,231,264.3139394
5/19/2000,2000,8,232,251.0751515
5/20/2000,2000,8,233,234.9115152
5/21/2000,2000,8,234,221.2109091
5/22/2000,2000,8,235,205.74
5/23/2000,2000,8,236,190.8848485
5/24/2000,2000,8,237,179.8781818
5/25/2000,2000,8,238,165.1769697
5/26/2000,2000,8,239,150.3987879
5/27/2000,2000,8,240,136.4672727
5/28/2000,2000,8,241,118.610303
5/29/2000,2000,8,242,103.370303
5/30/2000,2000,8,243,87.82242424
5/31/2000,2000,8,244,76.43090909
6/1/2000,2000,9,245,67.73333333
6/2/2000,2000,9,246,59.11272727
6/3/2000,2000,9,247,50.8769697
6/4/2000,2000,9,248,42.17939394
6/5/2000,2000,9,249,33.78969697
6/6/2000,2000,9,250,26.86242424
6/7/2000,2000,9,251,18.47272727
6/8/2000,2000,9,252,12.16121212
6/9/2000,2000,9,253,11.39151515
6/10/2000,2000,9,254,9.467272727
6/11/2000,2000,9,255,6.542424242
6/12/2000,2000,9,256,3.925454545
6/13/2000,2000,9,257,1.000606061
6/14/2000,2000,9,258,0
6/15/2000,2000,9,259,0
6/16/2000,2000,9,260,0
6/17/2000,2000,9,261,0
6/18/2000,2000,9,262,0
6/19/2000,2000,9,263,0
6/20/2000,2000,9,264,0
6/21/2000,2000,9,265,0
6/22/2000,2000,9,266,0
6/23/2000,2000,9,267,0
6/24/2000,2000,9,268,0
6/25/2000,2000,9,269,0
6/26/2000,2000,9,270,0
6/27/2000,2000,9,271,0
6/28/2000,2000,9,272,0
6/29/2000,2000,9,273,0
6/30/2000,2000,9,274,0
7/1/2000,2000,10,275,0
7/2/2000,2000,10,276,0
7/3/2000,2000,10,277,0
7/4/2000,2000,10,278,0
7/5/2000,2000,10,279,0
7/6/2000,2000,10,280,0
7/7/2000,2000,10,281,0
7/8/2000,2000,10,282,0
7/9/2000,2000,10,283,0
7/10/2000,2000,10,284,0
7/11/2000,2000,10,285,0
7/12/2000,2000,10,286,0
7/13/2000,2000,10,287,0
7/14/2000,2000,10,288,0
7/15/2000,2000,10,289,0
7/16/2000,2000,10,290,0
7/17/2000,2000,10,291,0
7/18/2000,2000,10,292,0
7/19/2000,2000,10,293,0
7/20/2000,2000,10,294,0
7/21/2000,2000,10,295,0
7/22/2000,2000,10,296,0
7/23/2000,2000,10,297,0
7/24/2000,2000,10,298,0
7/25/2000,2000,10,299,0
7/26/2000,2000,10,300,0
7/27/2000,2000,10,301,0
7/28/2000,2000,10,302,0
7/29/2000,2000,10,303,0
7/30/2000,2000,10,304,0
7/31/2000,2000,10,305,0
8/1/2000,2000,11,306,0
8/2/2000,2000,11,307,0
8/3/2000,2000,11,308,0
8/4/2000,2000,11,309,0
8/5/2000,2000,11,310,0
8/6/2000,2000,11,311,0
8/7/2000,2000,11,312,0
8/8/2000,2000,11,313,0
8/9/2000,2000,11,314,0
8/10/2000,2000,11,315,0
8/11/2000,2000,11,316,0
8/12/2000,2000,11,317,0
8/13/2000,2000,11,318,0
8/14/2000,2000,11,319,0
8/15/2000,2000,11,320,0
8/16/2000,2000,11,321,0
8/17/2000,2000,11,322,0
8/18/2000,2000,11,323,0
8/19/2000,2000,11,324,0
8/20/2000,2000,11,325,0
8/21/2000,2000,11,326,0
8/22/2000,2000,11,327,0
8/23/2000,2000,11,328,0
8/24/2000,2000,11,329,0
8/25/2000,2000,11,330,0
8/26/2000,2000,11,331,0
8/27/2000,2000,11,332,0
8/28/2000,2000,11,333,0
8/29/2000,2000,11,334,0
8/30/2000,2000,11,335,0
8/31/2000,2000,11,336,0
9/1/2000,2000,12,337,0
9/2/2000,2000,12,338,0
9/3/2000,2000,12,339,0
9/4/2000,2000,12,340,0
9/5/2000,2000,12,341,0
9/6/2000,2000,12,342,0
9/7/2000,2000,12,343,0
9/8/2000,2000,12,344,0
9/9/2000,2000,12,345,0
9/10/2000,2000,12,346,0
9/11/2000,2000,12,347,0
9/12/2000,2000,12,348,0
9/13/2000,2000,12,349,0
9/14/2000,2000,12,350,0
9/15/2000,2000,12,351,0
9/16/2000,2000,12,352,0
9/17/2000,2000,12,353,0
9/18/2000,2000,12,354,0
9/19/2000,2000,12,355,0
9/20/2000,2000,12,356,0
9/21/2000,2000,12,357,0
9/22/2000,2000,12,358,0
9/23/2000,2000,12,359,0
9/24/2000,2000,12,360,0
9/25/2000,2000,12,361,0
9/26/2000,2000,12,362,0
9/27/2000,2000,12,363,0
9/28/2000,2000,12,364,0
9/29/2000,2000,12,365,0
9/30/2000,2000,12,366,0
10/1/2000,2001,1,1,0
10/2/2000,2001,1,2,0
10/3/2000,2001,1,3,0
10/4/2000,2001,1,4,0
10/5/2000,2001,1,5,0
10/6/2000,2001,1,6,0
10/7/2000,2001,1,7,0
10/8/2000,2001,1,8,0
10/9/2000,2001,1,9,0
10/10/2000,2001,1,10,5.794375
10/11/2000,2001,1,11,13.81125
10/12/2000,2001,1,12,15.24
10/13/2000,2001,1,13,14.605
10/14/2000,2001,1,14,13.17625
10/15/2000,2001,1,15,11.191875
10/16/2000,2001,1,16,10.31875
10/17/2000,2001,1,17,9.68375
10/18/2000,2001,1,18,8.73125
10/19/2000,2001,1,19,7.62
10/20/2000,2001,1,20,6.588125
10/21/2000,2001,1,21,5.55625
10/22/2000,2001,1,22,4.92125
10/23/2000,2001,1,23,4.841875
10/24/2000,2001,1,24,4.841875
10/25/2000,2001,1,25,5.000625
10/26/2000,2001,1,26,7.858125
10/27/2000,2001,1,27,14.208125
10/28/2000,2001,1,28,17.30375
10/29/2000,2001,1,29,32.940625
10/30/2000,2001,1,30,47.9425
10/31/2000,2001,1,31,49.609375
11/1/2000,2001,2,32,50.63612903
11/2/2000,2001,2,33,50.4825
11/3/2000,2001,2,34,50.8
11/4/2000,2001,2,35,50.4825
11/5/2000,2001,2,36,49.133125
11/6/2000,2001,2,37,49.2125
11/7/2000,2001,2,38,48.656875
11/8/2000,2001,2,39,49.133125
11/9/2000,2001,2,40,49.53
11/10/2000,2001,2,41,53.6575
11/11/2000,2001,2,42,56.515
11/12/2000,2001,2,43,58.7375
11/13/2000,2001,2,44,59.928125
11/14/2000,2001,2,45,62.150625
11/15/2000,2001,2,46,63.261875
11/16/2000,2001,2,47,64.214375
11/17/2000,2001,2,48,65.56375
11/18/2000,2001,2,49,66.04
11/19/2000,2001,2,50,67.15125
11/20/2000,2001,2,51,67.706875
11/21/2000,2001,2,52,68.42125
11/22/2000,2001,2,53,68.659375
11/23/2000,2001,2,54,69.5325
11/24/2000,2001,2,55,69.135625
11/25/2000,2001,2,56,68.8975
11/26/2000,2001,2,57,67.865625
11/27/2000,2001,2,58,67.6275
11/28/2000,2001,2,59,66.913125
11/29/2000,2001,2,60,66.19875
11/30/2000,2001,2,61,67.46875
12/1/2000,2001,3,62,70.32625
12/2/2000,2001,3,63,71.199375
12/3/2000,2001,3,64,71.040625
12/4/2000,2001,3,65,71.755
12/5/2000,2001,3,66,72.151875
12/6/2000,2001,3,67,71.59625
12/7/2000,2001,3,68,71.834375
12/8/2000,2001,3,69,71.27875
12/9/2000,2001,3,70,72.54875
12/10/2000,2001,3,71,70.96125
12/11/2000,2001,3,72,71.27875
12/12/2000,2001,3,73,74.19878788
12/13/2000,2001,3,74,77.43151515
12/14/2000,2001,3,75,79.74060606
12/15/2000,2001,3,76,84.05090909
12/16/2000,2001,3,77,85.59030303
12/17/2000,2001,3,78,85.59030303
12/18/2000,2001,3,79,86.36
12/19/2000,2001,3,80,85.725
12/20/2000,2001,3,81,85.486875
12/21/2000,2001,3,82,85.56625
12/22/2000,2001,3,83,85.486875
12/23/2000,2001,3,84,85.804375
12/24/2000,2001,3,85,86.756875
12/25/2000,2001,3,86,87.15375
12/26/2000,2001,3,87,86.6775
12/27/2000,2001,3,88,86.915625
12/28/2000,2001,3,89,88.503125
12/29/2000,2001,3,90,88.42375
12/30/2000,2001,3,91,88.265
12/31/2000,2001,3,92,91.82484848
1/1/2001,2001,4,93,92.59454545
1/2/2001,2001,4,94,93.59515152
1/3/2001,2001,4,95,92.82545455
1/4/2001,2001,4,96,90.90121212
1/5/2001,2001,4,97,90.36242424
1/6/2001,2001,4,98,90.67030303
1/7/2001,2001,4,99,90.20848485
1/8/2001,2001,4,100,92.13272727
1/9/2001,2001,4,101,94.21090909
1/10/2001,2001,4,102,96.5969697
1/11/2001,2001,4,103,142.6248485
1/12/2001,2001,4,104,163.6375758
1/13/2001,2001,4,105,166.9472727
1/14/2001,2001,4,106,168.6406061
1/15/2001,2001,4,107,169.2563636
1/16/2001,2001,4,108,171.1806061
1/17/2001,2001,4,109,171.3345455
1/18/2001,2001,4,110,172.4121212
1/19/2001,2001,4,111,173.2587879
1/20/2001,2001,4,112,175.1060606
1/21/2001,2001,4,113,175.4909091
1/22/2001,2001,4,114,175.9527273
1/23/2001,2001,4,115,175.7987879
1/24/2001,2001,4,116,182.9569697
1/25/2001,2001,4,117,204.8163636
1/26/2001,2001,4,118,220.8260606
1/27/2001,2001,4,119,228.8309091
1/28/2001,2001,4,120,230.370303
1/29/2001,2001,4,121,230.9090909
1/30/2001,2001,4,122,231.0630303
1/31/2001,2001,4,123,230.9860606
2/1/2001,2001,5,124,230.7551515
2/2/2001,2001,5,125,231.14
2/3/2001,2001,5,126,230.9860606
2/4/2001,2001,5,127,231.14
2/5/2001,2001,5,128,230.6012121
2/6/2001,2001,5,129,230.370303
2/7/2001,2001,5,130,231.8327273
2/8/2001,2001,5,131,231.909697
2/9/2001,2001,5,132,232.6024242
2/10/2001,2001,5,133,254.769697
2/11/2001,2001,5,134,283.5563636
2/12/2001,2001,5,135,323.7345455
2/13/2001,2001,5,136,335.4339394
2/14/2001,2001,5,137,343.8236364
2/15/2001,2001,5,138,345.7478788
2/16/2001,2001,5,139,346.7484848
2/17/2001,2001,5,140,339.804375
2/18/2001,2001,5,141,342.42375
2/19/2001,2001,5,142,347.50375
2/20/2001,2001,5,143,370.284375
2/21/2001,2001,5,144,375.999375
2/22/2001,2001,5,145,385.28625
2/23/2001,2001,5,146,394.890625
2/24/2001,2001,5,147,399.7325
2/25/2001,2001,5,148,428.625
2/26/2001,2001,5,149,434.419375
2/27/2001,2001,5,150,436.641875
2/28/2001,2001,5,151,439.181875
3/1/2001,2001,6,152,441.404375
3/2/2001,2001,6,153,455.5066667
3/3/2001,2001,6,154,464.3581818
3/4/2001,2001,6,155,471.670303
3/5/2001,2001,6,156,514.5424242
3/6/2001,2001,6,157,532.1684848
3/7/2001,2001,6,158,538.0951515
3/8/2001,2001,6,159,540.0963636
3/9/2001,2001,6,160,542.0975758
3/10/2001,2001,6,161,545.7151515
3/11/2001,2001,6,162,547.9472727
3/12/2001,2001,6,163,549.1018182
3/13/2001,2001,6,164,549.5636364
3/14/2001,2001,6,165,550.1793939
3/15/2001,2001,6,166,548.7939394
3/16/2001,2001,6,167,547.4084848
3/17/2001,2001,6,168,545.4842424
3/18/2001,2001,6,169,541.0969697
3/19/2001,2001,6,170,535.7860606
3/20/2001,2001,6,171,530.0133333
3/21/2001,2001,6,172,522.7012121
3/22/2001,2001,6,173,515.5430303
3/23/2001,2001,6,174,508.2309091
3/24/2001,2001,6,175,501.5345455
3/25/2001,2001,6,176,492.9139394
3/26/2001,2001,6,177,484.7551515
3/27/2001,2001,6,178,476.2884848
3/28/2001,2001,6,179,464.4351515
3/29/2001,2001,6,180,452.3509091
3/30/2001,2001,6,181,439.7278788
3/31/2001,2001,6,182,425.7193939
4/1/2001,2001,7,183,412.4806061
4/2/2001,2001,7,184,402.1666667
4/3/2001,2001,7,185,393.5460606
4/4/2001,2001,7,186,388.9278788
4/5/2001,2001,7,187,385.7721212
4/6/2001,2001,7,188,387.6193939
4/7/2001,2001,7,189,412.249697
4/8/2001,2001,7,190,445.5775758
4/9/2001,2001,7,191,451.350303
4/10/2001,2001,7,192,455.6606061
4/11/2001,2001,7,193,458.5084848
4/12/2001,2001,7,194,462.2030303
4/13/2001,2001,7,195,463.5115152
4/14/2001,2001,7,196,463.049697
4/15/2001,2001,7,197,459.8169697
4/16/2001,2001,7,198,451.7351515
4/17/2001,2001,7,199,441.8830303
4/18/2001,2001,7,200,434.4939394
4/19/2001,2001,7,201,435.1866667
4/20/2001,2001,7,202,447.4248485
4/21/2001,2001,7,203,479.0593939
4/22/2001,2001,7,204,485.14
4/23/2001,2001,7,205,484.0624242
4/24/2001,2001,7,206,475.0569697
4/25/2001,2001,7,207,460.2018182
4/26/2001,2001,7,208,445.4236364
4/27/2001,2001,7,209,431.8
4/28/2001,2001,7,210,414.0969697
4/29/2001,2001,7,211,399.0109091
4/30/2001,2001,7,212,381.8466667
5/1/2001,2001,8,213,358.6787879
5/2/2001,2001,8,214,337.82
5/3/2001,2001,8,215,321.810303
5/4/2001,2001,8,216,306.570303
5/5/2001,2001,8,217,288.1745455
5/6/2001,2001,8,218,269.0860606
5/7/2001,2001,8,219,245.3793939
5/8/2001,2001,8,220,221.0569697
5/9/2001,2001,8,221,197.1963636
5/10/2001,2001,8,222,180.2630303
5/11/2001,2001,8,223,158.249697
5/12/2001,2001,8,224,141.9321212
5/13/2001,2001,8,225,130.5406061
5/14/2001,2001,8,226,117.5327273
5/15/2001,2001,8,227,106.7569697
5/16/2001,2001,8,228,94.21090909
5/17/2001,2001,8,229,82.12666667
5/18/2001,2001,8,230,66.04
5/19/2001,2001,8,231,58.11212121
5/20/2001,2001,8,232,49.56848485
5/21/2001,2001,8,233,41.71757576
5/22/2001,2001,8,234,32.78909091
5/23/2001,2001,8,235,24.01454545
5/24/2001,2001,8,236,15.85575758
5/25/2001,2001,8,237,10.16
5/26/2001,2001,8,238,6.619393939
5/27/2001,2001,8,239,4.849090909
5/28/2001,2001,8,240,4.31030303
5/29/2001,2001,8,241,2.847878788
5/30/2001,2001,8,242,2.847878788
5/31/2001,2001,8,243,0.76969697
6/1/2001,2001,9,244,0.461818182
6/2/2001,2001,9,245,0
6/3/2001,2001,9,246,0
6/4/2001,2001,9,247,0
6/5/2001,2001,9,248,0
6/6/2001,2001,9,249,0
6/7/2001,2001,9,250,0
6/8/2001,2001,9,251,0
6/9/2001,2001,9,252,0
6/10/2001,2001,9,253,0
6/11/2001,2001,9,254,0
6/12/2001,2001,9,255,0
6/13/2001,2001,9,256,0
6/14/2001,2001,9,257,0
6/15/2001,2001,9,258,0
6/16/2001,2001,9,259,0
6/17/2001,2001,9,260,0
6/18/2001,2001,9,261,0
6/19/2001,2001,9,262,0
6/20/2001,2001,9,263,0
6/21/2001,2001,9,264,0
6/22/2001,2001,9,265,0
6/23/2001,2001,9,266,0
6/24/2001,2001,9,267,0
6/25/2001,2001,9,268,0
6/26/2001,2001,9,269,0
6/27/2001,2001,9,270,0
6/28/2001,2001,9,271,0
6/29/2001,2001,9,272,0
6/30/2001,2001,9,273,0
7/1/2001,2001,10,274,0
7/2/2001,2001,10,275,0
7/3/2001,2001,10,276,0
7/4/2001,2001,10,277,0
7/5/2001,2001,10,278,0
7/6/2001,2001,10,279,0
7/7/2001,2001,10,280,0
7/8/2001,2001,10,281,0
7/9/2001,2001,10,282,0
7/10/2001,2001,10,283,0
7/11/2001,2001,10,284,0
7/12/2001,2001,10,285,0
7/13/2001,2001,10,286,0
7/14/2001,2001,10,287,0
7/15/2001,2001,10,288,0
7/16/2001,2001,10,289,0
7/17/2001,2001,10,290,0
7/18/2001,2001,10,291,0
7/19/2001,2001,10,292,0
7/20/2001,2001,10,293,0
7/21/2001,2001,10,294,0
7/22/2001,2001,10,295,0
7/23/2001,2001,10,296,0
7/24/2001,2001,10,297,0
7/25/2001,2001,10,298,0
7/26/2001,2001,10,299,0
7/27/2001,2001,10,300,0
7/28/2001,2001,10,301,0
7/29/2001,2001,10,302,0
7/30/2001,2001,10,303,0
7/31/2001,2001,10,304,0
8/1/2001,2001,11,305,0
8/2/2001,2001,11,306,0
8/3/2001,2001,11,307,0
8/4/2001,2001,11,308,0
8/5/2001,2001,11,309,0
8/6/2001,2001,11,310,0
8/7/2001,2001,11,311,0
8/8/2001,2001,11,312,0
8/9/2001,2001,11,313,0
8/10/2001,2001,11,314,0
8/11/2001,2001,11,315,0
8/12/2001,2001,11,316,0
8/13/2001,2001,11,317,0
8/14/2001,2001,11,318,0
8/15/2001,2001,11,319,0
8/16/2001,2001,11,320,0
8/17/2001,2001,11,321,0
8/18/2001,2001,11,322,0
8/19/2001,2001,11,323,0
8/20/2001,2001,11,324,0
8/21/2001,2001,11,325,0
8/22/2001,2001,11,326,0
8/23/2001,2001,11,327,0
8/24/2001,2001,11,328,0
8/25/2001,2001,11,329,0
8/26/2001,2001,11,330,0
8/27/2001,2001,11,331,0
8/28/2001,2001,11,332,0
8/29/2001,2001,11,333,0
8/30/2001,2001,11,334,0
8/31/2001,2001,11,335,0
9/1/2001,2001,12,336,0
9/2/2001,2001,12,337,0
9/3/2001,2001,12,338,0
9/4/2001,2001,12,339,0
9/5/2001,2001,12,340,0
9/6/2001,2001,12,341,0
9/7/2001,2001,12,342,0
9/8/2001,2001,12,343,0
9/9/2001,2001,12,344,0
9/10/2001,2001,12,345,0
9/11/2001,2001,12,346,0
9/12/2001,2001,12,347,0
9/13/2001,2001,12,348,0
9/14/2001,2001,12,349,0
9/15/2001,2001,12,350,0
9/16/2001,2001,12,351,0
9/17/2001,2001,12,352,0
9/18/2001,2001,12,353,0
9/19/2001,2001,12,354,0
9/20/2001,2001,12,355,0
9/21/2001,2001,12,356,0
9/22/2001,2001,12,357,0
9/23/2001,2001,12,358,0
9/24/2001,2001,12,359,0
9/25/2001,2001,12,360,0
9/26/2001,2001,12,361,0
9/27/2001,2001,12,362,0
9/28/2001,2001,12,363,0
9/29/2001,2001,12,364,0
9/30/2001,2001,12,365,0
10/1/2001,2002,1,1,0
10/2/2001,2002,1,2,0
10/3/2001,2002,1,3,0
10/4/2001,2002,1,4,0
10/5/2001,2002,1,5,0
10/6/2001,2002,1,6,0
10/7/2001,2002,1,7,0
10/8/2001,2002,1,8,0
10/9/2001,2002,1,9,0
10/10/2001,2002,1,10,0
10/11/2001,2002,1,11,0
10/12/2001,2002,1,12,0
10/13/2001,2002,1,13,0
10/14/2001,2002,1,14,0
10/15/2001,2002,1,15,0
10/16/2001,2002,1,16,0
10/17/2001,2002,1,17,0
10/18/2001,2002,1,18,0
10/19/2001,2002,1,19,0
10/20/2001,2002,1,20,0
10/21/2001,2002,1,21,0
10/22/2001,2002,1,22,0
10/23/2001,2002,1,23,0
10/24/2001,2002,1,24,0
10/25/2001,2002,1,25,0
10/26/2001,2002,1,26,0
10/27/2001,2002,1,27,0
10/28/2001,2002,1,28,0
10/29/2001,2002,1,29,0
10/30/2001,2002,1,30,1.385454545
10/31/2001,2002,1,31,10.69878788
11/1/2001,2002,2,32,10.54484848
11/2/2001,2002,2,33,10.16
11/3/2001,2002,2,34,9.39030303
11/4/2001,2002,2,35,9.313333333
11/5/2001,2002,2,36,9.236363636
11/6/2001,2002,2,37,9.082424242
11/7/2001,2002,2,38,8.928484848
11/8/2001,2002,2,39,8.158787879
11/9/2001,2002,2,40,7.773939394
11/10/2001,2002,2,41,8.312727273
11/11/2001,2002,2,42,7.927878788
11/12/2001,2002,2,43,11.39151515
11/13/2001,2002,2,44,27.78606061
11/14/2001,2002,2,45,29.01757576
11/15/2001,2002,2,46,27.94
11/16/2001,2002,2,47,26.40060606
11/17/2001,2002,2,48,25.55393939
11/18/2001,2002,2,49,26.70848485
11/19/2001,2002,2,50,28.0169697
11/20/2001,2002,2,51,26.93939394
11/21/2001,2002,2,52,27.55515152
11/22/2001,2002,2,53,40.94787879
11/23/2001,2002,2,54,47.10545455
11/24/2001,2002,2,55,48.41393939
11/25/2001,2002,2,56,89.66969697
11/26/2001,2002,2,57,92.59454545
11/27/2001,2002,2,58,93.98
11/28/2001,2002,2,59,94.0569697
11/29/2001,2002,2,60,118.1484848
11/30/2001,2002,2,61,136.9290909
12/1/2001,2002,3,62,138.8533333
12/2/2001,2002,3,63,173.7206061
12/3/2001,2002,3,64,242.0470588
12/4/2001,2002,3,65,250.7876471
12/5/2001,2002,3,66,251.9082353
12/6/2001,2002,3,67,254
12/7/2001,2002,3,68,255.4941176
12/8/2001,2002,3,69,256.4652941
12/9/2001,2002,3,70,257.2123529
12/10/2001,2002,3,71,261.4705882
12/11/2001,2002,3,72,262.1429412
12/12/2001,2002,3,73,263.1141176
12/13/2001,2002,3,74,263.0394118
12/14/2001,2002,3,75,268.3435294
12/15/2001,2002,3,76,283.6582353
12/16/2001,2002,3,77,285.0029412
12/17/2001,2002,3,78,286.3476471
12/18/2001,2002,3,79,289.2611765
12/19/2001,2002,3,80,290.83
12/20/2001,2002,3,81,292.4735294
12/21/2001,2002,3,82,317.8735294
12/22/2001,2002,3,83,320.3388235
12/23/2001,2002,3,84,331.6941176
12/24/2001,2002,3,85,335.2052941
12/25/2001,2002,3,86,335.5788235
12/26/2001,2002,3,87,336.7741176
12/27/2001,2002,3,88,337.6705882
12/28/2001,2002,3,89,338.5670588
12/29/2001,2002,3,90,361.5017647
12/30/2001,2002,3,91,388.7694118
12/31/2001,2002,3,92,398.1823529
1/1/2002,2002,4,93,401.4694118
1/2/2002,2002,4,94,403.0382353
1/3/2002,2002,4,95,420.37
1/4/2002,2002,4,96,422.4617647
1/5/2002,2002,4,97,422.6111765
1/6/2002,2002,4,98,423.3582353
1/7/2002,2002,4,99,425.5654545
1/8/2002,2002,4,100,425.4115152
1/9/2002,2002,4,101,425.3345455
1/10/2002,2002,4,102,425.4884848
1/11/2002,2002,4,103,425.5654545
1/12/2002,2002,4,104,425.1806061
1/13/2002,2002,4,105,425.1806061
1/14/2002,2002,4,106,425.0266667
1/15/2002,2002,4,107,424.0260606
1/16/2002,2002,4,108,422.7175758
1/17/2002,2002,4,109,422.2557576
1/18/2002,2002,4,110,420.2545455
1/19/2002,2002,4,111,418.9460606
1/20/2002,2002,4,112,418.6381818
1/21/2002,2002,4,113,419.6387879
1/22/2002,2002,4,114,420.0236364
1/23/2002,2002,4,115,420.870303
1/24/2002,2002,4,116,421.1781818
1/25/2002,2002,4,117,420.6393939
1/26/2002,2002,4,118,421.9478788
1/27/2002,2002,4,119,432.6466667
1/28/2002,2002,4,120,447.5018182
1/29/2002,2002,4,121,458.3545455
1/30/2002,2002,4,122,460.4327273
1/31/2002,2002,4,123,461.4333333
2/1/2002,2002,5,124,463.049697
2/2/2002,2002,5,125,463.7424242
2/3/2002,2002,5,126,464.3581818
2/4/2002,2002,5,127,464.5890909
2/5/2002,2002,5,128,464.9739394
2/6/2002,2002,5,129,465.7436364
2/7/2002,2002,5,130,466.0515152
2/8/2002,2002,5,131,474.5181818
2/9/2002,2002,5,132,477.2121212
2/10/2002,2002,5,133,477.8278788
2/11/2002,2002,5,134,478.289697
2/12/2002,2002,5,135,478.7515152
2/13/2002,2002,5,136,478.0587879
2/14/2002,2002,5,137,479.5212121
2/15/2002,2002,5,138,479.9830303
2/16/2002,2002,5,139,481.5224242
2/17/2002,2002,5,140,491.0666667
2/18/2002,2002,5,141,505.5369697
2/19/2002,2002,5,142,507.1533333
2/20/2002,2002,5,143,513.1569697
2/21/2002,2002,5,144,513.6187879
2/22/2002,2002,5,145,514.0806061
2/23/2002,2002,5,146,514.3884848
2/24/2002,2002,5,147,512.5412121
2/25/2002,2002,5,148,511.1557576
2/26/2002,2002,5,149,509.4624242
2/27/2002,2002,5,150,506.9224242
2/28/2002,2002,5,151,505.3060606
3/1/2002,2002,6,152,503.2278788
3/2/2002,2002,6,153,500.6878788
3/3/2002,2002,6,154,499.2254545
3/4/2002,2002,6,155,498.8406061
3/5/2002,2002,6,156,497.3012121
3/6/2002,2002,6,157,496.069697
3/7/2002,2002,6,158,533.7848485
3/8/2002,2002,6,159,555.2593939
3/9/2002,2002,6,160,558.8
3/10/2002,2002,6,161,560.9551515
3/11/2002,2002,6,162,564.649697
3/12/2002,2002,6,163,565.4193939
3/13/2002,2002,6,164,565.2654545
3/14/2002,2002,6,165,564.8036364
3/15/2002,2002,6,166,564.9575758
3/16/2002,2002,6,167,569.4987879
3/17/2002,2002,6,168,575.6563636
3/18/2002,2002,6,169,581.8139394
3/19/2002,2002,6,170,583.5842424
3/20/2002,2002,6,171,581.2751515
3/21/2002,2002,6,172,578.6581818
3/22/2002,2002,6,173,574.5787879
3/23/2002,2002,6,174,584.7387879
3/24/2002,2002,6,175,612.6787879
3/25/2002,2002,6,176,618.2206061
3/26/2002,2002,6,177,619.6830303
3/27/2002,2002,6,178,616.6812121
3/28/2002,2002,6,179,612.2169697
3/29/2002,2002,6,180,604.52
3/30/2002,2002,6,181,593.7442424
3/31/2002,2002,6,182,583.8151515
4/1/2002,2002,7,183,572.8084848
4/2/2002,2002,7,184,561.4169697
4/3/2002,2002,7,185,548.4090909
4/4/2002,2002,7,186,536.0939394
4/5/2002,2002,7,187,523.5478788
4/6/2002,2002,7,188,515.0812121
4/7/2002,2002,7,189,507.230303
4/8/2002,2002,7,190,496.4545455
4/9/2002,2002,7,191,484.6012121
4/10/2002,2002,7,192,473.0557576
4/11/2002,2002,7,193,459.8169697
4/12/2002,2002,7,194,444.7309091
4/13/2002,2002,7,195,427.8745455
4/14/2002,2002,7,196,408.7090909
4/15/2002,2002,7,197,386.3878788
4/16/2002,2002,7,198,375.3812121
4/17/2002,2002,7,199,377.0745455
4/18/2002,2002,7,200,385.0024242
4/19/2002,2002,7,201,388.5430303
4/20/2002,2002,7,202,391.16
4/21/2002,2002,7,203,390.390303
4/22/2002,2002,7,204,384.2327273
4/23/2002,2002,7,205,369.5315152
4/24/2002,2002,7,206,355.1381818
4/25/2002,2002,7,207,340.9757576
4/26/2002,2002,7,208,334.5872727
4/27/2002,2002,7,209,335.1260606
4/28/2002,2002,7,210,335.5109091
4/29/2002,2002,7,211,334.2024242
4/30/2002,2002,7,212,335.0490909
5/1/2002,2002,8,213,338.8206061
5/2/2002,2002,8,214,333.0575
5/3/2002,2002,8,215,326.54875
5/4/2002,2002,8,216,316.150625
5/5/2002,2002,8,217,304.244375
5/6/2002,2002,8,218,289.08375
5/7/2002,2002,8,219,269.954375
5/8/2002,2002,8,220,255.190625
5/9/2002,2002,8,221,239.23625
5/10/2002,2002,8,222,226.3775
5/11/2002,2002,8,223,211.29625
5/12/2002,2002,8,224,199.86625
5/13/2002,2002,8,225,190.5
5/14/2002,2002,8,226,179.3875
5/15/2002,2002,8,227,168.43375
5/16/2002,2002,8,228,158.035625
5/17/2002,2002,8,229,144.62125
5/18/2002,2002,8,230,123.9212121
5/19/2002,2002,8,231,109.3739394
5/20/2002,2002,8,232,103.370303
5/21/2002,2002,8,233,127.555625
5/22/2002,2002,8,234,131.048125
5/23/2002,2002,8,235,125.809375
5/24/2002,2002,8,236,114.77625
5/25/2002,2002,8,237,102.155625
5/26/2002,2002,8,238,91.201875
5/27/2002,2002,8,239,80.80375
5/28/2002,2002,8,240,70.1675
5/29/2002,2002,8,241,59.3725
5/30/2002,2002,8,242,47.863125
5/31/2002,2002,8,243,34.13125
6/1/2002,2002,9,244,26.749375
6/2/2002,2002,9,245,20.0025
6/3/2002,2002,9,246,14.9225
6/4/2002,2002,9,247,8.41375
6/5/2002,2002,9,248,4.60375
6/6/2002,2002,9,249,1.11125
6/7/2002,2002,9,250,0
6/8/2002,2002,9,251,0
6/9/2002,2002,9,252,0
6/10/2002,2002,9,253,0
6/11/2002,2002,9,254,0
6/12/2002,2002,9,255,0
6/13/2002,2002,9,256,0
6/14/2002,2002,9,257,0
6/15/2002,2002,9,258,0
6/16/2002,2002,9,259,0
6/17/2002,2002,9,260,0
6/18/2002,2002,9,261,0
6/19/2002,2002,9,262,0
6/20/2002,2002,9,263,0
6/21/2002,2002,9,264,0
6/22/2002,2002,9,265,0
6/23/2002,2002,9,266,0
6/24/2002,2002,9,267,0
6/25/2002,2002,9,268,0
6/26/2002,2002,9,269,0
6/27/2002,2002,9,270,0
6/28/2002,2002,9,271,0
6/29/2002,2002,9,272,0
6/30/2002,2002,9,273,0
7/1/2002,2002,10,274,0
7/2/2002,2002,10,275,0
7/3/2002,2002,10,276,0
7/4/2002,2002,10,277,0
7/5/2002,2002,10,278,0
7/6/2002,2002,10,279,0
7/7/2002,2002,10,280,0
7/8/2002,2002,10,281,0
7/9/2002,2002,10,282,0
7/10/2002,2002,10,283,0
7/11/2002,2002,10,284,0
7/12/2002,2002,10,285,0
7/13/2002,2002,10,286,0
7/14/2002,2002,10,287,0
7/15/2002,2002,10,288,0
7/16/2002,2002,10,289,0
7/17/2002,2002,10,290,0
7/18/2002,2002,10,291,0
7/19/2002,2002,10,292,0
7/20/2002,2002,10,293,0
7/21/2002,2002,10,294,0
7/22/2002,2002,10,295,0
7/23/2002,2002,10,296,0
7/24/2002,2002,10,297,0
7/25/2002,2002,10,298,0
7/26/2002,2002,10,299,0
7/27/2002,2002,10,300,0
7/28/2002,2002,10,301,0
7/29/2002,2002,10,302,0
7/30/2002,2002,10,303,0
7/31/2002,2002,10,304,0
8/1/2002,2002,11,305,0
8/2/2002,2002,11,306,0
8/3/2002,2002,11,307,0
8/4/2002,2002,11,308,0
8/5/2002,2002,11,309,0
8/6/2002,2002,11,310,0
8/7/2002,2002,11,311,0
8/8/2002,2002,11,312,0
8/9/2002,2002,11,313,0
8/10/2002,2002,11,314,0
8/11/2002,2002,11,315,0
8/12/2002,2002,11,316,0
8/13/2002,2002,11,317,0
8/14/2002,2002,11,318,0
8/15/2002,2002,11,319,0
8/16/2002,2002,11,320,0
8/17/2002,2002,11,321,0
8/18/2002,2002,11,322,0
8/19/2002,2002,11,323,0
8/20/2002,2002,11,324,0
8/21/2002,2002,11,325,0
8/22/2002,2002,11,326,0
8/23/2002,2002,11,327,0
8/24/2002,2002,11,328,0
8/25/2002,2002,11,329,0
8/26/2002,2002,11,330,0
8/27/2002,2002,11,331,0
8/28/2002,2002,11,332,0
8/29/2002,2002,11,333,0
8/30/2002,2002,11,334,0
8/31/2002,2002,11,335,0
9/1/2002,2002,12,336,0
9/2/2002,2002,12,337,0
9/3/2002,2002,12,338,0
9/4/2002,2002,12,339,0
9/5/2002,2002,12,340,0
9/6/2002,2002,12,341,0
9/7/2002,2002,12,342,0
9/8/2002,2002,12,343,0
9/9/2002,2002,12,344,0
9/10/2002,2002,12,345,0
9/11/2002,2002,12,346,0
9/12/2002,2002,12,347,0
9/13/2002,2002,12,348,0
9/14/2002,2002,12,349,0
9/15/2002,2002,12,350,0
9/16/2002,2002,12,351,0
9/17/2002,2002,12,352,0
9/18/2002,2002,12,353,0
9/19/2002,2002,12,354,0
9/20/2002,2002,12,355,0
9/21/2002,2002,12,356,0
9/22/2002,2002,12,357,0
9/23/2002,2002,12,358,0
9/24/2002,2002,12,359,0
9/25/2002,2002,12,360,0
9/26/2002,2002,12,361,0
9/27/2002,2002,12,362,0
9/28/2002,2002,12,363,0
9/29/2002,2002,12,364,0
9/30/2002,2002,12,365,0
10/1/2002,2003,1,1,0
10/2/2002,2003,1,2,0
10/3/2002,2003,1,3,0
10/4/2002,2003,1,4,0
10/5/2002,2003,1,5,0
10/6/2002,2003,1,6,0
10/7/2002,2003,1,7,0
10/8/2002,2003,1,8,0
10/9/2002,2003,1,9,0
10/10/2002,2003,1,10,0
10/11/2002,2003,1,11,0
10/12/2002,2003,1,12,0
10/13/2002,2003,1,13,0
10/14/2002,2003,1,14,0
10/15/2002,2003,1,15,0
10/16/2002,2003,1,16,0
10/17/2002,2003,1,17,0
10/18/2002,2003,1,18,0
10/19/2002,2003,1,19,0
10/20/2002,2003,1,20,0
10/21/2002,2003,1,21,0
10/22/2002,2003,1,22,0
10/23/2002,2003,1,23,0
10/24/2002,2003,1,24,0
10/25/2002,2003,1,25,0
10/26/2002,2003,1,26,0
10/27/2002,2003,1,27,0
10/28/2002,2003,1,28,0
10/29/2002,2003,1,29,0
10/30/2002,2003,1,30,0
10/31/2002,2003,1,31,0
11/1/2002,2003,2,32,0
11/2/2002,2003,2,33,0
11/3/2002,2003,2,34,0
11/4/2002,2003,2,35,0
11/5/2002,2003,2,36,0
11/6/2002,2003,2,37,0
11/7/2002,2003,2,38,4.108823529
11/8/2002,2003,2,39,51.54705882
11/9/2002,2003,2,40,92.71
11/10/2002,2003,2,41,104.0652941
11/11/2002,2003,2,42,105.1858824
11/12/2002,2003,2,43,105.5594118
11/13/2002,2003,2,44,105.7088235
11/14/2002,2003,2,45,104.3641176
11/15/2002,2003,2,46,103.3182353
11/16/2002,2003,2,47,103.3929412
11/17/2002,2003,2,48,103.5423529
11/18/2002,2003,2,49,102.87
11/19/2002,2003,2,50,102.5711765
11/20/2002,2003,2,51,101.7494118
11/21/2002,2003,2,52,101.2264706
11/22/2002,2003,2,53,100.33
11/23/2002,2003,2,54,100.0311765
11/24/2002,2003,2,55,99.35882353
11/25/2002,2003,2,56,99.80705882
11/26/2002,2003,2,57,100.6288235
11/27/2002,2003,2,58,100.33
11/28/2002,2003,2,59,100.2552941
11/29/2002,2003,2,60,100.6288235
11/30/2002,2003,2,61,101.4505882
12/1/2002,2003,3,62,102.6458824
12/2/2002,2003,3,63,102.7952941
12/3/2002,2003,3,64,102.4217647
12/4/2002,2003,3,65,102.0482353
12/5/2002,2003,3,66,101.6747059
12/6/2002,2003,3,67,101.6
12/7/2002,2003,3,68,101.6
12/8/2002,2003,3,69,101.5252941
12/9/2002,2003,3,70,101.5252941
12/10/2002,2003,3,71,101.9735294
12/11/2002,2003,3,72,101.9735294
12/12/2002,2003,3,73,101.7494118
12/13/2002,2003,3,74,101.8241176
12/14/2002,2003,3,75,117.2135294
12/15/2002,2003,3,76,140.8205882
12/16/2002,2003,3,77,155.8364706
12/17/2002,2003,3,78,230.2435294
12/18/2002,2003,3,79,251.9829412
12/19/2002,2003,3,80,254.6723529
12/20/2002,2003,3,81,286.0963636
12/21/2002,2003,3,82,292.9466667
12/22/2002,2003,3,83,294.64
12/23/2002,2003,3,84,295.0248485
12/24/2002,2003,3,85,295.409697
12/25/2002,2003,3,86,294.5630303
12/26/2002,2003,3,87,295.2557576
12/27/2002,2003,3,88,295.8715152
12/28/2002,2003,3,89,296.7181818
12/29/2002,2003,3,90,325.0430303
12/30/2002,2003,3,91,333.7406061
12/31/2002,2003,3,92,349.3654545
1/1/2003,2003,4,93,359.8333333
1/2/2003,2003,4,94,360.68
1/3/2003,2003,4,95,361.6806061
1/4/2003,2003,4,96,361.9884848
1/5/2003,2003,4,97,361.8345455
1/6/2003,2003,4,98,365.2981818
1/7/2003,2003,4,99,364.2975758
1/8/2003,2003,4,100,364.2975758
1/9/2003,2003,4,101,364.8363636
1/10/2003,2003,4,102,369.3775758
1/11/2003,2003,4,103,376.4587879
1/12/2003,2003,4,104,378.3060606
1/13/2003,2003,4,105,378.9218182
1/14/2003,2003,4,106,379.3836364
1/15/2003,2003,4,107,379.4606061
1/16/2003,2003,4,108,379.3066667
1/17/2003,2003,4,109,379.4606061
1/18/2003,2003,4,110,379.3066667
1/19/2003,2003,4,111,379.6145455
1/20/2003,2003,4,112,379.4606061
1/21/2003,2003,4,113,379.0757576
1/22/2003,2003,4,114,379.6915152
1/23/2003,2003,4,115,380.230303
1/24/2003,2003,4,116,384.7715152
1/25/2003,2003,4,117,384.6175758
1/26/2003,2003,4,118,383.9248485
1/27/2003,2003,4,119,383.3090909
1/28/2003,2003,4,120,382.9242424
1/29/2003,2003,4,121,382.4624242
1/30/2003,2003,4,122,381.4618182
1/31/2003,2003,4,123,380.8460606
2/1/2003,2003,5,124,379.9224242
2/2/2003,2003,5,125,378.8448485
2/3/2003,2003,5,126,377.4593939
2/4/2003,2003,5,127,377.1515152
2/5/2003,2003,5,128,376.1509091
2/6/2003,2003,5,129,375.6890909
2/7/2003,2003,5,130,376.3048485
2/8/2003,2003,5,131,376.7666667
2/9/2003,2003,5,132,376.4587879
2/10/2003,2003,5,133,375.4581818
2/11/2003,2003,5,134,375.9969697
2/12/2003,2003,5,135,379.6915152
2/13/2003,2003,5,136,389.1587879
2/14/2003,2003,5,137,397.1636364
2/15/2003,2003,5,138,400.4733333
2/16/2003,2003,5,139,407.5545455
2/17/2003,2003,5,140,415.6363636
2/18/2003,2003,5,141,416.7909091
2/19/2003,2003,5,142,416.8678788
2/20/2003,2003,5,143,418.9460606
2/21/2003,2003,5,144,419.1769697
2/22/2003,2003,5,145,418.9460606
2/23/2003,2003,5,146,419.0230303
2/24/2003,2003,5,147,419.4848485
2/25/2003,2003,5,148,425.0266667
2/26/2003,2003,5,149,429.1060606
2/27/2003,2003,5,150,437.0339394
2/28/2003,2003,5,151,444.0381818
3/1/2003,2003,6,152,445.7315152
3/2/2003,2003,6,153,446.4242424
3/3/2003,2003,6,154,446.5781818
3/4/2003,2003,6,155,446.7321212
3/5/2003,2003,6,156,447.2709091
3/6/2003,2003,6,157,446.4242424
3/7/2003,2003,6,158,445.9624242
3/8/2003,2003,6,159,445.0387879
3/9/2003,2003,6,160,443.4993939
3/10/2003,2003,6,161,442.0369697
3/11/2003,2003,6,162,440.1127273
3/12/2003,2003,6,163,437.5727273
3/13/2003,2003,6,164,434.0321212
3/14/2003,2003,6,165,431.1842424
3/15/2003,2003,6,166,444.9618182
3/16/2003,2003,6,167,477.2890909
3/17/2003,2003,6,168,483.7545455
3/18/2003,2003,6,169,488.5266667
3/19/2003,2003,6,170,492.6060606
3/20/2003,2003,6,171,493.6836364
3/21/2003,2003,6,172,492.3751515
3/22/2003,2003,6,173,491.5284848
3/23/2003,2003,6,174,489.0654545
3/24/2003,2003,6,175,479.9105882
3/25/2003,2003,6,176,485.6018182
3/26/2003,2003,6,177,482.6
3/27/2003,2003,6,178,478.289697
3/28/2003,2003,6,179,474.5181818
3/29/2003,2003,6,180,469.9
3/30/2003,2003,6,181,462.1260606
3/31/2003,2003,6,182,452.1969697
4/1/2003,2003,7,183,441.3442424
4/2/2003,2003,7,184,449.0412121
4/3/2003,2003,7,185,468.129697
4/4/2003,2003,7,186,472.5169697
4/5/2003,2003,7,187,484.5242424
4/6/2003,2003,7,188,487.9109091
4/7/2003,2003,7,189,488.3727273
4/8/2003,2003,7,190,484.7551515
4/9/2003,2003,7,191,476.5963636
4/10/2003,2003,7,192,466.8981818
4/11/2003,2003,7,193,459.9709091
4/12/2003,2003,7,194,452.0430303
4/13/2003,2003,7,195,464.050303
4/14/2003,2003,7,196,505.5369697
4/15/2003,2003,7,197,521.0848485
4/16/2003,2003,7,198,523.7787879
4/17/2003,2003,7,199,527.8581818
4/18/2003,2003,7,200,534.0157576
4/19/2003,2003,7,201,536.0939394
4/20/2003,2003,7,202,536.4787879
4/21/2003,2003,7,203,537.2484848
4/22/2003,2003,7,204,547.5624242
4/23/2003,2003,7,205,549.1787879
4/24/2003,2003,7,206,549.409697
4/25/2003,2003,7,207,550.4872727
4/26/2003,2003,7,208,551.1030303
4/27/2003,2003,7,209,547.6393939
4/28/2003,2003,7,210,543.9448485
4/29/2003,2003,7,211,551.8727273
4/30/2003,2003,7,212,553.1812121
5/1/2003,2003,8,213,550.6412121
5/2/2003,2003,8,214,547.9472727
5/3/2003,2003,8,215,556.7218182
5/4/2003,2003,8,216,575.9642424
5/5/2003,2003,8,217,581.8139394
5/6/2003,2003,8,218,579.12
5/7/2003,2003,8,219,575.8872727
5/8/2003,2003,8,220,577.9654545
5/9/2003,2003,8,221,593.7442424
5/10/2003,2003,8,222,598.0545455
5/11/2003,2003,8,223,593.9751515
5/12/2003,2003,8,224,584.4309091
5/13/2003,2003,8,225,571.0381818
5/14/2003,2003,8,226,553.1042424
5/15/2003,2003,8,227,542.7133333
5/16/2003,2003,8,228,528.3969697
5/17/2003,2003,8,229,512.5412121
5/18/2003,2003,8,230,495.9927273
5/19/2003,2003,8,231,477.1351515
5/20/2003,2003,8,232,457.4309091
5/21/2003,2003,8,233,436.8030303
5/22/2003,2003,8,234,412.9424242
5/23/2003,2003,8,235,387.6963636
5/24/2003,2003,8,236,361.8345455
5/25/2003,2003,8,237,341.5145455
5/26/2003,2003,8,238,319.1933333
5/27/2003,2003,8,239,294.8709091
5/28/2003,2003,8,240,268.470303
5/29/2003,2003,8,241,241.6848485
5/30/2003,2003,8,242,213.9757576
5/31/2003,2003,8,243,189.1915152
6/1/2003,2003,9,244,166.1775758
6/2/2003,2003,9,245,145.0878788
6/3/2003,2003,9,246,121.6121212
6/4/2003,2003,9,247,105.2175758
6/5/2003,2003,9,248,90.13151515
6/6/2003,2003,9,249,77.27757576
6/7/2003,2003,9,250,67.65636364
6/8/2003,2003,9,251,55.41818182
6/9/2003,2003,9,252,43.41090909
6/10/2003,2003,9,253,31.71151515
6/11/2003,2003,9,254,22.32121212
6/12/2003,2003,9,255,14.85515152
6/13/2003,2003,9,256,11.00666667
6/14/2003,2003,9,257,6.542424242
6/15/2003,2003,9,258,2.463030303
6/16/2003,2003,9,259,0
6/17/2003,2003,9,260,0
6/18/2003,2003,9,261,0
6/19/2003,2003,9,262,0
6/20/2003,2003,9,263,0
6/21/2003,2003,9,264,0
6/22/2003,2003,9,265,0
6/23/2003,2003,9,266,0
6/24/2003,2003,9,267,0
6/25/2003,2003,9,268,0
6/26/2003,2003,9,269,0
6/27/2003,2003,9,270,0
6/28/2003,2003,9,271,0
6/29/2003,2003,9,272,0
6/30/2003,2003,9,273,0
7/1/2003,2003,10,274,0
7/2/2003,2003,10,275,0
7/3/2003,2003,10,276,0
7/4/2003,2003,10,277,0
7/5/2003,2003,10,278,0
7/6/2003,2003,10,279,0
7/7/2003,2003,10,280,0
7/8/2003,2003,10,281,0
7/9/2003,2003,10,282,0
7/10/2003,2003,10,283,0
7/11/2003,2003,10,284,0
7/12/2003,2003,10,285,0
7/13/2003,2003,10,286,0
7/14/2003,2003,10,287,0
7/15/2003,2003,10,288,0
7/16/2003,2003,10,289,0
7/17/2003,2003,10,290,0
7/18/2003,2003,10,291,0
7/19/2003,2003,10,292,0
7/20/2003,2003,10,293,0
7/21/2003,2003,10,294,0
7/22/2003,2003,10,295,0
7/23/2003,2003,10,296,0
7/24/2003,2003,10,297,0
7/25/2003,2003,10,298,0
7/26/2003,2003,10,299,0
7/27/2003,2003,10,300,0
7/28/2003,2003,10,301,0
7/29/2003,2003,10,302,0
7/30/2003,2003,10,303,0
7/31/2003,2003,10,304,0
8/1/2003,2003,11,305,0
8/2/2003,2003,11,306,0
8/3/2003,2003,11,307,0
8/4/2003,2003,11,308,0
8/5/2003,2003,11,309,0
8/6/2003,2003,11,310,0
8/7/2003,2003,11,311,0
8/8/2003,2003,11,312,0
8/9/2003,2003,11,313,0
8/10/2003,2003,11,314,0
8/11/2003,2003,11,315,0
8/12/2003,2003,11,316,0
8/13/2003,2003,11,317,0
8/14/2003,2003,11,318,0
8/15/2003,2003,11,319,0
8/16/2003,2003,11,320,0
8/17/2003,2003,11,321,0
8/18/2003,2003,11,322,0
8/19/2003,2003,11,323,0
8/20/2003,2003,11,324,0
8/21/2003,2003,11,325,0
8/22/2003,2003,11,326,0
8/23/2003,2003,11,327,0
8/24/2003,2003,11,328,0
8/25/2003,2003,11,329,0
8/26/2003,2003,11,330,0
8/27/2003,2003,11,331,0
8/28/2003,2003,11,332,0
8/29/2003,2003,11,333,0
8/30/2003,2003,11,334,0
8/31/2003,2003,11,335,0
9/1/2003,2003,12,336,0
9/2/2003,2003,12,337,0
9/3/2003,2003,12,338,0
9/4/2003,2003,12,339,0
9/5/2003,2003,12,340,0
9/6/2003,2003,12,341,0
9/7/2003,2003,12,342,0
9/8/2003,2003,12,343,0
9/9/2003,2003,12,344,0
9/10/2003,2003,12,345,0
9/11/2003,2003,12,346,0
9/12/2003,2003,12,347,0
9/13/2003,2003,12,348,0
9/14/2003,2003,12,349,0
9/15/2003,2003,12,350,0
9/16/2003,2003,12,351,0
9/17/2003,2003,12,352,0
9/18/2003,2003,12,353,0
9/19/2003,2003,12,354,0
9/20/2003,2003,12,355,0
9/21/2003,2003,12,356,0
9/22/2003,2003,12,357,0
9/23/2003,2003,12,358,0
9/24/2003,2003,12,359,0
9/25/2003,2003,12,360,0
9/26/2003,2003,12,361,0
9/27/2003,2003,12,362,0
9/28/2003,2003,12,363,0
9/29/2003,2003,12,364,0
9/30/2003,2003,12,365,0
10/1/2003,2004,1,1,0
10/2/2003,2004,1,2,0
10/3/2003,2004,1,3,0
10/4/2003,2004,1,4,0
10/5/2003,2004,1,5,0
10/6/2003,2004,1,6,0
10/7/2003,2004,1,7,0
10/8/2003,2004,1,8,0
10/9/2003,2004,1,9,0
10/10/2003,2004,1,10,0
10/11/2003,2004,1,11,0
10/12/2003,2004,1,12,0
10/13/2003,2004,1,13,0
10/14/2003,2004,1,14,0
10/15/2003,2004,1,15,0
10/16/2003,2004,1,16,0
10/17/2003,2004,1,17,0
10/18/2003,2004,1,18,0
10/19/2003,2004,1,19,0
10/20/2003,2004,1,20,0
10/21/2003,2004,1,21,0
10/22/2003,2004,1,22,0
10/23/2003,2004,1,23,0
10/24/2003,2004,1,24,0
10/25/2003,2004,1,25,0
10/26/2003,2004,1,26,0
10/27/2003,2004,1,27,0
10/28/2003,2004,1,28,0
10/29/2003,2004,1,29,0.149411765
10/30/2003,2004,1,30,0.747058824
10/31/2003,2004,1,31,2.463030303
11/1/2003,2004,2,32,3.155757576
11/2/2003,2004,2,33,5.233939394
11/3/2003,2004,2,34,6.696363636
11/4/2003,2004,2,35,13.85454545
11/5/2003,2004,2,36,15.24
11/6/2003,2004,2,37,15.39393939
11/7/2003,2004,2,38,15.54787879
11/8/2003,2004,2,39,18.31878788
11/9/2003,2004,2,40,37.94606061
11/10/2003,2004,2,41,50.95393939
11/11/2003,2004,2,42,51.72363636
11/12/2003,2004,2,43,52.41636364
11/13/2003,2004,2,44,57.41939394
11/14/2003,2004,2,45,59.26666667
11/15/2003,2004,2,46,61.2775
11/16/2003,2004,2,47,66.83375
11/17/2003,2004,2,48,67.15125
11/18/2003,2004,2,49,67.389375
11/19/2003,2004,2,50,67.46875
11/20/2003,2004,2,51,67.46875
11/21/2003,2004,2,52,67.31
11/22/2003,2004,2,53,67.230625
11/23/2003,2004,2,54,67.15125
11/24/2003,2004,2,55,67.15125
11/25/2003,2004,2,56,66.9925
11/26/2003,2004,2,57,66.754375
11/27/2003,2004,2,58,66.754375
11/28/2003,2004,2,59,67.15125
11/29/2003,2004,2,60,67.230625
11/30/2003,2004,2,61,67.15125
12/1/2003,2004,3,62,66.83375
12/2/2003,2004,3,63,68.42125
12/3/2003,2004,3,64,69.215
12/4/2003,2004,3,65,69.453125
12/5/2003,2004,3,66,68.976875
12/6/2003,2004,3,67,74.58363636
12/7/2003,2004,3,68,89.82363636
12/8/2003,2004,3,69,95.75030303
12/9/2003,2004,3,70,96.4430303
12/10/2003,2004,3,71,105.7563636
12/11/2003,2004,3,72,123.690303
12/12/2003,2004,3,73,131.3872727
12/13/2003,2004,3,74,136.7751515
12/14/2003,2004,3,75,140.8545455
12/15/2003,2004,3,76,156.6333333
12/16/2003,2004,3,77,157.4030303
12/17/2003,2004,3,78,158.5575758
12/18/2003,2004,3,79,159.250303
12/19/2003,2004,3,80,159.0193939
12/20/2003,2004,3,81,164.0224242
12/21/2003,2004,3,82,170.8727273
12/22/2003,2004,3,83,171.7963636
12/23/2003,2004,3,84,172.72
12/24/2003,2004,3,85,184.3424242
12/25/2003,2004,3,86,234.0648485
12/26/2003,2004,3,87,261.62
12/27/2003,2004,3,88,270.009697
12/28/2003,2004,3,89,272.2418182
12/29/2003,2004,3,90,275.7054545
12/30/2003,2004,3,91,308.4175758
12/31/2003,2004,3,92,313.7284848
1/1/2004,2004,4,93,322.9648485
1/2/2004,2004,4,94,386.1569697
1/3/2004,2004,4,95,403.3981818
1/4/2004,2004,4,96,405.1684848
1/5/2004,2004,4,97,406.2460606
1/6/2004,2004,4,98,407.4775758
1/7/2004,2004,4,99,412.90875
1/8/2004,2004,4,100,416.40125
1/9/2004,2004,4,101,417.98875
1/10/2004,2004,4,102,418.703125
1/11/2004,2004,4,103,419.1
1/12/2004,2004,4,104,419.020625
1/13/2004,2004,4,105,418.62375
1/14/2004,2004,4,106,419.338125
1/15/2004,2004,4,107,419.338125
1/16/2004,2004,4,108,419.89375
1/17/2004,2004,4,109,419.814375
1/18/2004,2004,4,110,419.814375
1/19/2004,2004,4,111,419.735
1/20/2004,2004,4,112,419.020625
1/21/2004,2004,4,113,419.655625
1/22/2004,2004,4,114,419.89375
1/23/2004,2004,4,115,419.655625
1/24/2004,2004,4,116,422.5412903
1/25/2004,2004,4,117,422.4593548
1/26/2004,2004,4,118,422.5412903
1/27/2004,2004,4,119,423.5245161
1/28/2004,2004,4,120,428.6864516
1/29/2004,2004,4,121,429.8335484
1/30/2004,2004,4,122,431.4722581
1/31/2004,2004,4,123,433.07
2/1/2004,2004,5,124,433.2393333
2/2/2004,2004,5,125,433.6626667
2/3/2004,2004,5,126,469.138
2/4/2004,2004,5,127,475.0646667
2/5/2004,2004,5,128,476.758
2/6/2004,2004,5,129,477.9433333
2/7/2004,2004,5,130,482.6
2/8/2004,2004,5,131,483.2773333
2/9/2004,2004,5,132,483.5313333
2/10/2004,2004,5,133,483.9546667
2/11/2004,2004,5,134,484.378
2/12/2004,2004,5,135,484.632
2/13/2004,2004,5,136,484.5473333
2/14/2004,2004,5,137,484.632
2/15/2004,2004,5,138,485.2246667
2/16/2004,2004,5,139,487.7646667
2/17/2004,2004,5,140,498.602
2/18/2004,2004,5,141,506.6453333
2/19/2004,2004,5,142,527.9813333
2/20/2004,2004,5,143,534.1374194
2/21/2004,2004,5,144,541.02
2/22/2004,2004,5,145,545.4226667
2/23/2004,2004,5,146,555.752
2/24/2004,2004,5,147,559.1386667
2/25/2004,2004,5,148,561.848
2/26/2004,2004,5,149,633.984
2/27/2004,2004,5,150,664.0406667
2/28/2004,2004,5,151,672.084
2/29/2004,2004,5,152,673.4386667
3/1/2004,2004,6,153,675.4706667
3/2/2004,2004,6,154,694.8593333
3/3/2004,2004,6,155,697.992
3/4/2004,2004,6,156,698.1613333
3/5/2004,2004,6,157,695.6213333
3/6/2004,2004,6,158,693.8433333
3/7/2004,2004,6,159,691.9806667
3/8/2004,2004,6,160,686.9006667
3/9/2004,2004,6,161,680.5506667
3/10/2004,2004,6,162,673.1
3/11/2004,2004,6,163,668.3586667
3/12/2004,2004,6,164,662.432
3/13/2004,2004,6,165,657.098
3/14/2004,2004,6,166,652.1026667
3/15/2004,2004,6,167,644.652
3/16/2004,2004,6,168,636.6933333
3/17/2004,2004,6,169,627.7186667
3/18/2004,2004,6,170,618.998
3/19/2004,2004,6,171,607.6526667
3/20/2004,2004,6,172,598.7626667
3/21/2004,2004,6,173,586.3166667
3/22/2004,2004,6,174,575.1406667
3/23/2004,2004,6,175,565.912
3/24/2004,2004,6,176,555.244
3/25/2004,2004,6,177,549.2135484
3/26/2004,2004,6,178,558.8
3/27/2004,2004,6,179,563.1425806
3/28/2004,2004,6,180,560.8483871
3/29/2004,2004,6,181,552.5729032
3/30/2004,2004,6,182,545.5264516
3/31/2004,2004,6,183,539.3812903
4/1/2004,2004,7,184,534.4651613
4/2/2004,2004,7,185,532.6625806
4/3/2004,2004,7,186,524.3870968
4/4/2004,2004,7,187,515.9477419
4/5/2004,2004,7,188,505.46
4/6/2004,2004,7,189,493.0058065
4/7/2004,2004,7,190,480.8793548
4/8/2004,2004,7,191,468.0974194
4/9/2004,2004,7,192,454.0864516
4/10/2004,2004,7,193,439.7477419
4/11/2004,2004,7,194,426.883871
4/12/2004,2004,7,195,410.1690323
4/13/2004,2004,7,196,396.9774194
4/14/2004,2004,7,197,388.1283871
4/15/2004,2004,7,198,379.8529032
4/16/2004,2004,7,199,371.3316129
4/17/2004,2004,7,200,370.9219355
4/18/2004,2004,7,201,376.4116129
4/19/2004,2004,7,202,379.9348387
4/20/2004,2004,7,203,383.7858065
4/21/2004,2004,7,204,379.6890323
4/22/2004,2004,7,205,371.4135484
4/23/2004,2004,7,206,360.843871
4/24/2004,2004,7,207,344.1290323
4/25/2004,2004,7,208,326.5129032
4/26/2004,2004,7,209,304.8
4/27/2004,2004,7,210,283.1690323
4/28/2004,2004,7,211,264.9793548
4/29/2004,2004,7,212,249.4935484
4/30/2004,2004,7,213,236.22
5/1/2004,2004,8,214,222.7825806
5/2/2004,2004,8,215,209.3451613
5/3/2004,2004,8,216,191.4012903
5/4/2004,2004,8,217,172.3103226
5/5/2004,2004,8,218,155.8412903
5/6/2004,2004,8,219,143.6329032
5/7/2004,2004,8,220,133.2270968
5/8/2004,2004,8,221,117.1478788
5/9/2004,2004,8,222,108.6042424
5/10/2004,2004,8,223,98.36727273
5/11/2004,2004,8,224,94.44181818
5/12/2004,2004,8,225,91.97878788
5/13/2004,2004,8,226,86.59090909
5/14/2004,2004,8,227,78.97090909
5/15/2004,2004,8,228,73.04424242
5/16/2004,2004,8,229,63.80787879
5/17/2004,2004,8,230,54.03272727
5/18/2004,2004,8,231,45.10424242
5/19/2004,2004,8,232,39.17757576
5/20/2004,2004,8,233,35.09818182
5/21/2004,2004,8,234,30.71090909
5/22/2004,2004,8,235,26.93939394
5/23/2004,2004,8,236,23.16787879
5/24/2004,2004,8,237,19.31939394
5/25/2004,2004,8,238,16.70242424
5/26/2004,2004,8,239,15.24
5/27/2004,2004,8,240,12.39212121
5/28/2004,2004,8,241,10.39090909
5/29/2004,2004,8,242,10.39090909
5/30/2004,2004,8,243,8.081818182
5/31/2004,2004,8,244,5.618787879
6/1/2004,2004,9,245,2.847878788
6/2/2004,2004,9,246,1.344705882
6/3/2004,2004,9,247,0.522941176
6/4/2004,2004,9,248,0
6/5/2004,2004,9,249,0
6/6/2004,2004,9,250,0
6/7/2004,2004,9,251,0
6/8/2004,2004,9,252,0
6/9/2004,2004,9,253,0
6/10/2004,2004,9,254,0
6/11/2004,2004,9,255,0
6/12/2004,2004,9,256,0
6/13/2004,2004,9,257,0
6/14/2004,2004,9,258,0
6/15/2004,2004,9,259,0
6/16/2004,2004,9,260,0
6/17/2004,2004,9,261,0
6/18/2004,2004,9,262,0
6/19/2004,2004,9,263,0
6/20/2004,2004,9,264,0
6/21/2004,2004,9,265,0
6/22/2004,2004,9,266,0
6/23/2004,2004,9,267,0
6/24/2004,2004,9,268,0
6/25/2004,2004,9,269,0
6/26/2004,2004,9,270,0
6/27/2004,2004,9,271,0
6/28/2004,2004,9,272,0
6/29/2004,2004,9,273,0
6/30/2004,2004,9,274,0
7/1/2004,2004,10,275,0
7/2/2004,2004,10,276,0
7/3/2004,2004,10,277,0
7/4/2004,2004,10,278,0
7/5/2004,2004,10,279,0
7/6/2004,2004,10,280,0
7/7/2004,2004,10,281,0
7/8/2004,2004,10,282,0
7/9/2004,2004,10,283,0
7/10/2004,2004,10,284,0
7/11/2004,2004,10,285,0
7/12/2004,2004,10,286,0
7/13/2004,2004,10,287,0
7/14/2004,2004,10,288,0
7/15/2004,2004,10,289,0
7/16/2004,2004,10,290,0
7/17/2004,2004,10,291,0
7/18/2004,2004,10,292,0
7/19/2004,2004,10,293,0
7/20/2004,2004,10,294,0
7/21/2004,2004,10,295,0
7/22/2004,2004,10,296,0
7/23/2004,2004,10,297,0
7/24/2004,2004,10,298,0
7/25/2004,2004,10,299,0
7/26/2004,2004,10,300,0
7/27/2004,2004,10,301,0
7/28/2004,2004,10,302,0
7/29/2004,2004,10,303,0
7/30/2004,2004,10,304,0
7/31/2004,2004,10,305,0
8/1/2004,2004,11,306,0
8/2/2004,2004,11,307,0
8/3/2004,2004,11,308,0
8/4/2004,2004,11,309,0
8/5/2004,2004,11,310,0
8/6/2004,2004,11,311,0
8/7/2004,2004,11,312,0
8/8/2004,2004,11,313,0
8/9/2004,2004,11,314,0
8/10/2004,2004,11,315,0
8/11/2004,2004,11,316,0
8/12/2004,2004,11,317,0
8/13/2004,2004,11,318,0
8/14/2004,2004,11,319,0
8/15/2004,2004,11,320,0
8/16/2004,2004,11,321,0
8/17/2004,2004,11,322,0
8/18/2004,2004,11,323,0
8/19/2004,2004,11,324,0
8/20/2004,2004,11,325,0
8/21/2004,2004,11,326,0
8/22/2004,2004,11,327,0
8/23/2004,2004,11,328,0
8/24/2004,2004,11,329,0
8/25/2004,2004,11,330,0
8/26/2004,2004,11,331,0
8/27/2004,2004,11,332,0
8/28/2004,2004,11,333,0
8/29/2004,2004,11,334,0
8/30/2004,2004,11,335,0
8/31/2004,2004,11,336,0
9/1/2004,2004,12,337,0
9/2/2004,2004,12,338,0
9/3/2004,2004,12,339,0
9/4/2004,2004,12,340,0
9/5/2004,2004,12,341,0
9/6/2004,2004,12,342,0
9/7/2004,2004,12,343,0
9/8/2004,2004,12,344,0
9/9/2004,2004,12,345,0
9/10/2004,2004,12,346,0
9/11/2004,2004,12,347,0
9/12/2004,2004,12,348,0
9/13/2004,2004,12,349,0
9/14/2004,2004,12,350,0
9/15/2004,2004,12,351,0
9/16/2004,2004,12,352,0
9/17/2004,2004,12,353,0
9/18/2004,2004,12,354,0
9/19/2004,2004,12,355,0
9/20/2004,2004,12,356,0
9/21/2004,2004,12,357,0
9/22/2004,2004,12,358,0
9/23/2004,2004,12,359,0
9/24/2004,2004,12,360,0
9/25/2004,2004,12,361,0
9/26/2004,2004,12,362,0
9/27/2004,2004,12,363,0
9/28/2004,2004,12,364,0
9/29/2004,2004,12,365,0
9/30/2004,2004,12,366,0
10/1/2004,2005,1,1,0
10/2/2004,2005,1,2,0
10/3/2004,2005,1,3,0
10/4/2004,2005,1,4,0
10/5/2004,2005,1,5,0
10/6/2004,2005,1,6,0
10/7/2004,2005,1,7,0
10/8/2004,2005,1,8,0
10/9/2004,2005,1,9,0
10/10/2004,2005,1,10,0
10/11/2004,2005,1,11,0
10/12/2004,2005,1,12,0
10/13/2004,2005,1,13,0
10/14/2004,2005,1,14,0
10/15/2004,2005,1,15,0
10/16/2004,2005,1,16,1.045882353
10/17/2004,2005,1,17,1.867647059
10/18/2004,2005,1,18,15.24
10/19/2004,2005,1,19,19.93515152
10/20/2004,2005,1,20,67.81030303
10/21/2004,2005,1,21,91.90181818
10/22/2004,2005,1,22,92.36363636
10/23/2004,2005,1,23,92.05575758
10/24/2004,2005,1,24,92.13272727
10/25/2004,2005,1,25,94.13393939
10/26/2004,2005,1,26,94.82666667
10/27/2004,2005,1,27,134.1581818
10/28/2004,2005,1,28,136.390303
10/29/2004,2005,1,29,137.0830303
10/30/2004,2005,1,30,137.3909091
10/31/2004,2005,1,31,137.3909091
11/1/2004,2005,2,32,136.8521212
11/2/2004,2005,2,33,135.9284848
11/3/2004,2005,2,34,136.3133333
11/4/2004,2005,2,35,137.929697
11/5/2004,2005,2,36,138.930303
11/6/2004,2005,2,37,139.2381818
11/7/2004,2005,2,38,138.7763636
11/8/2004,2005,2,39,144.8569697
11/9/2004,2005,2,40,146.6272727
11/10/2004,2005,2,41,147.32
11/11/2004,2005,2,42,147.9357576
11/12/2004,2005,2,43,148.9363636
11/13/2004,2005,2,44,149.6290909
11/14/2004,2005,2,45,149.3212121
11/15/2004,2005,2,46,149.3212121
11/16/2004,2005,2,47,148.8593939
11/17/2004,2005,2,48,148.4745455
11/18/2004,2005,2,49,147.9357576
11/19/2004,2005,2,50,147.5509091
11/20/2004,2005,2,51,147.0890909
11/21/2004,2005,2,52,146.7042424
11/22/2004,2005,2,53,147.9357576
11/23/2004,2005,2,54,147.3969697
11/24/2004,2005,2,55,146.7812121
11/25/2004,2005,2,56,146.6272727
11/26/2004,2005,2,57,146.7812121
11/27/2004,2005,2,58,147.4739394
11/28/2004,2005,2,59,172.2581818
11/29/2004,2005,2,60,173.3357576
11/30/2004,2005,2,61,173.489697
12/1/2004,2005,3,62,174.2593939
12/2/2004,2005,3,63,174.2593939
12/3/2004,2005,3,64,175.9527273
12/4/2004,2005,3,65,178.3387879
12/5/2004,2005,3,66,183.1878788
12/6/2004,2005,3,67,184.2654545
12/7/2004,2005,3,68,189.4993939
12/8/2004,2005,3,69,217.9012121
12/9/2004,2005,3,70,228.3690909
12/10/2004,2005,3,71,228.6769697
12/11/2004,2005,3,72,228.6769697
12/12/2004,2005,3,73,228.6769697
12/13/2004,2005,3,74,228.6
12/14/2004,2005,3,75,228.3690909
12/15/2004,2005,3,76,227.9072727
12/16/2004,2005,3,77,227.5224242
12/17/2004,2005,3,78,227.2915152
12/18/2004,2005,3,79,226.9066667
12/19/2004,2005,3,80,226.7527273
12/20/2004,2005,3,81,226.5987879
12/21/2004,2005,3,82,226.5218182
12/22/2004,2005,3,83,225.3672727
12/23/2004,2005,3,84,225.290303
12/24/2004,2005,3,85,225.4442424
12/25/2004,2005,3,86,225.5212121
12/26/2004,2005,3,87,225.6751515
12/27/2004,2005,3,88,227.1375758
12/28/2004,2005,3,89,237.5284848
12/29/2004,2005,3,90,264.3139394
12/30/2004,2005,3,91,290.329697
12/31/2004,2005,3,92,365.76
1/1/2005,2005,4,93,412.0187879
1/2/2005,2005,4,94,417.9454545
1/3/2005,2005,4,95,424.7957576
1/4/2005,2005,4,96,435.6484848
1/5/2005,2005,4,97,442.4218182
1/6/2005,2005,4,98,444.5769697
1/7/2005,2005,4,99,447.809697
1/8/2005,2005,4,100,514.2345455
1/9/2005,2005,4,101,581.9678788
1/10/2005,2005,4,102,633.6145455
1/11/2005,2005,4,103,678.8727273
1/12/2005,2005,4,104,704.8115152
1/13/2005,2005,4,105,709.5066667
1/14/2005,2005,4,106,709.8145455
1/15/2005,2005,4,107,709.6606061
1/16/2005,2005,4,108,709.6606061
1/17/2005,2005,4,109,709.6606061
1/18/2005,2005,4,110,709.6606061
1/19/2005,2005,4,111,709.5066667
1/20/2005,2005,4,112,708.7369697
1/21/2005,2005,4,113,708.4290909
1/22/2005,2005,4,114,707.7363636
1/23/2005,2005,4,115,707.1975758
1/24/2005,2005,4,116,706.5048485
1/25/2005,2005,4,117,705.8890909
1/26/2005,2005,4,118,710.8921212
1/27/2005,2005,4,119,732.0587879
1/28/2005,2005,4,120,737.2927273
1/29/2005,2005,4,121,757.3048485
1/30/2005,2005,4,122,766.9260606
1/31/2005,2005,4,123,766.8490909
2/1/2005,2005,5,124,766.6951515
2/2/2005,2005,5,125,766.3872727
2/3/2005,2005,5,126,766.0024242
2/4/2005,2005,5,127,765.3866667
2/5/2005,2005,5,128,764.7709091
2/6/2005,2005,5,129,764.4630303
2/7/2005,2005,5,130,763.3854545
2/8/2005,2005,5,131,763.0775758
2/9/2005,2005,5,132,763.3854545
2/10/2005,2005,5,133,764.0781818
2/11/2005,2005,5,134,765.0787879
2/12/2005,2005,5,135,768.2345455
2/13/2005,2005,5,136,769.8509091
2/14/2005,2005,5,137,770.1587879
2/15/2005,2005,5,138,770.4666667
2/16/2005,2005,5,139,789.3242424
2/17/2005,2005,5,140,796.3284848
2/18/2005,2005,5,141,799.2533333
2/19/2005,2005,5,142,812.1072727
2/20/2005,2005,5,143,837.9690909
2/21/2005,2005,5,144,855.98
2/22/2005,2005,5,145,876.9157576
2/23/2005,2005,5,146,881.38
2/24/2005,2005,5,147,883.2272727
2/25/2005,2005,5,148,883.5351515
2/26/2005,2005,5,149,885.1515152
2/27/2005,2005,5,150,885.5363636
2/28/2005,2005,5,151,892.3866667
3/1/2005,2005,6,152,900.3145455
3/2/2005,2005,6,153,911.9369697
3/3/2005,2005,6,154,911.9369697
3/4/2005,2005,6,155,913.3224242
3/5/2005,2005,6,156,914.3230303
3/6/2005,2005,6,157,914.1690909
3/7/2005,2005,6,158,912.629697
3/8/2005,2005,6,159,910.1666667
3/9/2005,2005,6,160,906.3951515
3/10/2005,2005,6,161,903.0854545
3/11/2005,2005,6,162,897.3127273
3/12/2005,2005,6,163,889.8466667
3/13/2005,2005,6,164,884.689697
3/14/2005,2005,6,165,879.6866667
3/15/2005,2005,6,166,876.6848485
3/16/2005,2005,6,167,874.2218182
3/17/2005,2005,6,168,872.5284848
3/18/2005,2005,6,169,870.450303
3/19/2005,2005,6,170,870.6042424
3/20/2005,2005,6,171,901.5460606
3/21/2005,2005,6,172,930.3327273
3/22/2005,2005,6,173,947.8048485
3/23/2005,2005,6,174,1013.38303
3/24/2005,2005,6,175,1032.240606
3/25/2005,2005,6,176,1037.320606
3/26/2005,2005,6,177,1039.090909
3/27/2005,2005,6,178,1038.78303
3/28/2005,2005,6,179,1052.175758
3/29/2005,2005,6,180,1066.261212
3/30/2005,2005,6,181,1072.649697
3/31/2005,2005,6,182,1072.110909
4/1/2005,2005,7,183,1064.815625
4/2/2005,2005,7,184,1059.18
4/3/2005,2005,7,185,1059.33875
4/4/2005,2005,7,186,1076.880625
4/5/2005,2005,7,187,1076.404375
4/6/2005,2005,7,188,1071.959375
4/7/2005,2005,7,189,1063.625
4/8/2005,2005,7,190,1061.72
4/9/2005,2005,7,191,1084.976875
4/10/2005,2005,7,192,1084.73875
4/11/2005,2005,7,193,1083.15125
4/12/2005,2005,7,194,1077.833125
4/13/2005,2005,7,195,1071.40375
4/14/2005,2005,7,196,1066.561875
4/15/2005,2005,7,197,1061.640625
4/16/2005,2005,7,198,1049.9725
4/17/2005,2005,7,199,1038.532258
4/18/2005,2005,7,200,1024.603226
4/19/2005,2005,7,201,1018.703871
4/20/2005,2005,7,202,1017.474839
4/21/2005,2005,7,203,1002.622667
4/22/2005,2005,7,204,994.5793333
4/23/2005,2005,7,205,989.584
4/24/2005,2005,7,206,985.266
4/25/2005,2005,7,207,982.218
4/26/2005,2005,7,208,976.884
4/27/2005,2005,7,209,964.3533333
4/28/2005,2005,7,210,959.1886667
4/29/2005,2005,7,211,961.0834483
4/30/2005,2005,7,212,956.0034483
5/1/2005,2005,8,213,957.1264286
5/2/2005,2005,8,214,947.0571429
5/3/2005,2005,8,215,931.8171429
5/4/2005,2005,8,216,916.8492857
5/5/2005,2005,8,217,905.2378571
5/6/2005,2005,8,218,913.13
5/7/2005,2005,8,219,916.4864286
5/8/2005,2005,8,220,914.4907143
5/9/2005,2005,8,221,917.575
5/10/2005,2005,8,222,928.9142857
5/11/2005,2005,8,223,933.0871429
5/12/2005,2005,8,224,929.5492857
5/13/2005,2005,8,225,911.4064286
5/14/2005,2005,8,226,887.5485714
5/15/2005,2005,8,227,867.2285714
5/16/2005,2005,8,228,848.36
5/17/2005,2005,8,229,835.3878571
5/18/2005,2005,8,230,822.8724138
5/19/2005,2005,8,231,802.4648276
5/20/2005,2005,8,232,776.1889655
5/21/2005,2005,8,233,747.8986207
5/22/2005,2005,8,234,720.922069
5/23/2005,2005,8,235,690.7048276
5/24/2005,2005,8,236,659.962069
5/25/2005,2005,8,237,628.1682759
5/26/2005,2005,8,238,597.0751724
5/27/2005,2005,8,239,562.9165517
5/28/2005,2005,8,240,524.2034483
5/29/2005,2005,8,241,491.4462069
5/30/2005,2005,8,242,463.7689655
5/31/2005,2005,8,243,439.857931
6/1/2005,2005,9,244,413.582069
6/2/2005,2005,9,245,391.2475862
6/3/2005,2005,9,246,366.9862069
6/4/2005,2005,9,247,348.6806897
6/5/2005,2005,9,248,328.097931
6/6/2005,2005,9,249,307.5151724
6/7/2005,2005,9,250,292.1
6/8/2005,2005,9,251,276.9475862
6/9/2005,2005,9,252,268.6268966
6/10/2005,2005,9,253,258.642069
6/11/2005,2005,9,254,241.5627586
6/12/2005,2005,9,255,224.0455172
6/13/2005,2005,9,256,203.9882759
6/14/2005,2005,9,257,181.4786207
6/15/2005,2005,9,258,161.2462069
6/16/2005,2005,9,259,139.8751724
6/17/2005,2005,9,260,127.7882759
6/18/2005,2005,9,261,120.6937931
6/19/2005,2005,9,262,109.0448276
6/20/2005,2005,9,263,100.1110345
6/21/2005,2005,9,264,93.38733333
6/22/2005,2005,9,265,80.68733333
6/23/2005,2005,9,266,68.41066667
6/24/2005,2005,9,267,56.134
6/25/2005,2005,9,268,47.83666667
6/26/2005,2005,9,269,40.80933333
6/27/2005,2005,9,270,33.18933333
6/28/2005,2005,9,271,24.46866667
6/29/2005,2005,9,272,17.69533333
6/30/2005,2005,9,273,10.414
7/1/2005,2005,10,274,6.011333333
7/2/2005,2005,10,275,1.608666667
7/3/2005,2005,10,276,0
7/4/2005,2005,10,277,0
7/5/2005,2005,10,278,0
7/6/2005,2005,10,279,0
7/7/2005,2005,10,280,0
7/8/2005,2005,10,281,0
7/9/2005,2005,10,282,0
7/10/2005,2005,10,283,0
7/11/2005,2005,10,284,0
7/12/2005,2005,10,285,0
7/13/2005,2005,10,286,0
7/14/2005,2005,10,287,0
7/15/2005,2005,10,288,0
7/16/2005,2005,10,289,0
7/17/2005,2005,10,290,0
7/18/2005,2005,10,291,0
7/19/2005,2005,10,292,0
7/20/2005,2005,10,293,0
7/21/2005,2005,10,294,0
7/22/2005,2005,10,295,0
7/23/2005,2005,10,296,0
7/24/2005,2005,10,297,0
7/25/2005,2005,10,298,0
7/26/2005,2005,10,299,0
7/27/2005,2005,10,300,0
7/28/2005,2005,10,301,0
7/29/2005,2005,10,302,0
7/30/2005,2005,10,303,0
7/31/2005,2005,10,304,0
8/1/2005,2005,11,305,0
8/2/2005,2005,11,306,0
8/3/2005,2005,11,307,0
8/4/2005,2005,11,308,0
8/5/2005,2005,11,309,0
8/6/2005,2005,11,310,0
8/7/2005,2005,11,311,0
8/8/2005,2005,11,312,0
8/9/2005,2005,11,313,0
8/10/2005,2005,11,314,0
8/11/2005,2005,11,315,0
8/12/2005,2005,11,316,0
8/13/2005,2005,11,317,0
8/14/2005,2005,11,318,0
8/15/2005,2005,11,319,0
8/16/2005,2005,11,320,0
8/17/2005,2005,11,321,0
8/18/2005,2005,11,322,0
8/19/2005,2005,11,323,0
8/20/2005,2005,11,324,0
8/21/2005,2005,11,325,0
8/22/2005,2005,11,326,0
8/23/2005,2005,11,327,0
8/24/2005,2005,11,328,0
8/25/2005,2005,11,329,0
8/26/2005,2005,11,330,0
8/27/2005,2005,11,331,0
8/28/2005,2005,11,332,0
8/29/2005,2005,11,333,0
8/30/2005,2005,11,334,0
8/31/2005,2005,11,335,0
9/1/2005,2005,12,336,0
9/2/2005,2005,12,337,0
9/3/2005,2005,12,338,0
9/4/2005,2005,12,339,0
9/5/2005,2005,12,340,0
9/6/2005,2005,12,341,0
9/7/2005,2005,12,342,0
9/8/2005,2005,12,343,0
9/9/2005,2005,12,344,0
9/10/2005,2005,12,345,0
9/11/2005,2005,12,346,0
9/12/2005,2005,12,347,0
9/13/2005,2005,12,348,0
9/14/2005,2005,12,349,0
9/15/2005,2005,12,350,0
9/16/2005,2005,12,351,0
9/17/2005,2005,12,352,0
9/18/2005,2005,12,353,0
9/19/2005,2005,12,354,0
9/20/2005,2005,12,355,0
9/21/2005,2005,12,356,0
9/22/2005,2005,12,357,0
9/23/2005,2005,12,358,0
9/24/2005,2005,12,359,0
9/25/2005,2005,12,360,0
9/26/2005,2005,12,361,0
9/27/2005,2005,12,362,0
9/28/2005,2005,12,363,0
9/29/2005,2005,12,364,0
9/30/2005,2005,12,365,0
